date,season,home_team,away_team,home_pts,away_pts
2021-10-19,2022,Los Angeles Lakers,Golden State Warriors,114,121
2021-10-19,2022,Milwaukee Bucks,Brooklyn Nets,127,104
2021-10-20,2022,Charlotte Hornets,Indiana Pacers,123,122
2021-10-20,2022,Detroit Pistons,Chicago Bulls,88,94
2021-10-20,2022,Memphis Grizzlies,Cleveland Cavaliers,132,121
2021-10-20,2022,Minnesota Timberwolves,Houston Rockets,124,106
2021-10-20,2022,New Orleans Pelicans,Philadelphia 76ers,97,117
2021-10-20,2022,New York Knicks,Boston Celtics,138,134
2021-10-20,2022,Phoenix Suns,Denver Nuggets,98,110
2021-10-20,2022,Portland Trail Blazers,Sacramento Kings,121,124
2021-10-20,2022,San Antonio Spurs,Orlando Magic,123,97
2021-10-20,2022,Toronto Raptors,Washington Wizards,83,98
2021-10-20,2022,Utah Jazz,Oklahoma City Thunder,107,86
2021-10-21,2022,Atlanta Hawks,Dallas Mavericks,113,87
2021-10-21,2022,Golden State Warriors,Los Angeles Clippers,115,113
2021-10-21,2022,Miami Heat,Milwaukee Bucks,137,95
2021-10-22,2022,Boston Celtics,Toronto Raptors,83,115
2021-10-22,2022,Chicago Bulls,New Orleans Pelicans,128,112
2021-10-22,2022,Cleveland Cavaliers,Charlotte Hornets,112,123
2021-10-22,2022,Denver Nuggets,San Antonio Spurs,102,96
2021-10-22,2022,Houston Rockets,Oklahoma City Thunder,124,91
2021-10-22,2022,Los Angeles Lakers,Phoenix Suns,105,115
2021-10-22,2022,Orlando Magic,New York Knicks,96,121
2021-10-22,2022,Philadelphia 76ers,Brooklyn Nets,109,114
2021-10-22,2022,Sacramento Kings,Utah Jazz,101,110
2021-10-22,2022,Washington Wizards,Indiana Pacers,135,134
2021-10-23,2022,Chicago Bulls,Detroit Pistons,97,82
2021-10-23,2022,Cleveland Cavaliers,Atlanta Hawks,101,95
2021-10-23,2022,Indiana Pacers,Miami Heat,102,91
2021-10-23,2022,Los Angeles Clippers,Memphis Grizzlies,114,120
2021-10-23,2022,Minnesota Timberwolves,New Orleans Pelicans,96,89
2021-10-23,2022,Portland Trail Blazers,Phoenix Suns,134,105
2021-10-23,2022,San Antonio Spurs,Milwaukee Bucks,111,121
2021-10-23,2022,Toronto Raptors,Dallas Mavericks,95,103
2021-10-24,2022,Brooklyn Nets,Charlotte Hornets,95,111
2021-10-24,2022,Houston Rockets,Boston Celtics,97,107
2021-10-24,2022,Los Angeles Lakers,Memphis Grizzlies,121,118
2021-10-24,2022,New York Knicks,Orlando Magic,104,110
2021-10-24,2022,Oklahoma City Thunder,Philadelphia 76ers,103,115
2021-10-24,2022,Sacramento Kings,Golden State Warriors,107,119
2021-10-25,2022,Atlanta Hawks,Detroit Pistons,122,104
2021-10-25,2022,Brooklyn Nets,Washington Wizards,104,90
2021-10-25,2022,Charlotte Hornets,Boston Celtics,129,140
2021-10-25,2022,Denver Nuggets,Cleveland Cavaliers,87,99
2021-10-25,2022,Indiana Pacers,Milwaukee Bucks,109,119
2021-10-25,2022,Los Angeles Clippers,Portland Trail Blazers,116,86
2021-10-25,2022,Miami Heat,Orlando Magic,107,90
2021-10-25,2022,Minnesota Timberwolves,New Orleans Pelicans,98,107
2021-10-25,2022,Toronto Raptors,Chicago Bulls,108,111
2021-10-26,2022,Dallas Mavericks,Houston Rockets,116,106
2021-10-26,2022,New York Knicks,Philadelphia 76ers,112,99
2021-10-26,2022,Oklahoma City Thunder,Golden State Warriors,98,106
2021-10-26,2022,San Antonio Spurs,Los Angeles Lakers,121,125
2021-10-26,2022,Utah Jazz,Denver Nuggets,122,110
2021-10-27,2022,Boston Celtics,Washington Wizards,107,116
2021-10-27,2022,Brooklyn Nets,Miami Heat,93,106
2021-10-27,2022,Los Angeles Clippers,Cleveland Cavaliers,79,92
2021-10-27,2022,Milwaukee Bucks,Minnesota Timberwolves,108,113
2021-10-27,2022,New Orleans Pelicans,Atlanta Hawks,99,102
2021-10-27,2022,Oklahoma City Thunder,Los Angeles Lakers,123,115
2021-10-27,2022,Orlando Magic,Charlotte Hornets,111,120
2021-10-27,2022,Phoenix Suns,Sacramento Kings,107,110
2021-10-27,2022,Portland Trail Blazers,Memphis Grizzlies,116,96
2021-10-27,2022,Toronto Raptors,Indiana Pacers,118,100
2021-10-28,2022,Chicago Bulls,New York Knicks,103,104
2021-10-28,2022,Dallas Mavericks,San Antonio Spurs,104,99
2021-10-28,2022,Golden State Warriors,Memphis Grizzlies,101,104
2021-10-28,2022,Houston Rockets,Utah Jazz,91,122
2021-10-28,2022,Philadelphia 76ers,Detroit Pistons,110,102
2021-10-28,2022,Washington Wizards,Atlanta Hawks,122,111
2021-10-29,2022,Brooklyn Nets,Indiana Pacers,105,98
2021-10-29,2022,Denver Nuggets,Dallas Mavericks,106,75
2021-10-29,2022,Los Angeles Lakers,Cleveland Cavaliers,113,101
2021-10-29,2022,Miami Heat,Charlotte Hornets,114,99
2021-10-29,2022,New Orleans Pelicans,Sacramento Kings,109,113
2021-10-29,2022,Portland Trail Blazers,Los Angeles Clippers,111,92
2021-10-29,2022,Toronto Raptors,Orlando Magic,110,109
2021-10-30,2022,Chicago Bulls,Utah Jazz,107,99
2021-10-30,2022,Detroit Pistons,Orlando Magic,110,103
2021-10-30,2022,Golden State Warriors,Oklahoma City Thunder,103,82
2021-10-30,2022,Indiana Pacers,Toronto Raptors,94,97
2021-10-30,2022,Memphis Grizzlies,Miami Heat,103,129
2021-10-30,2022,Milwaukee Bucks,San Antonio Spurs,93,102
2021-10-30,2022,Minnesota Timberwolves,Denver Nuggets,91,93
2021-10-30,2022,New Orleans Pelicans,New York Knicks,117,123
2021-10-30,2022,Philadelphia 76ers,Atlanta Hawks,122,94
2021-10-30,2022,Phoenix Suns,Cleveland Cavaliers,101,92
2021-10-30,2022,Washington Wizards,Boston Celtics,115,112
2021-10-31,2022,Brooklyn Nets,Detroit Pistons,117,91
2021-10-31,2022,Charlotte Hornets,Portland Trail Blazers,125,113
2021-10-31,2022,Dallas Mavericks,Sacramento Kings,105,99
2021-10-31,2022,Los Angeles Lakers,Houston Rockets,95,85
2021-10-31,2022,Milwaukee Bucks,Utah Jazz,95,107
2021-11-01,2022,Atlanta Hawks,Washington Wizards,118,111
2021-11-01,2022,Boston Celtics,Chicago Bulls,114,128
2021-11-01,2022,Charlotte Hornets,Cleveland Cavaliers,110,113
2021-11-01,2022,Indiana Pacers,San Antonio Spurs,131,118
2021-11-01,2022,Los Angeles Clippers,Oklahoma City Thunder,99,94
2021-11-01,2022,Memphis Grizzlies,Denver Nuggets,106,97
2021-11-01,2022,Minnesota Timberwolves,Orlando Magic,97,115
2021-11-01,2022,New York Knicks,Toronto Raptors,104,113
2021-11-01,2022,Philadelphia 76ers,Portland Trail Blazers,113,103
2021-11-02,2022,Dallas Mavericks,Miami Heat,110,125
2021-11-02,2022,Detroit Pistons,Milwaukee Bucks,89,117
2021-11-02,2022,Los Angeles Lakers,Houston Rockets,119,117
2021-11-02,2022,Phoenix Suns,New Orleans Pelicans,112,100
2021-11-02,2022,Utah Jazz,Sacramento Kings,119,113
2021-11-03,2022,Brooklyn Nets,Atlanta Hawks,117,108
2021-11-03,2022,Cleveland Cavaliers,Portland Trail Blazers,107,104
2021-11-03,2022,Golden State Warriors,Charlotte Hornets,114,92
2021-11-03,2022,Indiana Pacers,New York Knicks,111,98
2021-11-03,2022,Memphis Grizzlies,Denver Nuggets,108,106
2021-11-03,2022,Minnesota Timberwolves,Los Angeles Clippers,115,126
2021-11-03,2022,Orlando Magic,Boston Celtics,79,92
2021-11-03,2022,Philadelphia 76ers,Chicago Bulls,103,98
2021-11-03,2022,Sacramento Kings,New Orleans Pelicans,112,99
2021-11-03,2022,San Antonio Spurs,Dallas Mavericks,108,109
2021-11-03,2022,Washington Wizards,Toronto Raptors,100,109
2021-11-04,2022,Atlanta Hawks,Utah Jazz,98,116
2021-11-04,2022,Detroit Pistons,Philadelphia 76ers,98,109
2021-11-04,2022,Los Angeles Lakers,Oklahoma City Thunder,104,107
2021-11-04,2022,Miami Heat,Boston Celtics,78,95
2021-11-04,2022,Phoenix Suns,Houston Rockets,123,111
2021-11-05,2022,Detroit Pistons,Brooklyn Nets,90,96
2021-11-05,2022,Golden State Warriors,New Orleans Pelicans,126,85
2021-11-05,2022,Milwaukee Bucks,New York Knicks,98,113
2021-11-05,2022,Minnesota Timberwolves,Los Angeles Clippers,84,104
2021-11-05,2022,Orlando Magic,San Antonio Spurs,89,102
2021-11-05,2022,Portland Trail Blazers,Indiana Pacers,110,106
2021-11-05,2022,Sacramento Kings,Charlotte Hornets,140,110
2021-11-05,2022,Toronto Raptors,Cleveland Cavaliers,101,102
2021-11-05,2022,Washington Wizards,Memphis Grizzlies,115,87
2021-11-06,2022,Chicago Bulls,Philadelphia 76ers,105,114
2021-11-06,2022,Dallas Mavericks,Boston Celtics,107,104
2021-11-06,2022,Denver Nuggets,Houston Rockets,95,94
2021-11-06,2022,Miami Heat,Utah Jazz,118,115
2021-11-06,2022,Phoenix Suns,Atlanta Hawks,121,117
2021-11-06,2022,Portland Trail Blazers,Los Angeles Lakers,105,90
2021-11-07,2022,Golden State Warriors,Houston Rockets,120,107
2021-11-07,2022,Los Angeles Clippers,Charlotte Hornets,120,106
2021-11-07,2022,New York Knicks,Cleveland Cavaliers,109,126
2021-11-07,2022,Oklahoma City Thunder,San Antonio Spurs,99,94
2021-11-07,2022,Orlando Magic,Utah Jazz,107,100
2021-11-07,2022,Sacramento Kings,Indiana Pacers,91,94
2021-11-07,2022,Toronto Raptors,Brooklyn Nets,103,116
2021-11-07,2022,Washington Wizards,Milwaukee Bucks,101,94
2021-11-08,2022,Chicago Bulls,Brooklyn Nets,118,95
2021-11-08,2022,Dallas Mavericks,New Orleans Pelicans,108,92
2021-11-08,2022,Denver Nuggets,Miami Heat,113,96
2021-11-08,2022,Golden State Warriors,Atlanta Hawks,127,113
2021-11-08,2022,Los Angeles Lakers,Charlotte Hornets,126,123
2021-11-08,2022,Memphis Grizzlies,Minnesota Timberwolves,125,118
2021-11-08,2022,Philadelphia 76ers,New York Knicks,96,103
2021-11-08,2022,Sacramento Kings,Phoenix Suns,104,109
2021-11-09,2022,Los Angeles Clippers,Portland Trail Blazers,117,109
2021-11-09,2022,Philadelphia 76ers,Milwaukee Bucks,109,118
2021-11-09,2022,Utah Jazz,Atlanta Hawks,110,98
2021-11-10,2022,Boston Celtics,Toronto Raptors,104,88
2021-11-10,2022,Chicago Bulls,Dallas Mavericks,117,107
2021-11-10,2022,Cleveland Cavaliers,Washington Wizards,94,97
2021-11-10,2022,Denver Nuggets,Indiana Pacers,101,98
2021-11-10,2022,Golden State Warriors,Minnesota Timberwolves,123,110
2021-11-10,2022,Houston Rockets,Detroit Pistons,104,112
2021-11-10,2022,Los Angeles Lakers,Miami Heat,120,117
2021-11-10,2022,Memphis Grizzlies,Charlotte Hornets,108,118
2021-11-10,2022,New Orleans Pelicans,Oklahoma City Thunder,100,108
2021-11-10,2022,New York Knicks,Milwaukee Bucks,100,112
2021-11-10,2022,Orlando Magic,Brooklyn Nets,90,123
2021-11-10,2022,Phoenix Suns,Portland Trail Blazers,119,109
2021-11-10,2022,San Antonio Spurs,Sacramento Kings,136,117
2021-11-11,2022,Los Angeles Clippers,Miami Heat,112,109
2021-11-11,2022,Philadelphia 76ers,Toronto Raptors,109,115
2021-11-11,2022,Utah Jazz,Indiana Pacers,100,111
2021-11-12,2022,Boston Celtics,Milwaukee Bucks,122,113
2021-11-12,2022,Charlotte Hornets,New York Knicks,104,96
2021-11-12,2022,Cleveland Cavaliers,Detroit Pistons,98,78
2021-11-12,2022,Denver Nuggets,Atlanta Hawks,105,96
2021-11-12,2022,Golden State Warriors,Chicago Bulls,119,93
2021-11-12,2022,Houston Rockets,Portland Trail Blazers,92,104
2021-11-12,2022,Los Angeles Lakers,Minnesota Timberwolves,83,107
2021-11-12,2022,Memphis Grizzlies,Phoenix Suns,94,119
2021-11-12,2022,New Orleans Pelicans,Brooklyn Nets,112,120
2021-11-12,2022,Oklahoma City Thunder,Sacramento Kings,105,103
2021-11-12,2022,San Antonio Spurs,Dallas Mavericks,109,123
2021-11-13,2022,Cleveland Cavaliers,Boston Celtics,91,89
2021-11-13,2022,Indiana Pacers,Philadelphia 76ers,118,113
2021-11-13,2022,Los Angeles Clippers,Minnesota Timberwolves,129,102
2021-11-13,2022,New Orleans Pelicans,Memphis Grizzlies,112,101
2021-11-13,2022,Orlando Magic,Washington Wizards,92,104
2021-11-13,2022,Toronto Raptors,Detroit Pistons,121,127
2021-11-13,2022,Utah Jazz,Miami Heat,105,111
2021-11-14,2022,Atlanta Hawks,Milwaukee Bucks,120,100
2021-11-14,2022,Charlotte Hornets,Golden State Warriors,106,102
2021-11-14,2022,Denver Nuggets,Portland Trail Blazers,124,95
2021-11-14,2022,Houston Rockets,Phoenix Suns,89,115
2021-11-14,2022,Los Angeles Clippers,Chicago Bulls,90,100
2021-11-14,2022,Los Angeles Lakers,San Antonio Spurs,114,106
2021-11-14,2022,Oklahoma City Thunder,Brooklyn Nets,96,120
2021-11-15,2022,Atlanta Hawks,Orlando Magic,129,111
2021-11-15,2022,Cleveland Cavaliers,Boston Celtics,92,98
2021-11-15,2022,Dallas Mavericks,Denver Nuggets,111,101
2021-11-15,2022,Detroit Pistons,Sacramento Kings,107,129
2021-11-15,2022,Los Angeles Lakers,Chicago Bulls,103,121
2021-11-15,2022,Memphis Grizzlies,Houston Rockets,136,102
2021-11-15,2022,Minnesota Timberwolves,Phoenix Suns,96,99
2021-11-15,2022,New York Knicks,Indiana Pacers,92,84
2021-11-15,2022,Oklahoma City Thunder,Miami Heat,90,103
2021-11-15,2022,Portland Trail Blazers,Toronto Raptors,118,113
2021-11-15,2022,Washington Wizards,New Orleans Pelicans,105,100
2021-11-16,2022,Brooklyn Nets,Golden State Warriors,99,117
2021-11-16,2022,Los Angeles Clippers,San Antonio Spurs,106,92
2021-11-16,2022,Utah Jazz,Philadelphia 76ers,120,85
2021-11-17,2022,Atlanta Hawks,Boston Celtics,110,99
2021-11-17,2022,Brooklyn Nets,Cleveland Cavaliers,109,99
2021-11-17,2022,Charlotte Hornets,Washington Wizards,97,87
2021-11-17,2022,Detroit Pistons,Indiana Pacers,97,89
2021-11-17,2022,Miami Heat,New Orleans Pelicans,113,98
2021-11-17,2022,Milwaukee Bucks,Los Angeles Lakers,109,102
2021-11-17,2022,Minnesota Timberwolves,Sacramento Kings,107,97
2021-11-17,2022,New York Knicks,Orlando Magic,98,104
2021-11-17,2022,Oklahoma City Thunder,Houston Rockets,101,89
2021-11-17,2022,Phoenix Suns,Dallas Mavericks,105,98
2021-11-17,2022,Portland Trail Blazers,Chicago Bulls,112,107
2021-11-18,2022,Cleveland Cavaliers,Golden State Warriors,89,104
2021-11-18,2022,Denver Nuggets,Philadelphia 76ers,89,103
2021-11-18,2022,Memphis Grizzlies,Los Angeles Clippers,120,108
2021-11-18,2022,Miami Heat,Washington Wizards,112,97
2021-11-18,2022,Minnesota Timberwolves,San Antonio Spurs,115,90
2021-11-18,2022,Utah Jazz,Toronto Raptors,119,103
2021-11-19,2022,Boston Celtics,Los Angeles Lakers,130,108
2021-11-19,2022,Brooklyn Nets,Orlando Magic,115,113
2021-11-19,2022,Charlotte Hornets,Indiana Pacers,121,118
2021-11-19,2022,Denver Nuggets,Chicago Bulls,108,114
2021-11-19,2022,Detroit Pistons,Golden State Warriors,102,105
2021-11-19,2022,Milwaukee Bucks,Oklahoma City Thunder,96,89
2021-11-19,2022,New Orleans Pelicans,Los Angeles Clippers,94,81
2021-11-19,2022,Phoenix Suns,Dallas Mavericks,112,104
2021-11-19,2022,Sacramento Kings,Toronto Raptors,89,108
2021-11-20,2022,Atlanta Hawks,Charlotte Hornets,115,105
2021-11-20,2022,Boston Celtics,Oklahoma City Thunder,111,105
2021-11-20,2022,Indiana Pacers,New Orleans Pelicans,111,94
2021-11-20,2022,Milwaukee Bucks,Orlando Magic,117,108
2021-11-20,2022,Minnesota Timberwolves,Memphis Grizzlies,138,95
2021-11-20,2022,New York Knicks,Houston Rockets,106,99
2021-11-20,2022,Portland Trail Blazers,Philadelphia 76ers,118,111
2021-11-20,2022,Sacramento Kings,Utah Jazz,105,123
2021-11-20,2022,Washington Wizards,Miami Heat,103,100
2021-11-21,2022,Chicago Bulls,New York Knicks,109,103
2021-11-21,2022,Detroit Pistons,Los Angeles Lakers,116,121
2021-11-21,2022,Golden State Warriors,Toronto Raptors,119,104
2021-11-21,2022,Los Angeles Clippers,Dallas Mavericks,97,91
2021-11-21,2022,Phoenix Suns,Denver Nuggets,126,97
2021-11-22,2022,Atlanta Hawks,Oklahoma City Thunder,113,101
2021-11-22,2022,Boston Celtics,Houston Rockets,108,90
2021-11-22,2022,Chicago Bulls,Indiana Pacers,77,109
2021-11-22,2022,Cleveland Cavaliers,Brooklyn Nets,112,117
2021-11-22,2022,Milwaukee Bucks,Orlando Magic,123,92
2021-11-22,2022,New Orleans Pelicans,Minnesota Timberwolves,96,110
2021-11-22,2022,Sacramento Kings,Philadelphia 76ers,94,102
2021-11-22,2022,San Antonio Spurs,Phoenix Suns,111,115
2021-11-22,2022,Utah Jazz,Memphis Grizzlies,118,119
2021-11-22,2022,Washington Wizards,Charlotte Hornets,103,109
2021-11-23,2022,Detroit Pistons,Miami Heat,92,100
2021-11-23,2022,Los Angeles Clippers,Dallas Mavericks,104,112
2021-11-23,2022,New York Knicks,Los Angeles Lakers,106,100
2021-11-23,2022,Portland Trail Blazers,Denver Nuggets,119,100
2021-11-24,2022,Boston Celtics,Brooklyn Nets,104,123
2021-11-24,2022,Cleveland Cavaliers,Phoenix Suns,115,120
2021-11-24,2022,Golden State Warriors,Philadelphia 76ers,116,96
2021-11-24,2022,Houston Rockets,Chicago Bulls,118,113
2021-11-24,2022,Indiana Pacers,Los Angeles Lakers,116,124
2021-11-24,2022,Memphis Grizzlies,Toronto Raptors,113,126
2021-11-24,2022,Milwaukee Bucks,Detroit Pistons,114,93
2021-11-24,2022,Minnesota Timberwolves,Miami Heat,113,101
2021-11-24,2022,New Orleans Pelicans,Washington Wizards,127,102
2021-11-24,2022,Oklahoma City Thunder,Utah Jazz,104,110
2021-11-24,2022,Orlando Magic,Charlotte Hornets,99,106
2021-11-24,2022,Sacramento Kings,Portland Trail Blazers,125,121
2021-11-24,2022,San Antonio Spurs,Atlanta Hawks,106,124
2021-11-26,2022,Charlotte Hornets,Minnesota Timberwolves,133,115
2021-11-26,2022,Denver Nuggets,Milwaukee Bucks,109,120
2021-11-26,2022,Golden State Warriors,Portland Trail Blazers,118,103
2021-11-26,2022,Indiana Pacers,Toronto Raptors,114,97
2021-11-26,2022,Los Angeles Clippers,Detroit Pistons,107,96
2021-11-26,2022,Los Angeles Lakers,Sacramento Kings,137,141
2021-11-26,2022,Memphis Grizzlies,Atlanta Hawks,100,132
2021-11-26,2022,New York Knicks,Phoenix Suns,97,118
2021-11-26,2022,Oklahoma City Thunder,Washington Wizards,99,101
2021-11-26,2022,Orlando Magic,Chicago Bulls,88,123
2021-11-26,2022,San Antonio Spurs,Boston Celtics,96,88
2021-11-26,2022,Utah Jazz,New Orleans Pelicans,97,98
2021-11-27,2022,Atlanta Hawks,New York Knicks,90,99
2021-11-27,2022,Brooklyn Nets,Phoenix Suns,107,113
2021-11-27,2022,Chicago Bulls,Miami Heat,104,107
2021-11-27,2022,Cleveland Cavaliers,Orlando Magic,105,92
2021-11-27,2022,Dallas Mavericks,Washington Wizards,114,120
2021-11-27,2022,Houston Rockets,Charlotte Hornets,146,143
2021-11-27,2022,Philadelphia 76ers,Minnesota Timberwolves,120,121
2021-11-27,2022,Utah Jazz,New Orleans Pelicans,127,105
2021-11-28,2022,Indiana Pacers,Milwaukee Bucks,100,118
2021-11-28,2022,Los Angeles Clippers,Golden State Warriors,90,105
2021-11-28,2022,Los Angeles Lakers,Detroit Pistons,110,106
2021-11-28,2022,Memphis Grizzlies,Sacramento Kings,128,101
2021-11-28,2022,Toronto Raptors,Boston Celtics,97,109
2021-11-29,2022,Chicago Bulls,Charlotte Hornets,133,119
2021-11-29,2022,Dallas Mavericks,Cleveland Cavaliers,96,114
2021-11-29,2022,Houston Rockets,Oklahoma City Thunder,102,89
2021-11-29,2022,Los Angeles Clippers,New Orleans Pelicans,104,123
2021-11-29,2022,Miami Heat,Denver Nuggets,111,120
2021-11-29,2022,Minnesota Timberwolves,Indiana Pacers,100,98
2021-11-29,2022,Philadelphia 76ers,Orlando Magic,101,96
2021-11-29,2022,San Antonio Spurs,Washington Wizards,116,99
2021-11-29,2022,Utah Jazz,Portland Trail Blazers,129,107
2021-11-30,2022,Brooklyn Nets,New York Knicks,112,110
2021-11-30,2022,Phoenix Suns,Golden State Warriors,104,96
2021-11-30,2022,Portland Trail Blazers,Detroit Pistons,110,92
2021-11-30,2022,Sacramento Kings,Los Angeles Lakers,92,117
2021-11-30,2022,Toronto Raptors,Memphis Grizzlies,91,98
2021-12-01,2022,Boston Celtics,Philadelphia 76ers,88,87
2021-12-01,2022,Indiana Pacers,Atlanta Hawks,111,114
2021-12-01,2022,Los Angeles Clippers,Sacramento Kings,115,124
2021-12-01,2022,Miami Heat,Cleveland Cavaliers,85,111
2021-12-01,2022,Milwaukee Bucks,Charlotte Hornets,127,125
2021-12-01,2022,New Orleans Pelicans,Dallas Mavericks,107,139
2021-12-01,2022,Oklahoma City Thunder,Houston Rockets,110,114
2021-12-01,2022,Orlando Magic,Denver Nuggets,108,103
2021-12-01,2022,Washington Wizards,Minnesota Timberwolves,115,107
2021-12-02,2022,Memphis Grizzlies,Oklahoma City Thunder,152,79
2021-12-02,2022,New York Knicks,Chicago Bulls,115,119
2021-12-02,2022,Phoenix Suns,Detroit Pistons,114,103
2021-12-02,2022,Portland Trail Blazers,San Antonio Spurs,83,114
2021-12-02,2022,Toronto Raptors,Milwaukee Bucks,97,93
2021-12-03,2022,Atlanta Hawks,Philadelphia 76ers,96,98
2021-12-03,2022,Brooklyn Nets,Minnesota Timberwolves,110,105
2021-12-03,2022,Dallas Mavericks,New Orleans Pelicans,91,107
2021-12-03,2022,Golden State Warriors,Phoenix Suns,118,96
2021-12-03,2022,Houston Rockets,Orlando Magic,118,116
2021-12-03,2022,Indiana Pacers,Miami Heat,104,113
2021-12-03,2022,Los Angeles Lakers,Los Angeles Clippers,115,119
2021-12-03,2022,Utah Jazz,Boston Celtics,137,130
2021-12-03,2022,Washington Wizards,Cleveland Cavaliers,101,116
2021-12-04,2022,Brooklyn Nets,Chicago Bulls,107,111
2021-12-04,2022,Dallas Mavericks,Memphis Grizzlies,90,97
2021-12-04,2022,Golden State Warriors,San Antonio Spurs,107,112
2021-12-04,2022,Milwaukee Bucks,Miami Heat,124,102
2021-12-04,2022,New York Knicks,Denver Nuggets,99,113
2021-12-04,2022,Portland Trail Blazers,Boston Celtics,117,145
2021-12-04,2022,Sacramento Kings,Los Angeles Clippers,104,99
2021-12-05,2022,Atlanta Hawks,Charlotte Hornets,127,130
2021-12-05,2022,Cleveland Cavaliers,Utah Jazz,108,109
2021-12-05,2022,Houston Rockets,New Orleans Pelicans,118,108
2021-12-05,2022,Toronto Raptors,Washington Wizards,102,90
2021-12-06,2022,Charlotte Hornets,Philadelphia 76ers,124,127
2021-12-06,2022,Chicago Bulls,Denver Nuggets,109,97
2021-12-06,2022,Detroit Pistons,Oklahoma City Thunder,103,114
2021-12-06,2022,Golden State Warriors,Orlando Magic,126,95
2021-12-06,2022,Indiana Pacers,Washington Wizards,116,110
2021-12-06,2022,Miami Heat,Memphis Grizzlies,90,105
2021-12-06,2022,Milwaukee Bucks,Cleveland Cavaliers,112,104
2021-12-06,2022,Minnesota Timberwolves,Atlanta Hawks,110,121
2021-12-06,2022,Phoenix Suns,San Antonio Spurs,108,104
2021-12-06,2022,Portland Trail Blazers,Los Angeles Clippers,90,102
2021-12-07,2022,Dallas Mavericks,Brooklyn Nets,99,102
2021-12-07,2022,Los Angeles Lakers,Boston Celtics,117,102
2021-12-07,2022,San Antonio Spurs,New York Knicks,109,121
2021-12-08,2022,Charlotte Hornets,Philadelphia 76ers,106,110
2021-12-08,2022,Cleveland Cavaliers,Chicago Bulls,115,92
2021-12-08,2022,Detroit Pistons,Washington Wizards,116,119
2021-12-08,2022,Golden State Warriors,Portland Trail Blazers,104,94
2021-12-08,2022,Houston Rockets,Brooklyn Nets,114,104
2021-12-08,2022,Indiana Pacers,New York Knicks,122,102
2021-12-08,2022,Los Angeles Clippers,Boston Celtics,114,111
2021-12-08,2022,Memphis Grizzlies,Dallas Mavericks,96,104
2021-12-08,2022,Miami Heat,Milwaukee Bucks,113,104
2021-12-08,2022,Minnesota Timberwolves,Utah Jazz,104,136
2021-12-08,2022,New Orleans Pelicans,Denver Nuggets,114,120
2021-12-08,2022,Sacramento Kings,Orlando Magic,142,130
2021-12-08,2022,Toronto Raptors,Oklahoma City Thunder,109,110
2021-12-09,2022,Memphis Grizzlies,Los Angeles Lakers,108,95
2021-12-09,2022,Philadelphia 76ers,Utah Jazz,96,118
2021-12-09,2022,San Antonio Spurs,Denver Nuggets,123,111
2021-12-10,2022,Atlanta Hawks,Brooklyn Nets,105,113
2021-12-10,2022,Charlotte Hornets,Sacramento Kings,124,123
2021-12-10,2022,Houston Rockets,Milwaukee Bucks,114,123
2021-12-10,2022,Indiana Pacers,Dallas Mavericks,106,93
2021-12-10,2022,Minnesota Timberwolves,Cleveland Cavaliers,106,123
2021-12-10,2022,New Orleans Pelicans,Detroit Pistons,109,93
2021-12-10,2022,Oklahoma City Thunder,Los Angeles Lakers,95,116
2021-12-10,2022,Phoenix Suns,Boston Celtics,111,90
2021-12-10,2022,Toronto Raptors,New York Knicks,90,87
2021-12-11,2022,Cleveland Cavaliers,Sacramento Kings,117,103
2021-12-11,2022,Los Angeles Clippers,Orlando Magic,106,104
2021-12-11,2022,Memphis Grizzlies,Houston Rockets,113,106
2021-12-11,2022,Miami Heat,Chicago Bulls,118,92
2021-12-11,2022,Philadelphia 76ers,Golden State Warriors,102,93
2021-12-11,2022,San Antonio Spurs,Denver Nuggets,112,127
2021-12-11,2022,Washington Wizards,Utah Jazz,98,123
2021-12-12,2022,Detroit Pistons,Brooklyn Nets,104,116
2021-12-12,2022,Los Angeles Lakers,Orlando Magic,106,94
2021-12-12,2022,New York Knicks,Milwaukee Bucks,97,112
2021-12-12,2022,Oklahoma City Thunder,Dallas Mavericks,84,103
2021-12-12,2022,Portland Trail Blazers,Minnesota Timberwolves,111,116
2021-12-12,2022,San Antonio Spurs,New Orleans Pelicans,112,97
2021-12-13,2022,Atlanta Hawks,Houston Rockets,126,132
2021-12-13,2022,Boston Celtics,Milwaukee Bucks,117,103
2021-12-13,2022,Cleveland Cavaliers,Miami Heat,105,94
2021-12-13,2022,Dallas Mavericks,Charlotte Hornets,120,96
2021-12-13,2022,Denver Nuggets,Washington Wizards,113,107
2021-12-13,2022,Indiana Pacers,Golden State Warriors,100,102
2021-12-13,2022,Los Angeles Clippers,Phoenix Suns,111,95
2021-12-13,2022,Memphis Grizzlies,Philadelphia 76ers,126,91
2021-12-13,2022,Toronto Raptors,Sacramento Kings,124,101
2021-12-14,2022,Brooklyn Nets,Toronto Raptors,131,129
2021-12-14,2022,New York Knicks,Golden State Warriors,96,105
2021-12-14,2022,Portland Trail Blazers,Phoenix Suns,107,111
2021-12-15,2022,Cleveland Cavaliers,Houston Rockets,124,89
2021-12-15,2022,Dallas Mavericks,Los Angeles Lakers,104,107
2021-12-15,2022,Denver Nuggets,Minnesota Timberwolves,107,124
2021-12-15,2022,Milwaukee Bucks,Indiana Pacers,114,99
2021-12-15,2022,Oklahoma City Thunder,New Orleans Pelicans,110,113
2021-12-15,2022,Orlando Magic,Atlanta Hawks,99,111
2021-12-15,2022,Philadelphia 76ers,Miami Heat,96,101
2021-12-15,2022,Portland Trail Blazers,Memphis Grizzlies,103,113
2021-12-15,2022,Sacramento Kings,Washington Wizards,119,105
2021-12-15,2022,San Antonio Spurs,Charlotte Hornets,115,131
2021-12-15,2022,Utah Jazz,Los Angeles Clippers,124,103
2021-12-16,2022,Brooklyn Nets,Philadelphia 76ers,114,105
2021-12-16,2022,Houston Rockets,New York Knicks,103,116
2021-12-16,2022,Indiana Pacers,Detroit Pistons,122,113
2021-12-16,2022,Phoenix Suns,Washington Wizards,118,98
2021-12-17,2022,Atlanta Hawks,Denver Nuggets,115,133
2021-12-17,2022,Boston Celtics,Golden State Warriors,107,111
2021-12-17,2022,Minnesota Timberwolves,Los Angeles Lakers,110,92
2021-12-17,2022,New Orleans Pelicans,Milwaukee Bucks,116,112
2021-12-17,2022,Orlando Magic,Miami Heat,105,115
2021-12-17,2022,Portland Trail Blazers,Charlotte Hornets,125,116
2021-12-17,2022,Sacramento Kings,Memphis Grizzlies,105,124
2021-12-17,2022,Utah Jazz,San Antonio Spurs,126,128
2021-12-18,2022,Boston Celtics,New York Knicks,114,107
2021-12-18,2022,Brooklyn Nets,Orlando Magic,93,100
2021-12-18,2022,Detroit Pistons,Houston Rockets,107,116
2021-12-18,2022,Milwaukee Bucks,Cleveland Cavaliers,90,119
2021-12-18,2022,Oklahoma City Thunder,Los Angeles Clippers,104,103
2021-12-18,2022,Toronto Raptors,Golden State Warriors,119,100
2021-12-18,2022,Utah Jazz,Washington Wizards,103,109
2021-12-19,2022,Chicago Bulls,Los Angeles Lakers,115,110
2021-12-19,2022,Detroit Pistons,Miami Heat,100,90
2021-12-19,2022,Memphis Grizzlies,Portland Trail Blazers,100,105
2021-12-19,2022,Minnesota Timberwolves,Dallas Mavericks,111,105
2021-12-19,2022,Phoenix Suns,Charlotte Hornets,137,106
2021-12-19,2022,Sacramento Kings,San Antonio Spurs,121,114
2021-12-20,2022,Boston Celtics,Philadelphia 76ers,103,108
2021-12-20,2022,Chicago Bulls,Houston Rockets,133,118
2021-12-20,2022,Golden State Warriors,Sacramento Kings,113,98
2021-12-20,2022,Los Angeles Clippers,San Antonio Spurs,92,116
2021-12-20,2022,Memphis Grizzlies,Oklahoma City Thunder,99,102
2021-12-20,2022,Utah Jazz,Charlotte Hornets,112,102
2021-12-21,2022,Dallas Mavericks,Minnesota Timberwolves,114,102
2021-12-21,2022,Los Angeles Lakers,Phoenix Suns,90,108
2021-12-21,2022,Miami Heat,Indiana Pacers,125,96
2021-12-21,2022,New Orleans Pelicans,Portland Trail Blazers,111,97
2021-12-21,2022,New York Knicks,Detroit Pistons,105,91
2021-12-22,2022,Atlanta Hawks,Orlando Magic,98,104
2021-12-22,2022,Boston Celtics,Cleveland Cavaliers,111,101
2021-12-22,2022,Milwaukee Bucks,Houston Rockets,126,106
2021-12-22,2022,Oklahoma City Thunder,Denver Nuggets,108,94
2021-12-22,2022,Sacramento Kings,Los Angeles Clippers,89,105
2021-12-23,2022,Dallas Mavericks,Milwaukee Bucks,95,102
2021-12-23,2022,Denver Nuggets,Charlotte Hornets,107,115
2021-12-23,2022,Golden State Warriors,Memphis Grizzlies,113,104
2021-12-23,2022,Indiana Pacers,Houston Rockets,118,106
2021-12-23,2022,Los Angeles Lakers,San Antonio Spurs,110,138
2021-12-23,2022,Miami Heat,Detroit Pistons,115,112
2021-12-23,2022,New York Knicks,Washington Wizards,117,124
2021-12-23,2022,Orlando Magic,New Orleans Pelicans,104,110
2021-12-23,2022,Philadelphia 76ers,Atlanta Hawks,96,98
2021-12-23,2022,Phoenix Suns,Oklahoma City Thunder,113,101
2021-12-23,2022,Utah Jazz,Minnesota Timberwolves,128,116
2021-12-25,2022,Los Angeles Lakers,Brooklyn Nets,115,122
2021-12-25,2022,Milwaukee Bucks,Boston Celtics,117,113
2021-12-25,2022,New York Knicks,Atlanta Hawks,101,87
2021-12-25,2022,Phoenix Suns,Golden State Warriors,107,116
2021-12-25,2022,Utah Jazz,Dallas Mavericks,120,116
2021-12-26,2022,Chicago Bulls,Indiana Pacers,113,105
2021-12-26,2022,Cleveland Cavaliers,Toronto Raptors,144,99
2021-12-26,2022,Los Angeles Clippers,Denver Nuggets,100,103
2021-12-26,2022,Miami Heat,Orlando Magic,93,83
2021-12-26,2022,Oklahoma City Thunder,New Orleans Pelicans,117,112
2021-12-26,2022,Sacramento Kings,Memphis Grizzlies,102,127
2021-12-26,2022,San Antonio Spurs,Detroit Pistons,144,109
2021-12-26,2022,Washington Wizards,Philadelphia 76ers,96,117
2021-12-27,2022,Atlanta Hawks,Chicago Bulls,118,130
2021-12-27,2022,Charlotte Hornets,Houston Rockets,123,99
2021-12-27,2022,Los Angeles Clippers,Brooklyn Nets,108,124
2021-12-27,2022,Minnesota Timberwolves,Boston Celtics,108,103
2021-12-27,2022,Phoenix Suns,Memphis Grizzlies,113,114
2021-12-27,2022,Portland Trail Blazers,Dallas Mavericks,117,132
2021-12-27,2022,San Antonio Spurs,Utah Jazz,104,110
2021-12-28,2022,Golden State Warriors,Denver Nuggets,86,89
2021-12-28,2022,Houston Rockets,Los Angeles Lakers,123,132
2021-12-28,2022,Miami Heat,Washington Wizards,119,112
2021-12-28,2022,Minnesota Timberwolves,New York Knicks,88,96
2021-12-28,2022,New Orleans Pelicans,Cleveland Cavaliers,108,104
2021-12-28,2022,Orlando Magic,Milwaukee Bucks,110,127
2021-12-28,2022,Sacramento Kings,Oklahoma City Thunder,117,111
2021-12-28,2022,Toronto Raptors,Philadelphia 76ers,109,114
2021-12-29,2022,Boston Celtics,Los Angeles Clippers,82,91
2021-12-29,2022,Chicago Bulls,Atlanta Hawks,131,117
2021-12-29,2022,Detroit Pistons,New York Knicks,85,94
2021-12-29,2022,Indiana Pacers,Charlotte Hornets,108,116
2021-12-29,2022,Memphis Grizzlies,Los Angeles Lakers,104,99
2021-12-29,2022,Phoenix Suns,Oklahoma City Thunder,115,97
2021-12-29,2022,Portland Trail Blazers,Utah Jazz,105,120
2021-12-29,2022,Sacramento Kings,Dallas Mavericks,95,94
2021-12-30,2022,Brooklyn Nets,Philadelphia 76ers,102,110
2021-12-30,2022,Orlando Magic,Milwaukee Bucks,118,136
2021-12-30,2022,Washington Wizards,Cleveland Cavaliers,110,93
2021-12-31,2022,Boston Celtics,Phoenix Suns,123,108
2021-12-31,2022,Cleveland Cavaliers,Atlanta Hawks,118,121
2021-12-31,2022,Houston Rockets,Miami Heat,110,120
2021-12-31,2022,Indiana Pacers,Chicago Bulls,106,108
2021-12-31,2022,Los Angeles Lakers,Portland Trail Blazers,139,106
2021-12-31,2022,Memphis Grizzlies,San Antonio Spurs,118,105
2021-12-31,2022,Oklahoma City Thunder,New York Knicks,95,80
2021-12-31,2022,Sacramento Kings,Dallas Mavericks,96,112
2021-12-31,2022,Toronto Raptors,Los Angeles Clippers,116,108
2021-12-31,2022,Utah Jazz,Minnesota Timberwolves,120,108
2022-01-01,2022,Brooklyn Nets,Los Angeles Clippers,116,120
2022-01-01,2022,Detroit Pistons,San Antonio Spurs,117,116
2022-01-01,2022,Houston Rockets,Denver Nuggets,111,124
2022-01-01,2022,Milwaukee Bucks,New Orleans Pelicans,136,113
2022-01-01,2022,Utah Jazz,Golden State Warriors,116,123
2022-01-01,2022,Washington Wizards,Chicago Bulls,119,120
2022-01-02,2022,Boston Celtics,Orlando Magic,116,111
2022-01-02,2022,Charlotte Hornets,Phoenix Suns,99,133
2022-01-02,2022,Cleveland Cavaliers,Indiana Pacers,108,104
2022-01-02,2022,Los Angeles Lakers,Minnesota Timberwolves,108,103
2022-01-02,2022,Oklahoma City Thunder,Dallas Mavericks,86,95
2022-01-02,2022,Sacramento Kings,Miami Heat,115,113
2022-01-02,2022,Toronto Raptors,New York Knicks,120,105
2022-01-03,2022,Brooklyn Nets,Memphis Grizzlies,104,118
2022-01-03,2022,Chicago Bulls,Orlando Magic,102,98
2022-01-03,2022,Dallas Mavericks,Denver Nuggets,103,89
2022-01-03,2022,Golden State Warriors,Miami Heat,115,108
2022-01-03,2022,Los Angeles Clippers,Minnesota Timberwolves,104,122
2022-01-03,2022,Milwaukee Bucks,Detroit Pistons,106,115
2022-01-03,2022,New Orleans Pelicans,Utah Jazz,104,115
2022-01-03,2022,Philadelphia 76ers,Houston Rockets,133,113
2022-01-03,2022,Portland Trail Blazers,Atlanta Hawks,136,131
2022-01-03,2022,Washington Wizards,Charlotte Hornets,124,121
2022-01-04,2022,Cleveland Cavaliers,Memphis Grizzlies,106,110
2022-01-04,2022,Los Angeles Lakers,Sacramento Kings,122,114
2022-01-04,2022,New Orleans Pelicans,Phoenix Suns,110,123
2022-01-04,2022,New York Knicks,Indiana Pacers,104,94
2022-01-04,2022,Toronto Raptors,San Antonio Spurs,129,104
2022-01-05,2022,Boston Celtics,San Antonio Spurs,97,99
2022-01-05,2022,Charlotte Hornets,Detroit Pistons,140,111
2022-01-05,2022,Dallas Mavericks,Golden State Warriors,99,82
2022-01-05,2022,Denver Nuggets,Utah Jazz,109,115
2022-01-05,2022,Indiana Pacers,Brooklyn Nets,121,129
2022-01-05,2022,Milwaukee Bucks,Toronto Raptors,111,117
2022-01-05,2022,Minnesota Timberwolves,Oklahoma City Thunder,98,90
2022-01-05,2022,Orlando Magic,Philadelphia 76ers,106,116
2022-01-05,2022,Portland Trail Blazers,Miami Heat,109,115
2022-01-05,2022,Sacramento Kings,Atlanta Hawks,102,108
2022-01-05,2022,Washington Wizards,Houston Rockets,111,114
2022-01-06,2022,Memphis Grizzlies,Detroit Pistons,118,88
2022-01-06,2022,New Orleans Pelicans,Golden State Warriors,101,96
2022-01-06,2022,New York Knicks,Boston Celtics,108,105
2022-01-06,2022,Phoenix Suns,Los Angeles Clippers,106,89
2022-01-07,2022,Brooklyn Nets,Milwaukee Bucks,109,121
2022-01-07,2022,Chicago Bulls,Washington Wizards,130,122
2022-01-07,2022,Denver Nuggets,Sacramento Kings,121,111
2022-01-07,2022,Houston Rockets,Dallas Mavericks,106,130
2022-01-07,2022,Los Angeles Lakers,Atlanta Hawks,134,118
2022-01-07,2022,Oklahoma City Thunder,Minnesota Timberwolves,105,135
2022-01-07,2022,Philadelphia 76ers,San Antonio Spurs,119,100
2022-01-07,2022,Portland Trail Blazers,Cleveland Cavaliers,101,114
2022-01-07,2022,Toronto Raptors,Utah Jazz,122,108
2022-01-08,2022,Boston Celtics,New York Knicks,99,75
2022-01-08,2022,Charlotte Hornets,Milwaukee Bucks,114,106
2022-01-08,2022,Detroit Pistons,Orlando Magic,97,92
2022-01-08,2022,Indiana Pacers,Utah Jazz,125,113
2022-01-08,2022,Los Angeles Clippers,Memphis Grizzlies,108,123
2022-01-08,2022,Phoenix Suns,Miami Heat,100,123
2022-01-09,2022,Brooklyn Nets,San Antonio Spurs,121,119
2022-01-09,2022,Dallas Mavericks,Chicago Bulls,113,99
2022-01-09,2022,Golden State Warriors,Cleveland Cavaliers,96,82
2022-01-09,2022,Houston Rockets,Minnesota Timberwolves,123,141
2022-01-09,2022,Los Angeles Clippers,Atlanta Hawks,106,93
2022-01-09,2022,Los Angeles Lakers,Memphis Grizzlies,119,127
2022-01-09,2022,Oklahoma City Thunder,Denver Nuggets,95,99
2022-01-09,2022,Orlando Magic,Washington Wizards,100,102
2022-01-09,2022,Portland Trail Blazers,Sacramento Kings,103,88
2022-01-09,2022,Toronto Raptors,New Orleans Pelicans,105,101
2022-01-10,2022,Boston Celtics,Indiana Pacers,101,98
2022-01-10,2022,Charlotte Hornets,Milwaukee Bucks,103,99
2022-01-10,2022,Detroit Pistons,Utah Jazz,126,116
2022-01-10,2022,Houston Rockets,Philadelphia 76ers,91,111
2022-01-10,2022,New York Knicks,San Antonio Spurs,111,96
2022-01-10,2022,Portland Trail Blazers,Brooklyn Nets,114,108
2022-01-10,2022,Sacramento Kings,Cleveland Cavaliers,108,109
2022-01-11,2022,Chicago Bulls,Detroit Pistons,133,87
2022-01-11,2022,Los Angeles Clippers,Denver Nuggets,87,85
2022-01-11,2022,Memphis Grizzlies,Golden State Warriors,116,108
2022-01-11,2022,New Orleans Pelicans,Minnesota Timberwolves,128,125
2022-01-11,2022,Toronto Raptors,Phoenix Suns,95,99
2022-01-11,2022,Washington Wizards,Oklahoma City Thunder,122,118
2022-01-12,2022,Atlanta Hawks,Miami Heat,91,115
2022-01-12,2022,Chicago Bulls,Brooklyn Nets,112,138
2022-01-12,2022,Indiana Pacers,Boston Celtics,100,119
2022-01-12,2022,New York Knicks,Dallas Mavericks,108,85
2022-01-12,2022,Philadelphia 76ers,Charlotte Hornets,98,109
2022-01-12,2022,Sacramento Kings,Los Angeles Lakers,125,116
2022-01-12,2022,San Antonio Spurs,Houston Rockets,124,128
2022-01-12,2022,Utah Jazz,Cleveland Cavaliers,91,111
2022-01-12,2022,Washington Wizards,Orlando Magic,112,106
2022-01-13,2022,Brooklyn Nets,Oklahoma City Thunder,109,130
2022-01-13,2022,Denver Nuggets,Portland Trail Blazers,140,108
2022-01-13,2022,Memphis Grizzlies,Minnesota Timberwolves,116,108
2022-01-13,2022,Milwaukee Bucks,Golden State Warriors,118,99
2022-01-13,2022,New Orleans Pelicans,Los Angeles Clippers,113,89
2022-01-14,2022,Charlotte Hornets,Orlando Magic,109,116
2022-01-14,2022,Chicago Bulls,Golden State Warriors,96,138
2022-01-14,2022,Detroit Pistons,Toronto Raptors,103,87
2022-01-14,2022,Indiana Pacers,Phoenix Suns,94,112
2022-01-14,2022,Memphis Grizzlies,Dallas Mavericks,85,112
2022-01-14,2022,Miami Heat,Atlanta Hawks,124,118
2022-01-14,2022,Philadelphia 76ers,Boston Celtics,111,99
2022-01-14,2022,Sacramento Kings,Houston Rockets,126,114
2022-01-14,2022,San Antonio Spurs,Cleveland Cavaliers,109,114
2022-01-15,2022,Atlanta Hawks,New York Knicks,108,117
2022-01-15,2022,Boston Celtics,Chicago Bulls,114,112
2022-01-15,2022,Brooklyn Nets,New Orleans Pelicans,120,105
2022-01-15,2022,Dallas Mavericks,Orlando Magic,108,92
2022-01-15,2022,Denver Nuggets,Los Angeles Lakers,133,96
2022-01-15,2022,Miami Heat,Philadelphia 76ers,98,109
2022-01-15,2022,Milwaukee Bucks,Toronto Raptors,96,103
2022-01-15,2022,Oklahoma City Thunder,Cleveland Cavaliers,102,107
2022-01-15,2022,San Antonio Spurs,Los Angeles Clippers,101,94
2022-01-15,2022,Washington Wizards,Portland Trail Blazers,110,115
2022-01-16,2022,Denver Nuggets,Utah Jazz,102,125
2022-01-16,2022,Detroit Pistons,Phoenix Suns,108,135
2022-01-16,2022,Minnesota Timberwolves,Golden State Warriors,119,99
2022-01-16,2022,Sacramento Kings,Houston Rockets,112,118
2022-01-17,2022,Atlanta Hawks,Milwaukee Bucks,121,114
2022-01-17,2022,Boston Celtics,New Orleans Pelicans,104,92
2022-01-17,2022,Cleveland Cavaliers,Brooklyn Nets,114,107
2022-01-17,2022,Dallas Mavericks,Oklahoma City Thunder,104,102
2022-01-17,2022,Los Angeles Clippers,Indiana Pacers,139,133
2022-01-17,2022,Los Angeles Lakers,Utah Jazz,101,95
2022-01-17,2022,Memphis Grizzlies,Chicago Bulls,119,106
2022-01-17,2022,Miami Heat,Toronto Raptors,104,99
2022-01-17,2022,New York Knicks,Charlotte Hornets,87,97
2022-01-17,2022,Orlando Magic,Portland Trail Blazers,88,98
2022-01-17,2022,San Antonio Spurs,Phoenix Suns,107,121
2022-01-17,2022,Washington Wizards,Philadelphia 76ers,117,98
2022-01-18,2022,Golden State Warriors,Detroit Pistons,102,86
2022-01-18,2022,New York Knicks,Minnesota Timberwolves,110,112
2022-01-19,2022,Atlanta Hawks,Minnesota Timberwolves,134,122
2022-01-19,2022,Boston Celtics,Charlotte Hornets,102,111
2022-01-19,2022,Chicago Bulls,Cleveland Cavaliers,117,104
2022-01-19,2022,Dallas Mavericks,Toronto Raptors,102,98
2022-01-19,2022,Denver Nuggets,Los Angeles Clippers,130,128
2022-01-19,2022,Los Angeles Lakers,Indiana Pacers,104,111
2022-01-19,2022,Miami Heat,Portland Trail Blazers,104,92
2022-01-19,2022,Milwaukee Bucks,Memphis Grizzlies,126,114
2022-01-19,2022,Philadelphia 76ers,Orlando Magic,123,110
2022-01-19,2022,Sacramento Kings,Detroit Pistons,131,133
2022-01-19,2022,San Antonio Spurs,Oklahoma City Thunder,118,96
2022-01-19,2022,Utah Jazz,Houston Rockets,111,116
2022-01-19,2022,Washington Wizards,Brooklyn Nets,118,119
2022-01-20,2022,Dallas Mavericks,Phoenix Suns,101,109
2022-01-20,2022,Golden State Warriors,Indiana Pacers,117,121
2022-01-20,2022,New York Knicks,New Orleans Pelicans,91,102
2022-01-21,2022,Atlanta Hawks,Miami Heat,110,108
2022-01-21,2022,Boston Celtics,Portland Trail Blazers,105,109
2022-01-21,2022,Charlotte Hornets,Oklahoma City Thunder,121,98
2022-01-21,2022,Denver Nuggets,Memphis Grizzlies,118,122
2022-01-21,2022,Golden State Warriors,Houston Rockets,105,103
2022-01-21,2022,Milwaukee Bucks,Chicago Bulls,94,90
2022-01-21,2022,Orlando Magic,Los Angeles Lakers,105,116
2022-01-21,2022,Philadelphia 76ers,Los Angeles Clippers,101,102
2022-01-21,2022,San Antonio Spurs,Brooklyn Nets,102,117
2022-01-21,2022,Utah Jazz,Detroit Pistons,111,101
2022-01-21,2022,Washington Wizards,Toronto Raptors,105,109
2022-01-22,2022,Cleveland Cavaliers,Oklahoma City Thunder,94,87
2022-01-22,2022,Milwaukee Bucks,Sacramento Kings,133,127
2022-01-22,2022,Phoenix Suns,Indiana Pacers,113,103
2022-01-23,2022,Charlotte Hornets,Atlanta Hawks,91,113
2022-01-23,2022,Dallas Mavericks,Memphis Grizzlies,104,91
2022-01-23,2022,Denver Nuggets,Detroit Pistons,117,111
2022-01-23,2022,Golden State Warriors,Utah Jazz,94,92
2022-01-23,2022,Miami Heat,Los Angeles Lakers,113,107
2022-01-23,2022,Minnesota Timberwolves,Brooklyn Nets,136,125
2022-01-23,2022,New York Knicks,Los Angeles Clippers,110,102
2022-01-23,2022,Orlando Magic,Chicago Bulls,114,95
2022-01-23,2022,San Antonio Spurs,Philadelphia 76ers,109,115
2022-01-23,2022,Toronto Raptors,Portland Trail Blazers,105,114
2022-01-23,2022,Washington Wizards,Boston Celtics,87,116
2022-01-24,2022,Cleveland Cavaliers,New York Knicks,95,93
2022-01-24,2022,New Orleans Pelicans,Indiana Pacers,117,113
2022-01-24,2022,Oklahoma City Thunder,Chicago Bulls,110,111
2022-01-24,2022,Phoenix Suns,Utah Jazz,115,109
2022-01-25,2022,Boston Celtics,Sacramento Kings,128,75
2022-01-25,2022,Brooklyn Nets,Los Angeles Lakers,96,106
2022-01-25,2022,Detroit Pistons,Denver Nuggets,105,110
2022-01-25,2022,Golden State Warriors,Dallas Mavericks,130,92
2022-01-25,2022,Houston Rockets,San Antonio Spurs,104,134
2022-01-25,2022,Philadelphia 76ers,New Orleans Pelicans,117,107
2022-01-25,2022,Portland Trail Blazers,Minnesota Timberwolves,107,109
2022-01-25,2022,Toronto Raptors,Charlotte Hornets,125,113
2022-01-25,2022,Washington Wizards,Los Angeles Clippers,115,116
2022-01-26,2022,Atlanta Hawks,Sacramento Kings,121,104
2022-01-26,2022,Brooklyn Nets,Denver Nuggets,118,124
2022-01-26,2022,Chicago Bulls,Toronto Raptors,111,105
2022-01-26,2022,Cleveland Cavaliers,Milwaukee Bucks,115,99
2022-01-26,2022,Indiana Pacers,Charlotte Hornets,126,158
2022-01-26,2022,Miami Heat,New York Knicks,110,96
2022-01-26,2022,Orlando Magic,Los Angeles Clippers,102,111
2022-01-26,2022,Portland Trail Blazers,Dallas Mavericks,112,132
2022-01-26,2022,San Antonio Spurs,Memphis Grizzlies,110,118
2022-01-26,2022,Utah Jazz,Phoenix Suns,97,105
2022-01-27,2022,Golden State Warriors,Minnesota Timberwolves,124,115
2022-01-27,2022,Philadelphia 76ers,Los Angeles Lakers,105,87
2022-01-28,2022,Atlanta Hawks,Boston Celtics,108,92
2022-01-28,2022,Charlotte Hornets,Los Angeles Lakers,117,114
2022-01-28,2022,Houston Rockets,Portland Trail Blazers,110,125
2022-01-28,2022,Memphis Grizzlies,Utah Jazz,119,109
2022-01-28,2022,Miami Heat,Los Angeles Clippers,121,114
2022-01-28,2022,Milwaukee Bucks,New York Knicks,123,108
2022-01-28,2022,New Orleans Pelicans,Denver Nuggets,105,116
2022-01-28,2022,Oklahoma City Thunder,Indiana Pacers,110,113
2022-01-28,2022,Orlando Magic,Detroit Pistons,119,103
2022-01-28,2022,Phoenix Suns,Minnesota Timberwolves,134,124
2022-01-28,2022,San Antonio Spurs,Chicago Bulls,131,122
2022-01-29,2022,Dallas Mavericks,Indiana Pacers,132,105
2022-01-29,2022,Golden State Warriors,Brooklyn Nets,110,106
2022-01-29,2022,Memphis Grizzlies,Washington Wizards,115,95
2022-01-29,2022,Miami Heat,Toronto Raptors,120,124
2022-01-29,2022,New Orleans Pelicans,Boston Celtics,97,107
2022-01-29,2022,Philadelphia 76ers,Sacramento Kings,103,101
2022-01-30,2022,Atlanta Hawks,Los Angeles Lakers,129,121
2022-01-30,2022,Charlotte Hornets,Los Angeles Clippers,90,115
2022-01-30,2022,Chicago Bulls,Portland Trail Blazers,130,116
2022-01-30,2022,Detroit Pistons,Cleveland Cavaliers,115,105
2022-01-30,2022,Milwaukee Bucks,Denver Nuggets,100,136
2022-01-30,2022,Minnesota Timberwolves,Utah Jazz,126,106
2022-01-30,2022,Orlando Magic,Dallas Mavericks,110,108
2022-01-30,2022,Phoenix Suns,San Antonio Spurs,115,110
2022-01-31,2022,Atlanta Hawks,Toronto Raptors,100,106
2022-01-31,2022,Boston Celtics,Miami Heat,122,92
2022-01-31,2022,Cleveland Cavaliers,New Orleans Pelicans,93,90
2022-01-31,2022,Houston Rockets,Golden State Warriors,108,122
2022-01-31,2022,Indiana Pacers,Los Angeles Clippers,122,116
2022-01-31,2022,New York Knicks,Sacramento Kings,116,96
2022-01-31,2022,Oklahoma City Thunder,Portland Trail Blazers,98,81
2022-01-31,2022,Philadelphia 76ers,Memphis Grizzlies,122,119
2022-02-01,2022,Chicago Bulls,Orlando Magic,126,115
2022-02-01,2022,Detroit Pistons,New Orleans Pelicans,101,111
2022-02-01,2022,Milwaukee Bucks,Washington Wizards,112,98
2022-02-01,2022,Minnesota Timberwolves,Denver Nuggets,130,115
2022-02-01,2022,Phoenix Suns,Brooklyn Nets,121,111
2022-02-01,2022,San Antonio Spurs,Golden State Warriors,120,124
2022-02-01,2022,Toronto Raptors,Miami Heat,110,106
2022-02-02,2022,Boston Celtics,Charlotte Hornets,113,107
2022-02-02,2022,Dallas Mavericks,Oklahoma City Thunder,114,120
2022-02-02,2022,Houston Rockets,Cleveland Cavaliers,115,104
2022-02-02,2022,Indiana Pacers,Orlando Magic,118,119
2022-02-02,2022,Los Angeles Lakers,Portland Trail Blazers,99,94
2022-02-02,2022,New York Knicks,Memphis Grizzlies,108,120
2022-02-02,2022,Philadelphia 76ers,Washington Wizards,103,106
2022-02-02,2022,Sacramento Kings,Brooklyn Nets,112,101
2022-02-02,2022,Utah Jazz,Denver Nuggets,108,104
2022-02-03,2022,Atlanta Hawks,Phoenix Suns,124,115
2022-02-03,2022,Detroit Pistons,Minnesota Timberwolves,117,128
2022-02-03,2022,Golden State Warriors,Sacramento Kings,126,114
2022-02-03,2022,Los Angeles Clippers,Los Angeles Lakers,111,110
2022-02-03,2022,San Antonio Spurs,Miami Heat,95,112
2022-02-03,2022,Toronto Raptors,Chicago Bulls,127,120
2022-02-04,2022,Charlotte Hornets,Cleveland Cavaliers,101,102
2022-02-04,2022,Dallas Mavericks,Philadelphia 76ers,107,98
2022-02-04,2022,Denver Nuggets,New Orleans Pelicans,105,113
2022-02-04,2022,Detroit Pistons,Boston Celtics,93,102
2022-02-04,2022,Indiana Pacers,Chicago Bulls,115,122
2022-02-04,2022,Portland Trail Blazers,Oklahoma City Thunder,93,96
2022-02-04,2022,San Antonio Spurs,Houston Rockets,131,106
2022-02-04,2022,Toronto Raptors,Atlanta Hawks,125,114
2022-02-04,2022,Utah Jazz,Brooklyn Nets,125,102
2022-02-05,2022,Charlotte Hornets,Miami Heat,86,104
2022-02-05,2022,Los Angeles Lakers,New York Knicks,122,115
2022-02-05,2022,Orlando Magic,Memphis Grizzlies,115,135
2022-02-05,2022,Portland Trail Blazers,Milwaukee Bucks,108,137
2022-02-05,2022,Sacramento Kings,Oklahoma City Thunder,113,103
2022-02-05,2022,Washington Wizards,Phoenix Suns,80,95
2022-02-06,2022,Chicago Bulls,Philadelphia 76ers,108,119
2022-02-06,2022,Cleveland Cavaliers,Indiana Pacers,98,85
2022-02-06,2022,Dallas Mavericks,Atlanta Hawks,103,94
2022-02-06,2022,Denver Nuggets,Brooklyn Nets,124,104
2022-02-06,2022,Houston Rockets,New Orleans Pelicans,107,120
2022-02-06,2022,Los Angeles Clippers,Milwaukee Bucks,113,137
2022-02-06,2022,Minnesota Timberwolves,Detroit Pistons,118,105
2022-02-06,2022,Orlando Magic,Boston Celtics,83,116
2022-02-07,2022,Charlotte Hornets,Toronto Raptors,101,116
2022-02-07,2022,Chicago Bulls,Phoenix Suns,124,127
2022-02-07,2022,Oklahoma City Thunder,Golden State Warriors,98,110
2022-02-07,2022,Utah Jazz,New York Knicks,113,104
2022-02-07,2022,Washington Wizards,Miami Heat,100,121
2022-02-08,2022,Atlanta Hawks,Indiana Pacers,133,112
2022-02-08,2022,Brooklyn Nets,Boston Celtics,91,126
2022-02-08,2022,Dallas Mavericks,Detroit Pistons,116,86
2022-02-08,2022,Denver Nuggets,New York Knicks,132,115
2022-02-08,2022,Los Angeles Lakers,Milwaukee Bucks,116,131
2022-02-08,2022,Memphis Grizzlies,Los Angeles Clippers,135,109
2022-02-08,2022,New Orleans Pelicans,Houston Rockets,110,97
2022-02-08,2022,Philadelphia 76ers,Phoenix Suns,109,114
2022-02-08,2022,Portland Trail Blazers,Orlando Magic,95,113
2022-02-08,2022,Sacramento Kings,Minnesota Timberwolves,114,134
2022-02-09,2022,Charlotte Hornets,Chicago Bulls,109,121
2022-02-09,2022,Cleveland Cavaliers,San Antonio Spurs,105,92
2022-02-09,2022,Oklahoma City Thunder,Toronto Raptors,98,117
2022-02-09,2022,Portland Trail Blazers,Los Angeles Lakers,107,105
2022-02-09,2022,Sacramento Kings,Minnesota Timberwolves,132,119
2022-02-09,2022,Utah Jazz,Golden State Warriors,111,85
2022-02-10,2022,Dallas Mavericks,Los Angeles Clippers,112,105
2022-02-10,2022,Detroit Pistons,Memphis Grizzlies,107,132
2022-02-10,2022,Golden State Warriors,New York Knicks,114,116
2022-02-10,2022,Houston Rockets,Toronto Raptors,120,139
2022-02-10,2022,New Orleans Pelicans,Miami Heat,97,112
2022-02-10,2022,Phoenix Suns,Milwaukee Bucks,131,107
2022-02-10,2022,Washington Wizards,Brooklyn Nets,113,112
2022-02-11,2022,Atlanta Hawks,San Antonio Spurs,121,136
2022-02-11,2022,Boston Celtics,Denver Nuggets,108,102
2022-02-11,2022,Chicago Bulls,Minnesota Timberwolves,134,122
2022-02-11,2022,Detroit Pistons,Charlotte Hornets,119,141
2022-02-11,2022,Indiana Pacers,Cleveland Cavaliers,113,120
2022-02-11,2022,Philadelphia 76ers,Oklahoma City Thunder,100,87
2022-02-11,2022,Utah Jazz,Orlando Magic,114,99
2022-02-12,2022,Charlotte Hornets,Memphis Grizzlies,118,125
2022-02-12,2022,Chicago Bulls,Oklahoma City Thunder,106,101
2022-02-12,2022,Dallas Mavericks,Los Angeles Clippers,97,99
2022-02-12,2022,Golden State Warriors,Los Angeles Lakers,117,115
2022-02-12,2022,Miami Heat,Brooklyn Nets,115,111
2022-02-12,2022,New Orleans Pelicans,San Antonio Spurs,114,124
2022-02-12,2022,Philadelphia 76ers,Cleveland Cavaliers,103,93
2022-02-12,2022,Phoenix Suns,Orlando Magic,132,105
2022-02-12,2022,Portland Trail Blazers,New York Knicks,112,103
2022-02-12,2022,Toronto Raptors,Denver Nuggets,109,110
2022-02-12,2022,Washington Wizards,Sacramento Kings,110,123
2022-02-13,2022,Boston Celtics,Atlanta Hawks,105,95
2022-02-13,2022,Indiana Pacers,Minnesota Timberwolves,120,129
2022-02-14,2022,Brooklyn Nets,Sacramento Kings,109,85
2022-02-14,2022,Chicago Bulls,San Antonio Spurs,120,109
2022-02-14,2022,Denver Nuggets,Orlando Magic,121,111
2022-02-14,2022,Los Angeles Clippers,Golden State Warriors,119,104
2022-02-14,2022,Milwaukee Bucks,Portland Trail Blazers,107,122
2022-02-14,2022,New Orleans Pelicans,Toronto Raptors,120,90
2022-02-14,2022,New York Knicks,Oklahoma City Thunder,123,127
2022-02-14,2022,Utah Jazz,Houston Rockets,135,101
2022-02-14,2022,Washington Wizards,Detroit Pistons,103,94
2022-02-15,2022,Atlanta Hawks,Cleveland Cavaliers,124,116
2022-02-15,2022,Miami Heat,Dallas Mavericks,99,107
2022-02-15,2022,Milwaukee Bucks,Indiana Pacers,128,119
2022-02-15,2022,Minnesota Timberwolves,Charlotte Hornets,126,120
2022-02-15,2022,New Orleans Pelicans,Memphis Grizzlies,109,121
2022-02-15,2022,Philadelphia 76ers,Boston Celtics,87,135
2022-02-15,2022,Phoenix Suns,Los Angeles Clippers,103,96
2022-02-16,2022,Boston Celtics,Detroit Pistons,111,112
2022-02-16,2022,Chicago Bulls,Sacramento Kings,125,118
2022-02-16,2022,Golden State Warriors,Denver Nuggets,116,117
2022-02-16,2022,Indiana Pacers,Washington Wizards,113,108
2022-02-16,2022,Los Angeles Lakers,Utah Jazz,106,101
2022-02-16,2022,Memphis Grizzlies,Portland Trail Blazers,119,123
2022-02-16,2022,Minnesota Timberwolves,Toronto Raptors,91,103
2022-02-16,2022,New York Knicks,Brooklyn Nets,106,111
2022-02-16,2022,Oklahoma City Thunder,San Antonio Spurs,106,114
2022-02-16,2022,Orlando Magic,Atlanta Hawks,109,130
2022-02-16,2022,Phoenix Suns,Houston Rockets,124,121
2022-02-17,2022,Brooklyn Nets,Washington Wizards,103,117
2022-02-17,2022,Charlotte Hornets,Miami Heat,107,111
2022-02-17,2022,Los Angeles Clippers,Houston Rockets,142,111
2022-02-17,2022,Milwaukee Bucks,Philadelphia 76ers,120,123
2022-02-17,2022,New Orleans Pelicans,Dallas Mavericks,118,125
2022-02-24,2022,Brooklyn Nets,Boston Celtics,106,129
2022-02-24,2022,Chicago Bulls,Atlanta Hawks,112,108
2022-02-24,2022,Detroit Pistons,Cleveland Cavaliers,106,103
2022-02-24,2022,Minnesota Timberwolves,Memphis Grizzlies,119,114
2022-02-24,2022,Oklahoma City Thunder,Phoenix Suns,104,124
2022-02-24,2022,Portland Trail Blazers,Golden State Warriors,95,132
2022-02-24,2022,Sacramento Kings,Denver Nuggets,110,128
2022-02-25,2022,Charlotte Hornets,Toronto Raptors,125,93
2022-02-25,2022,Indiana Pacers,Oklahoma City Thunder,125,129
2022-02-25,2022,Los Angeles Lakers,Los Angeles Clippers,102,105
2022-02-25,2022,Minnesota Timberwolves,Philadelphia 76ers,102,133
2022-02-25,2022,New York Knicks,Miami Heat,100,115
2022-02-25,2022,Orlando Magic,Houston Rockets,119,111
2022-02-25,2022,Phoenix Suns,New Orleans Pelicans,102,117
2022-02-25,2022,Utah Jazz,Dallas Mavericks,114,109
2022-02-25,2022,Washington Wizards,San Antonio Spurs,153,157
2022-02-26,2022,Atlanta Hawks,Toronto Raptors,127,100
2022-02-26,2022,Chicago Bulls,Memphis Grizzlies,110,116
2022-02-26,2022,Cleveland Cavaliers,Washington Wizards,92,86
2022-02-26,2022,Denver Nuggets,Sacramento Kings,115,110
2022-02-26,2022,Detroit Pistons,Boston Celtics,104,113
2022-02-26,2022,Miami Heat,San Antonio Spurs,133,129
2022-02-26,2022,Milwaukee Bucks,Brooklyn Nets,123,126
2022-02-27,2022,Charlotte Hornets,Detroit Pistons,126,127
2022-02-27,2022,Golden State Warriors,Dallas Mavericks,101,107
2022-02-27,2022,Houston Rockets,Los Angeles Clippers,98,99
2022-02-27,2022,Indiana Pacers,Boston Celtics,128,107
2022-02-27,2022,Los Angeles Lakers,New Orleans Pelicans,95,123
2022-02-27,2022,New York Knicks,Philadelphia 76ers,109,125
2022-02-27,2022,Phoenix Suns,Utah Jazz,114,118
2022-02-27,2022,Portland Trail Blazers,Denver Nuggets,92,124
2022-02-28,2022,Brooklyn Nets,Toronto Raptors,97,133
2022-02-28,2022,Cleveland Cavaliers,Minnesota Timberwolves,122,127
2022-02-28,2022,Memphis Grizzlies,San Antonio Spurs,118,105
2022-02-28,2022,Miami Heat,Chicago Bulls,112,99
2022-02-28,2022,Milwaukee Bucks,Charlotte Hornets,130,106
2022-02-28,2022,Oklahoma City Thunder,Sacramento Kings,110,131
2022-02-28,2022,Orlando Magic,Indiana Pacers,119,103
2022-03-01,2022,Boston Celtics,Atlanta Hawks,107,98
2022-03-01,2022,Houston Rockets,Los Angeles Clippers,100,113
2022-03-01,2022,Los Angeles Lakers,Dallas Mavericks,104,109
2022-03-01,2022,Minnesota Timberwolves,Golden State Warriors,129,114
2022-03-01,2022,Toronto Raptors,Brooklyn Nets,109,108
2022-03-01,2022,Washington Wizards,Detroit Pistons,116,113
2022-03-02,2022,Cleveland Cavaliers,Charlotte Hornets,98,119
2022-03-02,2022,Denver Nuggets,Oklahoma City Thunder,107,119
2022-03-02,2022,Houston Rockets,Utah Jazz,127,132
2022-03-02,2022,Milwaukee Bucks,Miami Heat,120,119
2022-03-02,2022,New Orleans Pelicans,Sacramento Kings,125,95
2022-03-02,2022,Orlando Magic,Indiana Pacers,114,122
2022-03-02,2022,Philadelphia 76ers,New York Knicks,123,108
2022-03-02,2022,Phoenix Suns,Portland Trail Blazers,120,90
2022-03-03,2022,Atlanta Hawks,Chicago Bulls,130,124
2022-03-03,2022,Boston Celtics,Memphis Grizzlies,120,107
2022-03-03,2022,Brooklyn Nets,Miami Heat,107,113
2022-03-03,2022,Dallas Mavericks,Golden State Warriors,122,113
2022-03-03,2022,Los Angeles Clippers,Los Angeles Lakers,132,111
2022-03-03,2022,San Antonio Spurs,Sacramento Kings,112,115
2022-03-03,2022,Toronto Raptors,Detroit Pistons,106,108
2022-03-04,2022,Chicago Bulls,Milwaukee Bucks,112,118
2022-03-04,2022,Denver Nuggets,Houston Rockets,116,101
2022-03-04,2022,Detroit Pistons,Indiana Pacers,111,106
2022-03-04,2022,New Orleans Pelicans,Utah Jazz,124,90
2022-03-04,2022,Oklahoma City Thunder,Minnesota Timberwolves,101,138
2022-03-04,2022,Philadelphia 76ers,Cleveland Cavaliers,125,119
2022-03-04,2022,Phoenix Suns,New York Knicks,115,114
2022-03-04,2022,Toronto Raptors,Orlando Magic,97,103
2022-03-04,2022,Washington Wizards,Atlanta Hawks,114,117
2022-03-05,2022,Charlotte Hornets,San Antonio Spurs,123,117
2022-03-05,2022,Dallas Mavericks,Sacramento Kings,114,113
2022-03-05,2022,Los Angeles Lakers,Golden State Warriors,124,116
2022-03-05,2022,Memphis Grizzlies,Orlando Magic,124,96
2022-03-05,2022,Miami Heat,Philadelphia 76ers,99,82
2022-03-05,2022,Minnesota Timberwolves,Portland Trail Blazers,135,121
2022-03-06,2022,Boston Celtics,Brooklyn Nets,126,120
2022-03-06,2022,Cleveland Cavaliers,Toronto Raptors,104,96
2022-03-06,2022,Denver Nuggets,New Orleans Pelicans,138,130
2022-03-06,2022,Houston Rockets,Memphis Grizzlies,123,112
2022-03-06,2022,Los Angeles Clippers,New York Knicks,93,116
2022-03-06,2022,Milwaukee Bucks,Phoenix Suns,132,122
2022-03-06,2022,Oklahoma City Thunder,Utah Jazz,103,116
2022-03-06,2022,Washington Wizards,Indiana Pacers,133,123
2022-03-07,2022,Dallas Mavericks,Utah Jazz,111,103
2022-03-07,2022,Denver Nuggets,Golden State Warriors,131,124
2022-03-07,2022,Detroit Pistons,Atlanta Hawks,113,110
2022-03-07,2022,Miami Heat,Houston Rockets,123,106
2022-03-07,2022,Minnesota Timberwolves,Portland Trail Blazers,124,81
2022-03-07,2022,Philadelphia 76ers,Chicago Bulls,121,106
2022-03-07,2022,Sacramento Kings,New York Knicks,115,131
2022-03-07,2022,San Antonio Spurs,Los Angeles Lakers,117,110
2022-03-08,2022,Charlotte Hornets,Brooklyn Nets,121,132
2022-03-08,2022,Golden State Warriors,Los Angeles Clippers,112,97
2022-03-08,2022,Indiana Pacers,Cleveland Cavaliers,124,127
2022-03-08,2022,Memphis Grizzlies,New Orleans Pelicans,132,111
2022-03-08,2022,Oklahoma City Thunder,Milwaukee Bucks,115,142
2022-03-08,2022,Orlando Magic,Phoenix Suns,99,102
2022-03-09,2022,Charlotte Hornets,Boston Celtics,101,115
2022-03-09,2022,Dallas Mavericks,New York Knicks,77,107
2022-03-09,2022,Detroit Pistons,Chicago Bulls,108,114
2022-03-09,2022,Houston Rockets,Los Angeles Lakers,139,130
2022-03-09,2022,Los Angeles Clippers,Washington Wizards,115,109
2022-03-09,2022,Miami Heat,Phoenix Suns,90,111
2022-03-09,2022,Milwaukee Bucks,Atlanta Hawks,124,115
2022-03-09,2022,Minnesota Timberwolves,Oklahoma City Thunder,132,102
2022-03-09,2022,New Orleans Pelicans,Orlando Magic,102,108
2022-03-09,2022,Sacramento Kings,Denver Nuggets,100,106
2022-03-09,2022,San Antonio Spurs,Toronto Raptors,104,119
2022-03-09,2022,Utah Jazz,Portland Trail Blazers,123,85
2022-03-10,2022,Denver Nuggets,Golden State Warriors,102,113
2022-03-10,2022,Philadelphia 76ers,Brooklyn Nets,100,129
2022-03-11,2022,Atlanta Hawks,Los Angeles Clippers,112,106
2022-03-11,2022,Boston Celtics,Detroit Pistons,114,103
2022-03-11,2022,Houston Rockets,Dallas Mavericks,100,113
2022-03-11,2022,Los Angeles Lakers,Washington Wizards,122,109
2022-03-11,2022,Memphis Grizzlies,New York Knicks,118,114
2022-03-11,2022,Miami Heat,Cleveland Cavaliers,117,105
2022-03-11,2022,New Orleans Pelicans,Charlotte Hornets,120,142
2022-03-11,2022,Orlando Magic,Minnesota Timberwolves,118,110
2022-03-11,2022,Phoenix Suns,Toronto Raptors,112,117
2022-03-11,2022,San Antonio Spurs,Utah Jazz,104,102
2022-03-12,2022,Chicago Bulls,Cleveland Cavaliers,101,91
2022-03-12,2022,Denver Nuggets,Toronto Raptors,115,127
2022-03-12,2022,Golden State Warriors,Milwaukee Bucks,122,109
2022-03-12,2022,Miami Heat,Minnesota Timberwolves,104,113
2022-03-12,2022,Portland Trail Blazers,Washington Wizards,127,118
2022-03-12,2022,San Antonio Spurs,Indiana Pacers,108,119
2022-03-12,2022,Utah Jazz,Sacramento Kings,134,125
2022-03-13,2022,Atlanta Hawks,Indiana Pacers,131,128
2022-03-13,2022,Boston Celtics,Dallas Mavericks,92,95
2022-03-13,2022,Brooklyn Nets,New York Knicks,110,107
2022-03-13,2022,Detroit Pistons,Los Angeles Clippers,102,106
2022-03-13,2022,New Orleans Pelicans,Houston Rockets,130,105
2022-03-13,2022,Oklahoma City Thunder,Memphis Grizzlies,118,125
2022-03-13,2022,Orlando Magic,Philadelphia 76ers,114,116
2022-03-13,2022,Phoenix Suns,Los Angeles Lakers,140,111
2022-03-14,2022,Atlanta Hawks,Portland Trail Blazers,122,113
2022-03-14,2022,Cleveland Cavaliers,Los Angeles Clippers,120,111
2022-03-14,2022,Golden State Warriors,Washington Wizards,126,112
2022-03-14,2022,Los Angeles Lakers,Toronto Raptors,103,114
2022-03-14,2022,Oklahoma City Thunder,Charlotte Hornets,116,134
2022-03-14,2022,Philadelphia 76ers,Denver Nuggets,110,114
2022-03-14,2022,Sacramento Kings,Chicago Bulls,112,103
2022-03-14,2022,San Antonio Spurs,Minnesota Timberwolves,139,149
2022-03-14,2022,Utah Jazz,Milwaukee Bucks,111,117
2022-03-15,2022,Indiana Pacers,Memphis Grizzlies,102,135
2022-03-15,2022,Miami Heat,Detroit Pistons,105,98
2022-03-15,2022,New Orleans Pelicans,Phoenix Suns,115,131
2022-03-15,2022,Orlando Magic,Brooklyn Nets,108,150
2022-03-16,2022,Brooklyn Nets,Dallas Mavericks,111,113
2022-03-16,2022,Charlotte Hornets,Atlanta Hawks,116,106
2022-03-16,2022,Cleveland Cavaliers,Philadelphia 76ers,114,118
2022-03-16,2022,Golden State Warriors,Boston Celtics,88,110
2022-03-16,2022,Houston Rockets,Phoenix Suns,112,129
2022-03-16,2022,Los Angeles Clippers,Toronto Raptors,100,103
2022-03-16,2022,Minnesota Timberwolves,Los Angeles Lakers,124,104
2022-03-16,2022,New York Knicks,Portland Trail Blazers,128,98
2022-03-16,2022,Sacramento Kings,Milwaukee Bucks,126,135
2022-03-16,2022,San Antonio Spurs,Oklahoma City Thunder,122,120
2022-03-16,2022,Utah Jazz,Chicago Bulls,125,110
2022-03-16,2022,Washington Wizards,Denver Nuggets,109,127
2022-03-17,2022,Orlando Magic,Detroit Pistons,120,134
2022-03-18,2022,Atlanta Hawks,Memphis Grizzlies,120,105
2022-03-18,2022,Brooklyn Nets,Portland Trail Blazers,128,123
2022-03-18,2022,Cleveland Cavaliers,Denver Nuggets,119,116
2022-03-18,2022,Houston Rockets,Indiana Pacers,118,121
2022-03-18,2022,Miami Heat,Oklahoma City Thunder,120,108
2022-03-18,2022,New York Knicks,Washington Wizards,100,97
2022-03-18,2022,Philadelphia 76ers,Dallas Mavericks,111,101
2022-03-18,2022,Phoenix Suns,Chicago Bulls,129,102
2022-03-18,2022,Sacramento Kings,Boston Celtics,97,126
2022-03-18,2022,San Antonio Spurs,New Orleans Pelicans,91,124
2022-03-18,2022,Toronto Raptors,Los Angeles Lakers,123,128
2022-03-18,2022,Utah Jazz,Los Angeles Clippers,121,92
2022-03-19,2022,Charlotte Hornets,Dallas Mavericks,129,108
2022-03-19,2022,Cleveland Cavaliers,Detroit Pistons,113,109
2022-03-19,2022,Minnesota Timberwolves,Milwaukee Bucks,138,119
2022-03-19,2022,Washington Wizards,Los Angeles Lakers,127,119
2022-03-20,2022,Atlanta Hawks,New Orleans Pelicans,112,117
2022-03-20,2022,Denver Nuggets,Boston Celtics,104,124
2022-03-20,2022,Golden State Warriors,San Antonio Spurs,108,110
2022-03-20,2022,Houston Rockets,Memphis Grizzlies,98,122
2022-03-20,2022,Indiana Pacers,Portland Trail Blazers,129,98
2022-03-20,2022,New York Knicks,Utah Jazz,93,108
2022-03-20,2022,Orlando Magic,Oklahoma City Thunder,90,85
2022-03-20,2022,Philadelphia 76ers,Toronto Raptors,88,93
2022-03-20,2022,Sacramento Kings,Phoenix Suns,124,127
2022-03-21,2022,Brooklyn Nets,Utah Jazz,114,106
2022-03-21,2022,Charlotte Hornets,New Orleans Pelicans,106,103
2022-03-21,2022,Chicago Bulls,Toronto Raptors,113,99
2022-03-21,2022,Cleveland Cavaliers,Los Angeles Lakers,120,131
2022-03-21,2022,Dallas Mavericks,Minnesota Timberwolves,110,108
2022-03-21,2022,Detroit Pistons,Portland Trail Blazers,115,119
2022-03-21,2022,Houston Rockets,Washington Wizards,115,97
2022-03-21,2022,Oklahoma City Thunder,Boston Celtics,123,132
2022-03-21,2022,Philadelphia 76ers,Miami Heat,113,106
2022-03-22,2022,Denver Nuggets,Los Angeles Clippers,127,115
2022-03-22,2022,Milwaukee Bucks,Chicago Bulls,126,98
2022-03-22,2022,New York Knicks,Atlanta Hawks,111,117
2022-03-22,2022,Orlando Magic,Golden State Warriors,94,90
2022-03-23,2022,Boston Celtics,Utah Jazz,125,97
2022-03-23,2022,Charlotte Hornets,New York Knicks,106,121
2022-03-23,2022,Dallas Mavericks,Houston Rockets,110,91
2022-03-23,2022,Detroit Pistons,Atlanta Hawks,122,101
2022-03-23,2022,Indiana Pacers,Sacramento Kings,109,110
2022-03-23,2022,Los Angeles Lakers,Philadelphia 76ers,121,126
2022-03-23,2022,Memphis Grizzlies,Brooklyn Nets,132,120
2022-03-23,2022,Miami Heat,Golden State Warriors,104,118
2022-03-23,2022,Minnesota Timberwolves,Phoenix Suns,116,125
2022-03-23,2022,Oklahoma City Thunder,Orlando Magic,118,102
2022-03-23,2022,Portland Trail Blazers,San Antonio Spurs,96,133
2022-03-24,2022,Denver Nuggets,Phoenix Suns,130,140
2022-03-24,2022,Memphis Grizzlies,Indiana Pacers,133,103
2022-03-24,2022,Milwaukee Bucks,Washington Wizards,114,102
2022-03-24,2022,New Orleans Pelicans,Chicago Bulls,126,109
2022-03-24,2022,Toronto Raptors,Cleveland Cavaliers,117,104
2022-03-25,2022,Atlanta Hawks,Golden State Warriors,121,110
2022-03-25,2022,Charlotte Hornets,Utah Jazz,107,101
2022-03-25,2022,Detroit Pistons,Washington Wizards,97,100
2022-03-25,2022,Los Angeles Clippers,Philadelphia 76ers,97,122
2022-03-25,2022,Miami Heat,New York Knicks,103,111
2022-03-25,2022,Minnesota Timberwolves,Dallas Mavericks,116,95
2022-03-25,2022,Portland Trail Blazers,Houston Rockets,106,125
2022-03-26,2022,Cleveland Cavaliers,Chicago Bulls,94,98
2022-03-26,2022,Denver Nuggets,Oklahoma City Thunder,113,107
2022-03-26,2022,Memphis Grizzlies,Milwaukee Bucks,127,102
2022-03-26,2022,Miami Heat,Brooklyn Nets,95,110
2022-03-26,2022,New Orleans Pelicans,San Antonio Spurs,103,107
2022-03-26,2022,Orlando Magic,Sacramento Kings,110,114
2022-03-26,2022,Portland Trail Blazers,Houston Rockets,98,115
2022-03-26,2022,Toronto Raptors,Indiana Pacers,131,91
2022-03-27,2022,Boston Celtics,Minnesota Timberwolves,134,112
2022-03-27,2022,Brooklyn Nets,Charlotte Hornets,110,119
2022-03-27,2022,Dallas Mavericks,Utah Jazz,114,100
2022-03-27,2022,Detroit Pistons,New York Knicks,102,104
2022-03-27,2022,New Orleans Pelicans,Los Angeles Lakers,116,108
2022-03-27,2022,Phoenix Suns,Philadelphia 76ers,114,104
2022-03-27,2022,Washington Wizards,Golden State Warriors,123,115
2022-03-28,2022,Charlotte Hornets,Denver Nuggets,109,113
2022-03-28,2022,Cleveland Cavaliers,Orlando Magic,107,101
2022-03-28,2022,Houston Rockets,San Antonio Spurs,120,123
2022-03-28,2022,Indiana Pacers,Atlanta Hawks,123,132
2022-03-28,2022,Memphis Grizzlies,Golden State Warriors,123,95
2022-03-28,2022,Miami Heat,Sacramento Kings,123,100
2022-03-28,2022,New York Knicks,Chicago Bulls,109,104
2022-03-28,2022,Portland Trail Blazers,Oklahoma City Thunder,131,134
2022-03-28,2022,Toronto Raptors,Boston Celtics,115,112
2022-03-29,2022,Brooklyn Nets,Detroit Pistons,130,123
2022-03-29,2022,Dallas Mavericks,Los Angeles Lakers,128,110
2022-03-29,2022,Los Angeles Clippers,Utah Jazz,121,115
2022-03-29,2022,Philadelphia 76ers,Milwaukee Bucks,116,118
2022-03-29,2022,Washington Wizards,Chicago Bulls,94,107
2022-03-30,2022,Boston Celtics,Miami Heat,98,106
2022-03-30,2022,Cleveland Cavaliers,Dallas Mavericks,112,120
2022-03-30,2022,Golden State Warriors,Phoenix Suns,103,107
2022-03-30,2022,Houston Rockets,Sacramento Kings,118,121
2022-03-30,2022,Indiana Pacers,Denver Nuggets,118,125
2022-03-30,2022,New York Knicks,Charlotte Hornets,114,125
2022-03-30,2022,Oklahoma City Thunder,Atlanta Hawks,118,136
2022-03-30,2022,Portland Trail Blazers,New Orleans Pelicans,107,117
2022-03-30,2022,San Antonio Spurs,Memphis Grizzlies,111,112
2022-03-30,2022,Toronto Raptors,Minnesota Timberwolves,125,102
2022-03-30,2022,Washington Wizards,Orlando Magic,127,110
2022-03-31,2022,Atlanta Hawks,Cleveland Cavaliers,131,107
2022-03-31,2022,Brooklyn Nets,Milwaukee Bucks,119,120
2022-03-31,2022,Chicago Bulls,Los Angeles Clippers,135,130
2022-03-31,2022,Detroit Pistons,Philadelphia 76ers,102,94
2022-03-31,2022,Utah Jazz,Los Angeles Lakers,122,109
2022-04-01,2022,Boston Celtics,Indiana Pacers,128,123
2022-04-01,2022,Denver Nuggets,Minnesota Timberwolves,130,136
2022-04-01,2022,Houston Rockets,Sacramento Kings,117,122
2022-04-01,2022,Los Angeles Lakers,New Orleans Pelicans,111,114
2022-04-01,2022,Memphis Grizzlies,Phoenix Suns,122,114
2022-04-01,2022,Milwaukee Bucks,Los Angeles Clippers,119,153
2022-04-01,2022,Oklahoma City Thunder,Detroit Pistons,101,110
2022-04-01,2022,Orlando Magic,Toronto Raptors,89,102
2022-04-01,2022,San Antonio Spurs,Portland Trail Blazers,130,111
2022-04-01,2022,Washington Wizards,Dallas Mavericks,135,103
2022-04-02,2022,Atlanta Hawks,Brooklyn Nets,122,115
2022-04-02,2022,Chicago Bulls,Miami Heat,109,127
2022-04-02,2022,Golden State Warriors,Utah Jazz,111,107
2022-04-02,2022,New York Knicks,Cleveland Cavaliers,101,119
2022-04-02,2022,Philadelphia 76ers,Charlotte Hornets,144,114
2022-04-03,2022,Boston Celtics,Washington Wizards,144,102
2022-04-03,2022,Cleveland Cavaliers,Philadelphia 76ers,108,112
2022-04-03,2022,Houston Rockets,Minnesota Timberwolves,132,139
2022-04-03,2022,Indiana Pacers,Detroit Pistons,117,121
2022-04-03,2022,Los Angeles Clippers,New Orleans Pelicans,119,100
2022-04-03,2022,Los Angeles Lakers,Denver Nuggets,118,129
2022-04-03,2022,Milwaukee Bucks,Dallas Mavericks,112,118
2022-04-03,2022,Oklahoma City Thunder,Phoenix Suns,117,96
2022-04-03,2022,Orlando Magic,New York Knicks,88,118
2022-04-03,2022,Sacramento Kings,Golden State Warriors,90,109
2022-04-03,2022,San Antonio Spurs,Portland Trail Blazers,113,92
2022-04-03,2022,Toronto Raptors,Miami Heat,109,114
2022-04-05,2022,Brooklyn Nets,Houston Rockets,118,105
2022-04-05,2022,Chicago Bulls,Milwaukee Bucks,106,127
2022-04-05,2022,Denver Nuggets,San Antonio Spurs,97,116
2022-04-05,2022,Indiana Pacers,Philadelphia 76ers,122,131
2022-04-05,2022,Miami Heat,Charlotte Hornets,144,115
2022-04-05,2022,Minnesota Timberwolves,Washington Wizards,114,132
2022-04-05,2022,Oklahoma City Thunder,Portland Trail Blazers,98,94
2022-04-05,2022,Orlando Magic,Cleveland Cavaliers,120,115
2022-04-05,2022,Phoenix Suns,Los Angeles Lakers,121,110
2022-04-05,2022,Sacramento Kings,New Orleans Pelicans,109,123
2022-04-05,2022,Toronto Raptors,Atlanta Hawks,118,108
2022-04-05,2022,Utah Jazz,Memphis Grizzlies,121,115
2022-04-06,2022,Atlanta Hawks,Washington Wizards,118,103
2022-04-06,2022,Chicago Bulls,Boston Celtics,94,117
2022-04-06,2022,Detroit Pistons,Dallas Mavericks,113,131
2022-04-06,2022,Los Angeles Clippers,Phoenix Suns,113,109
2022-04-06,2022,New York Knicks,Brooklyn Nets,98,110
2022-04-06,2022,Utah Jazz,Oklahoma City Thunder,137,101
2022-04-07,2022,Charlotte Hornets,Orlando Magic,128,101
2022-04-07,2022,Denver Nuggets,Memphis Grizzlies,122,109
2022-04-07,2022,Golden State Warriors,Los Angeles Lakers,128,112
2022-04-07,2022,Milwaukee Bucks,Boston Celtics,127,121
2022-04-07,2022,Minnesota Timberwolves,San Antonio Spurs,127,121
2022-04-07,2022,New Orleans Pelicans,Portland Trail Blazers,127,94
2022-04-07,2022,Toronto Raptors,Philadelphia 76ers,119,114
2022-04-08,2022,Brooklyn Nets,Cleveland Cavaliers,118,107
2022-04-08,2022,Chicago Bulls,Charlotte Hornets,117,133
2022-04-08,2022,Dallas Mavericks,Portland Trail Blazers,128,78
2022-04-08,2022,Detroit Pistons,Milwaukee Bucks,101,131
2022-04-08,2022,Los Angeles Lakers,Oklahoma City Thunder,120,101
2022-04-08,2022,Miami Heat,Atlanta Hawks,113,109
2022-04-08,2022,Toronto Raptors,Houston Rockets,117,115
2022-04-08,2022,Utah Jazz,Phoenix Suns,105,111
2022-04-08,2022,Washington Wizards,New York Knicks,92,114
2022-04-09,2022,Los Angeles Clippers,Sacramento Kings,117,98
2022-04-09,2022,Memphis Grizzlies,New Orleans Pelicans,141,114
2022-04-09,2022,Philadelphia 76ers,Indiana Pacers,133,120
2022-04-09,2022,San Antonio Spurs,Golden State Warriors,94,100
2022-04-10,2022,Brooklyn Nets,Indiana Pacers,134,126
2022-04-10,2022,Charlotte Hornets,Washington Wizards,124,108
2022-04-10,2022,Cleveland Cavaliers,Milwaukee Bucks,133,115
2022-04-10,2022,Dallas Mavericks,San Antonio Spurs,130,120
2022-04-10,2022,Denver Nuggets,Los Angeles Lakers,141,146
2022-04-10,2022,Houston Rockets,Atlanta Hawks,114,130
2022-04-10,2022,Los Angeles Clippers,Oklahoma City Thunder,138,88
2022-04-10,2022,Memphis Grizzlies,Boston Celtics,110,139
2022-04-10,2022,Minnesota Timberwolves,Chicago Bulls,120,124
2022-04-10,2022,New Orleans Pelicans,Golden State Warriors,107,128
2022-04-10,2022,New York Knicks,Toronto Raptors,105,94
2022-04-10,2022,Orlando Magic,Miami Heat,125,111
2022-04-10,2022,Philadelphia 76ers,Detroit Pistons,118,106
2022-04-10,2022,Phoenix Suns,Sacramento Kings,109,116
2022-04-10,2022,Portland Trail Blazers,Utah Jazz,80,111
2022-04-12,2022,Brooklyn Nets,Cleveland Cavaliers,115,108
2022-04-12,2022,Minnesota Timberwolves,Los Angeles Clippers,109,104
2022-04-13,2022,Atlanta Hawks,Charlotte Hornets,132,103
2022-04-13,2022,New Orleans Pelicans,San Antonio Spurs,113,103
2022-04-15,2022,Cleveland Cavaliers,Atlanta Hawks,101,107
2022-04-15,2022,Los Angeles Clippers,New Orleans Pelicans,101,105
2022-04-16,2022,Dallas Mavericks,Utah Jazz,93,99
2022-04-16,2022,Golden State Warriors,Denver Nuggets,123,107
2022-04-16,2022,Memphis Grizzlies,Minnesota Timberwolves,117,130
2022-04-16,2022,Philadelphia 76ers,Toronto Raptors,131,111
2022-04-17,2022,Boston Celtics,Brooklyn Nets,115,114
2022-04-17,2022,Miami Heat,Atlanta Hawks,115,91
2022-04-17,2022,Milwaukee Bucks,Chicago Bulls,93,86
2022-04-17,2022,Phoenix Suns,New Orleans Pelicans,110,99
2022-04-18,2022,Dallas Mavericks,Utah Jazz,110,104
2022-04-18,2022,Golden State Warriors,Denver Nuggets,126,106
2022-04-18,2022,Philadelphia 76ers,Toronto Raptors,112,97
2022-04-19,2022,Memphis Grizzlies,Minnesota Timberwolves,124,96
2022-04-19,2022,Miami Heat,Atlanta Hawks,115,105
2022-04-19,2022,Phoenix Suns,New Orleans Pelicans,114,125
2022-04-20,2022,Boston Celtics,Brooklyn Nets,114,107
2022-04-20,2022,Milwaukee Bucks,Chicago Bulls,110,114
2022-04-20,2022,Toronto Raptors,Philadelphia 76ers,101,104
2022-04-21,2022,Denver Nuggets,Golden State Warriors,113,118
2022-04-21,2022,Minnesota Timberwolves,Memphis Grizzlies,95,104
2022-04-21,2022,Utah Jazz,Dallas Mavericks,118,126
2022-04-22,2022,Atlanta Hawks,Miami Heat,111,110
2022-04-22,2022,Chicago Bulls,Milwaukee Bucks,81,111
2022-04-22,2022,New Orleans Pelicans,Phoenix Suns,111,114
2022-04-23,2022,Brooklyn Nets,Boston Celtics,103,109
2022-04-23,2022,Minnesota Timberwolves,Memphis Grizzlies,119,118
2022-04-23,2022,Toronto Raptors,Philadelphia 76ers,110,102
2022-04-23,2022,Utah Jazz,Dallas Mavericks,100,99
2022-04-24,2022,Atlanta Hawks,Miami Heat,86,110
2022-04-24,2022,Chicago Bulls,Milwaukee Bucks,95,119
2022-04-24,2022,Denver Nuggets,Golden State Warriors,126,121
2022-04-24,2022,New Orleans Pelicans,Phoenix Suns,118,103
2022-04-25,2022,Brooklyn Nets,Boston Celtics,112,116
2022-04-25,2022,Dallas Mavericks,Utah Jazz,102,77
2022-04-25,2022,Philadelphia 76ers,Toronto Raptors,88,103
2022-04-26,2022,Memphis Grizzlies,Minnesota Timberwolves,111,109
2022-04-26,2022,Miami Heat,Atlanta Hawks,97,94
2022-04-26,2022,Phoenix Suns,New Orleans Pelicans,112,97
2022-04-27,2022,Golden State Warriors,Denver Nuggets,102,98
2022-04-27,2022,Milwaukee Bucks,Chicago Bulls,116,100
2022-04-28,2022,New Orleans Pelicans,Phoenix Suns,109,115
2022-04-28,2022,Toronto Raptors,Philadelphia 76ers,97,132
2022-04-28,2022,Utah Jazz,Dallas Mavericks,96,98
2022-04-29,2022,Minnesota Timberwolves,Memphis Grizzlies,106,114
2022-05-01,2022,Boston Celtics,Milwaukee Bucks,89,101
2022-05-01,2022,Memphis Grizzlies,Golden State Warriors,116,117
2022-05-02,2022,Miami Heat,Philadelphia 76ers,106,92
2022-05-02,2022,Phoenix Suns,Dallas Mavericks,121,114
2022-05-03,2022,Boston Celtics,Milwaukee Bucks,109,86
2022-05-03,2022,Memphis Grizzlies,Golden State Warriors,106,101
2022-05-04,2022,Miami Heat,Philadelphia 76ers,119,103
2022-05-04,2022,Phoenix Suns,Dallas Mavericks,129,109
2022-05-06,2022,Dallas Mavericks,Phoenix Suns,103,94
2022-05-06,2022,Philadelphia 76ers,Miami Heat,99,79
2022-05-07,2022,Golden State Warriors,Memphis Grizzlies,142,112
2022-05-07,2022,Milwaukee Bucks,Boston Celtics,103,101
2022-05-08,2022,Dallas Mavericks,Phoenix Suns,111,101
2022-05-08,2022,Philadelphia 76ers,Miami Heat,116,108
2022-05-09,2022,Golden State Warriors,Memphis Grizzlies,101,98
2022-05-09,2022,Milwaukee Bucks,Boston Celtics,108,116
2022-05-10,2022,Miami Heat,Philadelphia 76ers,120,85
2022-05-10,2022,Phoenix Suns,Dallas Mavericks,110,80
2022-05-11,2022,Boston Celtics,Milwaukee Bucks,107,110
2022-05-11,2022,Memphis Grizzlies,Golden State Warriors,134,95
2022-05-12,2022,Dallas Mavericks,Phoenix Suns,113,86
2022-05-12,2022,Philadelphia 76ers,Miami Heat,90,99
2022-05-13,2022,Golden State Warriors,Memphis Grizzlies,110,96
2022-05-13,2022,Milwaukee Bucks,Boston Celtics,95,108
2022-05-15,2022,Boston Celtics,Milwaukee Bucks,109,81
2022-05-15,2022,Phoenix Suns,Dallas Mavericks,90,123
2022-05-17,2022,Miami Heat,Boston Celtics,118,107
2022-05-18,2022,Golden State Warriors,Dallas Mavericks,112,87
2022-05-19,2022,Miami Heat,Boston Celtics,102,127
2022-05-20,2022,Golden State Warriors,Dallas Mavericks,126,117
2022-05-21,2022,Boston Celtics,Miami Heat,103,109
2022-05-22,2022,Dallas Mavericks,Golden State Warriors,100,109
2022-05-23,2022,Boston Celtics,Miami Heat,102,82
2022-05-24,2022,Dallas Mavericks,Golden State Warriors,119,109
2022-05-25,2022,Miami Heat,Boston Celtics,80,93
2022-05-26,2022,Golden State Warriors,Dallas Mavericks,120,110
2022-05-27,2022,Boston Celtics,Miami Heat,103,111
2022-05-29,2022,Miami Heat,Boston Celtics,96,100
2022-06-02,2022,Golden State Warriors,Boston Celtics,108,120
2022-06-05,2022,Golden State Warriors,Boston Celtics,107,88
2022-06-08,2022,Boston Celtics,Golden State Warriors,116,100
2022-06-10,2022,Boston Celtics,Golden State Warriors,97,107
2022-06-13,2022,Golden State Warriors,Boston Celtics,104,94
2022-06-16,2022,Boston Celtics,Golden State Warriors,90,103
2022-10-18,2023,Boston Celtics,Philadelphia 76ers,126,117
2022-10-18,2023,Golden State Warriors,Los Angeles Lakers,123,109
2022-10-19,2023,Atlanta Hawks,Houston Rockets,117,107
2022-10-19,2023,Brooklyn Nets,New Orleans Pelicans,108,130
2022-10-19,2023,Detroit Pistons,Orlando Magic,113,109
2022-10-19,2023,Indiana Pacers,Washington Wizards,107,114
2022-10-19,2023,Memphis Grizzlies,New York Knicks,115,112
2022-10-19,2023,Miami Heat,Chicago Bulls,108,116
2022-10-19,2023,Minnesota Timberwolves,Oklahoma City Thunder,115,108
2022-10-19,2023,Phoenix Suns,Dallas Mavericks,107,105
2022-10-19,2023,Sacramento Kings,Portland Trail Blazers,108,115
2022-10-19,2023,San Antonio Spurs,Charlotte Hornets,102,129
2022-10-19,2023,Toronto Raptors,Cleveland Cavaliers,108,105
2022-10-19,2023,Utah Jazz,Denver Nuggets,123,102
2022-10-20,2023,Los Angeles Lakers,Los Angeles Clippers,97,103
2022-10-20,2023,Philadelphia 76ers,Milwaukee Bucks,88,90
2022-10-21,2023,Atlanta Hawks,Orlando Magic,108,98
2022-10-21,2023,Brooklyn Nets,Toronto Raptors,109,105
2022-10-21,2023,Charlotte Hornets,New Orleans Pelicans,112,124
2022-10-21,2023,Golden State Warriors,Denver Nuggets,123,128
2022-10-21,2023,Houston Rockets,Memphis Grizzlies,122,129
2022-10-21,2023,Indiana Pacers,San Antonio Spurs,134,137
2022-10-21,2023,Miami Heat,Boston Celtics,104,111
2022-10-21,2023,Minnesota Timberwolves,Utah Jazz,126,132
2022-10-21,2023,New York Knicks,Detroit Pistons,130,106
2022-10-21,2023,Portland Trail Blazers,Phoenix Suns,113,111
2022-10-21,2023,Washington Wizards,Chicago Bulls,102,100
2022-10-22,2023,Chicago Bulls,Cleveland Cavaliers,96,128
2022-10-22,2023,Dallas Mavericks,Memphis Grizzlies,137,96
2022-10-22,2023,Denver Nuggets,Oklahoma City Thunder,122,117
2022-10-22,2023,Indiana Pacers,Detroit Pistons,124,115
2022-10-22,2023,Miami Heat,Toronto Raptors,112,109
2022-10-22,2023,Milwaukee Bucks,Houston Rockets,125,105
2022-10-22,2023,Orlando Magic,Boston Celtics,120,126
2022-10-22,2023,Philadelphia 76ers,San Antonio Spurs,105,114
2022-10-22,2023,Sacramento Kings,Los Angeles Clippers,109,111
2022-10-23,2023,Atlanta Hawks,Charlotte Hornets,109,126
2022-10-23,2023,Cleveland Cavaliers,Washington Wizards,117,107
2022-10-23,2023,Golden State Warriors,Sacramento Kings,130,125
2022-10-23,2023,Los Angeles Clippers,Phoenix Suns,95,112
2022-10-23,2023,Los Angeles Lakers,Portland Trail Blazers,104,106
2022-10-23,2023,New Orleans Pelicans,Utah Jazz,121,122
2022-10-23,2023,Oklahoma City Thunder,Minnesota Timberwolves,106,116
2022-10-24,2023,Chicago Bulls,Boston Celtics,120,102
2022-10-24,2023,Houston Rockets,Utah Jazz,114,108
2022-10-24,2023,Memphis Grizzlies,Brooklyn Nets,134,124
2022-10-24,2023,Miami Heat,Toronto Raptors,90,98
2022-10-24,2023,Minnesota Timberwolves,San Antonio Spurs,106,115
2022-10-24,2023,New York Knicks,Orlando Magic,115,102
2022-10-24,2023,Philadelphia 76ers,Indiana Pacers,120,106
2022-10-24,2023,Portland Trail Blazers,Denver Nuggets,135,110
2022-10-25,2023,New Orleans Pelicans,Dallas Mavericks,113,111
2022-10-25,2023,Oklahoma City Thunder,Los Angeles Clippers,108,94
2022-10-25,2023,Phoenix Suns,Golden State Warriors,134,105
2022-10-25,2023,Washington Wizards,Detroit Pistons,120,99
2022-10-26,2023,Chicago Bulls,Indiana Pacers,124,109
2022-10-26,2023,Cleveland Cavaliers,Orlando Magic,103,92
2022-10-26,2023,Denver Nuggets,Los Angeles Lakers,110,99
2022-10-26,2023,Detroit Pistons,Atlanta Hawks,113,118
2022-10-26,2023,Milwaukee Bucks,Brooklyn Nets,110,99
2022-10-26,2023,Minnesota Timberwolves,San Antonio Spurs,134,122
2022-10-26,2023,New York Knicks,Charlotte Hornets,134,131
2022-10-26,2023,Portland Trail Blazers,Miami Heat,98,119
2022-10-26,2023,Toronto Raptors,Philadelphia 76ers,119,109
2022-10-26,2023,Utah Jazz,Houston Rockets,109,101
2022-10-27,2023,Brooklyn Nets,Dallas Mavericks,125,129
2022-10-27,2023,Golden State Warriors,Miami Heat,123,110
2022-10-27,2023,Oklahoma City Thunder,Los Angeles Clippers,118,110
2022-10-27,2023,Sacramento Kings,Memphis Grizzlies,110,125
2022-10-28,2023,Boston Celtics,Cleveland Cavaliers,123,132
2022-10-28,2023,Denver Nuggets,Utah Jazz,117,101
2022-10-28,2023,Detroit Pistons,Atlanta Hawks,112,136
2022-10-28,2023,Milwaukee Bucks,New York Knicks,119,108
2022-10-28,2023,Minnesota Timberwolves,Los Angeles Lakers,111,102
2022-10-28,2023,Orlando Magic,Charlotte Hornets,113,93
2022-10-28,2023,Phoenix Suns,New Orleans Pelicans,124,111
2022-10-28,2023,Portland Trail Blazers,Houston Rockets,125,111
2022-10-28,2023,San Antonio Spurs,Chicago Bulls,129,124
2022-10-28,2023,Toronto Raptors,Philadelphia 76ers,90,112
2022-10-28,2023,Washington Wizards,Indiana Pacers,117,127
2022-10-29,2023,Brooklyn Nets,Indiana Pacers,116,125
2022-10-29,2023,Charlotte Hornets,Golden State Warriors,120,113
2022-10-29,2023,Chicago Bulls,Philadelphia 76ers,109,114
2022-10-29,2023,Dallas Mavericks,Oklahoma City Thunder,111,117
2022-10-29,2023,Milwaukee Bucks,Atlanta Hawks,123,115
2022-10-29,2023,Sacramento Kings,Miami Heat,119,113
2022-10-29,2023,Utah Jazz,Memphis Grizzlies,124,123
2022-10-30,2023,Boston Celtics,Washington Wizards,112,94
2022-10-30,2023,Cleveland Cavaliers,New York Knicks,121,108
2022-10-30,2023,Dallas Mavericks,Orlando Magic,114,105
2022-10-30,2023,Detroit Pistons,Golden State Warriors,128,114
2022-10-30,2023,Los Angeles Clippers,New Orleans Pelicans,91,112
2022-10-30,2023,Los Angeles Lakers,Denver Nuggets,121,110
2022-10-30,2023,Phoenix Suns,Houston Rockets,124,109
2022-10-30,2023,San Antonio Spurs,Minnesota Timberwolves,107,98
2022-10-31,2023,Brooklyn Nets,Indiana Pacers,116,109
2022-10-31,2023,Charlotte Hornets,Sacramento Kings,108,115
2022-10-31,2023,Los Angeles Clippers,Houston Rockets,95,93
2022-10-31,2023,Milwaukee Bucks,Detroit Pistons,110,108
2022-10-31,2023,Toronto Raptors,Atlanta Hawks,139,109
2022-10-31,2023,Utah Jazz,Memphis Grizzlies,121,105
2022-10-31,2023,Washington Wizards,Philadelphia 76ers,111,118
2022-11-01,2023,Brooklyn Nets,Chicago Bulls,99,108
2022-11-01,2023,Miami Heat,Golden State Warriors,116,109
2022-11-01,2023,Oklahoma City Thunder,Orlando Magic,116,108
2022-11-01,2023,Phoenix Suns,Minnesota Timberwolves,116,107
2022-11-02,2023,Chicago Bulls,Charlotte Hornets,106,88
2022-11-02,2023,Cleveland Cavaliers,Boston Celtics,114,113
2022-11-02,2023,Dallas Mavericks,Utah Jazz,103,100
2022-11-02,2023,Houston Rockets,Los Angeles Clippers,101,109
2022-11-02,2023,Los Angeles Lakers,New Orleans Pelicans,120,117
2022-11-02,2023,Miami Heat,Sacramento Kings,110,107
2022-11-02,2023,Milwaukee Bucks,Detroit Pistons,116,91
2022-11-02,2023,New York Knicks,Atlanta Hawks,99,112
2022-11-02,2023,Philadelphia 76ers,Washington Wizards,111,121
2022-11-02,2023,Portland Trail Blazers,Memphis Grizzlies,106,111
2022-11-02,2023,San Antonio Spurs,Toronto Raptors,100,143
2022-11-03,2023,Oklahoma City Thunder,Denver Nuggets,110,122
2022-11-03,2023,Orlando Magic,Golden State Warriors,130,129
2022-11-04,2023,Boston Celtics,Chicago Bulls,123,119
2022-11-04,2023,Dallas Mavericks,Toronto Raptors,111,110
2022-11-04,2023,Detroit Pistons,Cleveland Cavaliers,88,112
2022-11-04,2023,Indiana Pacers,Miami Heat,101,99
2022-11-04,2023,Los Angeles Lakers,Utah Jazz,116,130
2022-11-04,2023,Memphis Grizzlies,Charlotte Hornets,130,99
2022-11-04,2023,Minnesota Timberwolves,Milwaukee Bucks,102,115
2022-11-04,2023,New Orleans Pelicans,Golden State Warriors,114,105
2022-11-04,2023,Philadelphia 76ers,New York Knicks,104,106
2022-11-04,2023,Phoenix Suns,Portland Trail Blazers,106,108
2022-11-04,2023,San Antonio Spurs,Los Angeles Clippers,106,113
2022-11-04,2023,Washington Wizards,Brooklyn Nets,86,128
2022-11-05,2023,Atlanta Hawks,New Orleans Pelicans,124,121
2022-11-05,2023,Charlotte Hornets,Brooklyn Nets,94,98
2022-11-05,2023,Denver Nuggets,San Antonio Spurs,126,101
2022-11-05,2023,Milwaukee Bucks,Oklahoma City Thunder,108,94
2022-11-05,2023,Minnesota Timberwolves,Houston Rockets,129,117
2022-11-05,2023,New York Knicks,Boston Celtics,118,133
2022-11-05,2023,Orlando Magic,Sacramento Kings,123,126
2022-11-05,2023,Phoenix Suns,Portland Trail Blazers,102,82
2022-11-06,2023,Los Angeles Clippers,Utah Jazz,102,110
2022-11-06,2023,Los Angeles Lakers,Cleveland Cavaliers,100,114
2022-11-06,2023,Memphis Grizzlies,Washington Wizards,103,97
2022-11-06,2023,Toronto Raptors,Chicago Bulls,113,104
2022-11-07,2023,Atlanta Hawks,Milwaukee Bucks,117,98
2022-11-07,2023,Charlotte Hornets,Washington Wizards,100,108
2022-11-07,2023,Chicago Bulls,Toronto Raptors,111,97
2022-11-07,2023,Dallas Mavericks,Brooklyn Nets,96,94
2022-11-07,2023,Detroit Pistons,Oklahoma City Thunder,112,103
2022-11-07,2023,Golden State Warriors,Sacramento Kings,116,113
2022-11-07,2023,Indiana Pacers,New Orleans Pelicans,129,122
2022-11-07,2023,Los Angeles Clippers,Cleveland Cavaliers,119,117
2022-11-07,2023,Memphis Grizzlies,Boston Celtics,106,109
2022-11-07,2023,Miami Heat,Portland Trail Blazers,107,110
2022-11-07,2023,Minnesota Timberwolves,New York Knicks,107,120
2022-11-07,2023,Orlando Magic,Houston Rockets,127,134
2022-11-07,2023,Philadelphia 76ers,Phoenix Suns,100,88
2022-11-07,2023,San Antonio Spurs,Denver Nuggets,109,115
2022-11-07,2023,Utah Jazz,Los Angeles Lakers,139,116
2022-11-09,2023,Atlanta Hawks,Utah Jazz,119,125
2022-11-09,2023,Boston Celtics,Detroit Pistons,128,112
2022-11-09,2023,Brooklyn Nets,New York Knicks,112,85
2022-11-09,2023,Charlotte Hornets,Portland Trail Blazers,95,105
2022-11-09,2023,Chicago Bulls,New Orleans Pelicans,111,115
2022-11-09,2023,Indiana Pacers,Denver Nuggets,119,122
2022-11-09,2023,Los Angeles Clippers,Los Angeles Lakers,114,101
2022-11-09,2023,Minnesota Timberwolves,Phoenix Suns,117,129
2022-11-09,2023,Oklahoma City Thunder,Milwaukee Bucks,132,136
2022-11-09,2023,Orlando Magic,Dallas Mavericks,94,87
2022-11-09,2023,Sacramento Kings,Cleveland Cavaliers,127,120
2022-11-09,2023,San Antonio Spurs,Memphis Grizzlies,122,124
2022-11-09,2023,Toronto Raptors,Houston Rockets,116,109
2022-11-10,2023,Atlanta Hawks,Philadelphia 76ers,104,95
2022-11-10,2023,Miami Heat,Charlotte Hornets,117,112
2022-11-10,2023,New Orleans Pelicans,Portland Trail Blazers,95,106
2022-11-10,2023,Washington Wizards,Dallas Mavericks,113,105
2022-11-11,2023,Boston Celtics,Denver Nuggets,131,112
2022-11-11,2023,Golden State Warriors,Cleveland Cavaliers,106,101
2022-11-11,2023,Los Angeles Lakers,Sacramento Kings,114,120
2022-11-11,2023,Memphis Grizzlies,Minnesota Timberwolves,114,103
2022-11-11,2023,New York Knicks,Detroit Pistons,121,112
2022-11-11,2023,Oklahoma City Thunder,Toronto Raptors,132,113
2022-11-11,2023,Orlando Magic,Phoenix Suns,114,97
2022-11-11,2023,San Antonio Spurs,Milwaukee Bucks,111,93
2022-11-12,2023,Dallas Mavericks,Portland Trail Blazers,117,112
2022-11-12,2023,Detroit Pistons,Boston Celtics,108,117
2022-11-12,2023,Indiana Pacers,Toronto Raptors,118,104
2022-11-12,2023,Los Angeles Clippers,Brooklyn Nets,95,110
2022-11-12,2023,Miami Heat,Charlotte Hornets,132,115
2022-11-12,2023,New Orleans Pelicans,Houston Rockets,119,106
2022-11-12,2023,Philadelphia 76ers,Atlanta Hawks,121,109
2022-11-12,2023,Washington Wizards,Utah Jazz,121,112
2022-11-13,2023,Chicago Bulls,Denver Nuggets,103,126
2022-11-13,2023,Cleveland Cavaliers,Minnesota Timberwolves,124,129
2022-11-13,2023,Los Angeles Lakers,Brooklyn Nets,116,103
2022-11-13,2023,New York Knicks,Oklahoma City Thunder,135,145
2022-11-13,2023,Philadelphia 76ers,Utah Jazz,105,98
2022-11-13,2023,Sacramento Kings,Golden State Warriors,122,115
2022-11-13,2023,Washington Wizards,Memphis Grizzlies,102,92
2022-11-14,2023,Boston Celtics,Oklahoma City Thunder,126,122
2022-11-14,2023,Detroit Pistons,Toronto Raptors,111,115
2022-11-14,2023,Golden State Warriors,San Antonio Spurs,132,95
2022-11-14,2023,Houston Rockets,Los Angeles Clippers,106,122
2022-11-14,2023,Miami Heat,Phoenix Suns,113,112
2022-11-14,2023,Milwaukee Bucks,Atlanta Hawks,106,121
2022-11-14,2023,Orlando Magic,Charlotte Hornets,105,112
2022-11-15,2023,Dallas Mavericks,Los Angeles Clippers,103,101
2022-11-15,2023,New Orleans Pelicans,Memphis Grizzlies,113,102
2022-11-15,2023,Portland Trail Blazers,San Antonio Spurs,117,110
2022-11-15,2023,Sacramento Kings,Brooklyn Nets,153,121
2022-11-15,2023,Utah Jazz,New York Knicks,111,118
2022-11-16,2023,Atlanta Hawks,Boston Celtics,101,126
2022-11-16,2023,Charlotte Hornets,Indiana Pacers,113,125
2022-11-16,2023,Dallas Mavericks,Houston Rockets,92,101
2022-11-16,2023,Denver Nuggets,New York Knicks,103,106
2022-11-16,2023,Milwaukee Bucks,Cleveland Cavaliers,113,98
2022-11-16,2023,New Orleans Pelicans,Chicago Bulls,124,110
2022-11-16,2023,Orlando Magic,Minnesota Timberwolves,108,126
2022-11-16,2023,Phoenix Suns,Golden State Warriors,130,119
2022-11-16,2023,Toronto Raptors,Miami Heat,112,104
2022-11-16,2023,Washington Wizards,Oklahoma City Thunder,120,121
2022-11-17,2023,Los Angeles Clippers,Detroit Pistons,96,91
2022-11-17,2023,Portland Trail Blazers,Brooklyn Nets,107,109
2022-11-17,2023,Sacramento Kings,San Antonio Spurs,130,112
2022-11-18,2023,Chicago Bulls,Orlando Magic,107,108
2022-11-18,2023,Cleveland Cavaliers,Charlotte Hornets,132,122
2022-11-18,2023,Dallas Mavericks,Denver Nuggets,127,99
2022-11-18,2023,Golden State Warriors,New York Knicks,111,101
2022-11-18,2023,Houston Rockets,Indiana Pacers,91,99
2022-11-18,2023,Los Angeles Lakers,Detroit Pistons,128,121
2022-11-18,2023,Memphis Grizzlies,Oklahoma City Thunder,121,110
2022-11-18,2023,New Orleans Pelicans,Boston Celtics,109,117
2022-11-18,2023,Philadelphia 76ers,Milwaukee Bucks,110,102
2022-11-18,2023,Utah Jazz,Phoenix Suns,134,133
2022-11-18,2023,Washington Wizards,Miami Heat,107,106
2022-11-19,2023,Atlanta Hawks,Toronto Raptors,124,122
2022-11-19,2023,Indiana Pacers,Orlando Magic,114,113
2022-11-19,2023,Los Angeles Clippers,San Antonio Spurs,119,97
2022-11-19,2023,Philadelphia 76ers,Minnesota Timberwolves,109,112
2022-11-19,2023,Portland Trail Blazers,Utah Jazz,113,118
2022-11-20,2023,Brooklyn Nets,Memphis Grizzlies,127,115
2022-11-20,2023,Cleveland Cavaliers,Miami Heat,113,87
2022-11-20,2023,Dallas Mavericks,Denver Nuggets,97,98
2022-11-20,2023,Houston Rockets,Golden State Warriors,120,127
2022-11-20,2023,Los Angeles Lakers,San Antonio Spurs,123,92
2022-11-20,2023,Phoenix Suns,New York Knicks,116,95
2022-11-20,2023,Sacramento Kings,Detroit Pistons,137,129
2022-11-20,2023,Washington Wizards,Charlotte Hornets,106,102
2022-11-21,2023,Chicago Bulls,Boston Celtics,121,107
2022-11-21,2023,Cleveland Cavaliers,Atlanta Hawks,114,102
2022-11-21,2023,Indiana Pacers,Orlando Magic,123,102
2022-11-21,2023,Los Angeles Clippers,Utah Jazz,121,114
2022-11-21,2023,Milwaukee Bucks,Portland Trail Blazers,119,111
2022-11-21,2023,Minnesota Timberwolves,Miami Heat,105,101
2022-11-21,2023,New Orleans Pelicans,Golden State Warriors,128,83
2022-11-21,2023,Oklahoma City Thunder,New York Knicks,119,129
2022-11-22,2023,Denver Nuggets,Detroit Pistons,108,110
2022-11-22,2023,Memphis Grizzlies,Sacramento Kings,109,113
2022-11-22,2023,Philadelphia 76ers,Brooklyn Nets,115,106
2022-11-22,2023,Phoenix Suns,Los Angeles Lakers,115,105
2022-11-23,2023,Atlanta Hawks,Sacramento Kings,115,106
2022-11-23,2023,Boston Celtics,Dallas Mavericks,125,112
2022-11-23,2023,Charlotte Hornets,Philadelphia 76ers,107,101
2022-11-23,2023,Cleveland Cavaliers,Portland Trail Blazers,114,96
2022-11-23,2023,Golden State Warriors,Los Angeles Clippers,124,107
2022-11-23,2023,Indiana Pacers,Minnesota Timberwolves,101,115
2022-11-23,2023,Miami Heat,Washington Wizards,113,105
2022-11-23,2023,Milwaukee Bucks,Chicago Bulls,113,118
2022-11-23,2023,Oklahoma City Thunder,Denver Nuggets,126,131
2022-11-23,2023,San Antonio Spurs,New Orleans Pelicans,110,129
2022-11-23,2023,Toronto Raptors,Brooklyn Nets,98,112
2022-11-23,2023,Utah Jazz,Detroit Pistons,116,125
2022-11-25,2023,Boston Celtics,Sacramento Kings,122,104
2022-11-25,2023,Charlotte Hornets,Minnesota Timberwolves,110,108
2022-11-25,2023,Golden State Warriors,Utah Jazz,129,118
2022-11-25,2023,Houston Rockets,Atlanta Hawks,128,122
2022-11-25,2023,Indiana Pacers,Brooklyn Nets,128,117
2022-11-25,2023,Los Angeles Clippers,Denver Nuggets,104,114
2022-11-25,2023,Memphis Grizzlies,New Orleans Pelicans,132,111
2022-11-25,2023,Miami Heat,Washington Wizards,110,107
2022-11-25,2023,Milwaukee Bucks,Cleveland Cavaliers,117,102
2022-11-25,2023,New York Knicks,Portland Trail Blazers,129,132
2022-11-25,2023,Oklahoma City Thunder,Chicago Bulls,123,119
2022-11-25,2023,Orlando Magic,Philadelphia 76ers,99,107
2022-11-25,2023,Phoenix Suns,Detroit Pistons,108,102
2022-11-25,2023,San Antonio Spurs,Los Angeles Lakers,94,105
2022-11-26,2023,Houston Rockets,Oklahoma City Thunder,118,105
2022-11-26,2023,Phoenix Suns,Utah Jazz,113,112
2022-11-26,2023,San Antonio Spurs,Los Angeles Lakers,138,143
2022-11-26,2023,Toronto Raptors,Dallas Mavericks,105,100
2022-11-27,2023,Atlanta Hawks,Miami Heat,98,106
2022-11-27,2023,Boston Celtics,Washington Wizards,130,121
2022-11-27,2023,Brooklyn Nets,Portland Trail Blazers,111,97
2022-11-27,2023,Detroit Pistons,Cleveland Cavaliers,94,102
2022-11-27,2023,Los Angeles Clippers,Indiana Pacers,114,100
2022-11-27,2023,Milwaukee Bucks,Dallas Mavericks,124,115
2022-11-27,2023,Minnesota Timberwolves,Golden State Warriors,114,137
2022-11-27,2023,New York Knicks,Memphis Grizzlies,123,127
2022-11-27,2023,Orlando Magic,Philadelphia 76ers,103,133
2022-11-28,2023,Boston Celtics,Charlotte Hornets,140,105
2022-11-28,2023,Brooklyn Nets,Orlando Magic,109,102
2022-11-28,2023,Denver Nuggets,Houston Rockets,129,113
2022-11-28,2023,Los Angeles Lakers,Indiana Pacers,115,116
2022-11-28,2023,New Orleans Pelicans,Oklahoma City Thunder,105,101
2022-11-28,2023,Philadelphia 76ers,Atlanta Hawks,104,101
2022-11-28,2023,Sacramento Kings,Phoenix Suns,117,122
2022-11-28,2023,Toronto Raptors,Cleveland Cavaliers,100,88
2022-11-28,2023,Utah Jazz,Chicago Bulls,107,114
2022-11-28,2023,Washington Wizards,Minnesota Timberwolves,142,127
2022-11-29,2023,Dallas Mavericks,Golden State Warriors,116,113
2022-11-29,2023,Detroit Pistons,New York Knicks,110,140
2022-11-29,2023,Portland Trail Blazers,Los Angeles Clippers,112,118
2022-11-30,2023,Boston Celtics,Miami Heat,134,121
2022-11-30,2023,Brooklyn Nets,Washington Wizards,113,107
2022-11-30,2023,Cleveland Cavaliers,Philadelphia 76ers,113,85
2022-11-30,2023,Denver Nuggets,Houston Rockets,120,100
2022-11-30,2023,Los Angeles Lakers,Portland Trail Blazers,128,109
2022-11-30,2023,Minnesota Timberwolves,Memphis Grizzlies,109,101
2022-11-30,2023,New Orleans Pelicans,Toronto Raptors,126,108
2022-11-30,2023,New York Knicks,Milwaukee Bucks,103,109
2022-11-30,2023,Oklahoma City Thunder,San Antonio Spurs,119,111
2022-11-30,2023,Orlando Magic,Atlanta Hawks,108,125
2022-11-30,2023,Phoenix Suns,Chicago Bulls,132,113
2022-11-30,2023,Sacramento Kings,Indiana Pacers,137,114
2022-11-30,2023,Utah Jazz,Los Angeles Clippers,125,112
2022-12-01,2023,Detroit Pistons,Dallas Mavericks,131,125
2022-12-02,2023,Atlanta Hawks,Denver Nuggets,117,109
2022-12-02,2023,Boston Celtics,Miami Heat,116,120
2022-12-02,2023,Brooklyn Nets,Toronto Raptors,114,105
2022-12-02,2023,Charlotte Hornets,Washington Wizards,117,116
2022-12-02,2023,Cleveland Cavaliers,Orlando Magic,107,96
2022-12-02,2023,Golden State Warriors,Chicago Bulls,119,111
2022-12-02,2023,Memphis Grizzlies,Philadelphia 76ers,117,109
2022-12-02,2023,Milwaukee Bucks,Los Angeles Lakers,129,133
2022-12-02,2023,Phoenix Suns,Houston Rockets,121,122
2022-12-02,2023,San Antonio Spurs,New Orleans Pelicans,99,117
2022-12-02,2023,Utah Jazz,Indiana Pacers,139,119
2022-12-03,2023,Charlotte Hornets,Milwaukee Bucks,96,105
2022-12-03,2023,Golden State Warriors,Houston Rockets,120,101
2022-12-03,2023,Los Angeles Clippers,Sacramento Kings,96,123
2022-12-03,2023,Minnesota Timberwolves,Oklahoma City Thunder,128,135
2022-12-03,2023,New York Knicks,Dallas Mavericks,100,121
2022-12-03,2023,Toronto Raptors,Orlando Magic,121,108
2022-12-03,2023,Utah Jazz,Portland Trail Blazers,111,116
2022-12-04,2023,Brooklyn Nets,Boston Celtics,92,103
2022-12-04,2023,Detroit Pistons,Memphis Grizzlies,112,122
2022-12-04,2023,New Orleans Pelicans,Denver Nuggets,121,106
2022-12-04,2023,New York Knicks,Cleveland Cavaliers,92,81
2022-12-04,2023,Portland Trail Blazers,Indiana Pacers,116,100
2022-12-04,2023,Sacramento Kings,Chicago Bulls,110,101
2022-12-04,2023,San Antonio Spurs,Phoenix Suns,95,133
2022-12-04,2023,Washington Wizards,Los Angeles Lakers,119,130
2022-12-05,2023,Atlanta Hawks,Oklahoma City Thunder,114,121
2022-12-05,2023,Charlotte Hornets,Los Angeles Clippers,117,119
2022-12-05,2023,Dallas Mavericks,Phoenix Suns,130,111
2022-12-05,2023,Golden State Warriors,Indiana Pacers,104,112
2022-12-05,2023,Houston Rockets,Philadelphia 76ers,132,123
2022-12-05,2023,Memphis Grizzlies,Miami Heat,101,93
2022-12-05,2023,Orlando Magic,Milwaukee Bucks,102,109
2022-12-05,2023,Toronto Raptors,Boston Celtics,110,116
2022-12-06,2023,Cleveland Cavaliers,Los Angeles Lakers,116,102
2022-12-06,2023,Denver Nuggets,Dallas Mavericks,115,116
2022-12-06,2023,Miami Heat,Detroit Pistons,96,116
2022-12-07,2023,Brooklyn Nets,Charlotte Hornets,122,116
2022-12-07,2023,Chicago Bulls,Washington Wizards,115,111
2022-12-07,2023,Memphis Grizzlies,Oklahoma City Thunder,123,102
2022-12-07,2023,Milwaukee Bucks,Sacramento Kings,126,113
2022-12-07,2023,Minnesota Timberwolves,Indiana Pacers,121,115
2022-12-07,2023,New Orleans Pelicans,Detroit Pistons,104,98
2022-12-07,2023,New York Knicks,Atlanta Hawks,113,89
2022-12-07,2023,Orlando Magic,Los Angeles Clippers,116,111
2022-12-07,2023,Phoenix Suns,Boston Celtics,98,125
2022-12-07,2023,Toronto Raptors,Los Angeles Lakers,126,113
2022-12-07,2023,Utah Jazz,Golden State Warriors,124,123
2022-12-08,2023,Miami Heat,Los Angeles Clippers,115,110
2022-12-08,2023,Portland Trail Blazers,Denver Nuggets,120,121
2022-12-08,2023,San Antonio Spurs,Houston Rockets,118,109
2022-12-09,2023,Brooklyn Nets,Atlanta Hawks,120,116
2022-12-09,2023,Charlotte Hornets,New York Knicks,102,121
2022-12-09,2023,Cleveland Cavaliers,Sacramento Kings,95,106
2022-12-09,2023,Dallas Mavericks,Milwaukee Bucks,105,106
2022-12-09,2023,Indiana Pacers,Washington Wizards,121,111
2022-12-09,2023,Memphis Grizzlies,Detroit Pistons,114,103
2022-12-09,2023,New Orleans Pelicans,Phoenix Suns,128,117
2022-12-09,2023,Orlando Magic,Toronto Raptors,113,109
2022-12-09,2023,Philadelphia 76ers,Los Angeles Lakers,133,122
2022-12-09,2023,Utah Jazz,Minnesota Timberwolves,108,118
2022-12-10,2023,Chicago Bulls,Dallas Mavericks,144,115
2022-12-10,2023,Cleveland Cavaliers,Oklahoma City Thunder,110,102
2022-12-10,2023,Denver Nuggets,Utah Jazz,115,110
2022-12-10,2023,Golden State Warriors,Boston Celtics,123,107
2022-12-10,2023,Indiana Pacers,Brooklyn Nets,133,136
2022-12-10,2023,Miami Heat,San Antonio Spurs,111,115
2022-12-10,2023,Portland Trail Blazers,Minnesota Timberwolves,124,118
2022-12-10,2023,Washington Wizards,Los Angeles Clippers,107,114
2022-12-11,2023,Atlanta Hawks,Chicago Bulls,123,122
2022-12-11,2023,Detroit Pistons,Los Angeles Lakers,117,124
2022-12-11,2023,Houston Rockets,Milwaukee Bucks,97,92
2022-12-11,2023,New Orleans Pelicans,Phoenix Suns,129,124
2022-12-11,2023,New York Knicks,Sacramento Kings,112,99
2022-12-11,2023,Orlando Magic,Toronto Raptors,111,99
2022-12-11,2023,Philadelphia 76ers,Charlotte Hornets,131,113
2022-12-12,2023,Dallas Mavericks,Oklahoma City Thunder,121,114
2022-12-12,2023,Indiana Pacers,Miami Heat,82,87
2022-12-12,2023,Los Angeles Clippers,Boston Celtics,113,93
2022-12-12,2023,Memphis Grizzlies,Atlanta Hawks,128,103
2022-12-12,2023,Portland Trail Blazers,Minnesota Timberwolves,133,112
2022-12-12,2023,San Antonio Spurs,Cleveland Cavaliers,112,111
2022-12-12,2023,Washington Wizards,Brooklyn Nets,100,112
2022-12-13,2023,Houston Rockets,Phoenix Suns,111,97
2022-12-13,2023,Los Angeles Lakers,Boston Celtics,118,122
2022-12-13,2023,Milwaukee Bucks,Golden State Warriors,128,111
2022-12-13,2023,Philadelphia 76ers,Sacramento Kings,123,103
2022-12-13,2023,Utah Jazz,New Orleans Pelicans,121,100
2022-12-14,2023,Charlotte Hornets,Detroit Pistons,134,141
2022-12-14,2023,Chicago Bulls,New York Knicks,120,128
2022-12-14,2023,Dallas Mavericks,Cleveland Cavaliers,90,105
2022-12-14,2023,Denver Nuggets,Washington Wizards,141,128
2022-12-14,2023,Indiana Pacers,Golden State Warriors,125,119
2022-12-14,2023,Los Angeles Clippers,Minnesota Timberwolves,99,88
2022-12-14,2023,Oklahoma City Thunder,Miami Heat,108,110
2022-12-14,2023,Orlando Magic,Atlanta Hawks,135,124
2022-12-14,2023,San Antonio Spurs,Portland Trail Blazers,112,128
2022-12-14,2023,Toronto Raptors,Sacramento Kings,123,124
2022-12-15,2023,Houston Rockets,Miami Heat,108,111
2022-12-15,2023,Los Angeles Clippers,Phoenix Suns,95,111
2022-12-15,2023,Memphis Grizzlies,Milwaukee Bucks,142,101
2022-12-15,2023,Utah Jazz,New Orleans Pelicans,132,129
2022-12-16,2023,Boston Celtics,Orlando Magic,109,117
2022-12-16,2023,Charlotte Hornets,Atlanta Hawks,106,125
2022-12-16,2023,Chicago Bulls,New York Knicks,91,114
2022-12-16,2023,Cleveland Cavaliers,Indiana Pacers,118,112
2022-12-16,2023,Dallas Mavericks,Portland Trail Blazers,130,110
2022-12-16,2023,Detroit Pistons,Sacramento Kings,113,122
2022-12-16,2023,Los Angeles Lakers,Denver Nuggets,126,108
2022-12-16,2023,Oklahoma City Thunder,Minnesota Timberwolves,110,112
2022-12-16,2023,Philadelphia 76ers,Golden State Warriors,118,106
2022-12-16,2023,Toronto Raptors,Brooklyn Nets,116,119
2022-12-17,2023,Cleveland Cavaliers,Dallas Mavericks,100,99
2022-12-17,2023,Houston Rockets,Portland Trail Blazers,95,107
2022-12-17,2023,Los Angeles Clippers,Washington Wizards,102,93
2022-12-17,2023,Milwaukee Bucks,Utah Jazz,123,97
2022-12-17,2023,Oklahoma City Thunder,Memphis Grizzlies,115,109
2022-12-17,2023,Phoenix Suns,New Orleans Pelicans,118,114
2022-12-17,2023,San Antonio Spurs,Miami Heat,101,111
2022-12-18,2023,Boston Celtics,Orlando Magic,92,95
2022-12-18,2023,Denver Nuggets,Charlotte Hornets,119,115
2022-12-18,2023,Detroit Pistons,Brooklyn Nets,121,124
2022-12-18,2023,Indiana Pacers,New York Knicks,106,109
2022-12-18,2023,Los Angeles Lakers,Washington Wizards,119,117
2022-12-18,2023,Minnesota Timberwolves,Chicago Bulls,150,126
2022-12-18,2023,Toronto Raptors,Golden State Warriors,110,126
2022-12-19,2023,Atlanta Hawks,Orlando Magic,126,125
2022-12-19,2023,Cleveland Cavaliers,Utah Jazz,122,99
2022-12-19,2023,Houston Rockets,San Antonio Spurs,105,124
2022-12-19,2023,Minnesota Timberwolves,Dallas Mavericks,116,106
2022-12-19,2023,New Orleans Pelicans,Milwaukee Bucks,119,128
2022-12-19,2023,Oklahoma City Thunder,Portland Trail Blazers,123,121
2022-12-19,2023,Philadelphia 76ers,Toronto Raptors,104,101
2022-12-19,2023,Phoenix Suns,Los Angeles Lakers,130,104
2022-12-19,2023,Sacramento Kings,Charlotte Hornets,119,125
2022-12-20,2023,Denver Nuggets,Memphis Grizzlies,105,91
2022-12-20,2023,Detroit Pistons,Utah Jazz,111,126
2022-12-20,2023,Miami Heat,Chicago Bulls,103,113
2022-12-20,2023,New York Knicks,Golden State Warriors,132,94
2022-12-20,2023,Phoenix Suns,Washington Wizards,110,113
2022-12-21,2023,Atlanta Hawks,Chicago Bulls,108,110
2022-12-21,2023,Boston Celtics,Indiana Pacers,112,117
2022-12-21,2023,Brooklyn Nets,Golden State Warriors,143,113
2022-12-21,2023,Cleveland Cavaliers,Milwaukee Bucks,114,106
2022-12-21,2023,Houston Rockets,Orlando Magic,110,116
2022-12-21,2023,Los Angeles Clippers,Charlotte Hornets,126,105
2022-12-21,2023,Minnesota Timberwolves,Dallas Mavericks,99,104
2022-12-21,2023,New York Knicks,Toronto Raptors,106,113
2022-12-21,2023,Oklahoma City Thunder,Portland Trail Blazers,101,98
2022-12-21,2023,Philadelphia 76ers,Detroit Pistons,113,93
2022-12-21,2023,Sacramento Kings,Los Angeles Lakers,134,120
2022-12-22,2023,New Orleans Pelicans,San Antonio Spurs,126,117
2022-12-22,2023,Utah Jazz,Washington Wizards,120,112
2022-12-23,2023,Atlanta Hawks,Detroit Pistons,130,105
2022-12-23,2023,Boston Celtics,Minnesota Timberwolves,121,109
2022-12-23,2023,Brooklyn Nets,Milwaukee Bucks,118,100
2022-12-23,2023,Cleveland Cavaliers,Toronto Raptors,107,118
2022-12-23,2023,Denver Nuggets,Portland Trail Blazers,120,107
2022-12-23,2023,Houston Rockets,Dallas Mavericks,106,112
2022-12-23,2023,Los Angeles Lakers,Charlotte Hornets,130,134
2022-12-23,2023,Miami Heat,Indiana Pacers,108,111
2022-12-23,2023,New York Knicks,Chicago Bulls,117,118
2022-12-23,2023,Oklahoma City Thunder,New Orleans Pelicans,125,128
2022-12-23,2023,Orlando Magic,San Antonio Spurs,133,113
2022-12-23,2023,Philadelphia 76ers,Los Angeles Clippers,119,114
2022-12-23,2023,Phoenix Suns,Memphis Grizzlies,100,125
2022-12-23,2023,Sacramento Kings,Washington Wizards,111,125
2022-12-25,2023,Boston Celtics,Milwaukee Bucks,139,118
2022-12-25,2023,Dallas Mavericks,Los Angeles Lakers,124,115
2022-12-25,2023,Denver Nuggets,Phoenix Suns,128,125
2022-12-25,2023,Golden State Warriors,Memphis Grizzlies,123,109
2022-12-25,2023,New York Knicks,Philadelphia 76ers,112,119
2022-12-26,2023,Chicago Bulls,Houston Rockets,118,133
2022-12-26,2023,Cleveland Cavaliers,Brooklyn Nets,117,125
2022-12-26,2023,Detroit Pistons,Los Angeles Clippers,131,142
2022-12-26,2023,Miami Heat,Minnesota Timberwolves,113,110
2022-12-26,2023,New Orleans Pelicans,Indiana Pacers,113,93
2022-12-26,2023,Portland Trail Blazers,Charlotte Hornets,124,113
2022-12-26,2023,San Antonio Spurs,Utah Jazz,126,122
2022-12-27,2023,Boston Celtics,Houston Rockets,126,102
2022-12-27,2023,Dallas Mavericks,New York Knicks,126,121
2022-12-27,2023,Golden State Warriors,Charlotte Hornets,110,105
2022-12-27,2023,Indiana Pacers,Atlanta Hawks,129,114
2022-12-27,2023,Memphis Grizzlies,Phoenix Suns,108,125
2022-12-27,2023,Oklahoma City Thunder,San Antonio Spurs,130,114
2022-12-27,2023,Orlando Magic,Los Angeles Lakers,110,129
2022-12-27,2023,Sacramento Kings,Denver Nuggets,106,113
2022-12-27,2023,Toronto Raptors,Los Angeles Clippers,113,124
2022-12-27,2023,Washington Wizards,Philadelphia 76ers,116,111
2022-12-28,2023,Atlanta Hawks,Brooklyn Nets,107,108
2022-12-28,2023,Chicago Bulls,Milwaukee Bucks,119,113
2022-12-28,2023,Detroit Pistons,Orlando Magic,121,101
2022-12-28,2023,Golden State Warriors,Utah Jazz,112,107
2022-12-28,2023,Miami Heat,Los Angeles Lakers,112,98
2022-12-28,2023,New Orleans Pelicans,Minnesota Timberwolves,119,118
2022-12-28,2023,Sacramento Kings,Denver Nuggets,127,126
2022-12-28,2023,Washington Wizards,Phoenix Suns,127,102
2022-12-29,2023,Boston Celtics,Los Angeles Clippers,116,110
2022-12-29,2023,Charlotte Hornets,Oklahoma City Thunder,121,113
2022-12-29,2023,Dallas Mavericks,Houston Rockets,129,114
2022-12-29,2023,Indiana Pacers,Cleveland Cavaliers,135,126
2022-12-29,2023,San Antonio Spurs,New York Knicks,122,115
2022-12-29,2023,Toronto Raptors,Memphis Grizzlies,106,119
2022-12-30,2023,Atlanta Hawks,Los Angeles Lakers,121,130
2022-12-30,2023,Chicago Bulls,Detroit Pistons,132,118
2022-12-30,2023,Denver Nuggets,Miami Heat,124,119
2022-12-30,2023,Golden State Warriors,Portland Trail Blazers,118,112
2022-12-30,2023,Milwaukee Bucks,Minnesota Timberwolves,123,114
2022-12-30,2023,New Orleans Pelicans,Philadelphia 76ers,127,116
2022-12-30,2023,Orlando Magic,Washington Wizards,100,119
2022-12-30,2023,Sacramento Kings,Utah Jazz,126,125
2022-12-30,2023,Toronto Raptors,Phoenix Suns,113,104
2022-12-31,2023,Charlotte Hornets,Brooklyn Nets,106,123
2022-12-31,2023,Chicago Bulls,Cleveland Cavaliers,102,103
2022-12-31,2023,Houston Rockets,New York Knicks,88,108
2022-12-31,2023,Indiana Pacers,Los Angeles Clippers,131,130
2022-12-31,2023,Memphis Grizzlies,New Orleans Pelicans,116,101
2022-12-31,2023,Minnesota Timberwolves,Detroit Pistons,104,116
2022-12-31,2023,Oklahoma City Thunder,Philadelphia 76ers,96,115
2022-12-31,2023,San Antonio Spurs,Dallas Mavericks,125,126
2022-12-31,2023,Utah Jazz,Miami Heat,123,126
2023-01-01,2023,Denver Nuggets,Boston Celtics,123,111
2023-01-01,2023,Memphis Grizzlies,Sacramento Kings,118,108
2023-01-01,2023,Milwaukee Bucks,Washington Wizards,95,118
2023-01-02,2023,Brooklyn Nets,San Antonio Spurs,139,103
2023-01-02,2023,Charlotte Hornets,Los Angeles Lakers,115,121
2023-01-02,2023,Cleveland Cavaliers,Chicago Bulls,145,134
2023-01-02,2023,Golden State Warriors,Atlanta Hawks,143,141
2023-01-02,2023,Houston Rockets,Dallas Mavericks,106,111
2023-01-02,2023,Indiana Pacers,Toronto Raptors,122,114
2023-01-02,2023,Los Angeles Clippers,Miami Heat,100,110
2023-01-02,2023,Minnesota Timberwolves,Denver Nuggets,124,111
2023-01-02,2023,New York Knicks,Phoenix Suns,102,83
2023-01-02,2023,Philadelphia 76ers,New Orleans Pelicans,120,111
2023-01-02,2023,Portland Trail Blazers,Detroit Pistons,135,106
2023-01-03,2023,Milwaukee Bucks,Washington Wizards,123,113
2023-01-03,2023,Oklahoma City Thunder,Boston Celtics,150,117
2023-01-03,2023,Utah Jazz,Sacramento Kings,115,117
2023-01-04,2023,Charlotte Hornets,Memphis Grizzlies,107,131
2023-01-04,2023,Chicago Bulls,Brooklyn Nets,121,112
2023-01-04,2023,Cleveland Cavaliers,Phoenix Suns,90,88
2023-01-04,2023,Golden State Warriors,Detroit Pistons,119,122
2023-01-04,2023,Los Angeles Lakers,Miami Heat,112,109
2023-01-04,2023,Minnesota Timberwolves,Portland Trail Blazers,113,106
2023-01-04,2023,New Orleans Pelicans,Houston Rockets,119,108
2023-01-04,2023,New York Knicks,San Antonio Spurs,117,114
2023-01-04,2023,Orlando Magic,Oklahoma City Thunder,126,115
2023-01-04,2023,Philadelphia 76ers,Indiana Pacers,129,126
2023-01-04,2023,Sacramento Kings,Atlanta Hawks,117,120
2023-01-04,2023,Toronto Raptors,Milwaukee Bucks,101,104
2023-01-05,2023,Dallas Mavericks,Boston Celtics,95,124
2023-01-05,2023,Denver Nuggets,Los Angeles Clippers,122,91
2023-01-05,2023,Houston Rockets,Utah Jazz,114,131
2023-01-05,2023,Orlando Magic,Memphis Grizzlies,115,123
2023-01-06,2023,Denver Nuggets,Cleveland Cavaliers,121,108
2023-01-06,2023,Indiana Pacers,Portland Trail Blazers,108,99
2023-01-06,2023,Los Angeles Lakers,Atlanta Hawks,130,114
2023-01-06,2023,Milwaukee Bucks,Charlotte Hornets,109,138
2023-01-06,2023,Minnesota Timberwolves,Los Angeles Clippers,128,115
2023-01-06,2023,New Orleans Pelicans,Brooklyn Nets,102,108
2023-01-06,2023,Oklahoma City Thunder,Washington Wizards,127,110
2023-01-06,2023,Philadelphia 76ers,Chicago Bulls,112,126
2023-01-06,2023,Phoenix Suns,Miami Heat,96,104
2023-01-06,2023,San Antonio Spurs,Detroit Pistons,121,109
2023-01-06,2023,Toronto Raptors,New York Knicks,108,112
2023-01-07,2023,Chicago Bulls,Utah Jazz,126,118
2023-01-07,2023,Dallas Mavericks,New Orleans Pelicans,127,117
2023-01-07,2023,Golden State Warriors,Orlando Magic,101,115
2023-01-07,2023,Sacramento Kings,Los Angeles Lakers,134,136
2023-01-07,2023,San Antonio Spurs,Boston Celtics,116,121
2023-01-08,2023,Detroit Pistons,Philadelphia 76ers,111,123
2023-01-08,2023,Houston Rockets,Minnesota Timberwolves,96,104
2023-01-08,2023,Indiana Pacers,Charlotte Hornets,116,111
2023-01-08,2023,Los Angeles Clippers,Atlanta Hawks,108,112
2023-01-08,2023,Memphis Grizzlies,Utah Jazz,123,118
2023-01-08,2023,Miami Heat,Brooklyn Nets,101,102
2023-01-08,2023,Oklahoma City Thunder,Dallas Mavericks,120,109
2023-01-08,2023,Phoenix Suns,Cleveland Cavaliers,98,112
2023-01-08,2023,Toronto Raptors,Portland Trail Blazers,117,105
2023-01-09,2023,Boston Celtics,Chicago Bulls,107,99
2023-01-09,2023,Denver Nuggets,Los Angeles Lakers,122,109
2023-01-09,2023,Memphis Grizzlies,San Antonio Spurs,121,113
2023-01-09,2023,New York Knicks,Milwaukee Bucks,107,111
2023-01-09,2023,Sacramento Kings,Orlando Magic,136,111
2023-01-09,2023,Washington Wizards,New Orleans Pelicans,112,132
2023-01-10,2023,Golden State Warriors,Phoenix Suns,113,125
2023-01-10,2023,Los Angeles Clippers,Dallas Mavericks,113,101
2023-01-10,2023,Miami Heat,Oklahoma City Thunder,112,111
2023-01-10,2023,Philadelphia 76ers,Detroit Pistons,147,116
2023-01-10,2023,Portland Trail Blazers,Orlando Magic,106,109
2023-01-10,2023,Toronto Raptors,Charlotte Hornets,132,120
2023-01-10,2023,Utah Jazz,Cleveland Cavaliers,116,114
2023-01-11,2023,Atlanta Hawks,Milwaukee Bucks,105,114
2023-01-11,2023,Boston Celtics,New Orleans Pelicans,125,114
2023-01-11,2023,Denver Nuggets,Phoenix Suns,126,97
2023-01-11,2023,Detroit Pistons,Minnesota Timberwolves,135,118
2023-01-11,2023,Memphis Grizzlies,San Antonio Spurs,135,129
2023-01-11,2023,New York Knicks,Indiana Pacers,119,113
2023-01-11,2023,Sacramento Kings,Houston Rockets,135,115
2023-01-11,2023,Washington Wizards,Chicago Bulls,100,97
2023-01-12,2023,Brooklyn Nets,Boston Celtics,98,109
2023-01-12,2023,Los Angeles Lakers,Dallas Mavericks,115,119
2023-01-12,2023,Miami Heat,Milwaukee Bucks,108,102
2023-01-12,2023,Philadelphia 76ers,Oklahoma City Thunder,114,133
2023-01-12,2023,Portland Trail Blazers,Cleveland Cavaliers,113,119
2023-01-12,2023,Toronto Raptors,Charlotte Hornets,124,114
2023-01-13,2023,Chicago Bulls,Oklahoma City Thunder,110,124
2023-01-13,2023,Detroit Pistons,New Orleans Pelicans,110,116
2023-01-13,2023,Indiana Pacers,Atlanta Hawks,111,113
2023-01-13,2023,Los Angeles Clippers,Denver Nuggets,103,115
2023-01-13,2023,Minnesota Timberwolves,Phoenix Suns,121,116
2023-01-13,2023,Sacramento Kings,Houston Rockets,139,114
2023-01-13,2023,San Antonio Spurs,Golden State Warriors,113,144
2023-01-13,2023,Utah Jazz,Orlando Magic,112,108
2023-01-13,2023,Washington Wizards,New York Knicks,108,112
2023-01-14,2023,Charlotte Hornets,Boston Celtics,106,122
2023-01-14,2023,Indiana Pacers,Memphis Grizzlies,112,130
2023-01-14,2023,Miami Heat,Milwaukee Bucks,111,95
2023-01-14,2023,Minnesota Timberwolves,Cleveland Cavaliers,110,102
2023-01-14,2023,Portland Trail Blazers,Dallas Mavericks,136,119
2023-01-14,2023,Toronto Raptors,Atlanta Hawks,103,114
2023-01-14,2023,Utah Jazz,Philadelphia 76ers,117,118
2023-01-15,2023,Brooklyn Nets,Oklahoma City Thunder,102,112
2023-01-15,2023,Chicago Bulls,Golden State Warriors,132,118
2023-01-15,2023,Denver Nuggets,Orlando Magic,119,116
2023-01-15,2023,Detroit Pistons,New York Knicks,104,117
2023-01-15,2023,Los Angeles Clippers,Houston Rockets,121,100
2023-01-15,2023,Los Angeles Lakers,Philadelphia 76ers,112,113
2023-01-15,2023,Portland Trail Blazers,Dallas Mavericks,140,123
2023-01-15,2023,San Antonio Spurs,Sacramento Kings,119,132
2023-01-16,2023,Atlanta Hawks,Miami Heat,121,113
2023-01-16,2023,Charlotte Hornets,Boston Celtics,118,130
2023-01-16,2023,Cleveland Cavaliers,New Orleans Pelicans,113,103
2023-01-16,2023,Los Angeles Lakers,Houston Rockets,140,132
2023-01-16,2023,Memphis Grizzlies,Phoenix Suns,136,106
2023-01-16,2023,Milwaukee Bucks,Indiana Pacers,132,119
2023-01-16,2023,Minnesota Timberwolves,Utah Jazz,125,126
2023-01-16,2023,New York Knicks,Toronto Raptors,121,123
2023-01-16,2023,Washington Wizards,Golden State Warriors,118,127
2023-01-17,2023,Denver Nuggets,Portland Trail Blazers,122,113
2023-01-17,2023,Los Angeles Clippers,Philadelphia 76ers,110,120
2023-01-17,2023,Milwaukee Bucks,Toronto Raptors,130,122
2023-01-17,2023,San Antonio Spurs,Brooklyn Nets,106,98
2023-01-18,2023,Dallas Mavericks,Atlanta Hawks,122,130
2023-01-18,2023,Denver Nuggets,Minnesota Timberwolves,122,118
2023-01-18,2023,Houston Rockets,Charlotte Hornets,117,122
2023-01-18,2023,Los Angeles Lakers,Sacramento Kings,111,116
2023-01-18,2023,Memphis Grizzlies,Cleveland Cavaliers,115,114
2023-01-18,2023,New Orleans Pelicans,Miami Heat,98,124
2023-01-18,2023,New York Knicks,Washington Wizards,105,116
2023-01-18,2023,Oklahoma City Thunder,Indiana Pacers,126,106
2023-01-18,2023,Utah Jazz,Los Angeles Clippers,126,103
2023-01-19,2023,Boston Celtics,Golden State Warriors,121,118
2023-01-19,2023,Detroit Pistons,Chicago Bulls,108,126
2023-01-19,2023,Minnesota Timberwolves,Toronto Raptors,128,126
2023-01-19,2023,Phoenix Suns,Brooklyn Nets,117,112
2023-01-19,2023,Portland Trail Blazers,Philadelphia 76ers,95,105
2023-01-20,2023,Atlanta Hawks,New York Knicks,139,124
2023-01-20,2023,Cleveland Cavaliers,Golden State Warriors,114,120
2023-01-20,2023,Dallas Mavericks,Miami Heat,115,90
2023-01-20,2023,Denver Nuggets,Indiana Pacers,134,111
2023-01-20,2023,Los Angeles Lakers,Memphis Grizzlies,122,121
2023-01-20,2023,Orlando Magic,New Orleans Pelicans,123,110
2023-01-20,2023,Sacramento Kings,Oklahoma City Thunder,118,113
2023-01-20,2023,San Antonio Spurs,Los Angeles Clippers,126,131
2023-01-20,2023,Utah Jazz,Brooklyn Nets,106,117
2023-01-21,2023,Atlanta Hawks,Charlotte Hornets,118,122
2023-01-21,2023,Cleveland Cavaliers,Milwaukee Bucks,114,102
2023-01-21,2023,Minnesota Timberwolves,Houston Rockets,113,104
2023-01-21,2023,Phoenix Suns,Indiana Pacers,112,107
2023-01-21,2023,Sacramento Kings,Philadelphia 76ers,127,129
2023-01-21,2023,Toronto Raptors,Boston Celtics,104,106
2023-01-21,2023,Washington Wizards,Orlando Magic,138,118
2023-01-22,2023,Dallas Mavericks,Los Angeles Clippers,98,112
2023-01-22,2023,Denver Nuggets,Oklahoma City Thunder,99,101
2023-01-22,2023,Golden State Warriors,Brooklyn Nets,116,120
2023-01-22,2023,Miami Heat,New Orleans Pelicans,100,96
2023-01-22,2023,Phoenix Suns,Memphis Grizzlies,112,110
2023-01-22,2023,Portland Trail Blazers,Los Angeles Lakers,112,121
2023-01-22,2023,Toronto Raptors,New York Knicks,125,116
2023-01-23,2023,Chicago Bulls,Atlanta Hawks,111,100
2023-01-23,2023,Detroit Pistons,Milwaukee Bucks,130,150
2023-01-23,2023,Houston Rockets,Minnesota Timberwolves,119,114
2023-01-23,2023,Orlando Magic,Boston Celtics,113,98
2023-01-23,2023,Portland Trail Blazers,San Antonio Spurs,147,127
2023-01-23,2023,Sacramento Kings,Memphis Grizzlies,133,100
2023-01-23,2023,Utah Jazz,Charlotte Hornets,120,102
2023-01-24,2023,Dallas Mavericks,Washington Wizards,126,127
2023-01-24,2023,Indiana Pacers,Chicago Bulls,116,110
2023-01-24,2023,Los Angeles Lakers,Los Angeles Clippers,115,133
2023-01-24,2023,Miami Heat,Boston Celtics,98,95
2023-01-24,2023,New Orleans Pelicans,Denver Nuggets,98,99
2023-01-24,2023,New York Knicks,Cleveland Cavaliers,105,103
2023-01-24,2023,Phoenix Suns,Charlotte Hornets,128,97
2023-01-25,2023,Golden State Warriors,Memphis Grizzlies,122,120
2023-01-25,2023,Houston Rockets,Washington Wizards,103,108
2023-01-25,2023,Los Angeles Lakers,San Antonio Spurs,113,104
2023-01-25,2023,Milwaukee Bucks,Denver Nuggets,107,99
2023-01-25,2023,New Orleans Pelicans,Minnesota Timberwolves,102,111
2023-01-25,2023,Oklahoma City Thunder,Atlanta Hawks,132,137
2023-01-25,2023,Orlando Magic,Indiana Pacers,126,120
2023-01-25,2023,Philadelphia 76ers,Brooklyn Nets,137,133
2023-01-25,2023,Portland Trail Blazers,Utah Jazz,134,124
2023-01-25,2023,Sacramento Kings,Toronto Raptors,95,113
2023-01-26,2023,Boston Celtics,New York Knicks,117,120
2023-01-26,2023,Brooklyn Nets,Detroit Pistons,122,130
2023-01-26,2023,Charlotte Hornets,Chicago Bulls,111,96
2023-01-26,2023,Houston Rockets,Cleveland Cavaliers,95,113
2023-01-26,2023,Los Angeles Clippers,San Antonio Spurs,138,100
2023-01-26,2023,Phoenix Suns,Dallas Mavericks,95,99
2023-01-27,2023,Golden State Warriors,Toronto Raptors,129,117
2023-01-27,2023,Indiana Pacers,Milwaukee Bucks,131,141
2023-01-27,2023,Miami Heat,Orlando Magic,110,105
2023-01-27,2023,Minnesota Timberwolves,Memphis Grizzlies,111,100
2023-01-27,2023,Oklahoma City Thunder,Cleveland Cavaliers,112,100
2023-01-28,2023,Atlanta Hawks,Los Angeles Clippers,113,120
2023-01-28,2023,Boston Celtics,Los Angeles Lakers,125,121
2023-01-28,2023,Brooklyn Nets,New York Knicks,122,115
2023-01-28,2023,Detroit Pistons,Houston Rockets,114,117
2023-01-28,2023,Minnesota Timberwolves,Sacramento Kings,117,110
2023-01-28,2023,New Orleans Pelicans,Washington Wizards,103,113
2023-01-28,2023,Orlando Magic,Chicago Bulls,109,128
2023-01-28,2023,Philadelphia 76ers,Denver Nuggets,126,119
2023-01-28,2023,Portland Trail Blazers,Toronto Raptors,105,123
2023-01-28,2023,San Antonio Spurs,Phoenix Suns,118,128
2023-01-28,2023,Utah Jazz,Dallas Mavericks,108,100
2023-01-29,2023,Charlotte Hornets,Miami Heat,122,117
2023-01-29,2023,Cleveland Cavaliers,Los Angeles Clippers,122,99
2023-01-29,2023,Memphis Grizzlies,Indiana Pacers,112,100
2023-01-29,2023,Milwaukee Bucks,New Orleans Pelicans,135,110
2023-01-30,2023,Brooklyn Nets,Los Angeles Lakers,121,104
2023-01-30,2023,Dallas Mavericks,Detroit Pistons,111,105
2023-01-30,2023,Minnesota Timberwolves,Sacramento Kings,111,118
2023-01-30,2023,Oklahoma City Thunder,Golden State Warriors,120,128
2023-01-30,2023,Philadelphia 76ers,Orlando Magic,109,119
2023-01-30,2023,Phoenix Suns,Toronto Raptors,114,106
2023-01-30,2023,Portland Trail Blazers,Atlanta Hawks,129,125
2023-01-30,2023,San Antonio Spurs,Washington Wizards,106,127
2023-01-31,2023,Chicago Bulls,Los Angeles Clippers,103,108
2023-01-31,2023,Cleveland Cavaliers,Miami Heat,97,100
2023-01-31,2023,Denver Nuggets,New Orleans Pelicans,122,113
2023-01-31,2023,Milwaukee Bucks,Charlotte Hornets,124,115
2023-01-31,2023,New York Knicks,Los Angeles Lakers,123,129
2023-02-01,2023,Boston Celtics,Brooklyn Nets,139,96
2023-02-01,2023,Houston Rockets,Oklahoma City Thunder,112,106
2023-02-01,2023,Memphis Grizzlies,Portland Trail Blazers,112,122
2023-02-01,2023,Minnesota Timberwolves,Golden State Warriors,119,114
2023-02-01,2023,Philadelphia 76ers,Orlando Magic,105,94
2023-02-01,2023,Phoenix Suns,Atlanta Hawks,100,132
2023-02-01,2023,San Antonio Spurs,Sacramento Kings,109,119
2023-02-01,2023,Utah Jazz,Toronto Raptors,131,128
2023-02-02,2023,Chicago Bulls,Charlotte Hornets,114,98
2023-02-02,2023,Cleveland Cavaliers,Memphis Grizzlies,128,113
2023-02-02,2023,Dallas Mavericks,New Orleans Pelicans,111,106
2023-02-02,2023,Denver Nuggets,Golden State Warriors,134,117
2023-02-02,2023,Indiana Pacers,Los Angeles Lakers,111,112
2023-02-02,2023,Milwaukee Bucks,Los Angeles Clippers,106,105
2023-02-02,2023,New York Knicks,Miami Heat,106,104
2023-02-03,2023,Boston Celtics,Phoenix Suns,94,106
2023-02-03,2023,Detroit Pistons,Charlotte Hornets,118,112
2023-02-03,2023,Houston Rockets,Toronto Raptors,111,117
2023-02-03,2023,Indiana Pacers,Sacramento Kings,107,104
2023-02-03,2023,Minnesota Timberwolves,Orlando Magic,120,127
2023-02-03,2023,San Antonio Spurs,Philadelphia 76ers,125,137
2023-02-03,2023,Utah Jazz,Atlanta Hawks,108,115
2023-02-03,2023,Washington Wizards,Portland Trail Blazers,116,124
2023-02-04,2023,Brooklyn Nets,Washington Wizards,125,123
2023-02-04,2023,Chicago Bulls,Portland Trail Blazers,129,121
2023-02-04,2023,Denver Nuggets,Atlanta Hawks,128,108
2023-02-04,2023,Detroit Pistons,Phoenix Suns,100,116
2023-02-04,2023,Golden State Warriors,Dallas Mavericks,119,113
2023-02-04,2023,Milwaukee Bucks,Miami Heat,123,115
2023-02-04,2023,New Orleans Pelicans,Los Angeles Lakers,131,126
2023-02-04,2023,New York Knicks,Los Angeles Clippers,128,134
2023-02-04,2023,Oklahoma City Thunder,Houston Rockets,153,121
2023-02-05,2023,Charlotte Hornets,Orlando Magic,113,119
2023-02-05,2023,Indiana Pacers,Cleveland Cavaliers,103,122
2023-02-05,2023,Memphis Grizzlies,Toronto Raptors,103,106
2023-02-05,2023,Minnesota Timberwolves,Denver Nuggets,128,98
2023-02-05,2023,New Orleans Pelicans,Sacramento Kings,136,104
2023-02-05,2023,New York Knicks,Philadelphia 76ers,108,97
2023-02-06,2023,Brooklyn Nets,Los Angeles Clippers,116,124
2023-02-06,2023,Chicago Bulls,San Antonio Spurs,128,104
2023-02-06,2023,Detroit Pistons,Boston Celtics,99,111
2023-02-06,2023,Golden State Warriors,Oklahoma City Thunder,141,114
2023-02-06,2023,Houston Rockets,Sacramento Kings,120,140
2023-02-06,2023,Portland Trail Blazers,Milwaukee Bucks,108,127
2023-02-06,2023,Utah Jazz,Dallas Mavericks,111,124
2023-02-06,2023,Washington Wizards,Cleveland Cavaliers,91,114
2023-02-07,2023,Brooklyn Nets,Phoenix Suns,112,116
2023-02-07,2023,Denver Nuggets,Minnesota Timberwolves,146,112
2023-02-07,2023,Los Angeles Lakers,Oklahoma City Thunder,130,133
2023-02-07,2023,Memphis Grizzlies,Chicago Bulls,104,89
2023-02-07,2023,New Orleans Pelicans,Atlanta Hawks,116,107
2023-02-07,2023,Orlando Magic,New York Knicks,98,102
2023-02-08,2023,Boston Celtics,Philadelphia 76ers,106,99
2023-02-08,2023,Cleveland Cavaliers,Detroit Pistons,113,85
2023-02-08,2023,Houston Rockets,Sacramento Kings,128,130
2023-02-08,2023,Los Angeles Clippers,Dallas Mavericks,104,110
2023-02-08,2023,Miami Heat,Indiana Pacers,116,111
2023-02-08,2023,Portland Trail Blazers,Golden State Warriors,125,122
2023-02-08,2023,Toronto Raptors,San Antonio Spurs,112,98
2023-02-08,2023,Utah Jazz,Minnesota Timberwolves,118,143
2023-02-08,2023,Washington Wizards,Charlotte Hornets,118,104
2023-02-09,2023,Atlanta Hawks,Phoenix Suns,116,107
2023-02-09,2023,Brooklyn Nets,Chicago Bulls,116,105
2023-02-09,2023,Los Angeles Lakers,Milwaukee Bucks,106,115
2023-02-09,2023,Orlando Magic,Denver Nuggets,115,104
2023-02-10,2023,Boston Celtics,Charlotte Hornets,127,116
2023-02-10,2023,Detroit Pistons,San Antonio Spurs,138,131
2023-02-10,2023,Indiana Pacers,Phoenix Suns,104,117
2023-02-10,2023,Los Angeles Clippers,Milwaukee Bucks,106,119
2023-02-10,2023,Memphis Grizzlies,Minnesota Timberwolves,128,107
2023-02-10,2023,Miami Heat,Houston Rockets,97,95
2023-02-10,2023,New Orleans Pelicans,Cleveland Cavaliers,107,118
2023-02-10,2023,Philadelphia 76ers,New York Knicks,119,108
2023-02-10,2023,Portland Trail Blazers,Oklahoma City Thunder,129,138
2023-02-10,2023,Sacramento Kings,Dallas Mavericks,114,122
2023-02-10,2023,Toronto Raptors,Utah Jazz,116,122
2023-02-11,2023,Atlanta Hawks,San Antonio Spurs,125,106
2023-02-11,2023,Brooklyn Nets,Philadelphia 76ers,98,101
2023-02-11,2023,Charlotte Hornets,Denver Nuggets,105,119
2023-02-11,2023,Cleveland Cavaliers,Chicago Bulls,97,89
2023-02-11,2023,Golden State Warriors,Los Angeles Lakers,103,109
2023-02-11,2023,New York Knicks,Utah Jazz,126,120
2023-02-11,2023,Orlando Magic,Miami Heat,103,107
2023-02-11,2023,Sacramento Kings,Dallas Mavericks,133,128
2023-02-11,2023,Washington Wizards,Indiana Pacers,127,113
2023-02-12,2023,Boston Celtics,Memphis Grizzlies,119,109
2023-02-12,2023,Toronto Raptors,Detroit Pistons,119,118
2023-02-13,2023,Charlotte Hornets,Atlanta Hawks,144,138
2023-02-13,2023,Chicago Bulls,Orlando Magic,91,100
2023-02-13,2023,Cleveland Cavaliers,San Antonio Spurs,117,109
2023-02-13,2023,Dallas Mavericks,Minnesota Timberwolves,121,124
2023-02-13,2023,Golden State Warriors,Washington Wizards,135,126
2023-02-13,2023,Indiana Pacers,Utah Jazz,117,123
2023-02-13,2023,Miami Heat,Denver Nuggets,108,112
2023-02-13,2023,New York Knicks,Brooklyn Nets,124,106
2023-02-13,2023,Oklahoma City Thunder,New Orleans Pelicans,100,103
2023-02-13,2023,Philadelphia 76ers,Houston Rockets,123,104
2023-02-13,2023,Portland Trail Blazers,Los Angeles Lakers,127,115
2023-02-14,2023,Los Angeles Clippers,Golden State Warriors,134,124
2023-02-14,2023,Milwaukee Bucks,Boston Celtics,131,125
2023-02-14,2023,Phoenix Suns,Sacramento Kings,120,109
2023-02-14,2023,Portland Trail Blazers,Washington Wizards,101,126
2023-02-14,2023,Toronto Raptors,Orlando Magic,123,113
2023-02-15,2023,Atlanta Hawks,New York Knicks,101,122
2023-02-15,2023,Boston Celtics,Detroit Pistons,127,109
2023-02-15,2023,Brooklyn Nets,Miami Heat,116,105
2023-02-15,2023,Charlotte Hornets,San Antonio Spurs,120,110
2023-02-15,2023,Denver Nuggets,Dallas Mavericks,118,109
2023-02-15,2023,Indiana Pacers,Chicago Bulls,117,113
2023-02-15,2023,Los Angeles Lakers,New Orleans Pelicans,120,102
2023-02-15,2023,Memphis Grizzlies,Utah Jazz,117,111
2023-02-15,2023,Oklahoma City Thunder,Houston Rockets,133,96
2023-02-15,2023,Philadelphia 76ers,Cleveland Cavaliers,118,112
2023-02-16,2023,Chicago Bulls,Milwaukee Bucks,100,112
2023-02-16,2023,Minnesota Timberwolves,Washington Wizards,106,114
2023-02-16,2023,Phoenix Suns,Los Angeles Clippers,107,116
2023-02-23,2023,Cleveland Cavaliers,Denver Nuggets,109,115
2023-02-23,2023,Dallas Mavericks,San Antonio Spurs,142,116
2023-02-23,2023,Indiana Pacers,Boston Celtics,138,142
2023-02-23,2023,Los Angeles Lakers,Golden State Warriors,124,111
2023-02-23,2023,Orlando Magic,Detroit Pistons,108,106
2023-02-23,2023,Philadelphia 76ers,Memphis Grizzlies,110,105
2023-02-23,2023,Sacramento Kings,Portland Trail Blazers,133,116
2023-02-23,2023,Toronto Raptors,New Orleans Pelicans,115,110
2023-02-23,2023,Utah Jazz,Oklahoma City Thunder,120,119
2023-02-24,2023,Atlanta Hawks,Cleveland Cavaliers,136,119
2023-02-24,2023,Chicago Bulls,Brooklyn Nets,131,87
2023-02-24,2023,Golden State Warriors,Houston Rockets,116,101
2023-02-24,2023,Los Angeles Clippers,Sacramento Kings,175,176
2023-02-24,2023,Milwaukee Bucks,Miami Heat,128,99
2023-02-24,2023,Minnesota Timberwolves,Charlotte Hornets,113,121
2023-02-24,2023,Phoenix Suns,Oklahoma City Thunder,124,115
2023-02-24,2023,Washington Wizards,New York Knicks,109,115
2023-02-25,2023,Charlotte Hornets,Miami Heat,108,103
2023-02-25,2023,Detroit Pistons,Toronto Raptors,91,95
2023-02-25,2023,Memphis Grizzlies,Denver Nuggets,112,94
2023-02-25,2023,New York Knicks,New Orleans Pelicans,128,106
2023-02-25,2023,Orlando Magic,Indiana Pacers,108,121
2023-02-25,2023,Philadelphia 76ers,Boston Celtics,107,110
2023-02-25,2023,Utah Jazz,San Antonio Spurs,118,102
2023-02-26,2023,Atlanta Hawks,Brooklyn Nets,129,127
2023-02-26,2023,Chicago Bulls,Washington Wizards,102,82
2023-02-26,2023,Cleveland Cavaliers,Toronto Raptors,118,93
2023-02-26,2023,Dallas Mavericks,Los Angeles Lakers,108,111
2023-02-26,2023,Denver Nuggets,Los Angeles Clippers,134,124
2023-02-26,2023,Golden State Warriors,Minnesota Timberwolves,109,104
2023-02-26,2023,Milwaukee Bucks,Phoenix Suns,104,101
2023-02-26,2023,Oklahoma City Thunder,Sacramento Kings,115,124
2023-02-26,2023,Portland Trail Blazers,Houston Rockets,131,114
2023-02-27,2023,Charlotte Hornets,Detroit Pistons,117,106
2023-02-27,2023,New Orleans Pelicans,Orlando Magic,93,101
2023-02-27,2023,New York Knicks,Boston Celtics,109,94
2023-02-27,2023,Philadelphia 76ers,Miami Heat,99,101
2023-02-28,2023,Atlanta Hawks,Washington Wizards,116,119
2023-02-28,2023,Brooklyn Nets,Milwaukee Bucks,104,118
2023-02-28,2023,Dallas Mavericks,Indiana Pacers,122,124
2023-02-28,2023,Golden State Warriors,Portland Trail Blazers,123,105
2023-02-28,2023,Houston Rockets,Denver Nuggets,112,133
2023-02-28,2023,Los Angeles Clippers,Minnesota Timberwolves,101,108
2023-02-28,2023,Memphis Grizzlies,Los Angeles Lakers,121,109
2023-02-28,2023,Oklahoma City Thunder,Sacramento Kings,117,123
2023-02-28,2023,Toronto Raptors,Chicago Bulls,104,98
2023-02-28,2023,Utah Jazz,San Antonio Spurs,94,102
2023-03-01,2023,Boston Celtics,Cleveland Cavaliers,117,113
2023-03-01,2023,Charlotte Hornets,Phoenix Suns,91,105
2023-03-01,2023,Detroit Pistons,Chicago Bulls,115,117
2023-03-01,2023,Houston Rockets,Memphis Grizzlies,99,113
2023-03-01,2023,Miami Heat,Philadelphia 76ers,96,119
2023-03-01,2023,Milwaukee Bucks,Orlando Magic,139,117
2023-03-01,2023,New York Knicks,Brooklyn Nets,142,118
2023-03-01,2023,Oklahoma City Thunder,Los Angeles Lakers,117,123
2023-03-01,2023,Portland Trail Blazers,New Orleans Pelicans,110,121
2023-03-02,2023,Dallas Mavericks,Philadelphia 76ers,133,126
2023-03-02,2023,Golden State Warriors,Los Angeles Clippers,115,91
2023-03-02,2023,San Antonio Spurs,Indiana Pacers,110,99
2023-03-02,2023,Washington Wizards,Toronto Raptors,119,108
2023-03-03,2023,Atlanta Hawks,Portland Trail Blazers,129,111
2023-03-03,2023,Boston Celtics,Brooklyn Nets,105,115
2023-03-03,2023,Charlotte Hornets,Orlando Magic,106,117
2023-03-03,2023,Chicago Bulls,Phoenix Suns,104,125
2023-03-03,2023,Denver Nuggets,Memphis Grizzlies,113,97
2023-03-03,2023,Golden State Warriors,New Orleans Pelicans,108,99
2023-03-03,2023,Los Angeles Lakers,Minnesota Timberwolves,102,110
2023-03-03,2023,Miami Heat,New York Knicks,120,122
2023-03-03,2023,Oklahoma City Thunder,Utah Jazz,130,103
2023-03-03,2023,Sacramento Kings,Los Angeles Clippers,128,127
2023-03-04,2023,Cleveland Cavaliers,Detroit Pistons,114,90
2023-03-04,2023,Miami Heat,Atlanta Hawks,117,109
2023-03-04,2023,Milwaukee Bucks,Philadelphia 76ers,130,133
2023-03-04,2023,Sacramento Kings,Minnesota Timberwolves,134,138
2023-03-04,2023,San Antonio Spurs,Houston Rockets,110,122
2023-03-04,2023,Washington Wizards,Toronto Raptors,109,116
2023-03-05,2023,Boston Celtics,New York Knicks,129,131
2023-03-05,2023,Brooklyn Nets,Charlotte Hornets,102,86
2023-03-05,2023,Chicago Bulls,Indiana Pacers,122,125
2023-03-05,2023,Dallas Mavericks,Phoenix Suns,126,130
2023-03-05,2023,Houston Rockets,San Antonio Spurs,142,110
2023-03-05,2023,Los Angeles Clippers,Memphis Grizzlies,135,129
2023-03-05,2023,Los Angeles Lakers,Golden State Warriors,113,105
2023-03-05,2023,Oklahoma City Thunder,Utah Jazz,129,119
2023-03-05,2023,Orlando Magic,Portland Trail Blazers,119,122
2023-03-05,2023,Washington Wizards,Milwaukee Bucks,111,117
2023-03-06,2023,Cleveland Cavaliers,Boston Celtics,118,114
2023-03-06,2023,Denver Nuggets,Toronto Raptors,118,113
2023-03-06,2023,Detroit Pistons,Portland Trail Blazers,104,110
2023-03-06,2023,Indiana Pacers,Philadelphia 76ers,143,147
2023-03-06,2023,Miami Heat,Atlanta Hawks,130,128
2023-03-06,2023,Sacramento Kings,New Orleans Pelicans,123,108
2023-03-07,2023,Dallas Mavericks,Utah Jazz,120,116
2023-03-07,2023,Detroit Pistons,Washington Wizards,117,119
2023-03-07,2023,Houston Rockets,Brooklyn Nets,96,118
2023-03-07,2023,Los Angeles Lakers,Memphis Grizzlies,112,103
2023-03-07,2023,Minnesota Timberwolves,Philadelphia 76ers,94,117
2023-03-07,2023,New York Knicks,Charlotte Hornets,105,112
2023-03-07,2023,Oklahoma City Thunder,Golden State Warriors,137,128
2023-03-07,2023,Orlando Magic,Milwaukee Bucks,123,134
2023-03-08,2023,Boston Celtics,Portland Trail Blazers,115,93
2023-03-08,2023,Denver Nuggets,Chicago Bulls,96,117
2023-03-08,2023,Los Angeles Clippers,Toronto Raptors,108,100
2023-03-08,2023,Miami Heat,Cleveland Cavaliers,100,104
2023-03-08,2023,New Orleans Pelicans,Dallas Mavericks,113,106
2023-03-08,2023,Phoenix Suns,Oklahoma City Thunder,132,101
2023-03-08,2023,Washington Wizards,Atlanta Hawks,120,122
2023-03-09,2023,Detroit Pistons,Charlotte Hornets,103,113
2023-03-09,2023,Indiana Pacers,Houston Rockets,134,125
2023-03-09,2023,Memphis Grizzlies,Golden State Warriors,131,110
2023-03-09,2023,Milwaukee Bucks,Brooklyn Nets,118,113
2023-03-09,2023,Orlando Magic,Utah Jazz,124,131
2023-03-09,2023,Sacramento Kings,New York Knicks,122,117
2023-03-10,2023,Los Angeles Lakers,Toronto Raptors,122,112
2023-03-10,2023,Miami Heat,Cleveland Cavaliers,119,115
2023-03-10,2023,Minnesota Timberwolves,Brooklyn Nets,123,124
2023-03-10,2023,Philadelphia 76ers,Portland Trail Blazers,120,119
2023-03-10,2023,San Antonio Spurs,Denver Nuggets,128,120
2023-03-10,2023,Washington Wizards,Atlanta Hawks,107,114
2023-03-11,2023,Atlanta Hawks,Boston Celtics,125,134
2023-03-11,2023,Charlotte Hornets,Utah Jazz,111,119
2023-03-11,2023,Detroit Pistons,Indiana Pacers,115,121
2023-03-11,2023,Golden State Warriors,Milwaukee Bucks,125,116
2023-03-11,2023,Houston Rockets,Chicago Bulls,111,119
2023-03-11,2023,Los Angeles Clippers,New York Knicks,106,95
2023-03-11,2023,Memphis Grizzlies,Dallas Mavericks,112,108
2023-03-11,2023,New Orleans Pelicans,Oklahoma City Thunder,96,110
2023-03-11,2023,Orlando Magic,Miami Heat,126,114
2023-03-11,2023,Phoenix Suns,Sacramento Kings,119,128
2023-03-12,2023,Charlotte Hornets,Cleveland Cavaliers,108,114
2023-03-12,2023,Denver Nuggets,Brooklyn Nets,120,122
2023-03-12,2023,Los Angeles Lakers,New York Knicks,108,112
2023-03-12,2023,New Orleans Pelicans,Portland Trail Blazers,127,110
2023-03-12,2023,Philadelphia 76ers,Washington Wizards,112,93
2023-03-12,2023,San Antonio Spurs,Oklahoma City Thunder,90,102
2023-03-13,2023,Atlanta Hawks,Minnesota Timberwolves,115,136
2023-03-13,2023,Dallas Mavericks,Memphis Grizzlies,88,104
2023-03-13,2023,Detroit Pistons,Indiana Pacers,117,97
2023-03-13,2023,Golden State Warriors,Phoenix Suns,123,112
2023-03-13,2023,Houston Rockets,Boston Celtics,111,109
2023-03-13,2023,Miami Heat,Utah Jazz,119,115
2023-03-13,2023,Sacramento Kings,Milwaukee Bucks,124,133
2023-03-14,2023,Charlotte Hornets,Cleveland Cavaliers,104,120
2023-03-14,2023,New Orleans Pelicans,Los Angeles Lakers,108,123
2023-03-14,2023,Oklahoma City Thunder,Brooklyn Nets,121,107
2023-03-14,2023,Phoenix Suns,Milwaukee Bucks,104,116
2023-03-14,2023,Portland Trail Blazers,New York Knicks,107,123
2023-03-14,2023,San Antonio Spurs,Orlando Magic,132,114
2023-03-14,2023,Toronto Raptors,Denver Nuggets,125,110
2023-03-14,2023,Washington Wizards,Detroit Pistons,117,97
2023-03-15,2023,Chicago Bulls,Sacramento Kings,114,117
2023-03-15,2023,Cleveland Cavaliers,Philadelphia 76ers,109,118
2023-03-15,2023,Houston Rockets,Los Angeles Lakers,114,110
2023-03-15,2023,Los Angeles Clippers,Golden State Warriors,134,126
2023-03-15,2023,Miami Heat,Memphis Grizzlies,138,119
2023-03-15,2023,Minnesota Timberwolves,Boston Celtics,102,104
2023-03-15,2023,San Antonio Spurs,Dallas Mavericks,128,137
2023-03-16,2023,Brooklyn Nets,Sacramento Kings,96,101
2023-03-16,2023,Detroit Pistons,Denver Nuggets,100,119
2023-03-16,2023,Milwaukee Bucks,Indiana Pacers,123,139
2023-03-16,2023,Phoenix Suns,Orlando Magic,116,113
2023-03-16,2023,Toronto Raptors,Oklahoma City Thunder,128,111
2023-03-17,2023,Atlanta Hawks,Golden State Warriors,127,119
2023-03-17,2023,Charlotte Hornets,Philadelphia 76ers,82,121
2023-03-17,2023,Chicago Bulls,Minnesota Timberwolves,139,131
2023-03-17,2023,Cleveland Cavaliers,Washington Wizards,117,94
2023-03-17,2023,Houston Rockets,New Orleans Pelicans,114,112
2023-03-17,2023,Los Angeles Lakers,Dallas Mavericks,110,111
2023-03-17,2023,Portland Trail Blazers,Boston Celtics,112,126
2023-03-17,2023,San Antonio Spurs,Memphis Grizzlies,120,126
2023-03-18,2023,Chicago Bulls,Miami Heat,113,99
2023-03-18,2023,Indiana Pacers,Philadelphia 76ers,121,141
2023-03-18,2023,Los Angeles Clippers,Orlando Magic,108,113
2023-03-18,2023,Memphis Grizzlies,Golden State Warriors,133,119
2023-03-18,2023,New York Knicks,Denver Nuggets,116,110
2023-03-18,2023,Toronto Raptors,Minnesota Timberwolves,122,107
2023-03-18,2023,Utah Jazz,Boston Celtics,118,117
2023-03-18,2023,Washington Wizards,Sacramento Kings,118,132
2023-03-19,2023,Brooklyn Nets,Denver Nuggets,102,108
2023-03-19,2023,Detroit Pistons,Miami Heat,100,112
2023-03-19,2023,Houston Rockets,New Orleans Pelicans,107,117
2023-03-19,2023,Los Angeles Lakers,Orlando Magic,111,105
2023-03-19,2023,Milwaukee Bucks,Toronto Raptors,118,111
2023-03-19,2023,Oklahoma City Thunder,Phoenix Suns,124,120
2023-03-19,2023,Portland Trail Blazers,Los Angeles Clippers,102,117
2023-03-19,2023,San Antonio Spurs,Atlanta Hawks,126,118
2023-03-20,2023,Charlotte Hornets,Indiana Pacers,115,109
2023-03-20,2023,Houston Rockets,Golden State Warriors,108,121
2023-03-20,2023,Memphis Grizzlies,Dallas Mavericks,112,108
2023-03-20,2023,New York Knicks,Minnesota Timberwolves,134,140
2023-03-20,2023,Philadelphia 76ers,Chicago Bulls,105,109
2023-03-20,2023,Utah Jazz,Sacramento Kings,128,120
2023-03-21,2023,Atlanta Hawks,Detroit Pistons,129,107
2023-03-21,2023,Brooklyn Nets,Cleveland Cavaliers,109,115
2023-03-21,2023,Los Angeles Clippers,Oklahoma City Thunder,100,101
2023-03-21,2023,New Orleans Pelicans,San Antonio Spurs,119,84
2023-03-21,2023,Orlando Magic,Washington Wizards,122,112
2023-03-21,2023,Sacramento Kings,Boston Celtics,109,132
2023-03-22,2023,Chicago Bulls,Philadelphia 76ers,91,116
2023-03-22,2023,Dallas Mavericks,Golden State Warriors,125,127
2023-03-22,2023,Los Angeles Lakers,Phoenix Suns,122,111
2023-03-22,2023,Memphis Grizzlies,Houston Rockets,130,125
2023-03-22,2023,Miami Heat,New York Knicks,127,120
2023-03-22,2023,Milwaukee Bucks,San Antonio Spurs,130,94
2023-03-22,2023,Minnesota Timberwolves,Atlanta Hawks,125,124
2023-03-22,2023,Toronto Raptors,Indiana Pacers,114,118
2023-03-22,2023,Utah Jazz,Portland Trail Blazers,115,127
2023-03-22,2023,Washington Wizards,Denver Nuggets,104,118
2023-03-23,2023,Brooklyn Nets,Cleveland Cavaliers,114,116
2023-03-23,2023,Los Angeles Clippers,Oklahoma City Thunder,127,105
2023-03-23,2023,New Orleans Pelicans,Charlotte Hornets,115,96
2023-03-23,2023,Orlando Magic,New York Knicks,111,106
2023-03-24,2023,Boston Celtics,Indiana Pacers,120,95
2023-03-24,2023,Dallas Mavericks,Charlotte Hornets,109,117
2023-03-24,2023,Golden State Warriors,Philadelphia 76ers,120,112
2023-03-24,2023,Los Angeles Lakers,Oklahoma City Thunder,116,111
2023-03-24,2023,Memphis Grizzlies,Houston Rockets,151,114
2023-03-24,2023,Portland Trail Blazers,Chicago Bulls,96,124
2023-03-24,2023,Sacramento Kings,Phoenix Suns,135,127
2023-03-24,2023,Toronto Raptors,Detroit Pistons,118,97
2023-03-24,2023,Utah Jazz,Milwaukee Bucks,116,144
2023-03-24,2023,Washington Wizards,San Antonio Spurs,136,124
2023-03-25,2023,Atlanta Hawks,Indiana Pacers,143,130
2023-03-25,2023,Denver Nuggets,Milwaukee Bucks,129,106
2023-03-25,2023,Los Angeles Clippers,New Orleans Pelicans,110,131
2023-03-25,2023,Miami Heat,Brooklyn Nets,100,129
2023-03-25,2023,Phoenix Suns,Philadelphia 76ers,125,105
2023-03-25,2023,Sacramento Kings,Utah Jazz,121,113
2023-03-26,2023,Atlanta Hawks,Memphis Grizzlies,119,123
2023-03-26,2023,Boston Celtics,San Antonio Spurs,137,93
2023-03-26,2023,Charlotte Hornets,Dallas Mavericks,110,104
2023-03-26,2023,Cleveland Cavaliers,Houston Rockets,108,91
2023-03-26,2023,Golden State Warriors,Minnesota Timberwolves,96,99
2023-03-26,2023,Los Angeles Lakers,Chicago Bulls,108,118
2023-03-26,2023,Orlando Magic,Brooklyn Nets,119,106
2023-03-26,2023,Portland Trail Blazers,Oklahoma City Thunder,112,118
2023-03-26,2023,Toronto Raptors,Washington Wizards,114,104
2023-03-27,2023,Denver Nuggets,Philadelphia 76ers,116,111
2023-03-27,2023,Detroit Pistons,Milwaukee Bucks,117,126
2023-03-27,2023,Indiana Pacers,Dallas Mavericks,104,127
2023-03-27,2023,Los Angeles Clippers,Chicago Bulls,124,112
2023-03-27,2023,New York Knicks,Houston Rockets,137,115
2023-03-27,2023,Portland Trail Blazers,New Orleans Pelicans,90,124
2023-03-27,2023,Sacramento Kings,Minnesota Timberwolves,115,119
2023-03-27,2023,Utah Jazz,Phoenix Suns,103,117
2023-03-28,2023,Atlanta Hawks,Cleveland Cavaliers,120,118
2023-03-28,2023,Golden State Warriors,New Orleans Pelicans,120,109
2023-03-28,2023,Memphis Grizzlies,Orlando Magic,113,108
2023-03-28,2023,Oklahoma City Thunder,Charlotte Hornets,134,137
2023-03-28,2023,Toronto Raptors,Miami Heat,106,92
2023-03-28,2023,Washington Wizards,Boston Celtics,130,111
2023-03-29,2023,Brooklyn Nets,Houston Rockets,123,114
2023-03-29,2023,Chicago Bulls,Los Angeles Lakers,110,121
2023-03-29,2023,Indiana Pacers,Milwaukee Bucks,136,149
2023-03-29,2023,Memphis Grizzlies,Los Angeles Clippers,132,141
2023-03-29,2023,New York Knicks,Miami Heat,101,92
2023-03-29,2023,Oklahoma City Thunder,Detroit Pistons,107,106
2023-03-29,2023,Philadelphia 76ers,Dallas Mavericks,116,108
2023-03-29,2023,Phoenix Suns,Minnesota Timberwolves,107,100
2023-03-29,2023,Portland Trail Blazers,Sacramento Kings,80,120
2023-03-29,2023,San Antonio Spurs,Utah Jazz,117,128
2023-03-30,2023,Denver Nuggets,New Orleans Pelicans,88,107
2023-03-30,2023,Milwaukee Bucks,Boston Celtics,99,140
2023-03-31,2023,Boston Celtics,Utah Jazz,122,114
2023-03-31,2023,Brooklyn Nets,Atlanta Hawks,124,107
2023-03-31,2023,Charlotte Hornets,Chicago Bulls,91,121
2023-03-31,2023,Cleveland Cavaliers,New York Knicks,116,130
2023-03-31,2023,Golden State Warriors,San Antonio Spurs,130,115
2023-03-31,2023,Houston Rockets,Detroit Pistons,121,115
2023-03-31,2023,Indiana Pacers,Oklahoma City Thunder,121,117
2023-03-31,2023,Memphis Grizzlies,Los Angeles Clippers,108,94
2023-03-31,2023,Minnesota Timberwolves,Los Angeles Lakers,111,123
2023-03-31,2023,Philadelphia 76ers,Toronto Raptors,117,110
2023-03-31,2023,Phoenix Suns,Denver Nuggets,100,93
2023-03-31,2023,Portland Trail Blazers,Sacramento Kings,114,138
2023-03-31,2023,Washington Wizards,Orlando Magic,109,116
2023-04-01,2023,Miami Heat,Dallas Mavericks,129,122
2023-04-01,2023,New Orleans Pelicans,Los Angeles Clippers,122,114
2023-04-02,2023,Atlanta Hawks,Dallas Mavericks,132,130
2023-04-02,2023,Brooklyn Nets,Utah Jazz,111,110
2023-04-02,2023,Charlotte Hornets,Toronto Raptors,108,128
2023-04-02,2023,Chicago Bulls,Memphis Grizzlies,128,107
2023-04-02,2023,Cleveland Cavaliers,Indiana Pacers,115,105
2023-04-02,2023,Denver Nuggets,Golden State Warriors,112,110
2023-04-02,2023,Houston Rockets,Los Angeles Lakers,109,134
2023-04-02,2023,Milwaukee Bucks,Philadelphia 76ers,117,104
2023-04-02,2023,Minnesota Timberwolves,Portland Trail Blazers,105,107
2023-04-02,2023,New York Knicks,Washington Wizards,118,109
2023-04-02,2023,Oklahoma City Thunder,Phoenix Suns,118,128
2023-04-02,2023,Orlando Magic,Detroit Pistons,128,102
2023-04-02,2023,Sacramento Kings,San Antonio Spurs,134,142
2023-04-04,2023,Brooklyn Nets,Minnesota Timberwolves,102,107
2023-04-04,2023,Charlotte Hornets,Toronto Raptors,100,120
2023-04-04,2023,Chicago Bulls,Atlanta Hawks,105,123
2023-04-04,2023,Detroit Pistons,Miami Heat,105,118
2023-04-04,2023,Golden State Warriors,Oklahoma City Thunder,136,125
2023-04-04,2023,Houston Rockets,Denver Nuggets,124,103
2023-04-04,2023,Memphis Grizzlies,Portland Trail Blazers,119,109
2023-04-04,2023,New Orleans Pelicans,Sacramento Kings,103,121
2023-04-04,2023,Orlando Magic,Cleveland Cavaliers,113,117
2023-04-04,2023,Philadelphia 76ers,Boston Celtics,103,101
2023-04-04,2023,Phoenix Suns,San Antonio Spurs,115,94
2023-04-04,2023,Utah Jazz,Los Angeles Lakers,133,135
2023-04-04,2023,Washington Wizards,Milwaukee Bucks,128,140
2023-04-05,2023,Atlanta Hawks,Washington Wizards,134,116
2023-04-05,2023,Boston Celtics,Toronto Raptors,97,93
2023-04-05,2023,Dallas Mavericks,Sacramento Kings,123,119
2023-04-05,2023,Detroit Pistons,Brooklyn Nets,108,123
2023-04-05,2023,Indiana Pacers,New York Knicks,129,138
2023-04-05,2023,Los Angeles Clippers,Los Angeles Lakers,125,118
2023-04-05,2023,Milwaukee Bucks,Chicago Bulls,105,92
2023-04-05,2023,New Orleans Pelicans,Memphis Grizzlies,138,131
2023-04-06,2023,Orlando Magic,Cleveland Cavaliers,94,118
2023-04-06,2023,Philadelphia 76ers,Miami Heat,101,129
2023-04-06,2023,Phoenix Suns,Denver Nuggets,119,115
2023-04-06,2023,San Antonio Spurs,Portland Trail Blazers,129,127
2023-04-06,2023,Utah Jazz,Oklahoma City Thunder,98,114
2023-04-07,2023,Atlanta Hawks,Philadelphia 76ers,131,136
2023-04-07,2023,Boston Celtics,Toronto Raptors,121,102
2023-04-07,2023,Brooklyn Nets,Orlando Magic,101,84
2023-04-07,2023,Charlotte Hornets,Houston Rockets,109,112
2023-04-07,2023,Dallas Mavericks,Chicago Bulls,112,115
2023-04-07,2023,Indiana Pacers,Detroit Pistons,115,122
2023-04-07,2023,Los Angeles Lakers,Phoenix Suns,121,107
2023-04-07,2023,Milwaukee Bucks,Memphis Grizzlies,114,137
2023-04-07,2023,New Orleans Pelicans,New York Knicks,113,105
2023-04-07,2023,Sacramento Kings,Golden State Warriors,97,119
2023-04-07,2023,Washington Wizards,Miami Heat,114,108
2023-04-08,2023,Los Angeles Clippers,Portland Trail Blazers,136,125
2023-04-08,2023,San Antonio Spurs,Minnesota Timberwolves,131,151
2023-04-08,2023,Utah Jazz,Denver Nuggets,118,114
2023-04-09,2023,Boston Celtics,Atlanta Hawks,120,114
2023-04-09,2023,Brooklyn Nets,Philadelphia 76ers,105,134
2023-04-09,2023,Chicago Bulls,Detroit Pistons,103,81
2023-04-09,2023,Cleveland Cavaliers,Charlotte Hornets,95,106
2023-04-09,2023,Dallas Mavericks,San Antonio Spurs,117,138
2023-04-09,2023,Denver Nuggets,Sacramento Kings,109,95
2023-04-09,2023,Los Angeles Lakers,Utah Jazz,128,117
2023-04-09,2023,Miami Heat,Orlando Magic,123,110
2023-04-09,2023,Minnesota Timberwolves,New Orleans Pelicans,113,108
2023-04-09,2023,New York Knicks,Indiana Pacers,136,141
2023-04-09,2023,Oklahoma City Thunder,Memphis Grizzlies,115,100
2023-04-09,2023,Phoenix Suns,Los Angeles Clippers,114,119
2023-04-09,2023,Portland Trail Blazers,Golden State Warriors,101,157
2023-04-09,2023,Toronto Raptors,Milwaukee Bucks,121,105
2023-04-09,2023,Washington Wizards,Houston Rockets,109,114
2023-04-11,2023,Los Angeles Lakers,Minnesota Timberwolves,108,102
2023-04-11,2023,Miami Heat,Atlanta Hawks,105,116
2023-04-12,2023,New Orleans Pelicans,Oklahoma City Thunder,118,123
2023-04-12,2023,Toronto Raptors,Chicago Bulls,105,109
2023-04-14,2023,Miami Heat,Chicago Bulls,102,91
2023-04-14,2023,Minnesota Timberwolves,Oklahoma City Thunder,120,95
2023-04-15,2023,Boston Celtics,Atlanta Hawks,112,99
2023-04-15,2023,Cleveland Cavaliers,New York Knicks,97,101
2023-04-15,2023,Philadelphia 76ers,Brooklyn Nets,121,101
2023-04-15,2023,Sacramento Kings,Golden State Warriors,126,123
2023-04-16,2023,Denver Nuggets,Minnesota Timberwolves,109,80
2023-04-16,2023,Memphis Grizzlies,Los Angeles Lakers,112,128
2023-04-16,2023,Milwaukee Bucks,Miami Heat,117,130
2023-04-16,2023,Phoenix Suns,Los Angeles Clippers,110,115
2023-04-17,2023,Philadelphia 76ers,Brooklyn Nets,96,84
2023-04-17,2023,Sacramento Kings,Golden State Warriors,114,106
2023-04-18,2023,Boston Celtics,Atlanta Hawks,119,106
2023-04-18,2023,Cleveland Cavaliers,New York Knicks,107,90
2023-04-18,2023,Phoenix Suns,Los Angeles Clippers,123,109
2023-04-19,2023,Denver Nuggets,Minnesota Timberwolves,122,113
2023-04-19,2023,Memphis Grizzlies,Los Angeles Lakers,103,93
2023-04-19,2023,Milwaukee Bucks,Miami Heat,138,122
2023-04-20,2023,Brooklyn Nets,Philadelphia 76ers,97,102
2023-04-20,2023,Golden State Warriors,Sacramento Kings,114,97
2023-04-20,2023,Los Angeles Clippers,Phoenix Suns,124,129
2023-04-21,2023,Atlanta Hawks,Boston Celtics,130,122
2023-04-21,2023,Minnesota Timberwolves,Denver Nuggets,111,120
2023-04-21,2023,New York Knicks,Cleveland Cavaliers,99,79
2023-04-22,2023,Brooklyn Nets,Philadelphia 76ers,88,96
2023-04-22,2023,Los Angeles Clippers,Phoenix Suns,100,112
2023-04-22,2023,Los Angeles Lakers,Memphis Grizzlies,111,101
2023-04-22,2023,Miami Heat,Milwaukee Bucks,121,99
2023-04-23,2023,Atlanta Hawks,Boston Celtics,121,129
2023-04-23,2023,Golden State Warriors,Sacramento Kings,126,125
2023-04-23,2023,Minnesota Timberwolves,Denver Nuggets,114,108
2023-04-23,2023,New York Knicks,Cleveland Cavaliers,102,93
2023-04-24,2023,Los Angeles Lakers,Memphis Grizzlies,117,111
2023-04-24,2023,Miami Heat,Milwaukee Bucks,119,114
2023-04-25,2023,Boston Celtics,Atlanta Hawks,117,119
2023-04-25,2023,Denver Nuggets,Minnesota Timberwolves,112,109
2023-04-25,2023,Phoenix Suns,Los Angeles Clippers,136,130
2023-04-26,2023,Cleveland Cavaliers,New York Knicks,95,106
2023-04-26,2023,Memphis Grizzlies,Los Angeles Lakers,116,99
2023-04-26,2023,Milwaukee Bucks,Miami Heat,126,128
2023-04-26,2023,Sacramento Kings,Golden State Warriors,116,123
2023-04-27,2023,Atlanta Hawks,Boston Celtics,120,128
2023-04-28,2023,Golden State Warriors,Sacramento Kings,99,118
2023-04-28,2023,Los Angeles Lakers,Memphis Grizzlies,125,85
2023-04-29,2023,Denver Nuggets,Phoenix Suns,125,107
2023-04-30,2023,New York Knicks,Miami Heat,101,108
2023-04-30,2023,Sacramento Kings,Golden State Warriors,100,120
2023-05-01,2023,Boston Celtics,Philadelphia 76ers,115,119
2023-05-01,2023,Denver Nuggets,Phoenix Suns,97,87
2023-05-02,2023,Golden State Warriors,Los Angeles Lakers,112,117
2023-05-02,2023,New York Knicks,Miami Heat,111,105
2023-05-03,2023,Boston Celtics,Philadelphia 76ers,121,87
2023-05-04,2023,Golden State Warriors,Los Angeles Lakers,127,100
2023-05-05,2023,Philadelphia 76ers,Boston Celtics,102,114
2023-05-05,2023,Phoenix Suns,Denver Nuggets,121,114
2023-05-06,2023,Los Angeles Lakers,Golden State Warriors,127,97
2023-05-06,2023,Miami Heat,New York Knicks,105,86
2023-05-07,2023,Philadelphia 76ers,Boston Celtics,116,115
2023-05-07,2023,Phoenix Suns,Denver Nuggets,129,124
2023-05-08,2023,Los Angeles Lakers,Golden State Warriors,104,101
2023-05-08,2023,Miami Heat,New York Knicks,109,101
2023-05-09,2023,Boston Celtics,Philadelphia 76ers,103,115
2023-05-09,2023,Denver Nuggets,Phoenix Suns,118,102
2023-05-10,2023,Golden State Warriors,Los Angeles Lakers,121,106
2023-05-10,2023,New York Knicks,Miami Heat,112,103
2023-05-11,2023,Philadelphia 76ers,Boston Celtics,86,95
2023-05-11,2023,Phoenix Suns,Denver Nuggets,100,125
2023-05-12,2023,Los Angeles Lakers,Golden State Warriors,122,101
2023-05-12,2023,Miami Heat,New York Knicks,96,92
2023-05-14,2023,Boston Celtics,Philadelphia 76ers,112,88
2023-05-16,2023,Denver Nuggets,Los Angeles Lakers,132,126
2023-05-17,2023,Boston Celtics,Miami Heat,116,123
2023-05-18,2023,Denver Nuggets,Los Angeles Lakers,108,103
2023-05-19,2023,Boston Celtics,Miami Heat,105,111
2023-05-20,2023,Los Angeles Lakers,Denver Nuggets,108,119
2023-05-21,2023,Miami Heat,Boston Celtics,128,102
2023-05-22,2023,Los Angeles Lakers,Denver Nuggets,111,113
2023-05-23,2023,Miami Heat,Boston Celtics,99,116
2023-05-25,2023,Boston Celtics,Miami Heat,110,97
2023-05-27,2023,Miami Heat,Boston Celtics,103,104
2023-05-29,2023,Boston Celtics,Miami Heat,84,103
2023-06-01,2023,Denver Nuggets,Miami Heat,104,93
2023-06-04,2023,Denver Nuggets,Miami Heat,108,111
2023-06-07,2023,Miami Heat,Denver Nuggets,94,109
2023-06-09,2023,Miami Heat,Denver Nuggets,95,108
2023-06-12,2023,Denver Nuggets,Miami Heat,94,89
2023-10-24,2024,Denver Nuggets,Los Angeles Lakers,119,107
2023-10-24,2024,Golden State Warriors,Phoenix Suns,104,108
2023-10-25,2024,Brooklyn Nets,Cleveland Cavaliers,113,114
2023-10-25,2024,Charlotte Hornets,Atlanta Hawks,116,110
2023-10-25,2024,Chicago Bulls,Oklahoma City Thunder,104,124
2023-10-25,2024,Indiana Pacers,Washington Wizards,143,120
2023-10-25,2024,Los Angeles Clippers,Portland Trail Blazers,123,111
2023-10-25,2024,Memphis Grizzlies,New Orleans Pelicans,104,111
2023-10-25,2024,Miami Heat,Detroit Pistons,103,102
2023-10-25,2024,New York Knicks,Boston Celtics,104,108
2023-10-25,2024,Orlando Magic,Houston Rockets,116,86
2023-10-25,2024,San Antonio Spurs,Dallas Mavericks,119,126
2023-10-25,2024,Toronto Raptors,Minnesota Timberwolves,97,94
2023-10-25,2024,Utah Jazz,Sacramento Kings,114,130
2023-10-26,2024,Los Angeles Lakers,Phoenix Suns,100,95
2023-10-26,2024,Milwaukee Bucks,Philadelphia 76ers,118,117
2023-10-27,2024,Atlanta Hawks,New York Knicks,120,126
2023-10-27,2024,Boston Celtics,Miami Heat,119,111
2023-10-27,2024,Charlotte Hornets,Detroit Pistons,99,111
2023-10-27,2024,Chicago Bulls,Toronto Raptors,104,103
2023-10-27,2024,Cleveland Cavaliers,Oklahoma City Thunder,105,108
2023-10-27,2024,Dallas Mavericks,Brooklyn Nets,125,120
2023-10-27,2024,Memphis Grizzlies,Denver Nuggets,104,108
2023-10-27,2024,Portland Trail Blazers,Orlando Magic,97,102
2023-10-27,2024,Sacramento Kings,Golden State Warriors,114,122
2023-10-27,2024,San Antonio Spurs,Houston Rockets,126,122
2023-10-27,2024,Utah Jazz,Los Angeles Clippers,120,118
2023-10-28,2024,Cleveland Cavaliers,Indiana Pacers,113,125
2023-10-28,2024,Detroit Pistons,Chicago Bulls,118,102
2023-10-28,2024,Minnesota Timberwolves,Miami Heat,106,90
2023-10-28,2024,New Orleans Pelicans,New York Knicks,96,87
2023-10-28,2024,Phoenix Suns,Utah Jazz,126,104
2023-10-28,2024,Toronto Raptors,Philadelphia 76ers,107,114
2023-10-28,2024,Washington Wizards,Memphis Grizzlies,113,106
2023-10-29,2024,Houston Rockets,Golden State Warriors,95,106
2023-10-29,2024,Los Angeles Clippers,San Antonio Spurs,123,83
2023-10-29,2024,Milwaukee Bucks,Atlanta Hawks,110,127
2023-10-29,2024,Oklahoma City Thunder,Denver Nuggets,95,128
2023-10-29,2024,Philadelphia 76ers,Portland Trail Blazers,126,98
2023-10-29,2024,Sacramento Kings,Los Angeles Lakers,132,127
2023-10-30,2024,Atlanta Hawks,Minnesota Timberwolves,127,113
2023-10-30,2024,Charlotte Hornets,Brooklyn Nets,121,133
2023-10-30,2024,Denver Nuggets,Utah Jazz,110,102
2023-10-30,2024,Indiana Pacers,Chicago Bulls,105,112
2023-10-30,2024,Los Angeles Lakers,Orlando Magic,106,103
2023-10-30,2024,Memphis Grizzlies,Dallas Mavericks,110,125
2023-10-30,2024,Milwaukee Bucks,Miami Heat,122,114
2023-10-30,2024,New Orleans Pelicans,Golden State Warriors,102,130
2023-10-30,2024,Oklahoma City Thunder,Detroit Pistons,124,112
2023-10-30,2024,Toronto Raptors,Portland Trail Blazers,91,99
2023-10-30,2024,Washington Wizards,Boston Celtics,107,126
2023-10-31,2024,Cleveland Cavaliers,New York Knicks,91,109
2023-10-31,2024,Los Angeles Clippers,Orlando Magic,118,102
2023-10-31,2024,Phoenix Suns,San Antonio Spurs,114,115
2023-11-01,2024,Atlanta Hawks,Washington Wizards,130,121
2023-11-01,2024,Boston Celtics,Indiana Pacers,155,104
2023-11-01,2024,Dallas Mavericks,Chicago Bulls,114,105
2023-11-01,2024,Detroit Pistons,Portland Trail Blazers,101,110
2023-11-01,2024,Golden State Warriors,Sacramento Kings,102,101
2023-11-01,2024,Houston Rockets,Charlotte Hornets,128,119
2023-11-01,2024,Los Angeles Lakers,Los Angeles Clippers,130,125
2023-11-01,2024,Miami Heat,Brooklyn Nets,105,109
2023-11-01,2024,Minnesota Timberwolves,Denver Nuggets,110,89
2023-11-01,2024,New York Knicks,Cleveland Cavaliers,89,95
2023-11-01,2024,Oklahoma City Thunder,New Orleans Pelicans,106,110
2023-11-01,2024,Toronto Raptors,Milwaukee Bucks,130,111
2023-11-01,2024,Utah Jazz,Memphis Grizzlies,133,109
2023-11-02,2024,New Orleans Pelicans,Detroit Pistons,125,116
2023-11-02,2024,Philadelphia 76ers,Toronto Raptors,114,99
2023-11-02,2024,Phoenix Suns,San Antonio Spurs,121,132
2023-11-02,2024,Utah Jazz,Orlando Magic,113,115
2023-11-03,2024,Chicago Bulls,Brooklyn Nets,107,109
2023-11-03,2024,Denver Nuggets,Dallas Mavericks,125,114
2023-11-03,2024,Indiana Pacers,Cleveland Cavaliers,121,116
2023-11-03,2024,Miami Heat,Washington Wizards,121,114
2023-11-03,2024,Milwaukee Bucks,New York Knicks,110,105
2023-11-03,2024,Oklahoma City Thunder,Golden State Warriors,139,141
2023-11-03,2024,Portland Trail Blazers,Memphis Grizzlies,115,113
2023-11-04,2024,Brooklyn Nets,Boston Celtics,114,124
2023-11-04,2024,Denver Nuggets,Chicago Bulls,123,101
2023-11-04,2024,Houston Rockets,Sacramento Kings,107,89
2023-11-04,2024,Indiana Pacers,Charlotte Hornets,124,125
2023-11-04,2024,Minnesota Timberwolves,Utah Jazz,123,95
2023-11-04,2024,New Orleans Pelicans,Atlanta Hawks,105,123
2023-11-04,2024,Orlando Magic,Los Angeles Lakers,120,101
2023-11-04,2024,Philadelphia 76ers,Phoenix Suns,112,100
2023-11-05,2024,Cleveland Cavaliers,Golden State Warriors,115,104
2023-11-05,2024,Dallas Mavericks,Charlotte Hornets,124,118
2023-11-05,2024,Detroit Pistons,Phoenix Suns,106,120
2023-11-05,2024,Portland Trail Blazers,Memphis Grizzlies,100,112
2023-11-05,2024,San Antonio Spurs,Toronto Raptors,116,123
2023-11-06,2024,Brooklyn Nets,Milwaukee Bucks,125,129
2023-11-06,2024,Chicago Bulls,Utah Jazz,130,113
2023-11-06,2024,Denver Nuggets,New Orleans Pelicans,134,116
2023-11-06,2024,Detroit Pistons,Golden State Warriors,109,120
2023-11-06,2024,Houston Rockets,Sacramento Kings,122,97
2023-11-06,2024,Indiana Pacers,San Antonio Spurs,152,111
2023-11-06,2024,Miami Heat,Los Angeles Lakers,108,107
2023-11-06,2024,Minnesota Timberwolves,Boston Celtics,114,109
2023-11-06,2024,New York Knicks,Los Angeles Clippers,111,97
2023-11-06,2024,Oklahoma City Thunder,Atlanta Hawks,126,117
2023-11-06,2024,Orlando Magic,Dallas Mavericks,102,117
2023-11-06,2024,Philadelphia 76ers,Washington Wizards,146,128
2023-11-08,2024,Brooklyn Nets,Los Angeles Clippers,100,93
2023-11-08,2024,Charlotte Hornets,Washington Wizards,116,132
2023-11-08,2024,Chicago Bulls,Phoenix Suns,115,116
2023-11-08,2024,Dallas Mavericks,Toronto Raptors,116,127
2023-11-08,2024,Denver Nuggets,Golden State Warriors,108,105
2023-11-08,2024,Houston Rockets,Los Angeles Lakers,128,94
2023-11-08,2024,Indiana Pacers,Utah Jazz,134,118
2023-11-08,2024,Memphis Grizzlies,Miami Heat,102,108
2023-11-08,2024,Milwaukee Bucks,Detroit Pistons,120,118
2023-11-08,2024,Minnesota Timberwolves,New Orleans Pelicans,122,101
2023-11-08,2024,New York Knicks,San Antonio Spurs,126,105
2023-11-08,2024,Oklahoma City Thunder,Cleveland Cavaliers,128,120
2023-11-08,2024,Philadelphia 76ers,Boston Celtics,106,103
2023-11-08,2024,Sacramento Kings,Portland Trail Blazers,121,118
2023-11-09,2024,Indiana Pacers,Milwaukee Bucks,126,124
2023-11-09,2024,Orlando Magic,Atlanta Hawks,119,120
2023-11-10,2024,Boston Celtics,Brooklyn Nets,121,107
2023-11-10,2024,Dallas Mavericks,Los Angeles Clippers,144,126
2023-11-10,2024,Detroit Pistons,Philadelphia 76ers,106,114
2023-11-10,2024,Houston Rockets,New Orleans Pelicans,104,101
2023-11-10,2024,Memphis Grizzlies,Utah Jazz,121,127
2023-11-10,2024,Phoenix Suns,Los Angeles Lakers,119,122
2023-11-10,2024,Sacramento Kings,Oklahoma City Thunder,105,98
2023-11-10,2024,San Antonio Spurs,Minnesota Timberwolves,110,117
2023-11-10,2024,Washington Wizards,Charlotte Hornets,117,124
2023-11-11,2024,Atlanta Hawks,Miami Heat,109,117
2023-11-11,2024,Boston Celtics,Toronto Raptors,117,94
2023-11-11,2024,Golden State Warriors,Cleveland Cavaliers,110,118
2023-11-11,2024,Orlando Magic,Milwaukee Bucks,112,97
2023-11-12,2024,Brooklyn Nets,Washington Wizards,102,94
2023-11-12,2024,Chicago Bulls,Detroit Pistons,119,108
2023-11-12,2024,Golden State Warriors,Minnesota Timberwolves,110,116
2023-11-12,2024,Houston Rockets,Denver Nuggets,107,104
2023-11-12,2024,Los Angeles Clippers,Memphis Grizzlies,101,105
2023-11-12,2024,Los Angeles Lakers,Portland Trail Blazers,116,110
2023-11-12,2024,New Orleans Pelicans,Dallas Mavericks,124,136
2023-11-12,2024,New York Knicks,Charlotte Hornets,129,107
2023-11-12,2024,Philadelphia 76ers,Indiana Pacers,137,126
2023-11-12,2024,Phoenix Suns,Oklahoma City Thunder,99,111
2023-11-12,2024,San Antonio Spurs,Miami Heat,113,118
2023-11-13,2024,Boston Celtics,New York Knicks,114,98
2023-11-13,2024,Milwaukee Bucks,Chicago Bulls,118,109
2023-11-13,2024,Sacramento Kings,Cleveland Cavaliers,132,120
2023-11-13,2024,Toronto Raptors,Washington Wizards,111,107
2023-11-14,2024,Brooklyn Nets,Orlando Magic,124,104
2023-11-14,2024,Charlotte Hornets,Miami Heat,105,111
2023-11-14,2024,Denver Nuggets,Los Angeles Clippers,111,108
2023-11-14,2024,Detroit Pistons,Atlanta Hawks,120,126
2023-11-14,2024,Golden State Warriors,Minnesota Timberwolves,101,104
2023-11-14,2024,Los Angeles Lakers,Memphis Grizzlies,134,107
2023-11-14,2024,New Orleans Pelicans,Dallas Mavericks,131,110
2023-11-14,2024,Oklahoma City Thunder,San Antonio Spurs,123,87
2023-11-14,2024,Philadelphia 76ers,Indiana Pacers,126,132
2023-11-14,2024,Utah Jazz,Portland Trail Blazers,115,99
2023-11-15,2024,Atlanta Hawks,New York Knicks,114,116
2023-11-15,2024,Chicago Bulls,Orlando Magic,94,96
2023-11-15,2024,Los Angeles Lakers,Sacramento Kings,110,125
2023-11-15,2024,Philadelphia 76ers,Boston Celtics,107,117
2023-11-15,2024,Phoenix Suns,Minnesota Timberwolves,133,115
2023-11-15,2024,Portland Trail Blazers,Cleveland Cavaliers,95,109
2023-11-15,2024,Toronto Raptors,Milwaukee Bucks,112,128
2023-11-15,2024,Washington Wizards,Dallas Mavericks,117,130
2023-11-16,2024,Golden State Warriors,Oklahoma City Thunder,109,128
2023-11-16,2024,Miami Heat,Brooklyn Nets,122,115
2023-11-17,2024,Atlanta Hawks,Philadelphia 76ers,116,126
2023-11-17,2024,Charlotte Hornets,Milwaukee Bucks,99,130
2023-11-17,2024,Chicago Bulls,Orlando Magic,97,103
2023-11-17,2024,Cleveland Cavaliers,Detroit Pistons,108,100
2023-11-17,2024,Los Angeles Clippers,Houston Rockets,106,100
2023-11-17,2024,New Orleans Pelicans,Denver Nuggets,115,110
2023-11-17,2024,Portland Trail Blazers,Los Angeles Lakers,95,107
2023-11-17,2024,San Antonio Spurs,Sacramento Kings,120,129
2023-11-17,2024,Toronto Raptors,Boston Celtics,105,108
2023-11-17,2024,Utah Jazz,Phoenix Suns,128,131
2023-11-17,2024,Washington Wizards,New York Knicks,99,120
2023-11-18,2024,Charlotte Hornets,New York Knicks,108,122
2023-11-18,2024,Chicago Bulls,Miami Heat,102,97
2023-11-18,2024,Golden State Warriors,Oklahoma City Thunder,123,130
2023-11-18,2024,Milwaukee Bucks,Dallas Mavericks,132,125
2023-11-18,2024,New Orleans Pelicans,Minnesota Timberwolves,120,121
2023-11-18,2024,San Antonio Spurs,Memphis Grizzlies,108,120
2023-11-19,2024,Brooklyn Nets,Philadelphia 76ers,99,121
2023-11-19,2024,Cleveland Cavaliers,Denver Nuggets,121,109
2023-11-19,2024,Dallas Mavericks,Sacramento Kings,113,129
2023-11-19,2024,Indiana Pacers,Orlando Magic,116,128
2023-11-19,2024,Los Angeles Lakers,Houston Rockets,105,104
2023-11-19,2024,Memphis Grizzlies,Boston Celtics,100,102
2023-11-19,2024,Portland Trail Blazers,Oklahoma City Thunder,91,134
2023-11-19,2024,Toronto Raptors,Detroit Pistons,142,113
2023-11-19,2024,Utah Jazz,Phoenix Suns,137,140
2023-11-20,2024,Charlotte Hornets,Boston Celtics,121,118
2023-11-20,2024,Chicago Bulls,Miami Heat,100,118
2023-11-20,2024,Detroit Pistons,Denver Nuggets,103,107
2023-11-20,2024,Golden State Warriors,Houston Rockets,121,116
2023-11-20,2024,Minnesota Timberwolves,New York Knicks,117,100
2023-11-20,2024,New Orleans Pelicans,Sacramento Kings,129,93
2023-11-20,2024,San Antonio Spurs,Los Angeles Clippers,99,124
2023-11-20,2024,Washington Wizards,Milwaukee Bucks,129,142
2023-11-21,2024,Atlanta Hawks,Indiana Pacers,152,157
2023-11-21,2024,Los Angeles Lakers,Utah Jazz,131,99
2023-11-21,2024,Orlando Magic,Toronto Raptors,126,107
2023-11-21,2024,Philadelphia 76ers,Cleveland Cavaliers,119,122
2023-11-21,2024,Phoenix Suns,Portland Trail Blazers,120,107
2023-11-22,2024,Atlanta Hawks,Brooklyn Nets,147,145
2023-11-22,2024,Boston Celtics,Milwaukee Bucks,119,116
2023-11-22,2024,Charlotte Hornets,Washington Wizards,117,114
2023-11-22,2024,Cleveland Cavaliers,Miami Heat,96,129
2023-11-22,2024,Houston Rockets,Memphis Grizzlies,111,91
2023-11-22,2024,Indiana Pacers,Toronto Raptors,131,132
2023-11-22,2024,Los Angeles Lakers,Dallas Mavericks,101,104
2023-11-22,2024,Minnesota Timberwolves,Philadelphia 76ers,112,99
2023-11-22,2024,New Orleans Pelicans,Sacramento Kings,117,112
2023-11-22,2024,Oklahoma City Thunder,Chicago Bulls,116,102
2023-11-22,2024,Orlando Magic,Denver Nuggets,124,119
2023-11-22,2024,Phoenix Suns,Golden State Warriors,123,115
2023-11-22,2024,Portland Trail Blazers,Utah Jazz,121,105
2023-11-22,2024,San Antonio Spurs,Los Angeles Clippers,102,109
2023-11-24,2024,Golden State Warriors,San Antonio Spurs,118,112
2023-11-24,2024,Houston Rockets,Denver Nuggets,105,86
2023-11-24,2024,Indiana Pacers,Detroit Pistons,136,113
2023-11-24,2024,Los Angeles Clippers,New Orleans Pelicans,106,116
2023-11-24,2024,Memphis Grizzlies,Phoenix Suns,89,110
2023-11-24,2024,Milwaukee Bucks,Washington Wizards,131,128
2023-11-24,2024,Minnesota Timberwolves,Sacramento Kings,111,124
2023-11-24,2024,New York Knicks,Miami Heat,100,98
2023-11-24,2024,Orlando Magic,Boston Celtics,113,96
2023-11-24,2024,Toronto Raptors,Chicago Bulls,121,108
2023-11-25,2024,Brooklyn Nets,Miami Heat,112,97
2023-11-25,2024,Cleveland Cavaliers,Los Angeles Lakers,115,121
2023-11-25,2024,Los Angeles Clippers,Dallas Mavericks,107,88
2023-11-25,2024,Oklahoma City Thunder,Philadelphia 76ers,123,127
2023-11-25,2024,Utah Jazz,New Orleans Pelicans,105,100
2023-11-25,2024,Washington Wizards,Atlanta Hawks,108,136
2023-11-26,2024,Boston Celtics,Atlanta Hawks,113,103
2023-11-26,2024,Brooklyn Nets,Chicago Bulls,118,109
2023-11-26,2024,Cleveland Cavaliers,Toronto Raptors,105,102
2023-11-26,2024,Denver Nuggets,San Antonio Spurs,132,120
2023-11-26,2024,Memphis Grizzlies,Minnesota Timberwolves,97,119
2023-11-26,2024,Milwaukee Bucks,Portland Trail Blazers,108,102
2023-11-26,2024,New York Knicks,Phoenix Suns,113,116
2023-11-26,2024,Orlando Magic,Charlotte Hornets,130,117
2023-11-27,2024,Detroit Pistons,Washington Wizards,107,126
2023-11-27,2024,Indiana Pacers,Portland Trail Blazers,110,114
2023-11-27,2024,Los Angeles Clippers,Denver Nuggets,104,113
2023-11-27,2024,Philadelphia 76ers,Los Angeles Lakers,138,94
2023-11-27,2024,Utah Jazz,New Orleans Pelicans,114,112
2023-11-28,2024,Boston Celtics,Chicago Bulls,124,97
2023-11-28,2024,Brooklyn Nets,Toronto Raptors,115,103
2023-11-28,2024,Cleveland Cavaliers,Atlanta Hawks,128,105
2023-11-28,2024,Dallas Mavericks,Houston Rockets,121,115
2023-11-28,2024,Miami Heat,Milwaukee Bucks,124,131
2023-11-28,2024,Minnesota Timberwolves,Oklahoma City Thunder,106,103
2023-11-28,2024,New York Knicks,Charlotte Hornets,115,91
2023-11-28,2024,Sacramento Kings,Golden State Warriors,124,123
2023-11-29,2024,Denver Nuggets,Houston Rockets,134,124
2023-11-29,2024,Detroit Pistons,Los Angeles Lakers,107,133
2023-11-29,2024,Memphis Grizzlies,Utah Jazz,105,91
2023-11-29,2024,New Orleans Pelicans,Philadelphia 76ers,124,114
2023-11-29,2024,Orlando Magic,Washington Wizards,139,120
2023-11-29,2024,Sacramento Kings,Los Angeles Clippers,117,131
2023-11-29,2024,Toronto Raptors,Phoenix Suns,112,105
2023-11-30,2024,Brooklyn Nets,Charlotte Hornets,128,129
2023-11-30,2024,Chicago Bulls,Milwaukee Bucks,120,113
2023-11-30,2024,Cleveland Cavaliers,Portland Trail Blazers,95,103
2023-11-30,2024,Golden State Warriors,Los Angeles Clippers,120,114
2023-11-30,2024,Miami Heat,Indiana Pacers,142,132
2023-11-30,2024,Minnesota Timberwolves,Utah Jazz,101,90
2023-11-30,2024,New York Knicks,Detroit Pistons,118,112
2023-11-30,2024,Oklahoma City Thunder,Los Angeles Lakers,133,110
2023-11-30,2024,San Antonio Spurs,Atlanta Hawks,135,137
2023-12-01,2024,Boston Celtics,Philadelphia 76ers,125,119
2023-12-01,2024,Dallas Mavericks,Memphis Grizzlies,94,108
2023-12-01,2024,New Orleans Pelicans,San Antonio Spurs,121,106
2023-12-01,2024,Orlando Magic,Washington Wizards,130,125
2023-12-01,2024,Phoenix Suns,Denver Nuggets,111,119
2023-12-01,2024,Toronto Raptors,New York Knicks,106,119
2023-12-02,2024,Brooklyn Nets,Orlando Magic,129,101
2023-12-02,2024,Charlotte Hornets,Minnesota Timberwolves,117,123
2023-12-02,2024,Chicago Bulls,New Orleans Pelicans,124,118
2023-12-02,2024,Dallas Mavericks,Oklahoma City Thunder,120,126
2023-12-02,2024,Detroit Pistons,Cleveland Cavaliers,101,110
2023-12-02,2024,Los Angeles Clippers,Golden State Warriors,113,112
2023-12-02,2024,Los Angeles Lakers,Houston Rockets,107,97
2023-12-02,2024,Miami Heat,Indiana Pacers,129,144
2023-12-02,2024,Milwaukee Bucks,Atlanta Hawks,132,121
2023-12-02,2024,Phoenix Suns,Memphis Grizzlies,116,109
2023-12-02,2024,Sacramento Kings,Denver Nuggets,123,117
2023-12-02,2024,Utah Jazz,Portland Trail Blazers,118,113
2023-12-04,2024,Indiana Pacers,Boston Celtics,122,112
2023-12-04,2024,Sacramento Kings,New Orleans Pelicans,117,127
2023-12-05,2024,Los Angeles Lakers,Phoenix Suns,106,103
2023-12-05,2024,Milwaukee Bucks,New York Knicks,146,122
2023-12-06,2024,Atlanta Hawks,Brooklyn Nets,113,114
2023-12-06,2024,Chicago Bulls,Charlotte Hornets,111,100
2023-12-06,2024,Cleveland Cavaliers,Orlando Magic,121,111
2023-12-06,2024,Dallas Mavericks,Utah Jazz,147,97
2023-12-06,2024,Detroit Pistons,Memphis Grizzlies,102,116
2023-12-06,2024,Golden State Warriors,Portland Trail Blazers,110,106
2023-12-06,2024,Houston Rockets,Oklahoma City Thunder,110,101
2023-12-06,2024,Los Angeles Clippers,Denver Nuggets,111,102
2023-12-06,2024,Minnesota Timberwolves,San Antonio Spurs,102,94
2023-12-06,2024,Toronto Raptors,Miami Heat,103,112
2023-12-06,2024,Washington Wizards,Philadelphia 76ers,126,131
2023-12-07,2024,Los Angeles Lakers,New Orleans Pelicans,133,89
2023-12-07,2024,Milwaukee Bucks,Indiana Pacers,119,128
2023-12-08,2024,Boston Celtics,New York Knicks,133,123
2023-12-08,2024,Brooklyn Nets,Washington Wizards,124,97
2023-12-08,2024,Charlotte Hornets,Toronto Raptors,119,116
2023-12-08,2024,Denver Nuggets,Houston Rockets,106,114
2023-12-08,2024,Memphis Grizzlies,Minnesota Timberwolves,103,127
2023-12-08,2024,Miami Heat,Cleveland Cavaliers,99,111
2023-12-08,2024,Oklahoma City Thunder,Golden State Warriors,138,136
2023-12-08,2024,Orlando Magic,Detroit Pistons,123,91
2023-12-08,2024,Philadelphia 76ers,Atlanta Hawks,125,114
2023-12-08,2024,Phoenix Suns,Sacramento Kings,106,114
2023-12-08,2024,Portland Trail Blazers,Dallas Mavericks,112,125
2023-12-08,2024,San Antonio Spurs,Chicago Bulls,112,121
2023-12-08,2024,Utah Jazz,Los Angeles Clippers,103,117
2023-12-09,2024,Los Angeles Lakers,Indiana Pacers,123,109
2023-12-11,2024,Atlanta Hawks,Denver Nuggets,122,129
2023-12-11,2024,Charlotte Hornets,Miami Heat,114,116
2023-12-11,2024,Detroit Pistons,Indiana Pacers,123,131
2023-12-11,2024,Houston Rockets,San Antonio Spurs,93,82
2023-12-11,2024,Los Angeles Clippers,Portland Trail Blazers,132,127
2023-12-11,2024,Memphis Grizzlies,Dallas Mavericks,113,120
2023-12-11,2024,Milwaukee Bucks,Chicago Bulls,133,129
2023-12-11,2024,New Orleans Pelicans,Minnesota Timberwolves,121,107
2023-12-11,2024,New York Knicks,Toronto Raptors,136,130
2023-12-11,2024,Oklahoma City Thunder,Utah Jazz,134,120
2023-12-11,2024,Orlando Magic,Cleveland Cavaliers,104,94
2023-12-11,2024,Philadelphia 76ers,Washington Wizards,146,101
2023-12-11,2024,Sacramento Kings,Brooklyn Nets,131,118
2023-12-12,2024,Boston Celtics,Cleveland Cavaliers,120,113
2023-12-12,2024,Chicago Bulls,Denver Nuggets,106,114
2023-12-12,2024,Dallas Mavericks,Los Angeles Lakers,127,125
2023-12-12,2024,Los Angeles Clippers,Sacramento Kings,119,99
2023-12-12,2024,Phoenix Suns,Golden State Warriors,119,116
2023-12-13,2024,Detroit Pistons,Philadelphia 76ers,111,129
2023-12-13,2024,Houston Rockets,Memphis Grizzlies,117,104
2023-12-13,2024,Miami Heat,Charlotte Hornets,115,104
2023-12-13,2024,Milwaukee Bucks,Indiana Pacers,140,126
2023-12-13,2024,Phoenix Suns,Brooklyn Nets,112,116
2023-12-13,2024,San Antonio Spurs,Los Angeles Lakers,119,122
2023-12-13,2024,Toronto Raptors,Atlanta Hawks,135,128
2023-12-13,2024,Utah Jazz,New York Knicks,117,113
2023-12-13,2024,Washington Wizards,New Orleans Pelicans,122,142
2023-12-14,2024,Boston Celtics,Cleveland Cavaliers,116,107
2023-12-14,2024,Dallas Mavericks,Minnesota Timberwolves,101,119
2023-12-14,2024,Denver Nuggets,Brooklyn Nets,124,101
2023-12-14,2024,Los Angeles Clippers,Golden State Warriors,121,113
2023-12-14,2024,Miami Heat,Chicago Bulls,116,124
2023-12-14,2024,Portland Trail Blazers,Utah Jazz,114,122
2023-12-14,2024,Sacramento Kings,Oklahoma City Thunder,128,123
2023-12-15,2024,Boston Celtics,Orlando Magic,128,111
2023-12-15,2024,Charlotte Hornets,New Orleans Pelicans,107,112
2023-12-15,2024,Memphis Grizzlies,Houston Rockets,96,103
2023-12-15,2024,Philadelphia 76ers,Detroit Pistons,124,92
2023-12-15,2024,Phoenix Suns,New York Knicks,122,139
2023-12-15,2024,San Antonio Spurs,Los Angeles Lakers,129,115
2023-12-15,2024,Toronto Raptors,Atlanta Hawks,104,125
2023-12-15,2024,Washington Wizards,Indiana Pacers,137,123
2023-12-16,2024,Charlotte Hornets,Philadelphia 76ers,82,135
2023-12-16,2024,Cleveland Cavaliers,Atlanta Hawks,127,119
2023-12-16,2024,Denver Nuggets,Oklahoma City Thunder,117,118
2023-12-16,2024,Golden State Warriors,Brooklyn Nets,124,120
2023-12-16,2024,Los Angeles Clippers,New York Knicks,144,122
2023-12-16,2024,Miami Heat,Chicago Bulls,118,116
2023-12-16,2024,Milwaukee Bucks,Detroit Pistons,146,114
2023-12-16,2024,Minnesota Timberwolves,Indiana Pacers,127,109
2023-12-16,2024,Portland Trail Blazers,Dallas Mavericks,120,131
2023-12-16,2024,Sacramento Kings,Utah Jazz,125,104
2023-12-17,2024,Boston Celtics,Orlando Magic,114,97
2023-12-17,2024,Milwaukee Bucks,Houston Rockets,128,119
2023-12-17,2024,Phoenix Suns,Washington Wizards,112,108
2023-12-17,2024,Portland Trail Blazers,Golden State Warriors,114,118
2023-12-17,2024,San Antonio Spurs,New Orleans Pelicans,110,146
2023-12-18,2024,Atlanta Hawks,Detroit Pistons,130,124
2023-12-18,2024,Cleveland Cavaliers,Houston Rockets,135,130
2023-12-18,2024,Denver Nuggets,Dallas Mavericks,130,104
2023-12-18,2024,Indiana Pacers,Los Angeles Clippers,127,151
2023-12-18,2024,Los Angeles Lakers,New York Knicks,109,114
2023-12-18,2024,Miami Heat,Minnesota Timberwolves,108,112
2023-12-18,2024,Oklahoma City Thunder,Memphis Grizzlies,116,97
2023-12-18,2024,Philadelphia 76ers,Chicago Bulls,104,108
2023-12-18,2024,Sacramento Kings,Washington Wizards,143,131
2023-12-18,2024,Toronto Raptors,Charlotte Hornets,114,99
2023-12-18,2024,Utah Jazz,Brooklyn Nets,125,108
2023-12-19,2024,Golden State Warriors,Boston Celtics,132,126
2023-12-19,2024,Milwaukee Bucks,San Antonio Spurs,132,119
2023-12-19,2024,New Orleans Pelicans,Memphis Grizzlies,113,115
2023-12-19,2024,Portland Trail Blazers,Phoenix Suns,109,104
2023-12-20,2024,Brooklyn Nets,New York Knicks,102,121
2023-12-20,2024,Chicago Bulls,Los Angeles Lakers,124,108
2023-12-20,2024,Cleveland Cavaliers,Utah Jazz,124,116
2023-12-20,2024,Dallas Mavericks,Los Angeles Clippers,111,120
2023-12-20,2024,Houston Rockets,Atlanta Hawks,127,134
2023-12-20,2024,Indiana Pacers,Charlotte Hornets,144,113
2023-12-20,2024,Orlando Magic,Miami Heat,106,115
2023-12-20,2024,Philadelphia 76ers,Minnesota Timberwolves,127,113
2023-12-20,2024,Sacramento Kings,Boston Celtics,119,144
2023-12-20,2024,Toronto Raptors,Denver Nuggets,104,113
2023-12-21,2024,Chicago Bulls,San Antonio Spurs,114,95
2023-12-21,2024,Cleveland Cavaliers,New Orleans Pelicans,104,123
2023-12-21,2024,Detroit Pistons,Utah Jazz,111,119
2023-12-21,2024,Memphis Grizzlies,Indiana Pacers,116,103
2023-12-21,2024,Milwaukee Bucks,Orlando Magic,118,114
2023-12-21,2024,Minnesota Timberwolves,Los Angeles Lakers,118,111
2023-12-21,2024,Oklahoma City Thunder,Los Angeles Clippers,134,115
2023-12-21,2024,Portland Trail Blazers,Washington Wizards,117,118
2023-12-22,2024,Brooklyn Nets,Denver Nuggets,117,122
2023-12-22,2024,Golden State Warriors,Washington Wizards,129,118
2023-12-22,2024,Houston Rockets,Dallas Mavericks,122,96
2023-12-22,2024,Miami Heat,Atlanta Hawks,122,113
2023-12-22,2024,Philadelphia 76ers,Toronto Raptors,121,111
2023-12-22,2024,Sacramento Kings,Phoenix Suns,120,105
2023-12-23,2024,Atlanta Hawks,Memphis Grizzlies,119,125
2023-12-23,2024,Brooklyn Nets,Detroit Pistons,126,115
2023-12-23,2024,Charlotte Hornets,Denver Nuggets,95,102
2023-12-23,2024,Chicago Bulls,Cleveland Cavaliers,95,109
2023-12-23,2024,Dallas Mavericks,San Antonio Spurs,144,119
2023-12-23,2024,Golden State Warriors,Portland Trail Blazers,126,106
2023-12-23,2024,Indiana Pacers,Orlando Magic,110,117
2023-12-23,2024,Los Angeles Clippers,Boston Celtics,108,145
2023-12-23,2024,New Orleans Pelicans,Houston Rockets,104,106
2023-12-23,2024,New York Knicks,Milwaukee Bucks,111,130
2023-12-23,2024,Oklahoma City Thunder,Los Angeles Lakers,120,129
2023-12-23,2024,Sacramento Kings,Minnesota Timberwolves,98,110
2023-12-23,2024,Toronto Raptors,Utah Jazz,119,126
2023-12-25,2024,Denver Nuggets,Golden State Warriors,120,114
2023-12-25,2024,Los Angeles Lakers,Boston Celtics,115,126
2023-12-25,2024,Miami Heat,Philadelphia 76ers,119,113
2023-12-25,2024,New York Knicks,Milwaukee Bucks,129,122
2023-12-25,2024,Phoenix Suns,Dallas Mavericks,114,128
2023-12-26,2024,Chicago Bulls,Atlanta Hawks,118,113
2023-12-26,2024,Detroit Pistons,Brooklyn Nets,112,118
2023-12-26,2024,Houston Rockets,Indiana Pacers,117,123
2023-12-26,2024,Los Angeles Clippers,Charlotte Hornets,113,104
2023-12-26,2024,New Orleans Pelicans,Memphis Grizzlies,115,116
2023-12-26,2024,Oklahoma City Thunder,Minnesota Timberwolves,129,106
2023-12-26,2024,Portland Trail Blazers,Sacramento Kings,130,113
2023-12-26,2024,San Antonio Spurs,Utah Jazz,118,130
2023-12-26,2024,Washington Wizards,Orlando Magic,119,127
2023-12-27,2024,Brooklyn Nets,Milwaukee Bucks,122,144
2023-12-27,2024,Dallas Mavericks,Cleveland Cavaliers,110,113
2023-12-27,2024,Houston Rockets,Phoenix Suns,113,129
2023-12-27,2024,Oklahoma City Thunder,New York Knicks,129,120
2023-12-27,2024,Orlando Magic,Philadelphia 76ers,92,112
2023-12-27,2024,Washington Wizards,Toronto Raptors,102,132
2023-12-28,2024,Boston Celtics,Detroit Pistons,128,122
2023-12-28,2024,Chicago Bulls,Indiana Pacers,104,120
2023-12-28,2024,Denver Nuggets,Memphis Grizzlies,142,105
2023-12-28,2024,Golden State Warriors,Miami Heat,102,114
2023-12-28,2024,Los Angeles Lakers,Charlotte Hornets,133,112
2023-12-28,2024,Minnesota Timberwolves,Dallas Mavericks,118,110
2023-12-28,2024,New Orleans Pelicans,Utah Jazz,112,105
2023-12-28,2024,Portland Trail Blazers,San Antonio Spurs,105,118
2023-12-29,2024,Atlanta Hawks,Sacramento Kings,110,117
2023-12-29,2024,Boston Celtics,Toronto Raptors,120,118
2023-12-29,2024,Cleveland Cavaliers,Milwaukee Bucks,111,119
2023-12-29,2024,Denver Nuggets,Oklahoma City Thunder,93,119
2023-12-29,2024,Houston Rockets,Philadelphia 76ers,127,131
2023-12-29,2024,Los Angeles Clippers,Memphis Grizzlies,117,106
2023-12-29,2024,Orlando Magic,New York Knicks,117,108
2023-12-29,2024,Phoenix Suns,Charlotte Hornets,133,119
2023-12-29,2024,Portland Trail Blazers,San Antonio Spurs,134,128
2023-12-29,2024,Washington Wizards,Brooklyn Nets,110,104
2023-12-30,2024,Chicago Bulls,Philadelphia 76ers,105,92
2023-12-30,2024,Detroit Pistons,Toronto Raptors,129,127
2023-12-30,2024,Golden State Warriors,Dallas Mavericks,122,132
2023-12-30,2024,Indiana Pacers,New York Knicks,140,126
2023-12-30,2024,Minnesota Timberwolves,Los Angeles Lakers,108,106
2023-12-30,2024,Utah Jazz,Miami Heat,117,109
2023-12-31,2024,Memphis Grizzlies,Sacramento Kings,92,123
2023-12-31,2024,New Orleans Pelicans,Los Angeles Lakers,129,109
2023-12-31,2024,Oklahoma City Thunder,Brooklyn Nets,124,108
2023-12-31,2024,Phoenix Suns,Orlando Magic,112,107
2023-12-31,2024,San Antonio Spurs,Boston Celtics,101,134
2023-12-31,2024,Washington Wizards,Atlanta Hawks,126,130
2024-01-01,2024,Denver Nuggets,Charlotte Hornets,111,93
2024-01-01,2024,Houston Rockets,Detroit Pistons,136,113
2024-01-01,2024,Los Angeles Clippers,Miami Heat,121,104
2024-01-01,2024,Milwaukee Bucks,Indiana Pacers,113,122
2024-01-01,2024,New York Knicks,Minnesota Timberwolves,112,106
2024-01-01,2024,Phoenix Suns,Portland Trail Blazers,109,88
2024-01-01,2024,Toronto Raptors,Cleveland Cavaliers,124,121
2024-01-01,2024,Utah Jazz,Dallas Mavericks,127,90
2024-01-02,2024,Golden State Warriors,Orlando Magic,121,115
2024-01-02,2024,Memphis Grizzlies,San Antonio Spurs,106,98
2024-01-02,2024,New Orleans Pelicans,Brooklyn Nets,112,85
2024-01-02,2024,Oklahoma City Thunder,Boston Celtics,127,123
2024-01-02,2024,Philadelphia 76ers,Chicago Bulls,110,97
2024-01-02,2024,Sacramento Kings,Charlotte Hornets,104,111
2024-01-03,2024,Atlanta Hawks,Oklahoma City Thunder,141,138
2024-01-03,2024,Cleveland Cavaliers,Washington Wizards,140,101
2024-01-03,2024,Dallas Mavericks,Portland Trail Blazers,126,97
2024-01-03,2024,Houston Rockets,Brooklyn Nets,112,101
2024-01-03,2024,Indiana Pacers,Milwaukee Bucks,142,130
2024-01-03,2024,Los Angeles Lakers,Miami Heat,96,110
2024-01-03,2024,Memphis Grizzlies,Toronto Raptors,111,116
2024-01-03,2024,Minnesota Timberwolves,New Orleans Pelicans,106,117
2024-01-03,2024,New York Knicks,Chicago Bulls,116,100
2024-01-03,2024,Phoenix Suns,Los Angeles Clippers,122,131
2024-01-03,2024,Sacramento Kings,Orlando Magic,138,135
2024-01-03,2024,Utah Jazz,Detroit Pistons,154,148
2024-01-04,2024,Golden State Warriors,Denver Nuggets,127,130
2024-01-04,2024,San Antonio Spurs,Milwaukee Bucks,121,125
2024-01-05,2024,Boston Celtics,Utah Jazz,126,97
2024-01-05,2024,Brooklyn Nets,Oklahoma City Thunder,124,115
2024-01-05,2024,Chicago Bulls,Charlotte Hornets,104,91
2024-01-05,2024,Cleveland Cavaliers,Washington Wizards,114,90
2024-01-05,2024,Dallas Mavericks,Portland Trail Blazers,139,103
2024-01-05,2024,Denver Nuggets,Orlando Magic,120,122
2024-01-05,2024,Golden State Warriors,Detroit Pistons,113,109
2024-01-05,2024,Houston Rockets,Minnesota Timberwolves,95,122
2024-01-05,2024,Indiana Pacers,Atlanta Hawks,150,116
2024-01-05,2024,Los Angeles Lakers,Memphis Grizzlies,113,127
2024-01-05,2024,New Orleans Pelicans,Los Angeles Clippers,95,111
2024-01-05,2024,Philadelphia 76ers,New York Knicks,92,128
2024-01-05,2024,Phoenix Suns,Miami Heat,113,97
2024-01-05,2024,Sacramento Kings,Toronto Raptors,135,130
2024-01-06,2024,Houston Rockets,Milwaukee Bucks,112,108
2024-01-06,2024,Indiana Pacers,Boston Celtics,101,118
2024-01-06,2024,Philadelphia 76ers,Utah Jazz,109,120
2024-01-06,2024,Washington Wizards,New York Knicks,105,121
2024-01-07,2024,Brooklyn Nets,Portland Trail Blazers,127,134
2024-01-07,2024,Cleveland Cavaliers,San Antonio Spurs,117,115
2024-01-07,2024,Dallas Mavericks,Minnesota Timberwolves,115,108
2024-01-07,2024,Denver Nuggets,Detroit Pistons,131,114
2024-01-07,2024,Golden State Warriors,Toronto Raptors,118,133
2024-01-07,2024,Los Angeles Lakers,Los Angeles Clippers,106,103
2024-01-07,2024,Orlando Magic,Atlanta Hawks,117,110
2024-01-07,2024,Phoenix Suns,Memphis Grizzlies,115,121
2024-01-07,2024,Sacramento Kings,New Orleans Pelicans,100,133
2024-01-08,2024,Charlotte Hornets,Chicago Bulls,112,119
2024-01-08,2024,Indiana Pacers,Boston Celtics,133,131
2024-01-08,2024,Los Angeles Clippers,Phoenix Suns,138,111
2024-01-08,2024,Miami Heat,Houston Rockets,120,113
2024-01-08,2024,Milwaukee Bucks,Utah Jazz,116,132
2024-01-08,2024,Washington Wizards,Oklahoma City Thunder,128,136
2024-01-09,2024,Dallas Mavericks,Memphis Grizzlies,103,120
2024-01-09,2024,Detroit Pistons,Sacramento Kings,110,131
2024-01-09,2024,Los Angeles Lakers,Toronto Raptors,132,131
2024-01-09,2024,New York Knicks,Portland Trail Blazers,112,84
2024-01-09,2024,Orlando Magic,Minnesota Timberwolves,92,113
2024-01-10,2024,Atlanta Hawks,Philadelphia 76ers,139,132
2024-01-10,2024,Boston Celtics,Minnesota Timberwolves,127,120
2024-01-10,2024,Charlotte Hornets,Sacramento Kings,98,123
2024-01-10,2024,Chicago Bulls,Houston Rockets,124,119
2024-01-10,2024,Detroit Pistons,San Antonio Spurs,108,130
2024-01-10,2024,Golden State Warriors,New Orleans Pelicans,105,141
2024-01-10,2024,Indiana Pacers,Washington Wizards,112,104
2024-01-10,2024,Los Angeles Clippers,Toronto Raptors,126,120
2024-01-10,2024,Miami Heat,Oklahoma City Thunder,120,128
2024-01-10,2024,Utah Jazz,Denver Nuggets,124,111
2024-01-11,2024,Cleveland Cavaliers,Brooklyn Nets,111,102
2024-01-11,2024,Dallas Mavericks,New York Knicks,128,124
2024-01-11,2024,Los Angeles Lakers,Phoenix Suns,109,127
2024-01-11,2024,Milwaukee Bucks,Boston Celtics,135,102
2024-01-11,2024,Oklahoma City Thunder,Portland Trail Blazers,139,77
2024-01-12,2024,Atlanta Hawks,Indiana Pacers,108,126
2024-01-12,2024,Chicago Bulls,Golden State Warriors,131,140
2024-01-12,2024,Denver Nuggets,New Orleans Pelicans,125,113
2024-01-12,2024,Detroit Pistons,Houston Rockets,110,112
2024-01-12,2024,Memphis Grizzlies,Los Angeles Clippers,119,128
2024-01-12,2024,Miami Heat,Orlando Magic,99,96
2024-01-12,2024,Minnesota Timberwolves,Portland Trail Blazers,116,93
2024-01-12,2024,Philadelphia 76ers,Sacramento Kings,112,93
2024-01-12,2024,San Antonio Spurs,Charlotte Hornets,135,99
2024-01-12,2024,Utah Jazz,Toronto Raptors,145,113
2024-01-13,2024,Atlanta Hawks,Washington Wizards,99,127
2024-01-13,2024,Boston Celtics,Houston Rockets,145,113
2024-01-13,2024,Dallas Mavericks,New Orleans Pelicans,108,118
2024-01-13,2024,Memphis Grizzlies,New York Knicks,94,106
2024-01-13,2024,Milwaukee Bucks,Golden State Warriors,129,118
2024-01-13,2024,Oklahoma City Thunder,Orlando Magic,112,100
2024-01-13,2024,San Antonio Spurs,Chicago Bulls,116,122
2024-01-13,2024,Utah Jazz,Los Angeles Lakers,132,125
2024-01-14,2024,Denver Nuggets,Indiana Pacers,117,109
2024-01-14,2024,Miami Heat,Charlotte Hornets,104,87
2024-01-14,2024,Milwaukee Bucks,Sacramento Kings,143,142
2024-01-14,2024,Minnesota Timberwolves,Los Angeles Clippers,109,105
2024-01-14,2024,Portland Trail Blazers,Phoenix Suns,116,127
2024-01-15,2024,Atlanta Hawks,San Antonio Spurs,109,99
2024-01-15,2024,Brooklyn Nets,Miami Heat,95,96
2024-01-15,2024,Cleveland Cavaliers,Chicago Bulls,109,91
2024-01-15,2024,Dallas Mavericks,New Orleans Pelicans,125,120
2024-01-15,2024,Los Angeles Lakers,Oklahoma City Thunder,112,105
2024-01-15,2024,Memphis Grizzlies,Golden State Warriors,116,107
2024-01-15,2024,New York Knicks,Orlando Magic,94,98
2024-01-15,2024,Philadelphia 76ers,Houston Rockets,124,115
2024-01-15,2024,Toronto Raptors,Boston Celtics,96,105
2024-01-15,2024,Utah Jazz,Indiana Pacers,132,105
2024-01-15,2024,Washington Wizards,Detroit Pistons,117,129
2024-01-16,2024,Los Angeles Clippers,Oklahoma City Thunder,128,117
2024-01-16,2024,Philadelphia 76ers,Denver Nuggets,126,121
2024-01-16,2024,Phoenix Suns,Sacramento Kings,119,117
2024-01-17,2024,Atlanta Hawks,Orlando Magic,106,104
2024-01-17,2024,Boston Celtics,San Antonio Spurs,117,98
2024-01-17,2024,Cleveland Cavaliers,Milwaukee Bucks,135,95
2024-01-17,2024,Detroit Pistons,Minnesota Timberwolves,117,124
2024-01-17,2024,Los Angeles Lakers,Dallas Mavericks,127,110
2024-01-17,2024,New Orleans Pelicans,Charlotte Hornets,132,112
2024-01-17,2024,New York Knicks,Houston Rockets,109,94
2024-01-17,2024,Portland Trail Blazers,Brooklyn Nets,105,103
2024-01-17,2024,Toronto Raptors,Miami Heat,121,97
2024-01-18,2024,Minnesota Timberwolves,Memphis Grizzlies,118,103
2024-01-18,2024,New York Knicks,Washington Wizards,113,109
2024-01-18,2024,Sacramento Kings,Indiana Pacers,121,126
2024-01-18,2024,Toronto Raptors,Chicago Bulls,110,116
2024-01-18,2024,Utah Jazz,Oklahoma City Thunder,129,134
2024-01-19,2024,Boston Celtics,Denver Nuggets,100,102
2024-01-19,2024,Charlotte Hornets,San Antonio Spurs,124,120
2024-01-19,2024,Los Angeles Lakers,Brooklyn Nets,112,130
2024-01-19,2024,Miami Heat,Atlanta Hawks,108,109
2024-01-19,2024,New Orleans Pelicans,Phoenix Suns,109,123
2024-01-19,2024,Orlando Magic,Philadelphia 76ers,109,124
2024-01-19,2024,Portland Trail Blazers,Indiana Pacers,118,115
2024-01-20,2024,Atlanta Hawks,Cleveland Cavaliers,95,116
2024-01-20,2024,Charlotte Hornets,Philadelphia 76ers,89,97
2024-01-20,2024,Chicago Bulls,Memphis Grizzlies,125,96
2024-01-20,2024,Detroit Pistons,Milwaukee Bucks,135,141
2024-01-20,2024,Houston Rockets,Utah Jazz,127,126
2024-01-20,2024,Minnesota Timberwolves,Oklahoma City Thunder,97,102
2024-01-20,2024,New York Knicks,Toronto Raptors,126,100
2024-01-20,2024,Washington Wizards,San Antonio Spurs,127,131
2024-01-21,2024,Houston Rockets,Boston Celtics,107,116
2024-01-21,2024,Los Angeles Clippers,Brooklyn Nets,125,114
2024-01-21,2024,Los Angeles Lakers,Portland Trail Blazers,134,110
2024-01-21,2024,Orlando Magic,Miami Heat,105,87
2024-01-21,2024,Phoenix Suns,Indiana Pacers,117,110
2024-01-21,2024,Washington Wizards,Denver Nuggets,104,113
2024-01-22,2024,Dallas Mavericks,Boston Celtics,110,119
2024-01-22,2024,Detroit Pistons,Milwaukee Bucks,113,122
2024-01-22,2024,Minnesota Timberwolves,Charlotte Hornets,125,128
2024-01-22,2024,Orlando Magic,Cleveland Cavaliers,99,126
2024-01-22,2024,Philadelphia 76ers,San Antonio Spurs,133,123
2024-01-22,2024,Phoenix Suns,Chicago Bulls,115,113
2024-01-22,2024,Sacramento Kings,Atlanta Hawks,122,107
2024-01-22,2024,Toronto Raptors,Memphis Grizzlies,100,108
2024-01-23,2024,Brooklyn Nets,New York Knicks,103,108
2024-01-23,2024,Indiana Pacers,Denver Nuggets,109,114
2024-01-23,2024,Los Angeles Clippers,Los Angeles Lakers,127,116
2024-01-23,2024,New Orleans Pelicans,Utah Jazz,153,124
2024-01-23,2024,Oklahoma City Thunder,Portland Trail Blazers,111,109
2024-01-24,2024,Dallas Mavericks,Phoenix Suns,109,132
2024-01-24,2024,Detroit Pistons,Charlotte Hornets,113,106
2024-01-24,2024,Golden State Warriors,Atlanta Hawks,134,112
2024-01-24,2024,Houston Rockets,Portland Trail Blazers,131,137
2024-01-24,2024,Miami Heat,Memphis Grizzlies,96,105
2024-01-24,2024,Milwaukee Bucks,Cleveland Cavaliers,126,116
2024-01-24,2024,San Antonio Spurs,Oklahoma City Thunder,114,140
2024-01-24,2024,Washington Wizards,Minnesota Timberwolves,107,118
2024-01-25,2024,Brooklyn Nets,Minnesota Timberwolves,94,96
2024-01-25,2024,Golden State Warriors,Sacramento Kings,133,134
2024-01-25,2024,Indiana Pacers,Philadelphia 76ers,134,122
2024-01-25,2024,Los Angeles Lakers,Chicago Bulls,141,132
2024-01-25,2024,Miami Heat,Boston Celtics,110,143
2024-01-25,2024,New York Knicks,Denver Nuggets,122,84
2024-01-25,2024,Washington Wizards,Utah Jazz,108,123
2024-01-26,2024,Atlanta Hawks,Dallas Mavericks,143,148
2024-01-26,2024,Charlotte Hornets,Houston Rockets,104,138
2024-01-26,2024,Indiana Pacers,Phoenix Suns,133,131
2024-01-26,2024,Memphis Grizzlies,Orlando Magic,107,106
2024-01-26,2024,Milwaukee Bucks,Cleveland Cavaliers,100,112
2024-01-26,2024,New Orleans Pelicans,Oklahoma City Thunder,83,107
2024-01-26,2024,San Antonio Spurs,Portland Trail Blazers,116,100
2024-01-26,2024,Toronto Raptors,Los Angeles Clippers,107,127
2024-01-27,2024,Boston Celtics,Los Angeles Clippers,96,115
2024-01-27,2024,Brooklyn Nets,Houston Rockets,106,104
2024-01-27,2024,Charlotte Hornets,Utah Jazz,122,134
2024-01-27,2024,Dallas Mavericks,Sacramento Kings,115,120
2024-01-27,2024,Denver Nuggets,Philadelphia 76ers,111,105
2024-01-27,2024,Detroit Pistons,Washington Wizards,104,118
2024-01-27,2024,Golden State Warriors,Los Angeles Lakers,144,145
2024-01-27,2024,Milwaukee Bucks,New Orleans Pelicans,141,117
2024-01-27,2024,New York Knicks,Miami Heat,125,109
2024-01-27,2024,San Antonio Spurs,Minnesota Timberwolves,113,112
2024-01-28,2024,Atlanta Hawks,Toronto Raptors,126,125
2024-01-28,2024,Detroit Pistons,Oklahoma City Thunder,120,104
2024-01-28,2024,Indiana Pacers,Memphis Grizzlies,116,110
2024-01-28,2024,Orlando Magic,Phoenix Suns,113,98
2024-01-28,2024,Portland Trail Blazers,Chicago Bulls,96,104
2024-01-29,2024,Boston Celtics,New Orleans Pelicans,118,112
2024-01-29,2024,Brooklyn Nets,Utah Jazz,147,114
2024-01-29,2024,Charlotte Hornets,New York Knicks,92,113
2024-01-29,2024,Cleveland Cavaliers,Los Angeles Clippers,118,108
2024-01-29,2024,Dallas Mavericks,Orlando Magic,131,129
2024-01-29,2024,Denver Nuggets,Milwaukee Bucks,113,107
2024-01-29,2024,Houston Rockets,Los Angeles Lakers,135,119
2024-01-29,2024,Memphis Grizzlies,Sacramento Kings,94,103
2024-01-29,2024,Miami Heat,Phoenix Suns,105,118
2024-01-29,2024,Oklahoma City Thunder,Minnesota Timberwolves,101,107
2024-01-29,2024,Portland Trail Blazers,Philadelphia 76ers,130,104
2024-01-29,2024,San Antonio Spurs,Washington Wizards,113,118
2024-01-30,2024,Atlanta Hawks,Los Angeles Lakers,138,122
2024-01-30,2024,Boston Celtics,Indiana Pacers,129,124
2024-01-30,2024,Chicago Bulls,Toronto Raptors,107,118
2024-01-30,2024,Golden State Warriors,Philadelphia 76ers,119,107
2024-01-30,2024,New York Knicks,Utah Jazz,118,103
2024-01-31,2024,Brooklyn Nets,Phoenix Suns,120,136
2024-01-31,2024,Charlotte Hornets,Chicago Bulls,110,117
2024-01-31,2024,Cleveland Cavaliers,Detroit Pistons,128,121
2024-01-31,2024,Houston Rockets,New Orleans Pelicans,99,110
2024-01-31,2024,Miami Heat,Sacramento Kings,115,106
2024-01-31,2024,Minnesota Timberwolves,Dallas Mavericks,121,87
2024-01-31,2024,Oklahoma City Thunder,Denver Nuggets,105,100
2024-01-31,2024,Portland Trail Blazers,Milwaukee Bucks,119,116
2024-01-31,2024,San Antonio Spurs,Orlando Magic,98,108
2024-01-31,2024,Washington Wizards,Los Angeles Clippers,109,125
2024-02-01,2024,Boston Celtics,Los Angeles Lakers,105,114
2024-02-01,2024,Memphis Grizzlies,Cleveland Cavaliers,101,108
2024-02-01,2024,New York Knicks,Indiana Pacers,109,105
2024-02-01,2024,Utah Jazz,Philadelphia 76ers,124,127
2024-02-02,2024,Atlanta Hawks,Phoenix Suns,129,120
2024-02-02,2024,Denver Nuggets,Portland Trail Blazers,120,108
2024-02-02,2024,Detroit Pistons,Los Angeles Clippers,125,136
2024-02-02,2024,Houston Rockets,Toronto Raptors,135,106
2024-02-02,2024,Indiana Pacers,Sacramento Kings,122,133
2024-02-02,2024,Memphis Grizzlies,Golden State Warriors,101,121
2024-02-02,2024,Minnesota Timberwolves,Orlando Magic,106,108
2024-02-02,2024,Oklahoma City Thunder,Charlotte Hornets,126,106
2024-02-02,2024,San Antonio Spurs,New Orleans Pelicans,113,114
2024-02-02,2024,Washington Wizards,Miami Heat,102,110
2024-02-03,2024,Atlanta Hawks,Golden State Warriors,141,134
2024-02-03,2024,Chicago Bulls,Sacramento Kings,115,123
2024-02-03,2024,Dallas Mavericks,Milwaukee Bucks,117,129
2024-02-03,2024,New York Knicks,Los Angeles Lakers,105,113
2024-02-03,2024,Philadelphia 76ers,Brooklyn Nets,121,136
2024-02-03,2024,San Antonio Spurs,Cleveland Cavaliers,101,117
2024-02-04,2024,Boston Celtics,Memphis Grizzlies,131,91
2024-02-04,2024,Charlotte Hornets,Indiana Pacers,99,115
2024-02-04,2024,Denver Nuggets,Portland Trail Blazers,112,103
2024-02-04,2024,Detroit Pistons,Orlando Magic,99,111
2024-02-04,2024,Miami Heat,Los Angeles Clippers,95,103
2024-02-04,2024,Minnesota Timberwolves,Houston Rockets,111,90
2024-02-04,2024,Oklahoma City Thunder,Toronto Raptors,135,127
2024-02-04,2024,Utah Jazz,Milwaukee Bucks,123,108
2024-02-04,2024,Washington Wizards,Phoenix Suns,112,140
2024-02-05,2024,Atlanta Hawks,Los Angeles Clippers,144,149
2024-02-05,2024,Brooklyn Nets,Golden State Warriors,98,109
2024-02-05,2024,Charlotte Hornets,Los Angeles Lakers,118,124
2024-02-05,2024,Cleveland Cavaliers,Sacramento Kings,136,110
2024-02-05,2024,New Orleans Pelicans,Toronto Raptors,138,100
2024-02-05,2024,Philadelphia 76ers,Dallas Mavericks,102,118
2024-02-06,2024,Brooklyn Nets,Dallas Mavericks,107,119
2024-02-06,2024,Chicago Bulls,Minnesota Timberwolves,129,123
2024-02-06,2024,Indiana Pacers,Houston Rockets,132,129
2024-02-06,2024,Miami Heat,Orlando Magic,121,95
2024-02-06,2024,New York Knicks,Memphis Grizzlies,123,113
2024-02-06,2024,Phoenix Suns,Milwaukee Bucks,114,106
2024-02-06,2024,Utah Jazz,Oklahoma City Thunder,124,117
2024-02-07,2024,Boston Celtics,Atlanta Hawks,125,117
2024-02-07,2024,Charlotte Hornets,Toronto Raptors,117,123
2024-02-07,2024,Los Angeles Clippers,New Orleans Pelicans,106,117
2024-02-07,2024,Miami Heat,San Antonio Spurs,116,104
2024-02-07,2024,Philadelphia 76ers,Golden State Warriors,104,127
2024-02-07,2024,Sacramento Kings,Detroit Pistons,120,133
2024-02-07,2024,Washington Wizards,Cleveland Cavaliers,106,114
2024-02-08,2024,Brooklyn Nets,Cleveland Cavaliers,95,118
2024-02-08,2024,Indiana Pacers,Golden State Warriors,109,131
2024-02-08,2024,Los Angeles Lakers,Denver Nuggets,106,114
2024-02-08,2024,Memphis Grizzlies,Chicago Bulls,110,118
2024-02-08,2024,Milwaukee Bucks,Minnesota Timberwolves,105,129
2024-02-08,2024,New York Knicks,Dallas Mavericks,108,122
2024-02-08,2024,Orlando Magic,San Antonio Spurs,127,111
2024-02-08,2024,Phoenix Suns,Utah Jazz,129,115
2024-02-08,2024,Portland Trail Blazers,Detroit Pistons,122,128
2024-02-09,2024,Boston Celtics,Washington Wizards,133,129
2024-02-09,2024,Los Angeles Lakers,New Orleans Pelicans,139,122
2024-02-09,2024,Milwaukee Bucks,Charlotte Hornets,120,84
2024-02-09,2024,Philadelphia 76ers,Atlanta Hawks,121,127
2024-02-09,2024,Sacramento Kings,Denver Nuggets,135,106
2024-02-09,2024,Toronto Raptors,Houston Rockets,107,104
2024-02-10,2024,Atlanta Hawks,Houston Rockets,122,113
2024-02-10,2024,Brooklyn Nets,San Antonio Spurs,123,103
2024-02-10,2024,Charlotte Hornets,Memphis Grizzlies,115,106
2024-02-10,2024,Dallas Mavericks,Oklahoma City Thunder,146,111
2024-02-10,2024,Golden State Warriors,Phoenix Suns,113,112
2024-02-10,2024,Los Angeles Clippers,Detroit Pistons,112,106
2024-02-10,2024,New York Knicks,Indiana Pacers,111,125
2024-02-10,2024,Orlando Magic,Chicago Bulls,114,108
2024-02-10,2024,Portland Trail Blazers,New Orleans Pelicans,84,93
2024-02-10,2024,Toronto Raptors,Cleveland Cavaliers,95,119
2024-02-10,2024,Washington Wizards,Philadelphia 76ers,113,119
2024-02-11,2024,Miami Heat,Boston Celtics,106,110
2024-02-11,2024,Oklahoma City Thunder,Sacramento Kings,127,113
2024-02-12,2024,Atlanta Hawks,Chicago Bulls,126,136
2024-02-12,2024,Charlotte Hornets,Indiana Pacers,111,102
2024-02-12,2024,Cleveland Cavaliers,Philadelphia 76ers,121,123
2024-02-12,2024,Dallas Mavericks,Washington Wizards,112,104
2024-02-12,2024,Houston Rockets,New York Knicks,105,103
2024-02-12,2024,Los Angeles Clippers,Minnesota Timberwolves,100,121
2024-02-12,2024,Memphis Grizzlies,New Orleans Pelicans,87,96
2024-02-12,2024,Milwaukee Bucks,Denver Nuggets,112,95
2024-02-12,2024,Toronto Raptors,San Antonio Spurs,99,122
2024-02-12,2024,Utah Jazz,Golden State Warriors,107,129
2024-02-13,2024,Brooklyn Nets,Boston Celtics,110,118
2024-02-13,2024,Los Angeles Lakers,Detroit Pistons,125,111
2024-02-13,2024,Milwaukee Bucks,Miami Heat,97,123
2024-02-13,2024,Orlando Magic,Oklahoma City Thunder,113,127
2024-02-13,2024,Phoenix Suns,Sacramento Kings,130,125
2024-02-13,2024,Portland Trail Blazers,Minnesota Timberwolves,109,121
2024-02-14,2024,Boston Celtics,Brooklyn Nets,136,86
2024-02-14,2024,Charlotte Hornets,Atlanta Hawks,122,99
2024-02-14,2024,Cleveland Cavaliers,Chicago Bulls,108,105
2024-02-14,2024,Dallas Mavericks,San Antonio Spurs,116,93
2024-02-14,2024,Denver Nuggets,Sacramento Kings,98,102
2024-02-14,2024,Golden State Warriors,Los Angeles Clippers,125,130
2024-02-14,2024,Memphis Grizzlies,Houston Rockets,121,113
2024-02-14,2024,New Orleans Pelicans,Washington Wizards,133,126
2024-02-14,2024,Orlando Magic,New York Knicks,118,100
2024-02-14,2024,Philadelphia 76ers,Miami Heat,104,109
2024-02-14,2024,Phoenix Suns,Detroit Pistons,116,100
2024-02-14,2024,Toronto Raptors,Indiana Pacers,125,127
2024-02-14,2024,Utah Jazz,Los Angeles Lakers,122,138
2024-02-15,2024,Memphis Grizzlies,Milwaukee Bucks,113,110
2024-02-15,2024,Portland Trail Blazers,Minnesota Timberwolves,91,128
2024-02-15,2024,Utah Jazz,Golden State Warriors,137,140
2024-02-22,2024,Chicago Bulls,Boston Celtics,112,129
2024-02-22,2024,Cleveland Cavaliers,Orlando Magic,109,116
2024-02-22,2024,Dallas Mavericks,Phoenix Suns,123,113
2024-02-22,2024,Denver Nuggets,Washington Wizards,130,110
2024-02-22,2024,Golden State Warriors,Los Angeles Lakers,128,110
2024-02-22,2024,Indiana Pacers,Detroit Pistons,129,115
2024-02-22,2024,New Orleans Pelicans,Houston Rockets,127,105
2024-02-22,2024,Oklahoma City Thunder,Los Angeles Clippers,129,107
2024-02-22,2024,Philadelphia 76ers,New York Knicks,96,110
2024-02-22,2024,Sacramento Kings,San Antonio Spurs,127,122
2024-02-22,2024,Toronto Raptors,Brooklyn Nets,121,93
2024-02-22,2024,Utah Jazz,Charlotte Hornets,107,115
2024-02-23,2024,Atlanta Hawks,Toronto Raptors,121,123
2024-02-23,2024,Golden State Warriors,Charlotte Hornets,97,84
2024-02-23,2024,Houston Rockets,Phoenix Suns,114,110
2024-02-23,2024,Los Angeles Lakers,San Antonio Spurs,123,118
2024-02-23,2024,Memphis Grizzlies,Los Angeles Clippers,95,101
2024-02-23,2024,Minnesota Timberwolves,Milwaukee Bucks,107,112
2024-02-23,2024,New Orleans Pelicans,Miami Heat,95,106
2024-02-23,2024,Oklahoma City Thunder,Washington Wizards,147,106
2024-02-23,2024,Philadelphia 76ers,Cleveland Cavaliers,104,97
2024-02-23,2024,Portland Trail Blazers,Denver Nuggets,112,127
2024-02-24,2024,Detroit Pistons,Orlando Magic,109,112
2024-02-24,2024,Minnesota Timberwolves,Brooklyn Nets,101,86
2024-02-24,2024,New York Knicks,Boston Celtics,102,116
2024-02-25,2024,Atlanta Hawks,Orlando Magic,109,92
2024-02-25,2024,Golden State Warriors,Denver Nuggets,103,119
2024-02-25,2024,Houston Rockets,Oklahoma City Thunder,110,123
2024-02-25,2024,Indiana Pacers,Dallas Mavericks,133,111
2024-02-25,2024,Los Angeles Clippers,Sacramento Kings,107,123
2024-02-25,2024,New Orleans Pelicans,Chicago Bulls,106,114
2024-02-25,2024,Philadelphia 76ers,Milwaukee Bucks,98,119
2024-02-25,2024,Phoenix Suns,Los Angeles Lakers,123,113
2024-02-25,2024,Portland Trail Blazers,Charlotte Hornets,80,93
2024-02-25,2024,Utah Jazz,San Antonio Spurs,128,109
2024-02-25,2024,Washington Wizards,Cleveland Cavaliers,105,114
2024-02-26,2024,Indiana Pacers,Toronto Raptors,122,130
2024-02-26,2024,Memphis Grizzlies,Brooklyn Nets,86,111
2024-02-26,2024,New York Knicks,Detroit Pistons,113,111
2024-02-26,2024,Sacramento Kings,Miami Heat,110,121
2024-02-27,2024,Atlanta Hawks,Utah Jazz,124,97
2024-02-27,2024,Boston Celtics,Philadelphia 76ers,117,99
2024-02-27,2024,Chicago Bulls,Detroit Pistons,95,105
2024-02-27,2024,Cleveland Cavaliers,Dallas Mavericks,121,119
2024-02-27,2024,Milwaukee Bucks,Charlotte Hornets,123,85
2024-02-27,2024,Minnesota Timberwolves,San Antonio Spurs,114,105
2024-02-27,2024,New York Knicks,New Orleans Pelicans,92,115
2024-02-27,2024,Oklahoma City Thunder,Houston Rockets,112,95
2024-02-27,2024,Orlando Magic,Brooklyn Nets,108,81
2024-02-27,2024,Portland Trail Blazers,Miami Heat,96,106
2024-02-27,2024,Washington Wizards,Golden State Warriors,112,123
2024-02-28,2024,Chicago Bulls,Cleveland Cavaliers,132,123
2024-02-28,2024,Denver Nuggets,Sacramento Kings,117,96
2024-02-28,2024,Indiana Pacers,New Orleans Pelicans,123,114
2024-02-28,2024,Los Angeles Clippers,Los Angeles Lakers,112,116
2024-02-28,2024,Minnesota Timberwolves,Memphis Grizzlies,110,101
2024-02-28,2024,Toronto Raptors,Dallas Mavericks,125,136
2024-02-29,2024,Brooklyn Nets,Atlanta Hawks,124,97
2024-02-29,2024,Charlotte Hornets,Milwaukee Bucks,99,111
2024-02-29,2024,Denver Nuggets,Miami Heat,103,97
2024-02-29,2024,Los Angeles Lakers,Washington Wizards,134,131
2024-02-29,2024,New York Knicks,Golden State Warriors,99,110
2024-02-29,2024,Orlando Magic,Utah Jazz,115,107
2024-02-29,2024,Phoenix Suns,Houston Rockets,110,105
2024-02-29,2024,San Antonio Spurs,Oklahoma City Thunder,132,118
2024-03-01,2024,Boston Celtics,Dallas Mavericks,138,110
2024-03-01,2024,Chicago Bulls,Milwaukee Bucks,97,113
2024-03-01,2024,Detroit Pistons,Cleveland Cavaliers,100,110
2024-03-01,2024,Los Angeles Clippers,Washington Wizards,140,115
2024-03-01,2024,Memphis Grizzlies,Portland Trail Blazers,92,122
2024-03-01,2024,Minnesota Timberwolves,Sacramento Kings,120,124
2024-03-01,2024,New Orleans Pelicans,Indiana Pacers,129,102
2024-03-01,2024,Philadelphia 76ers,Charlotte Hornets,121,114
2024-03-01,2024,Toronto Raptors,Golden State Warriors,105,120
2024-03-02,2024,Brooklyn Nets,Atlanta Hawks,114,102
2024-03-02,2024,Los Angeles Lakers,Denver Nuggets,114,124
2024-03-02,2024,Memphis Grizzlies,Portland Trail Blazers,100,107
2024-03-02,2024,Miami Heat,Utah Jazz,126,120
2024-03-02,2024,Phoenix Suns,Houston Rockets,109,118
2024-03-03,2024,Boston Celtics,Golden State Warriors,140,88
2024-03-03,2024,Cleveland Cavaliers,New York Knicks,98,107
2024-03-03,2024,Dallas Mavericks,Philadelphia 76ers,116,120
2024-03-03,2024,Minnesota Timberwolves,Los Angeles Clippers,88,89
2024-03-03,2024,Orlando Magic,Detroit Pistons,113,91
2024-03-03,2024,Phoenix Suns,Oklahoma City Thunder,110,118
2024-03-03,2024,San Antonio Spurs,Indiana Pacers,117,105
2024-03-03,2024,Toronto Raptors,Charlotte Hornets,111,106
2024-03-04,2024,Brooklyn Nets,Memphis Grizzlies,102,106
2024-03-04,2024,Los Angeles Lakers,Oklahoma City Thunder,116,104
2024-03-04,2024,Milwaukee Bucks,Los Angeles Clippers,113,106
2024-03-04,2024,Minnesota Timberwolves,Portland Trail Blazers,119,114
2024-03-04,2024,Sacramento Kings,Chicago Bulls,109,113
2024-03-04,2024,Utah Jazz,Washington Wizards,127,115
2024-03-05,2024,Brooklyn Nets,Philadelphia 76ers,112,107
2024-03-05,2024,Charlotte Hornets,Orlando Magic,89,101
2024-03-05,2024,Cleveland Cavaliers,Boston Celtics,105,104
2024-03-05,2024,Dallas Mavericks,Indiana Pacers,120,137
2024-03-05,2024,Denver Nuggets,Phoenix Suns,107,117
2024-03-05,2024,Houston Rockets,San Antonio Spurs,114,101
2024-03-05,2024,Miami Heat,Detroit Pistons,118,110
2024-03-05,2024,New York Knicks,Atlanta Hawks,100,116
2024-03-05,2024,Toronto Raptors,New Orleans Pelicans,98,139
2024-03-06,2024,Atlanta Hawks,Cleveland Cavaliers,112,101
2024-03-06,2024,Golden State Warriors,Milwaukee Bucks,125,90
2024-03-06,2024,Houston Rockets,Los Angeles Clippers,116,122
2024-03-06,2024,Los Angeles Lakers,Sacramento Kings,120,130
2024-03-06,2024,Philadelphia 76ers,Memphis Grizzlies,109,115
2024-03-06,2024,Portland Trail Blazers,Oklahoma City Thunder,120,128
2024-03-06,2024,Utah Jazz,Chicago Bulls,117,119
2024-03-06,2024,Washington Wizards,Orlando Magic,109,119
2024-03-07,2024,Dallas Mavericks,Miami Heat,114,108
2024-03-07,2024,Denver Nuggets,Boston Celtics,115,109
2024-03-07,2024,Detroit Pistons,Brooklyn Nets,118,112
2024-03-07,2024,Golden State Warriors,Chicago Bulls,122,125
2024-03-07,2024,Indiana Pacers,Minnesota Timberwolves,111,113
2024-03-07,2024,Phoenix Suns,Toronto Raptors,120,113
2024-03-07,2024,Sacramento Kings,San Antonio Spurs,131,129
2024-03-08,2024,Cleveland Cavaliers,Minnesota Timberwolves,113,104
2024-03-08,2024,Los Angeles Lakers,Milwaukee Bucks,123,122
2024-03-08,2024,Memphis Grizzlies,Atlanta Hawks,92,99
2024-03-08,2024,New York Knicks,Orlando Magic,98,74
2024-03-08,2024,Oklahoma City Thunder,Miami Heat,107,100
2024-03-08,2024,Philadelphia 76ers,New Orleans Pelicans,95,103
2024-03-08,2024,Portland Trail Blazers,Houston Rockets,107,123
2024-03-08,2024,Washington Wizards,Charlotte Hornets,112,100
2024-03-09,2024,Charlotte Hornets,Brooklyn Nets,110,99
2024-03-09,2024,Denver Nuggets,Utah Jazz,142,121
2024-03-09,2024,Detroit Pistons,Dallas Mavericks,124,142
2024-03-09,2024,Golden State Warriors,San Antonio Spurs,113,126
2024-03-09,2024,Los Angeles Clippers,Chicago Bulls,112,102
2024-03-09,2024,Phoenix Suns,Boston Celtics,107,117
2024-03-09,2024,Portland Trail Blazers,Toronto Raptors,128,118
2024-03-10,2024,Atlanta Hawks,New Orleans Pelicans,103,116
2024-03-10,2024,Cleveland Cavaliers,Brooklyn Nets,101,120
2024-03-10,2024,Los Angeles Clippers,Milwaukee Bucks,117,124
2024-03-10,2024,Los Angeles Lakers,Minnesota Timberwolves,120,109
2024-03-10,2024,Miami Heat,Washington Wizards,108,110
2024-03-10,2024,New York Knicks,Philadelphia 76ers,73,79
2024-03-10,2024,Oklahoma City Thunder,Memphis Grizzlies,124,93
2024-03-10,2024,Orlando Magic,Indiana Pacers,97,111
2024-03-10,2024,Sacramento Kings,Houston Rockets,104,112
2024-03-11,2024,Chicago Bulls,Dallas Mavericks,92,127
2024-03-11,2024,Cleveland Cavaliers,Phoenix Suns,111,117
2024-03-11,2024,Denver Nuggets,Toronto Raptors,125,119
2024-03-11,2024,Detroit Pistons,Charlotte Hornets,114,97
2024-03-11,2024,Portland Trail Blazers,Boston Celtics,99,121
2024-03-11,2024,San Antonio Spurs,Golden State Warriors,102,112
2024-03-12,2024,Los Angeles Clippers,Minnesota Timberwolves,100,118
2024-03-12,2024,Memphis Grizzlies,Washington Wizards,109,97
2024-03-12,2024,New York Knicks,Philadelphia 76ers,106,79
2024-03-12,2024,Oklahoma City Thunder,Indiana Pacers,111,121
2024-03-12,2024,Sacramento Kings,Milwaukee Bucks,129,94
2024-03-12,2024,San Antonio Spurs,Houston Rockets,101,103
2024-03-12,2024,Utah Jazz,Boston Celtics,107,123
2024-03-13,2024,Dallas Mavericks,Golden State Warriors,109,99
2024-03-13,2024,Detroit Pistons,Toronto Raptors,113,104
2024-03-13,2024,Indiana Pacers,Chicago Bulls,129,132
2024-03-13,2024,Memphis Grizzlies,Charlotte Hornets,98,110
2024-03-13,2024,Miami Heat,Denver Nuggets,88,100
2024-03-13,2024,New Orleans Pelicans,Cleveland Cavaliers,95,116
2024-03-13,2024,Orlando Magic,Brooklyn Nets,114,106
2024-03-13,2024,Portland Trail Blazers,Atlanta Hawks,106,102
2024-03-13,2024,Sacramento Kings,Los Angeles Lakers,120,107
2024-03-14,2024,Boston Celtics,Phoenix Suns,127,112
2024-03-14,2024,Chicago Bulls,Los Angeles Clippers,111,126
2024-03-14,2024,Houston Rockets,Washington Wizards,135,119
2024-03-14,2024,Milwaukee Bucks,Philadelphia 76ers,114,105
2024-03-14,2024,Oklahoma City Thunder,Dallas Mavericks,126,119
2024-03-14,2024,Portland Trail Blazers,New York Knicks,93,105
2024-03-15,2024,Charlotte Hornets,Phoenix Suns,96,107
2024-03-15,2024,Detroit Pistons,Miami Heat,95,108
2024-03-15,2024,New Orleans Pelicans,Los Angeles Clippers,112,104
2024-03-15,2024,San Antonio Spurs,Denver Nuggets,106,117
2024-03-15,2024,Toronto Raptors,Orlando Magic,103,113
2024-03-15,2024,Utah Jazz,Atlanta Hawks,124,122
2024-03-16,2024,Chicago Bulls,Washington Wizards,127,98
2024-03-16,2024,Houston Rockets,Cleveland Cavaliers,117,103
2024-03-16,2024,Indiana Pacers,Brooklyn Nets,121,100
2024-03-16,2024,Los Angeles Lakers,Golden State Warriors,121,128
2024-03-16,2024,Memphis Grizzlies,Oklahoma City Thunder,112,118
2024-03-16,2024,New Orleans Pelicans,Portland Trail Blazers,126,107
2024-03-16,2024,Philadelphia 76ers,Charlotte Hornets,109,98
2024-03-16,2024,Sacramento Kings,New York Knicks,91,98
2024-03-16,2024,Utah Jazz,Minnesota Timberwolves,100,119
2024-03-17,2024,Dallas Mavericks,Denver Nuggets,107,105
2024-03-17,2024,Detroit Pistons,Miami Heat,101,104
2024-03-17,2024,Los Angeles Clippers,Atlanta Hawks,93,110
2024-03-17,2024,Milwaukee Bucks,Phoenix Suns,140,129
2024-03-17,2024,Orlando Magic,Toronto Raptors,111,96
2024-03-17,2024,San Antonio Spurs,Brooklyn Nets,122,115
2024-03-17,2024,Washington Wizards,Boston Celtics,104,130
2024-03-18,2024,Boston Celtics,Detroit Pistons,119,94
2024-03-18,2024,Chicago Bulls,Portland Trail Blazers,110,107
2024-03-18,2024,Golden State Warriors,New York Knicks,112,119
2024-03-18,2024,Indiana Pacers,Cleveland Cavaliers,103,108
2024-03-18,2024,Los Angeles Lakers,Atlanta Hawks,136,105
2024-03-18,2024,Philadelphia 76ers,Miami Heat,98,91
2024-03-18,2024,Sacramento Kings,Memphis Grizzlies,121,111
2024-03-18,2024,Utah Jazz,Minnesota Timberwolves,104,114
2024-03-19,2024,Brooklyn Nets,New Orleans Pelicans,91,104
2024-03-19,2024,Minnesota Timberwolves,Denver Nuggets,112,115
2024-03-19,2024,Orlando Magic,Charlotte Hornets,112,92
2024-03-19,2024,San Antonio Spurs,Dallas Mavericks,107,113
2024-03-19,2024,Washington Wizards,Houston Rockets,114,137
2024-03-20,2024,Boston Celtics,Milwaukee Bucks,122,119
2024-03-20,2024,Cleveland Cavaliers,Miami Heat,104,107
2024-03-20,2024,Detroit Pistons,Indiana Pacers,103,122
2024-03-20,2024,Golden State Warriors,Memphis Grizzlies,137,116
2024-03-20,2024,Oklahoma City Thunder,Utah Jazz,119,107
2024-03-20,2024,Phoenix Suns,Philadelphia 76ers,115,102
2024-03-20,2024,Portland Trail Blazers,Los Angeles Clippers,103,116
2024-03-20,2024,Toronto Raptors,Sacramento Kings,89,123
2024-03-21,2024,Dallas Mavericks,Utah Jazz,113,97
2024-03-21,2024,Denver Nuggets,New York Knicks,113,100
2024-03-21,2024,Houston Rockets,Chicago Bulls,127,117
2024-03-21,2024,Milwaukee Bucks,Brooklyn Nets,115,108
2024-03-21,2024,Orlando Magic,New Orleans Pelicans,121,106
2024-03-21,2024,Phoenix Suns,Atlanta Hawks,128,115
2024-03-21,2024,Washington Wizards,Sacramento Kings,109,102
2024-03-22,2024,Detroit Pistons,Boston Celtics,102,129
2024-03-22,2024,Golden State Warriors,Indiana Pacers,111,123
2024-03-22,2024,Los Angeles Lakers,Philadelphia 76ers,101,94
2024-03-22,2024,Miami Heat,New Orleans Pelicans,88,111
2024-03-22,2024,Minnesota Timberwolves,Cleveland Cavaliers,104,91
2024-03-22,2024,Portland Trail Blazers,Los Angeles Clippers,117,125
2024-03-22,2024,San Antonio Spurs,Memphis Grizzlies,97,99
2024-03-22,2024,Toronto Raptors,Oklahoma City Thunder,103,123
2024-03-23,2024,Atlanta Hawks,Charlotte Hornets,132,91
2024-03-23,2024,Chicago Bulls,Boston Celtics,113,124
2024-03-23,2024,Houston Rockets,Utah Jazz,147,119
2024-03-23,2024,New York Knicks,Brooklyn Nets,105,93
2024-03-23,2024,Orlando Magic,Sacramento Kings,107,109
2024-03-23,2024,Portland Trail Blazers,Denver Nuggets,111,114
2024-03-23,2024,San Antonio Spurs,Phoenix Suns,106,131
2024-03-23,2024,Washington Wizards,Toronto Raptors,112,109
2024-03-24,2024,Detroit Pistons,New Orleans Pelicans,101,114
2024-03-24,2024,Los Angeles Clippers,Philadelphia 76ers,107,121
2024-03-24,2024,Los Angeles Lakers,Indiana Pacers,150,145
2024-03-24,2024,Miami Heat,Cleveland Cavaliers,121,84
2024-03-24,2024,Milwaukee Bucks,Oklahoma City Thunder,118,93
2024-03-24,2024,Minnesota Timberwolves,Golden State Warriors,114,110
2024-03-25,2024,Atlanta Hawks,Boston Celtics,120,118
2024-03-25,2024,Chicago Bulls,Washington Wizards,105,107
2024-03-25,2024,Cleveland Cavaliers,Charlotte Hornets,115,92
2024-03-25,2024,Denver Nuggets,Memphis Grizzlies,128,103
2024-03-25,2024,Houston Rockets,Portland Trail Blazers,110,92
2024-03-25,2024,Los Angeles Clippers,Indiana Pacers,116,133
2024-03-25,2024,New York Knicks,Detroit Pistons,124,99
2024-03-25,2024,Sacramento Kings,Philadelphia 76ers,108,96
2024-03-25,2024,San Antonio Spurs,Phoenix Suns,104,102
2024-03-25,2024,Toronto Raptors,Brooklyn Nets,88,96
2024-03-25,2024,Utah Jazz,Dallas Mavericks,105,115
2024-03-26,2024,Miami Heat,Golden State Warriors,92,113
2024-03-26,2024,Milwaukee Bucks,Los Angeles Lakers,124,128
2024-03-26,2024,New Orleans Pelicans,Oklahoma City Thunder,112,119
2024-03-26,2024,Sacramento Kings,Dallas Mavericks,96,132
2024-03-27,2024,Atlanta Hawks,Portland Trail Blazers,120,106
2024-03-27,2024,Charlotte Hornets,Cleveland Cavaliers,118,111
2024-03-27,2024,Chicago Bulls,Indiana Pacers,125,99
2024-03-27,2024,Denver Nuggets,Phoenix Suns,97,104
2024-03-27,2024,Memphis Grizzlies,Los Angeles Lakers,124,136
2024-03-27,2024,Minnesota Timberwolves,Detroit Pistons,106,91
2024-03-27,2024,Oklahoma City Thunder,Houston Rockets,126,132
2024-03-27,2024,Orlando Magic,Golden State Warriors,93,101
2024-03-27,2024,Philadelphia 76ers,Los Angeles Clippers,107,108
2024-03-27,2024,Toronto Raptors,New York Knicks,101,145
2024-03-27,2024,Utah Jazz,San Antonio Spurs,111,118
2024-03-27,2024,Washington Wizards,Brooklyn Nets,119,122
2024-03-28,2024,Atlanta Hawks,Boston Celtics,123,122
2024-03-28,2024,New Orleans Pelicans,Milwaukee Bucks,107,100
2024-03-29,2024,Brooklyn Nets,Chicago Bulls,125,108
2024-03-29,2024,Charlotte Hornets,Golden State Warriors,97,115
2024-03-29,2024,Cleveland Cavaliers,Philadelphia 76ers,117,114
2024-03-29,2024,Denver Nuggets,Minnesota Timberwolves,98,111
2024-03-29,2024,Indiana Pacers,Los Angeles Lakers,109,90
2024-03-29,2024,Miami Heat,Portland Trail Blazers,142,82
2024-03-29,2024,Oklahoma City Thunder,Phoenix Suns,128,103
2024-03-29,2024,Orlando Magic,Los Angeles Clippers,97,100
2024-03-29,2024,Sacramento Kings,Dallas Mavericks,103,107
2024-03-29,2024,San Antonio Spurs,New York Knicks,130,126
2024-03-29,2024,Utah Jazz,Houston Rockets,100,101
2024-03-29,2024,Washington Wizards,Detroit Pistons,87,96
2024-03-30,2024,Atlanta Hawks,Milwaukee Bucks,113,122
2024-03-30,2024,New Orleans Pelicans,Boston Celtics,92,104
2024-03-30,2024,Orlando Magic,Memphis Grizzlies,118,88
2024-03-31,2024,Brooklyn Nets,Los Angeles Lakers,104,116
2024-03-31,2024,Charlotte Hornets,Los Angeles Clippers,118,130
2024-03-31,2024,Denver Nuggets,Cleveland Cavaliers,130,101
2024-03-31,2024,Houston Rockets,Dallas Mavericks,107,125
2024-03-31,2024,Minnesota Timberwolves,Chicago Bulls,101,109
2024-03-31,2024,New York Knicks,Oklahoma City Thunder,112,113
2024-03-31,2024,Sacramento Kings,Utah Jazz,127,106
2024-03-31,2024,San Antonio Spurs,Golden State Warriors,113,117
2024-03-31,2024,Toronto Raptors,Philadelphia 76ers,120,135
2024-03-31,2024,Washington Wizards,Miami Heat,107,119
2024-04-01,2024,Charlotte Hornets,Boston Celtics,104,118
2024-04-01,2024,Chicago Bulls,Atlanta Hawks,101,113
2024-04-01,2024,Detroit Pistons,Memphis Grizzlies,108,110
2024-04-01,2024,Indiana Pacers,Brooklyn Nets,133,111
2024-04-01,2024,New Orleans Pelicans,Phoenix Suns,111,124
2024-04-01,2024,Orlando Magic,Portland Trail Blazers,104,103
2024-04-02,2024,Denver Nuggets,San Antonio Spurs,110,105
2024-04-02,2024,Golden State Warriors,Dallas Mavericks,104,100
2024-04-02,2024,Miami Heat,New York Knicks,109,99
2024-04-02,2024,Minnesota Timberwolves,Houston Rockets,113,106
2024-04-02,2024,Philadelphia 76ers,Oklahoma City Thunder,109,105
2024-04-02,2024,Sacramento Kings,Los Angeles Clippers,109,95
2024-04-02,2024,Toronto Raptors,Los Angeles Lakers,111,128
2024-04-02,2024,Utah Jazz,Cleveland Cavaliers,113,129
2024-04-02,2024,Washington Wizards,Milwaukee Bucks,117,113
2024-04-03,2024,Atlanta Hawks,Detroit Pistons,121,113
2024-04-03,2024,Boston Celtics,Oklahoma City Thunder,135,100
2024-04-03,2024,Brooklyn Nets,Indiana Pacers,115,111
2024-04-03,2024,Charlotte Hornets,Portland Trail Blazers,86,89
2024-04-03,2024,Milwaukee Bucks,Memphis Grizzlies,101,111
2024-04-03,2024,Minnesota Timberwolves,Toronto Raptors,133,85
2024-04-03,2024,New Orleans Pelicans,Orlando Magic,108,117
2024-04-03,2024,Phoenix Suns,Cleveland Cavaliers,122,101
2024-04-03,2024,Washington Wizards,Los Angeles Lakers,120,125
2024-04-04,2024,Dallas Mavericks,Atlanta Hawks,109,95
2024-04-04,2024,Houston Rockets,Golden State Warriors,110,133
2024-04-04,2024,Los Angeles Clippers,Denver Nuggets,102,100
2024-04-04,2024,Miami Heat,Philadelphia 76ers,105,109
2024-04-04,2024,New York Knicks,Sacramento Kings,120,109
2024-04-05,2024,Boston Celtics,Sacramento Kings,101,100
2024-04-05,2024,Charlotte Hornets,Orlando Magic,124,115
2024-04-05,2024,Chicago Bulls,New York Knicks,108,100
2024-04-05,2024,Dallas Mavericks,Golden State Warriors,108,106
2024-04-05,2024,Houston Rockets,Miami Heat,104,119
2024-04-05,2024,Indiana Pacers,Oklahoma City Thunder,126,112
2024-04-05,2024,Los Angeles Clippers,Utah Jazz,131,102
2024-04-05,2024,Memphis Grizzlies,Detroit Pistons,108,90
2024-04-05,2024,Milwaukee Bucks,Toronto Raptors,111,117
2024-04-05,2024,New Orleans Pelicans,San Antonio Spurs,109,111
2024-04-05,2024,Phoenix Suns,Minnesota Timberwolves,97,87
2024-04-05,2024,Washington Wizards,Portland Trail Blazers,102,108
2024-04-06,2024,Brooklyn Nets,Detroit Pistons,113,103
2024-04-06,2024,Denver Nuggets,Atlanta Hawks,142,110
2024-04-06,2024,Los Angeles Lakers,Cleveland Cavaliers,116,97
2024-04-06,2024,Memphis Grizzlies,Philadelphia 76ers,96,116
2024-04-07,2024,Boston Celtics,Portland Trail Blazers,124,107
2024-04-07,2024,Brooklyn Nets,Sacramento Kings,77,107
2024-04-07,2024,Charlotte Hornets,Oklahoma City Thunder,118,121
2024-04-07,2024,Dallas Mavericks,Houston Rockets,147,136
2024-04-07,2024,Golden State Warriors,Utah Jazz,118,110
2024-04-07,2024,Indiana Pacers,Miami Heat,117,115
2024-04-07,2024,Los Angeles Clippers,Cleveland Cavaliers,120,118
2024-04-07,2024,Los Angeles Lakers,Minnesota Timberwolves,117,127
2024-04-07,2024,Milwaukee Bucks,New York Knicks,109,122
2024-04-07,2024,Orlando Magic,Chicago Bulls,113,98
2024-04-07,2024,Phoenix Suns,New Orleans Pelicans,105,113
2024-04-07,2024,San Antonio Spurs,Philadelphia 76ers,126,133
2024-04-07,2024,Toronto Raptors,Washington Wizards,130,122
2024-04-09,2024,Atlanta Hawks,Miami Heat,111,117
2024-04-09,2024,Charlotte Hornets,Dallas Mavericks,104,130
2024-04-09,2024,Chicago Bulls,New York Knicks,117,128
2024-04-09,2024,Houston Rockets,Orlando Magic,118,106
2024-04-09,2024,Los Angeles Lakers,Golden State Warriors,120,134
2024-04-09,2024,Memphis Grizzlies,San Antonio Spurs,87,102
2024-04-09,2024,Milwaukee Bucks,Boston Celtics,104,91
2024-04-09,2024,Minnesota Timberwolves,Washington Wizards,130,121
2024-04-09,2024,Oklahoma City Thunder,Sacramento Kings,112,105
2024-04-09,2024,Philadelphia 76ers,Detroit Pistons,120,102
2024-04-09,2024,Phoenix Suns,Los Angeles Clippers,92,105
2024-04-09,2024,Portland Trail Blazers,New Orleans Pelicans,100,110
2024-04-09,2024,Toronto Raptors,Indiana Pacers,123,140
2024-04-09,2024,Utah Jazz,Denver Nuggets,95,111
2024-04-10,2024,Atlanta Hawks,Charlotte Hornets,114,115
2024-04-10,2024,Brooklyn Nets,Toronto Raptors,106,102
2024-04-10,2024,Cleveland Cavaliers,Memphis Grizzlies,110,98
2024-04-10,2024,Denver Nuggets,Minnesota Timberwolves,116,107
2024-04-10,2024,Los Angeles Clippers,Phoenix Suns,108,124
2024-04-10,2024,Miami Heat,Dallas Mavericks,92,111
2024-04-10,2024,Milwaukee Bucks,Orlando Magic,117,99
2024-04-10,2024,Oklahoma City Thunder,San Antonio Spurs,127,89
2024-04-11,2024,Boston Celtics,New York Knicks,109,118
2024-04-11,2024,Detroit Pistons,Chicago Bulls,105,127
2024-04-11,2024,Portland Trail Blazers,Golden State Warriors,92,100
2024-04-11,2024,Sacramento Kings,New Orleans Pelicans,123,135
2024-04-11,2024,Utah Jazz,Houston Rockets,124,121
2024-04-12,2024,Boston Celtics,Charlotte Hornets,131,98
2024-04-12,2024,Cleveland Cavaliers,Indiana Pacers,129,120
2024-04-12,2024,Dallas Mavericks,Detroit Pistons,89,107
2024-04-12,2024,Golden State Warriors,New Orleans Pelicans,109,114
2024-04-12,2024,Los Angeles Clippers,Utah Jazz,109,110
2024-04-12,2024,Memphis Grizzlies,Los Angeles Lakers,120,123
2024-04-12,2024,Miami Heat,Toronto Raptors,125,103
2024-04-12,2024,Minnesota Timberwolves,Atlanta Hawks,109,106
2024-04-12,2024,New York Knicks,Brooklyn Nets,111,107
2024-04-12,2024,Oklahoma City Thunder,Milwaukee Bucks,125,107
2024-04-12,2024,Philadelphia 76ers,Orlando Magic,125,113
2024-04-12,2024,Portland Trail Blazers,Houston Rockets,107,116
2024-04-12,2024,Sacramento Kings,Phoenix Suns,107,108
2024-04-12,2024,San Antonio Spurs,Denver Nuggets,121,120
2024-04-12,2024,Washington Wizards,Chicago Bulls,127,129
2024-04-14,2024,Boston Celtics,Washington Wizards,132,122
2024-04-14,2024,Cleveland Cavaliers,Charlotte Hornets,110,120
2024-04-14,2024,Golden State Warriors,Utah Jazz,123,116
2024-04-14,2024,Indiana Pacers,Atlanta Hawks,157,115
2024-04-14,2024,Los Angeles Clippers,Houston Rockets,105,116
2024-04-14,2024,Memphis Grizzlies,Denver Nuggets,111,126
2024-04-14,2024,Miami Heat,Toronto Raptors,118,103
2024-04-14,2024,Minnesota Timberwolves,Phoenix Suns,106,125
2024-04-14,2024,New Orleans Pelicans,Los Angeles Lakers,108,124
2024-04-14,2024,New York Knicks,Chicago Bulls,120,119
2024-04-14,2024,Oklahoma City Thunder,Dallas Mavericks,135,86
2024-04-14,2024,Orlando Magic,Milwaukee Bucks,113,88
2024-04-14,2024,Philadelphia 76ers,Brooklyn Nets,107,86
2024-04-14,2024,Sacramento Kings,Portland Trail Blazers,121,82
2024-04-14,2024,San Antonio Spurs,Detroit Pistons,123,95
2024-04-16,2024,New Orleans Pelicans,Los Angeles Lakers,106,110
2024-04-16,2024,Sacramento Kings,Golden State Warriors,118,94
2024-04-17,2024,Chicago Bulls,Atlanta Hawks,131,116
2024-04-17,2024,Philadelphia 76ers,Miami Heat,105,104
2024-04-19,2024,Miami Heat,Chicago Bulls,112,91
2024-04-19,2024,New Orleans Pelicans,Sacramento Kings,105,98
2024-04-20,2024,Cleveland Cavaliers,Orlando Magic,97,83
2024-04-20,2024,Denver Nuggets,Los Angeles Lakers,114,103
2024-04-20,2024,Minnesota Timberwolves,Phoenix Suns,120,95
2024-04-20,2024,New York Knicks,Philadelphia 76ers,111,104
2024-04-21,2024,Boston Celtics,Miami Heat,114,94
2024-04-21,2024,Los Angeles Clippers,Dallas Mavericks,109,97
2024-04-21,2024,Milwaukee Bucks,Indiana Pacers,109,94
2024-04-21,2024,Oklahoma City Thunder,New Orleans Pelicans,94,92
2024-04-22,2024,Cleveland Cavaliers,Orlando Magic,96,86
2024-04-22,2024,Denver Nuggets,Los Angeles Lakers,101,99
2024-04-22,2024,New York Knicks,Philadelphia 76ers,104,101
2024-04-23,2024,Los Angeles Clippers,Dallas Mavericks,93,96
2024-04-23,2024,Milwaukee Bucks,Indiana Pacers,108,125
2024-04-23,2024,Minnesota Timberwolves,Phoenix Suns,105,93
2024-04-24,2024,Boston Celtics,Miami Heat,101,111
2024-04-24,2024,Oklahoma City Thunder,New Orleans Pelicans,124,92
2024-04-25,2024,Los Angeles Lakers,Denver Nuggets,105,112
2024-04-25,2024,Orlando Magic,Cleveland Cavaliers,121,83
2024-04-25,2024,Philadelphia 76ers,New York Knicks,125,114
2024-04-26,2024,Dallas Mavericks,Los Angeles Clippers,101,90
2024-04-26,2024,Indiana Pacers,Milwaukee Bucks,121,118
2024-04-26,2024,Phoenix Suns,Minnesota Timberwolves,109,126
2024-04-27,2024,Los Angeles Lakers,Denver Nuggets,119,108
2024-04-27,2024,Miami Heat,Boston Celtics,84,104
2024-04-27,2024,New Orleans Pelicans,Oklahoma City Thunder,85,106
2024-04-27,2024,Orlando Magic,Cleveland Cavaliers,112,89
2024-04-28,2024,Dallas Mavericks,Los Angeles Clippers,111,116
2024-04-28,2024,Indiana Pacers,Milwaukee Bucks,126,113
2024-04-28,2024,Philadelphia 76ers,New York Knicks,92,97
2024-04-28,2024,Phoenix Suns,Minnesota Timberwolves,116,122
2024-04-29,2024,Denver Nuggets,Los Angeles Lakers,108,106
2024-04-29,2024,Miami Heat,Boston Celtics,88,102
2024-04-29,2024,New Orleans Pelicans,Oklahoma City Thunder,89,97
2024-04-30,2024,Cleveland Cavaliers,Orlando Magic,104,103
2024-04-30,2024,Milwaukee Bucks,Indiana Pacers,115,92
2024-04-30,2024,New York Knicks,Philadelphia 76ers,106,112
2024-05-01,2024,Boston Celtics,Miami Heat,118,84
2024-05-01,2024,Los Angeles Clippers,Dallas Mavericks,93,123
2024-05-02,2024,Indiana Pacers,Milwaukee Bucks,120,98
2024-05-02,2024,Philadelphia 76ers,New York Knicks,115,118
2024-05-03,2024,Dallas Mavericks,Los Angeles Clippers,114,101
2024-05-03,2024,Orlando Magic,Cleveland Cavaliers,103,96
2024-05-04,2024,Denver Nuggets,Minnesota Timberwolves,99,106
2024-05-05,2024,Cleveland Cavaliers,Orlando Magic,106,94
2024-05-06,2024,Denver Nuggets,Minnesota Timberwolves,80,106
2024-05-06,2024,New York Knicks,Indiana Pacers,121,117
2024-05-07,2024,Boston Celtics,Cleveland Cavaliers,120,95
2024-05-07,2024,Oklahoma City Thunder,Dallas Mavericks,117,95
2024-05-08,2024,New York Knicks,Indiana Pacers,130,121
2024-05-09,2024,Boston Celtics,Cleveland Cavaliers,94,118
2024-05-09,2024,Oklahoma City Thunder,Dallas Mavericks,110,119
2024-05-10,2024,Indiana Pacers,New York Knicks,111,106
2024-05-10,2024,Minnesota Timberwolves,Denver Nuggets,90,117
2024-05-11,2024,Cleveland Cavaliers,Boston Celtics,93,106
2024-05-11,2024,Dallas Mavericks,Oklahoma City Thunder,105,101
2024-05-12,2024,Indiana Pacers,New York Knicks,121,89
2024-05-12,2024,Minnesota Timberwolves,Denver Nuggets,107,115
2024-05-13,2024,Cleveland Cavaliers,Boston Celtics,102,109
2024-05-13,2024,Dallas Mavericks,Oklahoma City Thunder,96,100
2024-05-14,2024,Denver Nuggets,Minnesota Timberwolves,112,97
2024-05-14,2024,New York Knicks,Indiana Pacers,121,91
2024-05-15,2024,Boston Celtics,Cleveland Cavaliers,113,98
2024-05-15,2024,Oklahoma City Thunder,Dallas Mavericks,92,104
2024-05-16,2024,Minnesota Timberwolves,Denver Nuggets,115,70
2024-05-17,2024,Indiana Pacers,New York Knicks,116,103
2024-05-18,2024,Dallas Mavericks,Oklahoma City Thunder,117,116
2024-05-19,2024,Denver Nuggets,Minnesota Timberwolves,90,98
2024-05-19,2024,New York Knicks,Indiana Pacers,109,130
2024-05-21,2024,Boston Celtics,Indiana Pacers,133,128
2024-05-22,2024,Minnesota Timberwolves,Dallas Mavericks,105,108
2024-05-23,2024,Boston Celtics,Indiana Pacers,126,110
2024-05-24,2024,Minnesota Timberwolves,Dallas Mavericks,108,109
2024-05-25,2024,Indiana Pacers,Boston Celtics,111,114
2024-05-26,2024,Dallas Mavericks,Minnesota Timberwolves,116,107
2024-05-27,2024,Indiana Pacers,Boston Celtics,102,105
2024-05-28,2024,Dallas Mavericks,Minnesota Timberwolves,100,105
2024-05-30,2024,Minnesota Timberwolves,Dallas Mavericks,103,124
2024-06-06,2024,Boston Celtics,Dallas Mavericks,107,89
2024-06-09,2024,Boston Celtics,Dallas Mavericks,105,98
2024-06-12,2024,Dallas Mavericks,Boston Celtics,99,106
2024-06-14,2024,Dallas Mavericks,Boston Celtics,122,84
2024-06-17,2024,Boston Celtics,Dallas Mavericks,106,88
2024-10-22,2025,Boston Celtics,New York Knicks,132,109
2024-10-22,2025,Los Angeles Lakers,Minnesota Timberwolves,110,103
2024-10-23,2025,Atlanta Hawks,Brooklyn Nets,120,116
2024-10-23,2025,Detroit Pistons,Indiana Pacers,109,115
2024-10-23,2025,Houston Rockets,Charlotte Hornets,105,110
2024-10-23,2025,Los Angeles Clippers,Phoenix Suns,113,116
2024-10-23,2025,Miami Heat,Orlando Magic,97,116
2024-10-23,2025,New Orleans Pelicans,Chicago Bulls,123,111
2024-10-23,2025,Philadelphia 76ers,Milwaukee Bucks,109,124
2024-10-23,2025,Portland Trail Blazers,Golden State Warriors,104,140
2024-10-23,2025,Toronto Raptors,Cleveland Cavaliers,106,136
2024-10-23,2025,Utah Jazz,Memphis Grizzlies,124,126
2024-10-24,2025,Dallas Mavericks,San Antonio Spurs,120,109
2024-10-24,2025,Denver Nuggets,Oklahoma City Thunder,87,102
2024-10-24,2025,Sacramento Kings,Minnesota Timberwolves,115,117
2024-10-24,2025,Washington Wizards,Boston Celtics,102,122
2024-10-25,2025,Atlanta Hawks,Charlotte Hornets,125,120
2024-10-25,2025,Cleveland Cavaliers,Detroit Pistons,113,101
2024-10-25,2025,Houston Rockets,Memphis Grizzlies,128,108
2024-10-25,2025,Los Angeles Lakers,Phoenix Suns,123,116
2024-10-25,2025,Milwaukee Bucks,Chicago Bulls,122,133
2024-10-25,2025,New York Knicks,Indiana Pacers,123,98
2024-10-25,2025,Orlando Magic,Brooklyn Nets,116,101
2024-10-25,2025,Portland Trail Blazers,New Orleans Pelicans,103,105
2024-10-25,2025,Toronto Raptors,Philadelphia 76ers,115,107
2024-10-25,2025,Utah Jazz,Golden State Warriors,86,127
2024-10-26,2025,Charlotte Hornets,Miami Heat,106,114
2024-10-26,2025,Chicago Bulls,Oklahoma City Thunder,95,114
2024-10-26,2025,Denver Nuggets,Los Angeles Clippers,104,109
2024-10-26,2025,Detroit Pistons,Boston Celtics,118,124
2024-10-26,2025,Los Angeles Lakers,Sacramento Kings,131,127
2024-10-26,2025,Memphis Grizzlies,Orlando Magic,124,111
2024-10-26,2025,Minnesota Timberwolves,Toronto Raptors,112,101
2024-10-26,2025,Phoenix Suns,Dallas Mavericks,114,102
2024-10-26,2025,San Antonio Spurs,Houston Rockets,109,106
2024-10-26,2025,Washington Wizards,Cleveland Cavaliers,116,135
2024-10-27,2025,Brooklyn Nets,Milwaukee Bucks,115,102
2024-10-27,2025,Golden State Warriors,Los Angeles Clippers,104,112
2024-10-27,2025,Indiana Pacers,Philadelphia 76ers,114,118
2024-10-27,2025,Oklahoma City Thunder,Atlanta Hawks,128,104
2024-10-27,2025,Portland Trail Blazers,New Orleans Pelicans,125,103
2024-10-28,2025,Atlanta Hawks,Washington Wizards,119,121
2024-10-28,2025,Boston Celtics,Milwaukee Bucks,119,108
2024-10-28,2025,Dallas Mavericks,Utah Jazz,110,102
2024-10-28,2025,Memphis Grizzlies,Chicago Bulls,123,126
2024-10-28,2025,Miami Heat,Detroit Pistons,106,98
2024-10-28,2025,New York Knicks,Cleveland Cavaliers,104,110
2024-10-28,2025,Orlando Magic,Indiana Pacers,119,115
2024-10-28,2025,Phoenix Suns,Los Angeles Lakers,109,105
2024-10-28,2025,Sacramento Kings,Portland Trail Blazers,111,98
2024-10-28,2025,San Antonio Spurs,Houston Rockets,101,106
2024-10-28,2025,Toronto Raptors,Denver Nuggets,125,127
2024-10-29,2025,Brooklyn Nets,Denver Nuggets,139,144
2024-10-29,2025,Golden State Warriors,New Orleans Pelicans,124,106
2024-10-29,2025,Minnesota Timberwolves,Dallas Mavericks,114,120
2024-10-29,2025,Utah Jazz,Sacramento Kings,96,113
2024-10-30,2025,Charlotte Hornets,Toronto Raptors,138,133
2024-10-30,2025,Chicago Bulls,Orlando Magic,102,99
2024-10-30,2025,Cleveland Cavaliers,Los Angeles Lakers,134,110
2024-10-30,2025,Golden State Warriors,New Orleans Pelicans,104,89
2024-10-30,2025,Indiana Pacers,Boston Celtics,135,132
2024-10-30,2025,Los Angeles Clippers,Portland Trail Blazers,105,106
2024-10-30,2025,Memphis Grizzlies,Brooklyn Nets,106,119
2024-10-30,2025,Miami Heat,New York Knicks,107,116
2024-10-30,2025,Oklahoma City Thunder,San Antonio Spurs,105,93
2024-10-30,2025,Philadelphia 76ers,Detroit Pistons,95,105
2024-10-30,2025,Washington Wizards,Atlanta Hawks,133,120
2024-10-31,2025,Dallas Mavericks,Houston Rockets,102,108
2024-10-31,2025,Los Angeles Clippers,Phoenix Suns,119,125
2024-10-31,2025,Memphis Grizzlies,Milwaukee Bucks,122,99
2024-10-31,2025,Utah Jazz,San Antonio Spurs,88,106
2024-11-01,2025,Atlanta Hawks,Sacramento Kings,115,123
2024-11-01,2025,Brooklyn Nets,Chicago Bulls,120,112
2024-11-01,2025,Charlotte Hornets,Boston Celtics,109,124
2024-11-01,2025,Cleveland Cavaliers,Orlando Magic,120,109
2024-11-01,2025,Detroit Pistons,New York Knicks,98,128
2024-11-01,2025,Minnesota Timberwolves,Denver Nuggets,119,116
2024-11-01,2025,New Orleans Pelicans,Indiana Pacers,125,118
2024-11-01,2025,Portland Trail Blazers,Oklahoma City Thunder,114,137
2024-11-01,2025,Toronto Raptors,Los Angeles Lakers,125,131
2024-11-02,2025,Charlotte Hornets,Boston Celtics,103,113
2024-11-02,2025,Denver Nuggets,Utah Jazz,129,103
2024-11-02,2025,Houston Rockets,Golden State Warriors,121,127
2024-11-02,2025,Los Angeles Clippers,Oklahoma City Thunder,92,105
2024-11-02,2025,Milwaukee Bucks,Cleveland Cavaliers,113,114
2024-11-02,2025,Philadelphia 76ers,Memphis Grizzlies,107,124
2024-11-02,2025,Phoenix Suns,Portland Trail Blazers,103,97
2024-11-02,2025,San Antonio Spurs,Minnesota Timberwolves,113,103
2024-11-02,2025,Toronto Raptors,Sacramento Kings,131,128
2024-11-02,2025,Washington Wizards,Miami Heat,98,118
2024-11-03,2025,Brooklyn Nets,Detroit Pistons,92,106
2024-11-03,2025,Dallas Mavericks,Orlando Magic,108,85
2024-11-03,2025,New Orleans Pelicans,Atlanta Hawks,111,126
2024-11-04,2025,Atlanta Hawks,Boston Celtics,93,123
2024-11-04,2025,Brooklyn Nets,Memphis Grizzlies,106,104
2024-11-04,2025,Chicago Bulls,Utah Jazz,126,135
2024-11-04,2025,Cleveland Cavaliers,Milwaukee Bucks,116,114
2024-11-04,2025,Dallas Mavericks,Indiana Pacers,127,134
2024-11-04,2025,Denver Nuggets,Toronto Raptors,121,119
2024-11-04,2025,Detroit Pistons,Los Angeles Lakers,115,103
2024-11-04,2025,Houston Rockets,New York Knicks,109,97
2024-11-04,2025,Los Angeles Clippers,San Antonio Spurs,113,104
2024-11-04,2025,Miami Heat,Sacramento Kings,110,111
2024-11-04,2025,Minnesota Timberwolves,Charlotte Hornets,114,93
2024-11-04,2025,New Orleans Pelicans,Portland Trail Blazers,100,118
2024-11-04,2025,Oklahoma City Thunder,Orlando Magic,102,86
2024-11-04,2025,Phoenix Suns,Philadelphia 76ers,118,116
2024-11-04,2025,Washington Wizards,Golden State Warriors,112,125
2024-11-06,2025,Atlanta Hawks,New York Knicks,121,116
2024-11-06,2025,Boston Celtics,Golden State Warriors,112,118
2024-11-06,2025,Charlotte Hornets,Detroit Pistons,108,107
2024-11-06,2025,Dallas Mavericks,Chicago Bulls,119,99
2024-11-06,2025,Denver Nuggets,Oklahoma City Thunder,124,122
2024-11-06,2025,Houston Rockets,San Antonio Spurs,127,100
2024-11-06,2025,Indiana Pacers,Orlando Magic,118,111
2024-11-06,2025,Los Angeles Clippers,Philadelphia 76ers,110,98
2024-11-06,2025,Memphis Grizzlies,Los Angeles Lakers,131,114
2024-11-06,2025,New Orleans Pelicans,Cleveland Cavaliers,122,131
2024-11-06,2025,Phoenix Suns,Miami Heat,115,112
2024-11-06,2025,Sacramento Kings,Toronto Raptors,122,107
2024-11-07,2025,Chicago Bulls,Minnesota Timberwolves,119,135
2024-11-07,2025,Milwaukee Bucks,Utah Jazz,123,100
2024-11-07,2025,San Antonio Spurs,Portland Trail Blazers,118,105
2024-11-08,2025,Boston Celtics,Brooklyn Nets,108,104
2024-11-08,2025,Charlotte Hornets,Indiana Pacers,103,83
2024-11-08,2025,Cleveland Cavaliers,Golden State Warriors,136,117
2024-11-08,2025,Dallas Mavericks,Phoenix Suns,113,114
2024-11-08,2025,Denver Nuggets,Miami Heat,135,122
2024-11-08,2025,Detroit Pistons,Atlanta Hawks,122,121
2024-11-08,2025,Los Angeles Lakers,Philadelphia 76ers,116,106
2024-11-08,2025,Memphis Grizzlies,Washington Wizards,128,104
2024-11-08,2025,Minnesota Timberwolves,Portland Trail Blazers,127,102
2024-11-08,2025,New York Knicks,Milwaukee Bucks,116,94
2024-11-08,2025,Oklahoma City Thunder,Houston Rockets,126,107
2024-11-08,2025,Orlando Magic,New Orleans Pelicans,115,88
2024-11-08,2025,Sacramento Kings,Los Angeles Clippers,98,107
2024-11-09,2025,Atlanta Hawks,Chicago Bulls,113,125
2024-11-09,2025,Cleveland Cavaliers,Brooklyn Nets,105,100
2024-11-09,2025,Los Angeles Clippers,Toronto Raptors,105,103
2024-11-09,2025,San Antonio Spurs,Utah Jazz,110,111
2024-11-10,2025,Denver Nuggets,Dallas Mavericks,122,120
2024-11-10,2025,Detroit Pistons,Houston Rockets,99,101
2024-11-10,2025,Indiana Pacers,New York Knicks,132,121
2024-11-10,2025,Los Angeles Lakers,Toronto Raptors,123,103
2024-11-10,2025,Milwaukee Bucks,Boston Celtics,107,113
2024-11-10,2025,Minnesota Timberwolves,Miami Heat,94,95
2024-11-10,2025,Oklahoma City Thunder,Golden State Warriors,116,127
2024-11-10,2025,Orlando Magic,Washington Wizards,121,94
2024-11-10,2025,Philadelphia 76ers,Charlotte Hornets,107,105
2024-11-10,2025,Phoenix Suns,Sacramento Kings,118,127
2024-11-10,2025,Portland Trail Blazers,Memphis Grizzlies,89,134
2024-11-11,2025,Chicago Bulls,Cleveland Cavaliers,113,119
2024-11-11,2025,Houston Rockets,Washington Wizards,107,92
2024-11-11,2025,New Orleans Pelicans,Brooklyn Nets,105,107
2024-11-11,2025,Oklahoma City Thunder,Los Angeles Clippers,134,128
2024-11-11,2025,San Antonio Spurs,Sacramento Kings,116,96
2024-11-12,2025,Boston Celtics,Atlanta Hawks,116,117
2024-11-12,2025,Detroit Pistons,Miami Heat,123,121
2024-11-12,2025,Golden State Warriors,Dallas Mavericks,120,117
2024-11-12,2025,Milwaukee Bucks,Toronto Raptors,99,85
2024-11-12,2025,Orlando Magic,Charlotte Hornets,114,89
2024-11-12,2025,Philadelphia 76ers,New York Knicks,99,111
2024-11-12,2025,Portland Trail Blazers,Minnesota Timberwolves,122,108
2024-11-12,2025,Utah Jazz,Phoenix Suns,112,120
2024-11-13,2025,Brooklyn Nets,Boston Celtics,114,139
2024-11-13,2025,Houston Rockets,Los Angeles Clippers,111,103
2024-11-13,2025,Los Angeles Lakers,Memphis Grizzlies,128,123
2024-11-13,2025,Milwaukee Bucks,Detroit Pistons,127,120
2024-11-13,2025,New York Knicks,Chicago Bulls,123,124
2024-11-13,2025,Oklahoma City Thunder,New Orleans Pelicans,106,88
2024-11-13,2025,Orlando Magic,Indiana Pacers,94,90
2024-11-13,2025,Philadelphia 76ers,Cleveland Cavaliers,106,114
2024-11-13,2025,Portland Trail Blazers,Minnesota Timberwolves,106,98
2024-11-13,2025,Sacramento Kings,Phoenix Suns,127,104
2024-11-13,2025,San Antonio Spurs,Washington Wizards,139,130
2024-11-14,2025,Utah Jazz,Dallas Mavericks,115,113
2024-11-15,2025,Atlanta Hawks,Washington Wizards,129,117
2024-11-15,2025,Cleveland Cavaliers,Chicago Bulls,144,126
2024-11-15,2025,Golden State Warriors,Memphis Grizzlies,123,118
2024-11-15,2025,Houston Rockets,Los Angeles Clippers,125,104
2024-11-15,2025,Indiana Pacers,Miami Heat,111,124
2024-11-15,2025,New Orleans Pelicans,Denver Nuggets,101,94
2024-11-15,2025,New York Knicks,Brooklyn Nets,124,122
2024-11-15,2025,Oklahoma City Thunder,Phoenix Suns,99,83
2024-11-15,2025,Orlando Magic,Philadelphia 76ers,98,86
2024-11-15,2025,Sacramento Kings,Minnesota Timberwolves,126,130
2024-11-15,2025,San Antonio Spurs,Los Angeles Lakers,115,120
2024-11-15,2025,Toronto Raptors,Detroit Pistons,95,99
2024-11-16,2025,Boston Celtics,Toronto Raptors,126,123
2024-11-16,2025,Charlotte Hornets,Milwaukee Bucks,115,114
2024-11-16,2025,Dallas Mavericks,San Antonio Spurs,110,93
2024-11-16,2025,New Orleans Pelicans,Los Angeles Lakers,99,104
2024-11-16,2025,Sacramento Kings,Utah Jazz,121,117
2024-11-17,2025,Chicago Bulls,Houston Rockets,107,143
2024-11-17,2025,Cleveland Cavaliers,Charlotte Hornets,128,114
2024-11-17,2025,Indiana Pacers,Miami Heat,119,110
2024-11-17,2025,Los Angeles Clippers,Utah Jazz,116,105
2024-11-17,2025,Memphis Grizzlies,Denver Nuggets,105,90
2024-11-17,2025,Minnesota Timberwolves,Phoenix Suns,120,117
2024-11-17,2025,New York Knicks,Brooklyn Nets,114,104
2024-11-17,2025,Oklahoma City Thunder,Dallas Mavericks,119,121
2024-11-17,2025,Portland Trail Blazers,Atlanta Hawks,114,110
2024-11-17,2025,Washington Wizards,Detroit Pistons,104,124
2024-11-18,2025,Detroit Pistons,Chicago Bulls,112,122
2024-11-18,2025,Los Angeles Clippers,Golden State Warriors,102,99
2024-11-18,2025,Miami Heat,Philadelphia 76ers,106,89
2024-11-18,2025,Milwaukee Bucks,Houston Rockets,101,100
2024-11-18,2025,New York Knicks,Washington Wizards,134,106
2024-11-18,2025,Phoenix Suns,Orlando Magic,99,109
2024-11-18,2025,Sacramento Kings,Atlanta Hawks,108,109
2024-11-18,2025,Toronto Raptors,Indiana Pacers,130,119
2024-11-19,2025,Boston Celtics,Cleveland Cavaliers,120,117
2024-11-19,2025,Brooklyn Nets,Charlotte Hornets,116,115
2024-11-19,2025,Dallas Mavericks,New Orleans Pelicans,132,91
2024-11-19,2025,Los Angeles Lakers,Utah Jazz,124,118
2024-11-19,2025,Memphis Grizzlies,Denver Nuggets,110,122
2024-11-19,2025,San Antonio Spurs,Oklahoma City Thunder,110,104
2024-11-20,2025,Cleveland Cavaliers,New Orleans Pelicans,128,100
2024-11-20,2025,Golden State Warriors,Atlanta Hawks,120,97
2024-11-20,2025,Houston Rockets,Indiana Pacers,130,113
2024-11-20,2025,Los Angeles Clippers,Orlando Magic,104,93
2024-11-20,2025,Memphis Grizzlies,Philadelphia 76ers,117,111
2024-11-20,2025,Milwaukee Bucks,Chicago Bulls,122,106
2024-11-20,2025,Oklahoma City Thunder,Portland Trail Blazers,109,99
2024-11-20,2025,Phoenix Suns,New York Knicks,122,138
2024-11-21,2025,Charlotte Hornets,Detroit Pistons,123,121
2024-11-21,2025,Los Angeles Lakers,Orlando Magic,118,119
2024-11-21,2025,San Antonio Spurs,Utah Jazz,126,118
2024-11-21,2025,Toronto Raptors,Minnesota Timberwolves,110,105
2024-11-22,2025,Chicago Bulls,Atlanta Hawks,136,122
2024-11-22,2025,Denver Nuggets,Dallas Mavericks,120,123
2024-11-22,2025,Houston Rockets,Portland Trail Blazers,116,88
2024-11-22,2025,Los Angeles Clippers,Sacramento Kings,104,88
2024-11-22,2025,Milwaukee Bucks,Indiana Pacers,129,117
2024-11-22,2025,New Orleans Pelicans,Golden State Warriors,108,112
2024-11-22,2025,Philadelphia 76ers,Brooklyn Nets,113,98
2024-11-22,2025,Washington Wizards,Boston Celtics,96,108
2024-11-23,2025,Chicago Bulls,Memphis Grizzlies,131,142
2024-11-23,2025,Houston Rockets,Portland Trail Blazers,98,104
2024-11-23,2025,Los Angeles Lakers,Denver Nuggets,102,127
2024-11-23,2025,Milwaukee Bucks,Charlotte Hornets,125,119
2024-11-23,2025,Orlando Magic,Detroit Pistons,111,100
2024-11-23,2025,San Antonio Spurs,Golden State Warriors,104,94
2024-11-23,2025,Utah Jazz,New York Knicks,121,106
2024-11-24,2025,Boston Celtics,Minnesota Timberwolves,107,105
2024-11-24,2025,Cleveland Cavaliers,Toronto Raptors,122,108
2024-11-24,2025,Indiana Pacers,Washington Wizards,115,103
2024-11-24,2025,Miami Heat,Dallas Mavericks,123,118
2024-11-24,2025,Philadelphia 76ers,Los Angeles Clippers,99,125
2024-11-24,2025,Sacramento Kings,Brooklyn Nets,103,108
2024-11-25,2025,Atlanta Hawks,Dallas Mavericks,119,129
2024-11-25,2025,Boston Celtics,Los Angeles Clippers,126,94
2024-11-25,2025,Charlotte Hornets,Orlando Magic,84,95
2024-11-25,2025,Denver Nuggets,New York Knicks,118,145
2024-11-25,2025,Detroit Pistons,Toronto Raptors,102,100
2024-11-25,2025,Golden State Warriors,Brooklyn Nets,120,128
2024-11-25,2025,Indiana Pacers,New Orleans Pelicans,114,110
2024-11-25,2025,Memphis Grizzlies,Portland Trail Blazers,123,98
2024-11-25,2025,Sacramento Kings,Oklahoma City Thunder,109,130
2024-11-26,2025,Miami Heat,Milwaukee Bucks,103,106
2024-11-26,2025,Minnesota Timberwolves,Houston Rockets,111,117
2024-11-26,2025,Phoenix Suns,Los Angeles Lakers,127,100
2024-11-26,2025,Utah Jazz,San Antonio Spurs,115,128
2024-11-26,2025,Washington Wizards,Chicago Bulls,108,127
2024-11-27,2025,Charlotte Hornets,Miami Heat,94,98
2024-11-27,2025,Cleveland Cavaliers,Atlanta Hawks,124,135
2024-11-27,2025,Dallas Mavericks,New York Knicks,129,114
2024-11-27,2025,Golden State Warriors,Oklahoma City Thunder,101,105
2024-11-27,2025,Indiana Pacers,Portland Trail Blazers,121,114
2024-11-27,2025,Memphis Grizzlies,Detroit Pistons,131,111
2024-11-27,2025,Minnesota Timberwolves,Sacramento Kings,104,115
2024-11-27,2025,New Orleans Pelicans,Toronto Raptors,93,119
2024-11-27,2025,Orlando Magic,Chicago Bulls,133,119
2024-11-27,2025,Philadelphia 76ers,Houston Rockets,115,122
2024-11-27,2025,Phoenix Suns,Brooklyn Nets,117,127
2024-11-27,2025,San Antonio Spurs,Los Angeles Lakers,101,119
2024-11-27,2025,Utah Jazz,Denver Nuggets,103,122
2024-11-27,2025,Washington Wizards,Los Angeles Clippers,96,121
2024-11-29,2025,Atlanta Hawks,Cleveland Cavaliers,117,101
2024-11-29,2025,Brooklyn Nets,Orlando Magic,100,123
2024-11-29,2025,Charlotte Hornets,New York Knicks,98,99
2024-11-29,2025,Chicago Bulls,Boston Celtics,129,138
2024-11-29,2025,Indiana Pacers,Detroit Pistons,106,130
2024-11-29,2025,Los Angeles Lakers,Oklahoma City Thunder,93,101
2024-11-29,2025,Memphis Grizzlies,New Orleans Pelicans,120,109
2024-11-29,2025,Miami Heat,Toronto Raptors,121,111
2024-11-29,2025,Minnesota Timberwolves,Los Angeles Clippers,93,92
2024-11-29,2025,Portland Trail Blazers,Sacramento Kings,115,106
2024-11-30,2025,Charlotte Hornets,Atlanta Hawks,104,107
2024-11-30,2025,Detroit Pistons,Philadelphia 76ers,96,111
2024-11-30,2025,Milwaukee Bucks,Washington Wizards,124,114
2024-11-30,2025,Phoenix Suns,Golden State Warriors,113,105
2024-11-30,2025,Utah Jazz,Dallas Mavericks,94,106
2024-12-01,2025,Brooklyn Nets,Orlando Magic,92,100
2024-12-01,2025,Cleveland Cavaliers,Boston Celtics,115,111
2024-12-01,2025,Houston Rockets,Oklahoma City Thunder,119,116
2024-12-01,2025,Los Angeles Clippers,Denver Nuggets,126,122
2024-12-01,2025,Memphis Grizzlies,Indiana Pacers,136,121
2024-12-01,2025,New York Knicks,New Orleans Pelicans,118,85
2024-12-01,2025,Portland Trail Blazers,Dallas Mavericks,131,137
2024-12-01,2025,Sacramento Kings,San Antonio Spurs,125,127
2024-12-01,2025,Toronto Raptors,Miami Heat,119,116
2024-12-01,2025,Utah Jazz,Los Angeles Lakers,104,105
2024-12-02,2025,Atlanta Hawks,New Orleans Pelicans,124,112
2024-12-02,2025,Boston Celtics,Miami Heat,108,89
2024-12-02,2025,Chicago Bulls,Brooklyn Nets,128,102
2024-12-02,2025,Minnesota Timberwolves,Los Angeles Lakers,109,80
2024-12-03,2025,Charlotte Hornets,Philadelphia 76ers,104,110
2024-12-03,2025,Cleveland Cavaliers,Washington Wizards,118,87
2024-12-03,2025,Dallas Mavericks,Memphis Grizzlies,121,116
2024-12-03,2025,Denver Nuggets,Golden State Warriors,119,115
2024-12-03,2025,Detroit Pistons,Milwaukee Bucks,107,128
2024-12-03,2025,Los Angeles Clippers,Portland Trail Blazers,127,105
2024-12-03,2025,New York Knicks,Orlando Magic,121,106
2024-12-03,2025,Oklahoma City Thunder,Utah Jazz,133,106
2024-12-03,2025,Phoenix Suns,San Antonio Spurs,104,93
2024-12-03,2025,Sacramento Kings,Houston Rockets,120,111
2024-12-03,2025,Toronto Raptors,Indiana Pacers,122,111
2024-12-04,2025,Boston Celtics,Detroit Pistons,130,120
2024-12-04,2025,Brooklyn Nets,Indiana Pacers,99,90
2024-12-04,2025,Los Angeles Clippers,Minnesota Timberwolves,80,108
2024-12-04,2025,Miami Heat,Los Angeles Lakers,134,93
2024-12-04,2025,Milwaukee Bucks,Atlanta Hawks,104,119
2024-12-04,2025,Philadelphia 76ers,Orlando Magic,102,106
2024-12-05,2025,Cleveland Cavaliers,Denver Nuggets,126,114
2024-12-05,2025,Golden State Warriors,Houston Rockets,99,93
2024-12-05,2025,Memphis Grizzlies,Sacramento Kings,115,110
2024-12-05,2025,New Orleans Pelicans,Phoenix Suns,126,124
2024-12-05,2025,New York Knicks,Charlotte Hornets,125,101
2024-12-05,2025,San Antonio Spurs,Chicago Bulls,124,139
2024-12-05,2025,Toronto Raptors,Oklahoma City Thunder,92,129
2024-12-05,2025,Washington Wizards,Dallas Mavericks,101,137
2024-12-06,2025,Atlanta Hawks,Los Angeles Lakers,134,132
2024-12-06,2025,Boston Celtics,Milwaukee Bucks,111,105
2024-12-06,2025,Chicago Bulls,Indiana Pacers,123,132
2024-12-06,2025,Golden State Warriors,Minnesota Timberwolves,90,107
2024-12-06,2025,Philadelphia 76ers,Orlando Magic,102,94
2024-12-06,2025,Portland Trail Blazers,Utah Jazz,99,141
2024-12-06,2025,San Antonio Spurs,Sacramento Kings,113,140
2024-12-07,2025,Boston Celtics,Memphis Grizzlies,121,127
2024-12-07,2025,Charlotte Hornets,Cleveland Cavaliers,102,116
2024-12-07,2025,Miami Heat,Phoenix Suns,121,111
2024-12-07,2025,New Orleans Pelicans,Oklahoma City Thunder,109,119
2024-12-07,2025,New York Knicks,Detroit Pistons,111,120
2024-12-07,2025,Toronto Raptors,Dallas Mavericks,118,125
2024-12-07,2025,Washington Wizards,Denver Nuggets,122,113
2024-12-08,2025,Atlanta Hawks,Denver Nuggets,111,141
2024-12-08,2025,Brooklyn Nets,Milwaukee Bucks,113,118
2024-12-08,2025,Chicago Bulls,Philadelphia 76ers,100,108
2024-12-08,2025,Golden State Warriors,Minnesota Timberwolves,114,106
2024-12-08,2025,Indiana Pacers,Charlotte Hornets,109,113
2024-12-08,2025,Los Angeles Clippers,Houston Rockets,106,117
2024-12-08,2025,Los Angeles Lakers,Portland Trail Blazers,107,98
2024-12-08,2025,Miami Heat,Cleveland Cavaliers,122,113
2024-12-08,2025,Orlando Magic,Phoenix Suns,115,110
2024-12-08,2025,Sacramento Kings,Utah Jazz,141,97
2024-12-08,2025,San Antonio Spurs,New Orleans Pelicans,121,116
2024-12-08,2025,Washington Wizards,Memphis Grizzlies,112,140
2024-12-09,2025,Toronto Raptors,New York Knicks,108,113
2024-12-10,2025,Milwaukee Bucks,Orlando Magic,114,109
2024-12-10,2025,Oklahoma City Thunder,Dallas Mavericks,118,104
2024-12-11,2025,Houston Rockets,Golden State Warriors,91,90
2024-12-11,2025,New York Knicks,Atlanta Hawks,100,108
2024-12-12,2025,Boston Celtics,Detroit Pistons,123,99
2024-12-12,2025,Miami Heat,Toronto Raptors,114,104
2024-12-12,2025,New Orleans Pelicans,Sacramento Kings,109,111
2024-12-13,2025,Chicago Bulls,Charlotte Hornets,109,95
2024-12-13,2025,Cleveland Cavaliers,Washington Wizards,115,105
2024-12-13,2025,Denver Nuggets,Los Angeles Clippers,120,98
2024-12-13,2025,Memphis Grizzlies,Brooklyn Nets,135,119
2024-12-13,2025,Minnesota Timberwolves,Los Angeles Lakers,97,87
2024-12-13,2025,Philadelphia 76ers,Indiana Pacers,107,121
2024-12-13,2025,Portland Trail Blazers,San Antonio Spurs,116,118
2024-12-13,2025,Utah Jazz,Phoenix Suns,126,134
2024-12-14,2025,Milwaukee Bucks,Atlanta Hawks,110,102
2024-12-14,2025,Oklahoma City Thunder,Houston Rockets,111,96
2024-12-15,2025,Golden State Warriors,Dallas Mavericks,133,143
2024-12-15,2025,Indiana Pacers,New Orleans Pelicans,119,104
2024-12-15,2025,Los Angeles Lakers,Memphis Grizzlies,116,110
2024-12-15,2025,Orlando Magic,New York Knicks,91,100
2024-12-15,2025,Phoenix Suns,Portland Trail Blazers,116,109
2024-12-15,2025,San Antonio Spurs,Minnesota Timberwolves,92,106
2024-12-15,2025,Washington Wizards,Boston Celtics,98,112
2024-12-16,2025,Brooklyn Nets,Cleveland Cavaliers,101,130
2024-12-16,2025,Charlotte Hornets,Philadelphia 76ers,108,121
2024-12-16,2025,Detroit Pistons,Miami Heat,125,124
2024-12-16,2025,Los Angeles Clippers,Utah Jazz,144,107
2024-12-16,2025,Sacramento Kings,Denver Nuggets,129,130
2024-12-16,2025,Toronto Raptors,Chicago Bulls,121,122
2024-12-17,2025,Oklahoma City Thunder,Milwaukee Bucks,81,97
2024-12-19,2025,Boston Celtics,Chicago Bulls,108,117
2024-12-19,2025,Dallas Mavericks,Los Angeles Clippers,95,118
2024-12-19,2025,Detroit Pistons,Utah Jazz,119,126
2024-12-19,2025,Houston Rockets,New Orleans Pelicans,133,113
2024-12-19,2025,Memphis Grizzlies,Golden State Warriors,144,93
2024-12-19,2025,Minnesota Timberwolves,New York Knicks,107,133
2024-12-19,2025,Orlando Magic,Oklahoma City Thunder,99,105
2024-12-19,2025,Phoenix Suns,Indiana Pacers,111,120
2024-12-19,2025,Portland Trail Blazers,Denver Nuggets,126,124
2024-12-19,2025,Sacramento Kings,Los Angeles Lakers,100,113
2024-12-19,2025,San Antonio Spurs,Atlanta Hawks,133,126
2024-12-19,2025,Toronto Raptors,Brooklyn Nets,94,101
2024-12-19,2025,Washington Wizards,Charlotte Hornets,123,114
2024-12-20,2025,Cleveland Cavaliers,Milwaukee Bucks,124,101
2024-12-20,2025,Miami Heat,Oklahoma City Thunder,97,104
2024-12-20,2025,Philadelphia 76ers,Charlotte Hornets,108,98
2024-12-21,2025,Atlanta Hawks,Memphis Grizzlies,112,128
2024-12-21,2025,Brooklyn Nets,Utah Jazz,94,105
2024-12-21,2025,Chicago Bulls,Boston Celtics,98,123
2024-12-21,2025,Cleveland Cavaliers,Philadelphia 76ers,126,99
2024-12-21,2025,Dallas Mavericks,Los Angeles Clippers,113,97
2024-12-21,2025,Milwaukee Bucks,Washington Wizards,112,101
2024-12-21,2025,Minnesota Timberwolves,Golden State Warriors,103,113
2024-12-21,2025,New Orleans Pelicans,New York Knicks,93,104
2024-12-21,2025,Orlando Magic,Miami Heat,121,114
2024-12-21,2025,Phoenix Suns,Detroit Pistons,125,133
2024-12-21,2025,Sacramento Kings,Los Angeles Lakers,99,103
2024-12-21,2025,San Antonio Spurs,Portland Trail Blazers,114,94
2024-12-22,2025,New Orleans Pelicans,Denver Nuggets,129,132
2024-12-22,2025,Sacramento Kings,Indiana Pacers,95,122
2024-12-22,2025,Toronto Raptors,Houston Rockets,110,114
2024-12-23,2025,Atlanta Hawks,Minnesota Timberwolves,117,104
2024-12-23,2025,Charlotte Hornets,Houston Rockets,101,114
2024-12-23,2025,Chicago Bulls,Milwaukee Bucks,91,112
2024-12-23,2025,Cleveland Cavaliers,Utah Jazz,124,113
2024-12-23,2025,Dallas Mavericks,Portland Trail Blazers,132,108
2024-12-23,2025,Denver Nuggets,Phoenix Suns,117,90
2024-12-23,2025,Golden State Warriors,Indiana Pacers,105,111
2024-12-23,2025,Los Angeles Lakers,Detroit Pistons,114,117
2024-12-23,2025,Memphis Grizzlies,Los Angeles Clippers,110,114
2024-12-23,2025,Miami Heat,Brooklyn Nets,110,95
2024-12-23,2025,New York Knicks,Toronto Raptors,139,125
2024-12-23,2025,Oklahoma City Thunder,Washington Wizards,123,105
2024-12-23,2025,Orlando Magic,Boston Celtics,108,104
2024-12-23,2025,Philadelphia 76ers,San Antonio Spurs,111,106
2024-12-25,2025,Boston Celtics,Philadelphia 76ers,114,118
2024-12-25,2025,Dallas Mavericks,Minnesota Timberwolves,99,105
2024-12-25,2025,Golden State Warriors,Los Angeles Lakers,113,115
2024-12-25,2025,New York Knicks,San Antonio Spurs,117,114
2024-12-25,2025,Phoenix Suns,Denver Nuggets,110,100
2024-12-26,2025,Atlanta Hawks,Chicago Bulls,141,133
2024-12-26,2025,Indiana Pacers,Oklahoma City Thunder,114,120
2024-12-26,2025,Memphis Grizzlies,Toronto Raptors,155,126
2024-12-26,2025,Milwaukee Bucks,Brooklyn Nets,105,111
2024-12-26,2025,New Orleans Pelicans,Houston Rockets,111,128
2024-12-26,2025,Orlando Magic,Miami Heat,88,89
2024-12-26,2025,Portland Trail Blazers,Utah Jazz,122,120
2024-12-26,2025,Sacramento Kings,Detroit Pistons,113,114
2024-12-26,2025,Washington Wizards,Charlotte Hornets,113,110
2024-12-27,2025,Boston Celtics,Indiana Pacers,142,105
2024-12-27,2025,Brooklyn Nets,San Antonio Spurs,87,96
2024-12-27,2025,Denver Nuggets,Cleveland Cavaliers,135,149
2024-12-27,2025,Houston Rockets,Minnesota Timberwolves,112,113
2024-12-27,2025,Los Angeles Clippers,Golden State Warriors,102,92
2024-12-27,2025,New Orleans Pelicans,Memphis Grizzlies,124,132
2024-12-27,2025,Orlando Magic,New York Knicks,85,108
2024-12-27,2025,Phoenix Suns,Dallas Mavericks,89,98
2024-12-28,2025,Atlanta Hawks,Miami Heat,120,110
2024-12-28,2025,Charlotte Hornets,Oklahoma City Thunder,94,106
2024-12-28,2025,Chicago Bulls,Milwaukee Bucks,116,111
2024-12-28,2025,Denver Nuggets,Detroit Pistons,134,121
2024-12-28,2025,Golden State Warriors,Phoenix Suns,109,105
2024-12-28,2025,Los Angeles Lakers,Sacramento Kings,132,122
2024-12-28,2025,Portland Trail Blazers,Dallas Mavericks,126,122
2024-12-28,2025,Utah Jazz,Philadelphia 76ers,111,114
2024-12-28,2025,Washington Wizards,New York Knicks,132,136
2024-12-29,2025,Boston Celtics,Indiana Pacers,114,123
2024-12-29,2025,Houston Rockets,Miami Heat,100,104
2024-12-29,2025,Minnesota Timberwolves,San Antonio Spurs,112,110
2024-12-29,2025,Oklahoma City Thunder,Memphis Grizzlies,130,106
2024-12-29,2025,Orlando Magic,Brooklyn Nets,102,101
2024-12-29,2025,Toronto Raptors,Atlanta Hawks,107,136
2024-12-30,2025,Charlotte Hornets,Chicago Bulls,108,115
2024-12-30,2025,Golden State Warriors,Cleveland Cavaliers,95,113
2024-12-30,2025,New Orleans Pelicans,Los Angeles Clippers,113,116
2024-12-30,2025,Portland Trail Blazers,Philadelphia 76ers,103,125
2024-12-30,2025,Sacramento Kings,Dallas Mavericks,110,100
2024-12-30,2025,Utah Jazz,Denver Nuggets,121,132
2024-12-30,2025,Washington Wizards,New York Knicks,106,126
2024-12-31,2025,Boston Celtics,Toronto Raptors,125,71
2024-12-31,2025,Indiana Pacers,Milwaukee Bucks,112,120
2024-12-31,2025,Los Angeles Lakers,Cleveland Cavaliers,110,122
2024-12-31,2025,Oklahoma City Thunder,Minnesota Timberwolves,113,105
2024-12-31,2025,Phoenix Suns,Memphis Grizzlies,112,117
2024-12-31,2025,San Antonio Spurs,Los Angeles Clippers,122,86
2025-01-01,2025,Denver Nuggets,Atlanta Hawks,139,120
2025-01-01,2025,Detroit Pistons,Orlando Magic,105,96
2025-01-01,2025,Houston Rockets,Dallas Mavericks,110,99
2025-01-01,2025,Miami Heat,New Orleans Pelicans,119,108
2025-01-01,2025,New York Knicks,Utah Jazz,119,103
2025-01-01,2025,Sacramento Kings,Philadelphia 76ers,113,107
2025-01-01,2025,Toronto Raptors,Brooklyn Nets,130,113
2025-01-01,2025,Washington Wizards,Chicago Bulls,125,107
2025-01-02,2025,Golden State Warriors,Philadelphia 76ers,139,105
2025-01-02,2025,Los Angeles Lakers,Portland Trail Blazers,114,106
2025-01-02,2025,Miami Heat,Indiana Pacers,115,128
2025-01-02,2025,Milwaukee Bucks,Brooklyn Nets,110,113
2025-01-02,2025,Minnesota Timberwolves,Boston Celtics,115,118
2025-01-02,2025,Oklahoma City Thunder,Los Angeles Clippers,116,98
2025-01-03,2025,Dallas Mavericks,Cleveland Cavaliers,122,134
2025-01-03,2025,Denver Nuggets,San Antonio Spurs,110,113
2025-01-03,2025,Detroit Pistons,Charlotte Hornets,98,94
2025-01-03,2025,Houston Rockets,Boston Celtics,86,109
2025-01-03,2025,Los Angeles Lakers,Atlanta Hawks,119,102
2025-01-03,2025,New Orleans Pelicans,Washington Wizards,132,120
2025-01-03,2025,Oklahoma City Thunder,New York Knicks,117,107
2025-01-03,2025,Sacramento Kings,Memphis Grizzlies,138,133
2025-01-03,2025,Toronto Raptors,Orlando Magic,97,106
2025-01-04,2025,Brooklyn Nets,Philadelphia 76ers,94,123
2025-01-04,2025,Chicago Bulls,New York Knicks,139,126
2025-01-04,2025,Detroit Pistons,Minnesota Timberwolves,119,105
2025-01-04,2025,Golden State Warriors,Memphis Grizzlies,121,113
2025-01-04,2025,Indiana Pacers,Phoenix Suns,126,108
2025-01-04,2025,Los Angeles Clippers,Atlanta Hawks,131,105
2025-01-04,2025,Miami Heat,Utah Jazz,100,136
2025-01-04,2025,Milwaukee Bucks,Portland Trail Blazers,102,105
2025-01-04,2025,San Antonio Spurs,Denver Nuggets,111,122
2025-01-05,2025,Cleveland Cavaliers,Charlotte Hornets,115,105
2025-01-05,2025,Golden State Warriors,Sacramento Kings,99,129
2025-01-05,2025,Houston Rockets,Los Angeles Lakers,119,115
2025-01-05,2025,Oklahoma City Thunder,Boston Celtics,105,92
2025-01-05,2025,Orlando Magic,Utah Jazz,92,105
2025-01-05,2025,Washington Wizards,New Orleans Pelicans,98,110
2025-01-06,2025,Brooklyn Nets,Indiana Pacers,99,113
2025-01-06,2025,Chicago Bulls,San Antonio Spurs,114,110
2025-01-06,2025,Detroit Pistons,Portland Trail Blazers,118,115
2025-01-06,2025,Memphis Grizzlies,Dallas Mavericks,119,104
2025-01-06,2025,Minnesota Timberwolves,Los Angeles Clippers,108,106
2025-01-06,2025,New York Knicks,Orlando Magic,94,103
2025-01-06,2025,Philadelphia 76ers,Phoenix Suns,99,109
2025-01-06,2025,Sacramento Kings,Miami Heat,123,118
2025-01-06,2025,Toronto Raptors,Milwaukee Bucks,104,128
2025-01-07,2025,Charlotte Hornets,Phoenix Suns,115,104
2025-01-07,2025,Dallas Mavericks,Los Angeles Lakers,118,97
2025-01-07,2025,Denver Nuggets,Boston Celtics,106,118
2025-01-07,2025,Golden State Warriors,Miami Heat,98,114
2025-01-07,2025,New Orleans Pelicans,Minnesota Timberwolves,97,104
2025-01-07,2025,Utah Jazz,Atlanta Hawks,121,124
2025-01-07,2025,Washington Wizards,Houston Rockets,112,135
2025-01-08,2025,Brooklyn Nets,Detroit Pistons,98,113
2025-01-08,2025,Cleveland Cavaliers,Oklahoma City Thunder,129,122
2025-01-08,2025,Denver Nuggets,Los Angeles Clippers,126,103
2025-01-08,2025,Indiana Pacers,Chicago Bulls,129,113
2025-01-08,2025,Milwaukee Bucks,San Antonio Spurs,121,105
2025-01-08,2025,New Orleans Pelicans,Portland Trail Blazers,100,119
2025-01-08,2025,New York Knicks,Toronto Raptors,112,98
2025-01-08,2025,Philadelphia 76ers,Washington Wizards,109,103
2025-01-09,2025,Cleveland Cavaliers,Toronto Raptors,132,126
2025-01-09,2025,Dallas Mavericks,Portland Trail Blazers,117,111
2025-01-09,2025,Detroit Pistons,Golden State Warriors,104,107
2025-01-09,2025,Memphis Grizzlies,Houston Rockets,115,119
2025-01-09,2025,Orlando Magic,Minnesota Timberwolves,89,104
2025-01-09,2025,Phoenix Suns,Atlanta Hawks,123,115
2025-01-09,2025,Utah Jazz,Miami Heat,92,97
2025-01-10,2025,Boston Celtics,Sacramento Kings,97,114
2025-01-10,2025,Chicago Bulls,Washington Wizards,138,105
2025-01-10,2025,Denver Nuggets,Brooklyn Nets,124,105
2025-01-10,2025,Indiana Pacers,Golden State Warriors,108,96
2025-01-10,2025,New York Knicks,Oklahoma City Thunder,101,126
2025-01-10,2025,Orlando Magic,Milwaukee Bucks,106,109
2025-01-10,2025,Philadelphia 76ers,New Orleans Pelicans,115,123
2025-01-11,2025,Detroit Pistons,Toronto Raptors,123,114
2025-01-11,2025,Minnesota Timberwolves,Memphis Grizzlies,125,127
2025-01-11,2025,Phoenix Suns,Utah Jazz,114,106
2025-01-11,2025,Portland Trail Blazers,Miami Heat,98,119
2025-01-12,2025,Boston Celtics,New Orleans Pelicans,120,119
2025-01-12,2025,Chicago Bulls,Sacramento Kings,119,124
2025-01-12,2025,Cleveland Cavaliers,Indiana Pacers,93,108
2025-01-12,2025,Dallas Mavericks,Denver Nuggets,101,112
2025-01-12,2025,New York Knicks,Milwaukee Bucks,140,106
2025-01-12,2025,Orlando Magic,Philadelphia 76ers,104,99
2025-01-12,2025,Phoenix Suns,Charlotte Hornets,120,113
2025-01-12,2025,Utah Jazz,Brooklyn Nets,112,111
2025-01-12,2025,Washington Wizards,Oklahoma City Thunder,95,136
2025-01-13,2025,Houston Rockets,Memphis Grizzlies,120,118
2025-01-13,2025,Los Angeles Clippers,Miami Heat,109,98
2025-01-13,2025,Los Angeles Lakers,San Antonio Spurs,102,126
2025-01-13,2025,New York Knicks,Detroit Pistons,119,124
2025-01-13,2025,Toronto Raptors,Golden State Warriors,104,101
2025-01-13,2025,Washington Wizards,Minnesota Timberwolves,106,120
2025-01-14,2025,Atlanta Hawks,Phoenix Suns,122,117
2025-01-14,2025,Chicago Bulls,New Orleans Pelicans,113,119
2025-01-14,2025,Dallas Mavericks,Denver Nuggets,99,118
2025-01-14,2025,Indiana Pacers,Cleveland Cavaliers,117,127
2025-01-14,2025,Milwaukee Bucks,Sacramento Kings,130,115
2025-01-14,2025,Philadelphia 76ers,Oklahoma City Thunder,102,118
2025-01-14,2025,Portland Trail Blazers,Brooklyn Nets,114,132
2025-01-15,2025,Chicago Bulls,Atlanta Hawks,94,110
2025-01-15,2025,Denver Nuggets,Houston Rockets,108,128
2025-01-15,2025,Los Angeles Clippers,Brooklyn Nets,126,67
2025-01-15,2025,Los Angeles Lakers,Miami Heat,117,108
2025-01-15,2025,Milwaukee Bucks,Orlando Magic,122,93
2025-01-15,2025,Minnesota Timberwolves,Golden State Warriors,115,116
2025-01-15,2025,New Orleans Pelicans,Dallas Mavericks,119,116
2025-01-15,2025,Philadelphia 76ers,New York Knicks,119,125
2025-01-15,2025,San Antonio Spurs,Memphis Grizzlies,115,129
2025-01-15,2025,Toronto Raptors,Boston Celtics,110,97
2025-01-15,2025,Utah Jazz,Charlotte Hornets,112,117
2025-01-16,2025,Detroit Pistons,Indiana Pacers,100,111
2025-01-16,2025,Oklahoma City Thunder,Cleveland Cavaliers,134,114
2025-01-16,2025,Portland Trail Blazers,Los Angeles Clippers,89,118
2025-01-16,2025,Sacramento Kings,Houston Rockets,132,127
2025-01-16,2025,Washington Wizards,Phoenix Suns,123,130
2025-01-17,2025,Boston Celtics,Orlando Magic,121,94
2025-01-17,2025,Chicago Bulls,Charlotte Hornets,123,125
2025-01-17,2025,Dallas Mavericks,Oklahoma City Thunder,106,98
2025-01-17,2025,Los Angeles Lakers,Brooklyn Nets,102,101
2025-01-17,2025,Miami Heat,Denver Nuggets,113,133
2025-01-17,2025,Milwaukee Bucks,Toronto Raptors,130,112
2025-01-17,2025,New Orleans Pelicans,Utah Jazz,136,123
2025-01-17,2025,New York Knicks,Minnesota Timberwolves,99,116
2025-01-17,2025,San Antonio Spurs,Memphis Grizzlies,112,140
2025-01-18,2025,Boston Celtics,Atlanta Hawks,115,119
2025-01-18,2025,Detroit Pistons,Phoenix Suns,121,125
2025-01-18,2025,Golden State Warriors,Washington Wizards,122,114
2025-01-18,2025,Indiana Pacers,Philadelphia 76ers,115,102
2025-01-18,2025,Minnesota Timberwolves,Cleveland Cavaliers,117,124
2025-01-18,2025,Portland Trail Blazers,Houston Rockets,103,125
2025-01-19,2025,Los Angeles Clippers,Los Angeles Lakers,116,102
2025-01-19,2025,Miami Heat,San Antonio Spurs,128,107
2025-01-19,2025,Milwaukee Bucks,Philadelphia 76ers,123,109
2025-01-19,2025,Oklahoma City Thunder,Brooklyn Nets,127,101
2025-01-19,2025,Orlando Magic,Denver Nuggets,100,113
2025-01-19,2025,Portland Trail Blazers,Chicago Bulls,113,102
2025-01-19,2025,Sacramento Kings,Washington Wizards,123,100
2025-01-20,2025,Charlotte Hornets,Dallas Mavericks,110,105
2025-01-20,2025,Cleveland Cavaliers,Phoenix Suns,118,92
2025-01-20,2025,Golden State Warriors,Boston Celtics,85,125
2025-01-20,2025,Houston Rockets,Detroit Pistons,96,107
2025-01-20,2025,Los Angeles Clippers,Chicago Bulls,99,112
2025-01-20,2025,Memphis Grizzlies,Minnesota Timberwolves,108,106
2025-01-20,2025,New Orleans Pelicans,Utah Jazz,123,119
2025-01-20,2025,New York Knicks,Atlanta Hawks,119,110
2025-01-21,2025,Brooklyn Nets,New York Knicks,95,99
2025-01-21,2025,Denver Nuggets,Philadelphia 76ers,144,109
2025-01-21,2025,Los Angeles Lakers,Washington Wizards,111,88
2025-01-21,2025,Miami Heat,Portland Trail Blazers,107,116
2025-01-21,2025,Toronto Raptors,Orlando Magic,109,93
2025-01-22,2025,Atlanta Hawks,Detroit Pistons,104,114
2025-01-22,2025,Brooklyn Nets,Phoenix Suns,84,108
2025-01-22,2025,Dallas Mavericks,Minnesota Timberwolves,114,115
2025-01-22,2025,Houston Rockets,Cleveland Cavaliers,109,108
2025-01-22,2025,Los Angeles Clippers,Boston Celtics,113,117
2025-01-22,2025,Memphis Grizzlies,Charlotte Hornets,132,120
2025-01-22,2025,Oklahoma City Thunder,Utah Jazz,123,114
2025-01-22,2025,Sacramento Kings,Golden State Warriors,123,117
2025-01-23,2025,Atlanta Hawks,Toronto Raptors,119,122
2025-01-23,2025,Denver Nuggets,Sacramento Kings,132,123
2025-01-23,2025,Golden State Warriors,Chicago Bulls,131,106
2025-01-23,2025,Indiana Pacers,San Antonio Spurs,110,140
2025-01-23,2025,Los Angeles Clippers,Washington Wizards,110,93
2025-01-23,2025,Los Angeles Lakers,Boston Celtics,117,96
2025-01-23,2025,Milwaukee Bucks,Miami Heat,125,96
2025-01-23,2025,Oklahoma City Thunder,Dallas Mavericks,115,121
2025-01-23,2025,Orlando Magic,Portland Trail Blazers,79,101
2025-01-24,2025,Charlotte Hornets,Portland Trail Blazers,97,102
2025-01-24,2025,Memphis Grizzlies,New Orleans Pelicans,139,126
2025-01-24,2025,Philadelphia 76ers,Cleveland Cavaliers,132,129
2025-01-25,2025,Atlanta Hawks,Toronto Raptors,94,117
2025-01-25,2025,Brooklyn Nets,Miami Heat,97,106
2025-01-25,2025,Charlotte Hornets,New Orleans Pelicans,123,92
2025-01-25,2025,Chicago Bulls,Philadelphia 76ers,97,109
2025-01-25,2025,Cleveland Cavaliers,Houston Rockets,131,135
2025-01-25,2025,Dallas Mavericks,Boston Celtics,107,122
2025-01-25,2025,Golden State Warriors,Los Angeles Lakers,108,118
2025-01-25,2025,Los Angeles Clippers,Milwaukee Bucks,127,117
2025-01-25,2025,Memphis Grizzlies,Utah Jazz,125,103
2025-01-25,2025,Minnesota Timberwolves,Denver Nuggets,133,104
2025-01-25,2025,New York Knicks,Sacramento Kings,143,120
2025-01-25,2025,Orlando Magic,Detroit Pistons,121,113
2025-01-25,2025,Phoenix Suns,Washington Wizards,119,109
2025-01-25,2025,San Antonio Spurs,Indiana Pacers,98,136
2025-01-26,2025,Portland Trail Blazers,Oklahoma City Thunder,108,118
2025-01-27,2025,Boston Celtics,Houston Rockets,112,114
2025-01-27,2025,Brooklyn Nets,Sacramento Kings,96,110
2025-01-27,2025,Charlotte Hornets,Los Angeles Lakers,107,112
2025-01-27,2025,Chicago Bulls,Denver Nuggets,129,121
2025-01-27,2025,Cleveland Cavaliers,Detroit Pistons,110,91
2025-01-27,2025,Dallas Mavericks,Washington Wizards,130,108
2025-01-27,2025,Miami Heat,Orlando Magic,125,119
2025-01-27,2025,Minnesota Timberwolves,Atlanta Hawks,100,92
2025-01-27,2025,New York Knicks,Memphis Grizzlies,143,106
2025-01-27,2025,Phoenix Suns,Los Angeles Clippers,111,109
2025-01-27,2025,Toronto Raptors,New Orleans Pelicans,113,104
2025-01-27,2025,Utah Jazz,Milwaukee Bucks,110,125
2025-01-28,2025,Atlanta Hawks,Houston Rockets,96,100
2025-01-28,2025,Golden State Warriors,Utah Jazz,114,103
2025-01-28,2025,Philadelphia 76ers,Los Angeles Lakers,118,104
2025-01-28,2025,Portland Trail Blazers,Milwaukee Bucks,125,112
2025-01-29,2025,Boston Celtics,Chicago Bulls,122,100
2025-01-29,2025,Charlotte Hornets,Brooklyn Nets,83,104
2025-01-29,2025,Golden State Warriors,Oklahoma City Thunder,116,109
2025-01-29,2025,Indiana Pacers,Detroit Pistons,133,119
2025-01-29,2025,Miami Heat,Cleveland Cavaliers,106,126
2025-01-29,2025,New Orleans Pelicans,Dallas Mavericks,136,137
2025-01-29,2025,New York Knicks,Denver Nuggets,122,112
2025-01-29,2025,Philadelphia 76ers,Sacramento Kings,117,104
2025-01-29,2025,Phoenix Suns,Minnesota Timberwolves,113,121
2025-01-29,2025,San Antonio Spurs,Los Angeles Clippers,116,128
2025-01-29,2025,Washington Wizards,Toronto Raptors,82,106
2025-01-30,2025,Cleveland Cavaliers,Atlanta Hawks,137,115
2025-01-30,2025,Memphis Grizzlies,Houston Rockets,120,119
2025-01-30,2025,Portland Trail Blazers,Orlando Magic,119,90
2025-01-30,2025,Utah Jazz,Minnesota Timberwolves,113,138
2025-01-30,2025,Washington Wizards,Los Angeles Lakers,96,134
2025-01-31,2025,Charlotte Hornets,Los Angeles Clippers,104,112
2025-01-31,2025,Detroit Pistons,Dallas Mavericks,117,102
2025-01-31,2025,Golden State Warriors,Phoenix Suns,105,130
2025-01-31,2025,New Orleans Pelicans,Boston Celtics,116,118
2025-01-31,2025,Philadelphia 76ers,Denver Nuggets,134,137
2025-01-31,2025,San Antonio Spurs,Milwaukee Bucks,144,118
2025-01-31,2025,Toronto Raptors,Chicago Bulls,106,122
2025-02-01,2025,Charlotte Hornets,Denver Nuggets,104,107
2025-02-01,2025,Houston Rockets,Brooklyn Nets,98,110
2025-02-01,2025,Indiana Pacers,Atlanta Hawks,132,127
2025-02-01,2025,Minnesota Timberwolves,Washington Wizards,103,105
2025-02-01,2025,New York Knicks,Los Angeles Lakers,112,128
2025-02-01,2025,Oklahoma City Thunder,Sacramento Kings,144,110
2025-02-01,2025,Portland Trail Blazers,Phoenix Suns,127,108
2025-02-01,2025,San Antonio Spurs,Miami Heat,103,105
2025-02-01,2025,Utah Jazz,Orlando Magic,113,99
2025-02-02,2025,Cleveland Cavaliers,Dallas Mavericks,144,101
2025-02-02,2025,Detroit Pistons,Chicago Bulls,127,119
2025-02-02,2025,Milwaukee Bucks,Memphis Grizzlies,119,132
2025-02-02,2025,Philadelphia 76ers,Boston Celtics,110,118
2025-02-02,2025,Toronto Raptors,Los Angeles Clippers,115,108
2025-02-03,2025,Charlotte Hornets,Washington Wizards,114,124
2025-02-03,2025,Denver Nuggets,New Orleans Pelicans,125,113
2025-02-03,2025,Detroit Pistons,Atlanta Hawks,130,132
2025-02-03,2025,Golden State Warriors,Orlando Magic,104,99
2025-02-03,2025,Memphis Grizzlies,San Antonio Spurs,128,109
2025-02-03,2025,Minnesota Timberwolves,Sacramento Kings,114,116
2025-02-03,2025,New York Knicks,Houston Rockets,124,118
2025-02-03,2025,Oklahoma City Thunder,Milwaukee Bucks,125,96
2025-02-03,2025,Portland Trail Blazers,Phoenix Suns,121,119
2025-02-03,2025,Utah Jazz,Indiana Pacers,111,112
2025-02-04,2025,Brooklyn Nets,Houston Rockets,99,97
2025-02-04,2025,Chicago Bulls,Miami Heat,133,124
2025-02-04,2025,Cleveland Cavaliers,Boston Celtics,105,112
2025-02-04,2025,Los Angeles Clippers,Los Angeles Lakers,97,122
2025-02-04,2025,Philadelphia 76ers,Dallas Mavericks,118,116
2025-02-04,2025,Portland Trail Blazers,Indiana Pacers,112,89
2025-02-04,2025,Toronto Raptors,New York Knicks,115,121
2025-02-05,2025,Atlanta Hawks,San Antonio Spurs,125,126
2025-02-05,2025,Brooklyn Nets,Washington Wizards,102,119
2025-02-05,2025,Charlotte Hornets,Milwaukee Bucks,102,112
2025-02-05,2025,Denver Nuggets,New Orleans Pelicans,144,119
2025-02-05,2025,Detroit Pistons,Cleveland Cavaliers,115,118
2025-02-05,2025,Minnesota Timberwolves,Chicago Bulls,127,108
2025-02-05,2025,Oklahoma City Thunder,Phoenix Suns,140,109
2025-02-05,2025,Philadelphia 76ers,Miami Heat,101,108
2025-02-05,2025,Sacramento Kings,Orlando Magic,111,130
2025-02-05,2025,Toronto Raptors,Memphis Grizzlies,107,138
2025-02-05,2025,Utah Jazz,Golden State Warriors,131,128
2025-02-06,2025,Boston Celtics,Dallas Mavericks,120,127
2025-02-06,2025,Denver Nuggets,Orlando Magic,112,90
2025-02-06,2025,Los Angeles Clippers,Indiana Pacers,112,119
2025-02-06,2025,Los Angeles Lakers,Golden State Warriors,120,112
2025-02-06,2025,Minnesota Timberwolves,Houston Rockets,127,114
2025-02-06,2025,Portland Trail Blazers,Sacramento Kings,108,102
2025-02-07,2025,Atlanta Hawks,Milwaukee Bucks,115,110
2025-02-07,2025,Brooklyn Nets,Miami Heat,102,86
2025-02-07,2025,Charlotte Hornets,San Antonio Spurs,117,116
2025-02-07,2025,Detroit Pistons,Philadelphia 76ers,125,112
2025-02-07,2025,Oklahoma City Thunder,Toronto Raptors,121,109
2025-02-07,2025,Phoenix Suns,Utah Jazz,135,127
2025-02-07,2025,Washington Wizards,Cleveland Cavaliers,124,134
2025-02-08,2025,Chicago Bulls,Golden State Warriors,111,132
2025-02-08,2025,Dallas Mavericks,Houston Rockets,116,105
2025-02-08,2025,Los Angeles Clippers,Utah Jazz,130,110
2025-02-08,2025,Los Angeles Lakers,Indiana Pacers,124,117
2025-02-08,2025,Memphis Grizzlies,Oklahoma City Thunder,112,125
2025-02-08,2025,Minnesota Timberwolves,Portland Trail Blazers,114,98
2025-02-08,2025,New York Knicks,Boston Celtics,104,131
2025-02-08,2025,Orlando Magic,San Antonio Spurs,112,111
2025-02-08,2025,Phoenix Suns,Denver Nuggets,105,122
2025-02-08,2025,Sacramento Kings,New Orleans Pelicans,123,118
2025-02-08,2025,Washington Wizards,Atlanta Hawks,111,125
2025-02-09,2025,Detroit Pistons,Charlotte Hornets,112,102
2025-02-09,2025,Houston Rockets,Toronto Raptors,94,87
2025-02-09,2025,Milwaukee Bucks,Philadelphia 76ers,135,127
2025-02-10,2025,Brooklyn Nets,Charlotte Hornets,97,89
2025-02-10,2025,Cleveland Cavaliers,Minnesota Timberwolves,128,107
2025-02-10,2025,Dallas Mavericks,Sacramento Kings,128,129
2025-02-10,2025,Denver Nuggets,Portland Trail Blazers,146,117
2025-02-10,2025,Los Angeles Lakers,Utah Jazz,132,113
2025-02-10,2025,Miami Heat,Boston Celtics,85,103
2025-02-10,2025,Milwaukee Bucks,Golden State Warriors,111,125
2025-02-10,2025,Oklahoma City Thunder,New Orleans Pelicans,137,101
2025-02-10,2025,Orlando Magic,Atlanta Hawks,106,112
2025-02-10,2025,Washington Wizards,San Antonio Spurs,121,131
2025-02-11,2025,Chicago Bulls,Detroit Pistons,92,132
2025-02-11,2025,Indiana Pacers,New York Knicks,115,128
2025-02-11,2025,Philadelphia 76ers,Toronto Raptors,103,106
2025-02-11,2025,Phoenix Suns,Memphis Grizzlies,112,119
2025-02-12,2025,Boston Celtics,San Antonio Spurs,116,103
2025-02-12,2025,Brooklyn Nets,Philadelphia 76ers,100,96
2025-02-12,2025,Chicago Bulls,Detroit Pistons,110,128
2025-02-12,2025,Dallas Mavericks,Golden State Warriors,111,107
2025-02-12,2025,Denver Nuggets,Portland Trail Blazers,132,121
2025-02-12,2025,Houston Rockets,Phoenix Suns,119,111
2025-02-12,2025,Los Angeles Clippers,Memphis Grizzlies,128,114
2025-02-12,2025,Minnesota Timberwolves,Milwaukee Bucks,101,103
2025-02-12,2025,New Orleans Pelicans,Sacramento Kings,111,119
2025-02-12,2025,New York Knicks,Atlanta Hawks,149,148
2025-02-12,2025,Oklahoma City Thunder,Miami Heat,115,101
2025-02-12,2025,Orlando Magic,Charlotte Hornets,102,86
2025-02-12,2025,Toronto Raptors,Cleveland Cavaliers,108,131
2025-02-12,2025,Utah Jazz,Los Angeles Lakers,131,119
2025-02-12,2025,Washington Wizards,Indiana Pacers,130,134
2025-02-13,2025,Dallas Mavericks,Miami Heat,118,113
2025-02-13,2025,Houston Rockets,Golden State Warriors,98,105
2025-02-13,2025,Minnesota Timberwolves,Oklahoma City Thunder,116,101
2025-02-13,2025,New Orleans Pelicans,Sacramento Kings,140,133
2025-02-13,2025,Utah Jazz,Los Angeles Clippers,116,120
2025-02-19,2025,Los Angeles Lakers,Charlotte Hornets,97,100
2025-02-20,2025,Atlanta Hawks,Orlando Magic,108,114
2025-02-20,2025,Brooklyn Nets,Cleveland Cavaliers,97,110
2025-02-20,2025,Denver Nuggets,Charlotte Hornets,129,115
2025-02-20,2025,Indiana Pacers,Memphis Grizzlies,127,113
2025-02-20,2025,Milwaukee Bucks,Los Angeles Clippers,116,110
2025-02-20,2025,New York Knicks,Chicago Bulls,113,111
2025-02-20,2025,Philadelphia 76ers,Boston Celtics,104,124
2025-02-20,2025,Portland Trail Blazers,Los Angeles Lakers,102,110
2025-02-20,2025,San Antonio Spurs,Phoenix Suns,120,109
2025-02-21,2025,Cleveland Cavaliers,New York Knicks,142,105
2025-02-21,2025,Dallas Mavericks,New Orleans Pelicans,111,103
2025-02-21,2025,Houston Rockets,Minnesota Timberwolves,121,115
2025-02-21,2025,Orlando Magic,Memphis Grizzlies,104,105
2025-02-21,2025,Sacramento Kings,Golden State Warriors,108,132
2025-02-21,2025,San Antonio Spurs,Detroit Pistons,110,125
2025-02-21,2025,Toronto Raptors,Miami Heat,111,120
2025-02-21,2025,Utah Jazz,Oklahoma City Thunder,107,130
2025-02-21,2025,Washington Wizards,Milwaukee Bucks,101,104
2025-02-22,2025,Chicago Bulls,Phoenix Suns,117,121
2025-02-22,2025,Denver Nuggets,Los Angeles Lakers,100,123
2025-02-22,2025,Philadelphia 76ers,Brooklyn Nets,103,105
2025-02-22,2025,Portland Trail Blazers,Charlotte Hornets,141,88
2025-02-22,2025,Utah Jazz,Houston Rockets,124,115
2025-02-23,2025,Atlanta Hawks,Detroit Pistons,143,148
2025-02-23,2025,Boston Celtics,New York Knicks,118,105
2025-02-23,2025,Cleveland Cavaliers,Memphis Grizzlies,129,123
2025-02-23,2025,Golden State Warriors,Dallas Mavericks,126,102
2025-02-23,2025,Indiana Pacers,Los Angeles Clippers,129,111
2025-02-23,2025,Milwaukee Bucks,Miami Heat,120,113
2025-02-23,2025,Minnesota Timberwolves,Oklahoma City Thunder,123,130
2025-02-23,2025,New Orleans Pelicans,San Antonio Spurs,114,96
2025-02-23,2025,Orlando Magic,Washington Wizards,110,90
2025-02-23,2025,Toronto Raptors,Phoenix Suns,127,109
2025-02-24,2025,Atlanta Hawks,Miami Heat,98,86
2025-02-24,2025,Detroit Pistons,Los Angeles Clippers,106,97
2025-02-24,2025,Indiana Pacers,Denver Nuggets,116,125
2025-02-24,2025,Oklahoma City Thunder,Minnesota Timberwolves,128,131
2025-02-24,2025,Philadelphia 76ers,Chicago Bulls,110,142
2025-02-24,2025,Sacramento Kings,Charlotte Hornets,130,88
2025-02-24,2025,Utah Jazz,Portland Trail Blazers,112,114
2025-02-24,2025,Washington Wizards,Brooklyn Nets,107,99
2025-02-25,2025,Golden State Warriors,Charlotte Hornets,128,92
2025-02-25,2025,Houston Rockets,Milwaukee Bucks,100,97
2025-02-25,2025,Los Angeles Lakers,Dallas Mavericks,107,99
2025-02-25,2025,Memphis Grizzlies,Phoenix Suns,151,148
2025-02-25,2025,New Orleans Pelicans,San Antonio Spurs,109,103
2025-02-25,2025,Orlando Magic,Cleveland Cavaliers,82,122
2025-02-25,2025,Toronto Raptors,Boston Celtics,101,111
2025-02-26,2025,Brooklyn Nets,Oklahoma City Thunder,121,129
2025-02-26,2025,Chicago Bulls,Los Angeles Clippers,117,122
2025-02-26,2025,Detroit Pistons,Boston Celtics,117,97
2025-02-26,2025,Houston Rockets,San Antonio Spurs,118,106
2025-02-26,2025,Indiana Pacers,Toronto Raptors,111,91
2025-02-26,2025,Miami Heat,Atlanta Hawks,131,109
2025-02-26,2025,New York Knicks,Philadelphia 76ers,110,105
2025-02-26,2025,Utah Jazz,Sacramento Kings,101,118
2025-02-26,2025,Washington Wizards,Portland Trail Blazers,121,129
2025-02-27,2025,Dallas Mavericks,Charlotte Hornets,103,96
2025-02-27,2025,Los Angeles Lakers,Minnesota Timberwolves,111,102
2025-02-27,2025,Milwaukee Bucks,Denver Nuggets,121,112
2025-02-27,2025,Orlando Magic,Golden State Warriors,115,121
2025-02-27,2025,Phoenix Suns,New Orleans Pelicans,116,124
2025-02-28,2025,Atlanta Hawks,Oklahoma City Thunder,119,135
2025-02-28,2025,Boston Celtics,Cleveland Cavaliers,116,123
2025-02-28,2025,Brooklyn Nets,Portland Trail Blazers,102,121
2025-02-28,2025,Chicago Bulls,Toronto Raptors,125,115
2025-02-28,2025,Detroit Pistons,Denver Nuggets,119,134
2025-02-28,2025,Los Angeles Lakers,Los Angeles Clippers,106,102
2025-02-28,2025,Memphis Grizzlies,New York Knicks,113,114
2025-02-28,2025,Miami Heat,Indiana Pacers,125,120
2025-02-28,2025,Phoenix Suns,New Orleans Pelicans,125,108
2025-02-28,2025,Utah Jazz,Minnesota Timberwolves,117,116
2025-03-01,2025,Charlotte Hornets,Washington Wizards,100,113
2025-03-01,2025,Dallas Mavericks,Milwaukee Bucks,117,132
2025-03-01,2025,Detroit Pistons,Brooklyn Nets,115,94
2025-03-01,2025,Houston Rockets,Sacramento Kings,103,113
2025-03-01,2025,Memphis Grizzlies,San Antonio Spurs,128,130
2025-03-01,2025,Philadelphia 76ers,Golden State Warriors,126,119
2025-03-02,2025,Boston Celtics,Denver Nuggets,110,103
2025-03-02,2025,Cleveland Cavaliers,Portland Trail Blazers,133,129
2025-03-02,2025,Indiana Pacers,Chicago Bulls,127,112
2025-03-02,2025,Los Angeles Lakers,Los Angeles Clippers,108,102
2025-03-02,2025,Miami Heat,New York Knicks,112,116
2025-03-02,2025,Orlando Magic,Toronto Raptors,102,104
2025-03-02,2025,Phoenix Suns,Minnesota Timberwolves,98,116
2025-03-02,2025,San Antonio Spurs,Oklahoma City Thunder,132,146
2025-03-02,2025,Utah Jazz,New Orleans Pelicans,121,128
2025-03-03,2025,Charlotte Hornets,Golden State Warriors,101,119
2025-03-03,2025,Dallas Mavericks,Sacramento Kings,98,122
2025-03-03,2025,Memphis Grizzlies,Atlanta Hawks,130,132
2025-03-03,2025,Miami Heat,Washington Wizards,106,90
2025-03-03,2025,Oklahoma City Thunder,Houston Rockets,137,128
2025-03-03,2025,Philadelphia 76ers,Portland Trail Blazers,102,119
2025-03-03,2025,Utah Jazz,Detroit Pistons,106,134
2025-03-04,2025,Atlanta Hawks,Milwaukee Bucks,121,127
2025-03-04,2025,Chicago Bulls,Cleveland Cavaliers,117,139
2025-03-04,2025,Indiana Pacers,Houston Rockets,115,102
2025-03-04,2025,Los Angeles Lakers,New Orleans Pelicans,136,115
2025-03-04,2025,Minnesota Timberwolves,Philadelphia 76ers,126,112
2025-03-04,2025,New York Knicks,Golden State Warriors,102,114
2025-03-04,2025,Orlando Magic,Toronto Raptors,113,114
2025-03-04,2025,Phoenix Suns,Los Angeles Clippers,119,117
2025-03-04,2025,San Antonio Spurs,Brooklyn Nets,127,113
2025-03-05,2025,Boston Celtics,Portland Trail Blazers,128,118
2025-03-05,2025,Charlotte Hornets,Minnesota Timberwolves,110,125
2025-03-05,2025,Cleveland Cavaliers,Miami Heat,112,107
2025-03-05,2025,Denver Nuggets,Sacramento Kings,116,110
2025-03-05,2025,Los Angeles Clippers,Detroit Pistons,123,115
2025-03-05,2025,Memphis Grizzlies,Oklahoma City Thunder,103,120
2025-03-05,2025,Milwaukee Bucks,Dallas Mavericks,137,107
2025-03-05,2025,Washington Wizards,Utah Jazz,125,122
2025-03-06,2025,Atlanta Hawks,Indiana Pacers,124,118
2025-03-06,2025,Boston Celtics,Philadelphia 76ers,123,105
2025-03-06,2025,Brooklyn Nets,Golden State Warriors,119,121
2025-03-06,2025,Los Angeles Lakers,New York Knicks,113,109
2025-03-06,2025,New Orleans Pelicans,Houston Rockets,97,109
2025-03-06,2025,Orlando Magic,Chicago Bulls,123,125
2025-03-07,2025,Charlotte Hornets,Cleveland Cavaliers,117,118
2025-03-07,2025,Dallas Mavericks,Memphis Grizzlies,111,122
2025-03-07,2025,Denver Nuggets,Phoenix Suns,149,141
2025-03-07,2025,Los Angeles Clippers,New York Knicks,105,95
2025-03-07,2025,Miami Heat,Minnesota Timberwolves,104,106
2025-03-07,2025,Oklahoma City Thunder,Portland Trail Blazers,107,89
2025-03-07,2025,Sacramento Kings,San Antonio Spurs,127,109
2025-03-07,2025,Toronto Raptors,Utah Jazz,118,109
2025-03-08,2025,Atlanta Hawks,Indiana Pacers,120,118
2025-03-08,2025,Boston Celtics,Los Angeles Lakers,111,101
2025-03-08,2025,Charlotte Hornets,Brooklyn Nets,105,102
2025-03-08,2025,Golden State Warriors,Detroit Pistons,115,110
2025-03-08,2025,Houston Rockets,New Orleans Pelicans,146,117
2025-03-08,2025,Miami Heat,Chicago Bulls,109,114
2025-03-08,2025,Milwaukee Bucks,Orlando Magic,109,111
2025-03-08,2025,Toronto Raptors,Washington Wizards,117,118
2025-03-09,2025,Dallas Mavericks,Phoenix Suns,116,125
2025-03-09,2025,Los Angeles Clippers,Sacramento Kings,111,110
2025-03-09,2025,Milwaukee Bucks,Cleveland Cavaliers,100,112
2025-03-09,2025,Minnesota Timberwolves,San Antonio Spurs,141,124
2025-03-09,2025,New Orleans Pelicans,Memphis Grizzlies,104,107
2025-03-09,2025,Oklahoma City Thunder,Denver Nuggets,127,103
2025-03-09,2025,Philadelphia 76ers,Utah Jazz,126,122
2025-03-09,2025,Portland Trail Blazers,Detroit Pistons,112,119
2025-03-10,2025,Atlanta Hawks,Philadelphia 76ers,132,123
2025-03-10,2025,Boston Celtics,Utah Jazz,114,108
2025-03-10,2025,Brooklyn Nets,Los Angeles Lakers,111,108
2025-03-10,2025,Chicago Bulls,Indiana Pacers,121,103
2025-03-10,2025,Golden State Warriors,Portland Trail Blazers,130,120
2025-03-10,2025,Houston Rockets,Orlando Magic,97,84
2025-03-10,2025,Memphis Grizzlies,Phoenix Suns,120,118
2025-03-10,2025,Miami Heat,Charlotte Hornets,102,105
2025-03-10,2025,Oklahoma City Thunder,Denver Nuggets,127,140
2025-03-10,2025,Sacramento Kings,New York Knicks,104,133
2025-03-10,2025,San Antonio Spurs,Dallas Mavericks,129,133
2025-03-10,2025,Toronto Raptors,Washington Wizards,119,104
2025-03-11,2025,Cleveland Cavaliers,Brooklyn Nets,109,104
2025-03-11,2025,Detroit Pistons,Washington Wizards,123,103
2025-03-11,2025,Indiana Pacers,Milwaukee Bucks,115,114
2025-03-11,2025,New Orleans Pelicans,Los Angeles Clippers,127,120
2025-03-12,2025,Atlanta Hawks,Charlotte Hornets,123,110
2025-03-12,2025,Boston Celtics,Oklahoma City Thunder,112,118
2025-03-12,2025,Denver Nuggets,Minnesota Timberwolves,95,115
2025-03-12,2025,Houston Rockets,Phoenix Suns,111,104
2025-03-12,2025,Memphis Grizzlies,Utah Jazz,122,115
2025-03-12,2025,Miami Heat,Los Angeles Clippers,104,119
2025-03-12,2025,Portland Trail Blazers,New York Knicks,113,114
2025-03-12,2025,San Antonio Spurs,Dallas Mavericks,126,116
2025-03-12,2025,Toronto Raptors,Philadelphia 76ers,118,105
2025-03-13,2025,Chicago Bulls,Brooklyn Nets,116,110
2025-03-13,2025,Detroit Pistons,Washington Wizards,125,129
2025-03-13,2025,Golden State Warriors,Sacramento Kings,130,104
2025-03-13,2025,Milwaukee Bucks,Los Angeles Lakers,126,106
2025-03-13,2025,New Orleans Pelicans,Orlando Magic,93,113
2025-03-14,2025,Atlanta Hawks,Los Angeles Clippers,98,121
2025-03-14,2025,Denver Nuggets,Los Angeles Lakers,131,126
2025-03-14,2025,Houston Rockets,Dallas Mavericks,133,96
2025-03-14,2025,Memphis Grizzlies,Cleveland Cavaliers,124,133
2025-03-14,2025,Miami Heat,Boston Celtics,91,103
2025-03-14,2025,Minnesota Timberwolves,Orlando Magic,118,111
2025-03-14,2025,Philadelphia 76ers,Indiana Pacers,100,112
2025-03-14,2025,Phoenix Suns,Sacramento Kings,122,106
2025-03-14,2025,San Antonio Spurs,Charlotte Hornets,134,145
2025-03-14,2025,Utah Jazz,Toronto Raptors,118,126
2025-03-15,2025,Brooklyn Nets,Boston Celtics,113,115
2025-03-15,2025,Denver Nuggets,Washington Wizards,123,126
2025-03-15,2025,Detroit Pistons,Oklahoma City Thunder,107,113
2025-03-15,2025,Golden State Warriors,New York Knicks,97,94
2025-03-15,2025,Houston Rockets,Chicago Bulls,117,114
2025-03-15,2025,Memphis Grizzlies,Miami Heat,125,91
2025-03-15,2025,Milwaukee Bucks,Indiana Pacers,126,119
2025-03-15,2025,San Antonio Spurs,New Orleans Pelicans,119,115
2025-03-16,2025,Brooklyn Nets,Atlanta Hawks,122,114
2025-03-16,2025,Cleveland Cavaliers,Orlando Magic,103,108
2025-03-16,2025,Dallas Mavericks,Philadelphia 76ers,125,130
2025-03-16,2025,Los Angeles Clippers,Charlotte Hornets,123,88
2025-03-16,2025,Los Angeles Lakers,Phoenix Suns,107,96
2025-03-16,2025,Milwaukee Bucks,Oklahoma City Thunder,105,121
2025-03-16,2025,Minnesota Timberwolves,Utah Jazz,128,102
2025-03-16,2025,Portland Trail Blazers,Toronto Raptors,105,102
2025-03-17,2025,Golden State Warriors,Denver Nuggets,105,114
2025-03-17,2025,Houston Rockets,Philadelphia 76ers,144,137
2025-03-17,2025,Los Angeles Lakers,San Antonio Spurs,125,109
2025-03-17,2025,Minnesota Timberwolves,Indiana Pacers,130,132
2025-03-17,2025,New Orleans Pelicans,Detroit Pistons,81,127
2025-03-17,2025,New York Knicks,Miami Heat,116,95
2025-03-17,2025,Phoenix Suns,Toronto Raptors,129,89
2025-03-17,2025,Portland Trail Blazers,Washington Wizards,112,97
2025-03-17,2025,Sacramento Kings,Memphis Grizzlies,132,122
2025-03-17,2025,Utah Jazz,Chicago Bulls,97,111
2025-03-18,2025,Boston Celtics,Brooklyn Nets,104,96
2025-03-18,2025,Charlotte Hornets,Atlanta Hawks,102,134
2025-03-18,2025,Golden State Warriors,Milwaukee Bucks,104,93
2025-03-18,2025,Los Angeles Clippers,Cleveland Cavaliers,132,119
2025-03-19,2025,Indiana Pacers,Dallas Mavericks,135,131
2025-03-19,2025,Los Angeles Lakers,Denver Nuggets,120,108
2025-03-19,2025,Miami Heat,Detroit Pistons,113,116
2025-03-19,2025,Minnesota Timberwolves,New Orleans Pelicans,115,119
2025-03-19,2025,Oklahoma City Thunder,Philadelphia 76ers,133,100
2025-03-19,2025,Orlando Magic,Houston Rockets,108,116
2025-03-19,2025,Phoenix Suns,Chicago Bulls,127,121
2025-03-19,2025,Portland Trail Blazers,Memphis Grizzlies,115,99
2025-03-19,2025,Sacramento Kings,Cleveland Cavaliers,123,119
2025-03-19,2025,San Antonio Spurs,New York Knicks,120,105
2025-03-19,2025,Utah Jazz,Washington Wizards,128,112
2025-03-20,2025,Charlotte Hornets,New York Knicks,115,98
2025-03-20,2025,Golden State Warriors,Toronto Raptors,117,114
2025-03-20,2025,Indiana Pacers,Brooklyn Nets,105,99
2025-03-20,2025,Los Angeles Lakers,Milwaukee Bucks,89,118
2025-03-20,2025,Sacramento Kings,Chicago Bulls,116,128
2025-03-21,2025,Dallas Mavericks,Detroit Pistons,123,117
2025-03-21,2025,Los Angeles Clippers,Memphis Grizzlies,128,108
2025-03-21,2025,Miami Heat,Houston Rockets,98,102
2025-03-21,2025,Minnesota Timberwolves,New Orleans Pelicans,134,93
2025-03-21,2025,Oklahoma City Thunder,Charlotte Hornets,141,106
2025-03-21,2025,Phoenix Suns,Cleveland Cavaliers,123,112
2025-03-21,2025,Portland Trail Blazers,Denver Nuggets,128,109
2025-03-21,2025,San Antonio Spurs,Philadelphia 76ers,128,120
2025-03-21,2025,Utah Jazz,Boston Celtics,99,121
2025-03-21,2025,Washington Wizards,Orlando Magic,105,120
2025-03-22,2025,Atlanta Hawks,Golden State Warriors,124,115
2025-03-22,2025,Indiana Pacers,Brooklyn Nets,108,103
2025-03-22,2025,Los Angeles Lakers,Chicago Bulls,115,146
2025-03-22,2025,New York Knicks,Washington Wizards,122,103
2025-03-22,2025,Sacramento Kings,Milwaukee Bucks,108,114
2025-03-23,2025,Atlanta Hawks,Philadelphia 76ers,132,119
2025-03-23,2025,Detroit Pistons,New Orleans Pelicans,136,130
2025-03-23,2025,Houston Rockets,Denver Nuggets,111,116
2025-03-23,2025,Los Angeles Clippers,Oklahoma City Thunder,101,103
2025-03-23,2025,Miami Heat,Charlotte Hornets,122,105
2025-03-23,2025,Portland Trail Blazers,Boston Celtics,116,129
2025-03-23,2025,Toronto Raptors,San Antonio Spurs,89,123
2025-03-23,2025,Utah Jazz,Cleveland Cavaliers,91,120
2025-03-24,2025,Brooklyn Nets,Dallas Mavericks,101,120
2025-03-24,2025,Denver Nuggets,Chicago Bulls,119,129
2025-03-24,2025,Indiana Pacers,Minnesota Timberwolves,119,103
2025-03-24,2025,New Orleans Pelicans,Philadelphia 76ers,112,99
2025-03-24,2025,Orlando Magic,Los Angeles Lakers,118,106
2025-03-24,2025,Phoenix Suns,Milwaukee Bucks,108,106
2025-03-24,2025,Sacramento Kings,Boston Celtics,95,113
2025-03-24,2025,Washington Wizards,Toronto Raptors,104,112
2025-03-25,2025,Charlotte Hornets,Orlando Magic,104,111
2025-03-25,2025,Detroit Pistons,San Antonio Spurs,122,96
2025-03-25,2025,Houston Rockets,Atlanta Hawks,121,114
2025-03-25,2025,Miami Heat,Golden State Warriors,112,86
2025-03-25,2025,New York Knicks,Dallas Mavericks,128,113
2025-03-25,2025,Portland Trail Blazers,Cleveland Cavaliers,111,122
2025-03-25,2025,Sacramento Kings,Oklahoma City Thunder,105,121
2025-03-25,2025,Utah Jazz,Memphis Grizzlies,103,140
2025-03-26,2025,Brooklyn Nets,Toronto Raptors,86,116
2025-03-26,2025,Denver Nuggets,Milwaukee Bucks,127,117
2025-03-26,2025,Indiana Pacers,Los Angeles Lakers,119,120
2025-03-26,2025,New York Knicks,Los Angeles Clippers,113,126
2025-03-26,2025,Philadelphia 76ers,Washington Wizards,114,119
2025-03-26,2025,Phoenix Suns,Boston Celtics,102,132
2025-03-27,2025,Chicago Bulls,Los Angeles Lakers,119,117
2025-03-27,2025,Cleveland Cavaliers,San Antonio Spurs,124,116
2025-03-27,2025,Miami Heat,Atlanta Hawks,122,112
2025-03-27,2025,Oklahoma City Thunder,Memphis Grizzlies,125,104
2025-03-27,2025,Orlando Magic,Dallas Mavericks,92,101
2025-03-27,2025,Sacramento Kings,Portland Trail Blazers,128,107
2025-03-27,2025,Utah Jazz,Houston Rockets,110,121
2025-03-27,2025,Washington Wizards,Indiana Pacers,109,162
2025-03-28,2025,Brooklyn Nets,Los Angeles Clippers,100,132
2025-03-28,2025,Denver Nuggets,Utah Jazz,129,93
2025-03-28,2025,Detroit Pistons,Cleveland Cavaliers,133,122
2025-03-28,2025,Milwaukee Bucks,New York Knicks,107,116
2025-03-28,2025,Minnesota Timberwolves,Phoenix Suns,124,109
2025-03-28,2025,New Orleans Pelicans,Golden State Warriors,95,111
2025-03-28,2025,Toronto Raptors,Charlotte Hornets,108,97
2025-03-29,2025,Chicago Bulls,Dallas Mavericks,119,120
2025-03-29,2025,Memphis Grizzlies,Los Angeles Lakers,127,134
2025-03-29,2025,Oklahoma City Thunder,Indiana Pacers,132,111
2025-03-29,2025,Orlando Magic,Sacramento Kings,121,91
2025-03-29,2025,Philadelphia 76ers,Miami Heat,95,118
2025-03-29,2025,San Antonio Spurs,Boston Celtics,111,121
2025-03-29,2025,Washington Wizards,Brooklyn Nets,112,115
2025-03-30,2025,Cleveland Cavaliers,Los Angeles Clippers,127,122
2025-03-30,2025,Milwaukee Bucks,Atlanta Hawks,124,145
2025-03-30,2025,Minnesota Timberwolves,Detroit Pistons,123,104
2025-03-30,2025,New Orleans Pelicans,Charlotte Hornets,98,94
2025-03-30,2025,New York Knicks,Portland Trail Blazers,110,93
2025-03-30,2025,Philadelphia 76ers,Toronto Raptors,109,127
2025-03-30,2025,Phoenix Suns,Houston Rockets,109,148
2025-03-30,2025,San Antonio Spurs,Golden State Warriors,106,148
2025-03-31,2025,Charlotte Hornets,Utah Jazz,110,106
2025-03-31,2025,Dallas Mavericks,Brooklyn Nets,109,113
2025-03-31,2025,Indiana Pacers,Sacramento Kings,111,109
2025-03-31,2025,Los Angeles Lakers,Houston Rockets,104,98
2025-03-31,2025,Memphis Grizzlies,Boston Celtics,103,117
2025-03-31,2025,Oklahoma City Thunder,Chicago Bulls,145,117
2025-03-31,2025,Orlando Magic,Los Angeles Clippers,87,96
2025-03-31,2025,Washington Wizards,Miami Heat,94,120
2025-04-01,2025,Atlanta Hawks,Portland Trail Blazers,113,127
2025-04-01,2025,Chicago Bulls,Toronto Raptors,137,118
2025-04-01,2025,Denver Nuggets,Minnesota Timberwolves,139,140
2025-04-01,2025,Memphis Grizzlies,Golden State Warriors,125,134
2025-04-01,2025,Milwaukee Bucks,Phoenix Suns,133,123
2025-04-01,2025,New York Knicks,Philadelphia 76ers,105,91
2025-04-01,2025,San Antonio Spurs,Orlando Magic,105,116
2025-04-02,2025,Boston Celtics,Miami Heat,103,124
2025-04-02,2025,Cleveland Cavaliers,New York Knicks,124,105
2025-04-02,2025,Dallas Mavericks,Atlanta Hawks,120,118
2025-04-02,2025,Denver Nuggets,San Antonio Spurs,106,113
2025-04-02,2025,Houston Rockets,Utah Jazz,143,105
2025-04-02,2025,Indiana Pacers,Charlotte Hornets,119,105
2025-04-02,2025,Los Angeles Clippers,New Orleans Pelicans,114,98
2025-04-02,2025,Oklahoma City Thunder,Detroit Pistons,119,103
2025-04-02,2025,Washington Wizards,Sacramento Kings,116,111
2025-04-03,2025,Brooklyn Nets,Minnesota Timberwolves,90,105
2025-04-03,2025,Los Angeles Lakers,Golden State Warriors,116,123
2025-04-03,2025,Miami Heat,Memphis Grizzlies,108,110
2025-04-03,2025,Philadelphia 76ers,Milwaukee Bucks,113,126
2025-04-03,2025,Toronto Raptors,Portland Trail Blazers,103,112
2025-04-03,2025,Washington Wizards,Orlando Magic,97,109
2025-04-04,2025,Boston Celtics,Phoenix Suns,123,103
2025-04-04,2025,Charlotte Hornets,Sacramento Kings,102,125
2025-04-04,2025,Chicago Bulls,Portland Trail Blazers,118,113
2025-04-04,2025,Golden State Warriors,Denver Nuggets,118,104
2025-04-04,2025,Houston Rockets,Oklahoma City Thunder,125,111
2025-04-04,2025,Indiana Pacers,Utah Jazz,140,112
2025-04-04,2025,Los Angeles Clippers,Dallas Mavericks,114,91
2025-04-04,2025,Los Angeles Lakers,New Orleans Pelicans,124,108
2025-04-04,2025,San Antonio Spurs,Cleveland Cavaliers,113,114
2025-04-04,2025,Toronto Raptors,Detroit Pistons,105,117
2025-04-05,2025,Atlanta Hawks,New York Knicks,105,121
2025-04-05,2025,Detroit Pistons,Memphis Grizzlies,103,109
2025-04-05,2025,Los Angeles Clippers,Dallas Mavericks,135,104
2025-04-05,2025,Miami Heat,Milwaukee Bucks,115,121
2025-04-05,2025,Philadelphia 76ers,Minnesota Timberwolves,109,114
2025-04-06,2025,Atlanta Hawks,Utah Jazz,147,134
2025-04-06,2025,Boston Celtics,Washington Wizards,124,90
2025-04-06,2025,Brooklyn Nets,Toronto Raptors,109,120
2025-04-06,2025,Charlotte Hornets,Chicago Bulls,117,131
2025-04-06,2025,Cleveland Cavaliers,Sacramento Kings,113,120
2025-04-06,2025,Denver Nuggets,Indiana Pacers,120,125
2025-04-06,2025,Golden State Warriors,Houston Rockets,96,106
2025-04-06,2025,New Orleans Pelicans,Milwaukee Bucks,107,111
2025-04-06,2025,New York Knicks,Phoenix Suns,112,98
2025-04-06,2025,Oklahoma City Thunder,Los Angeles Lakers,99,126
2025-04-06,2025,Portland Trail Blazers,San Antonio Spurs,120,109
2025-04-07,2025,Detroit Pistons,Sacramento Kings,117,127
2025-04-07,2025,Miami Heat,Philadelphia 76ers,117,105
2025-04-08,2025,Brooklyn Nets,New Orleans Pelicans,119,114
2025-04-08,2025,Charlotte Hornets,Memphis Grizzlies,100,124
2025-04-08,2025,Cleveland Cavaliers,Chicago Bulls,135,113
2025-04-08,2025,Indiana Pacers,Washington Wizards,104,98
2025-04-08,2025,Los Angeles Clippers,San Antonio Spurs,122,117
2025-04-08,2025,Milwaukee Bucks,Minnesota Timberwolves,110,103
2025-04-08,2025,New York Knicks,Boston Celtics,117,119
2025-04-08,2025,Oklahoma City Thunder,Los Angeles Lakers,136,120
2025-04-08,2025,Orlando Magic,Atlanta Hawks,119,112
2025-04-08,2025,Phoenix Suns,Golden State Warriors,95,133
2025-04-09,2025,Chicago Bulls,Miami Heat,119,111
2025-04-09,2025,Dallas Mavericks,Los Angeles Lakers,97,112
2025-04-09,2025,Golden State Warriors,San Antonio Spurs,111,114
2025-04-09,2025,Los Angeles Clippers,Houston Rockets,134,117
2025-04-09,2025,Orlando Magic,Boston Celtics,96,76
2025-04-09,2025,Phoenix Suns,Oklahoma City Thunder,112,125
2025-04-09,2025,Sacramento Kings,Denver Nuggets,116,124
2025-04-09,2025,Toronto Raptors,Charlotte Hornets,126,96
2025-04-09,2025,Utah Jazz,Portland Trail Blazers,133,126
2025-04-09,2025,Washington Wizards,Philadelphia 76ers,103,122
2025-04-10,2025,Brooklyn Nets,Atlanta Hawks,109,133
2025-04-10,2025,Detroit Pistons,New York Knicks,115,106
2025-04-10,2025,Indiana Pacers,Cleveland Cavaliers,114,112
2025-04-10,2025,Memphis Grizzlies,Minnesota Timberwolves,125,141
2025-04-10,2025,Milwaukee Bucks,New Orleans Pelicans,136,111
2025-04-11,2025,Boston Celtics,Charlotte Hornets,130,94
2025-04-11,2025,Chicago Bulls,Washington Wizards,119,89
2025-04-11,2025,Dallas Mavericks,Toronto Raptors,124,102
2025-04-11,2025,Denver Nuggets,Memphis Grizzlies,117,109
2025-04-11,2025,Detroit Pistons,Milwaukee Bucks,119,125
2025-04-11,2025,Indiana Pacers,Orlando Magic,115,129
2025-04-11,2025,Los Angeles Lakers,Houston Rockets,140,109
2025-04-11,2025,Minnesota Timberwolves,Brooklyn Nets,117,91
2025-04-11,2025,New Orleans Pelicans,Miami Heat,104,153
2025-04-11,2025,New York Knicks,Cleveland Cavaliers,102,108
2025-04-11,2025,Philadelphia 76ers,Atlanta Hawks,110,124
2025-04-11,2025,Phoenix Suns,San Antonio Spurs,117,98
2025-04-11,2025,Portland Trail Blazers,Golden State Warriors,86,103
2025-04-11,2025,Sacramento Kings,Los Angeles Clippers,100,101
2025-04-11,2025,Utah Jazz,Oklahoma City Thunder,111,145
2025-04-13,2025,Atlanta Hawks,Orlando Magic,117,105
2025-04-13,2025,Boston Celtics,Charlotte Hornets,93,86
2025-04-13,2025,Brooklyn Nets,New York Knicks,105,113
2025-04-13,2025,Cleveland Cavaliers,Indiana Pacers,118,126
2025-04-13,2025,Golden State Warriors,Los Angeles Clippers,119,124
2025-04-13,2025,Houston Rockets,Denver Nuggets,111,126
2025-04-13,2025,Memphis Grizzlies,Dallas Mavericks,132,97
2025-04-13,2025,Miami Heat,Washington Wizards,118,119
2025-04-13,2025,Milwaukee Bucks,Detroit Pistons,140,133
2025-04-13,2025,Minnesota Timberwolves,Utah Jazz,116,105
2025-04-13,2025,New Orleans Pelicans,Oklahoma City Thunder,100,115
2025-04-13,2025,Philadelphia 76ers,Chicago Bulls,102,122
2025-04-13,2025,Portland Trail Blazers,Los Angeles Lakers,109,81
2025-04-13,2025,Sacramento Kings,Phoenix Suns,109,98
2025-04-13,2025,San Antonio Spurs,Toronto Raptors,125,118
2025-04-15,2025,Golden State Warriors,Memphis Grizzlies,121,116
2025-04-15,2025,Orlando Magic,Atlanta Hawks,120,95
2025-04-16,2025,Chicago Bulls,Miami Heat,90,109
2025-04-16,2025,Sacramento Kings,Dallas Mavericks,106,120
2025-04-18,2025,Atlanta Hawks,Miami Heat,114,123
2025-04-18,2025,Memphis Grizzlies,Dallas Mavericks,120,106
2025-04-19,2025,Denver Nuggets,Los Angeles Clippers,112,110
2025-04-19,2025,Indiana Pacers,Milwaukee Bucks,117,98
2025-04-19,2025,Los Angeles Lakers,Minnesota Timberwolves,95,117
2025-04-19,2025,New York Knicks,Detroit Pistons,123,112
2025-04-20,2025,Boston Celtics,Orlando Magic,103,86
2025-04-20,2025,Cleveland Cavaliers,Miami Heat,121,100
2025-04-20,2025,Houston Rockets,Golden State Warriors,85,95
2025-04-20,2025,Oklahoma City Thunder,Memphis Grizzlies,131,80
2025-04-21,2025,Denver Nuggets,Los Angeles Clippers,102,105
2025-04-21,2025,New York Knicks,Detroit Pistons,94,100
2025-04-22,2025,Indiana Pacers,Milwaukee Bucks,123,115
2025-04-22,2025,Los Angeles Lakers,Minnesota Timberwolves,94,85
2025-04-22,2025,Oklahoma City Thunder,Memphis Grizzlies,118,99
2025-04-23,2025,Boston Celtics,Orlando Magic,109,100
2025-04-23,2025,Cleveland Cavaliers,Miami Heat,121,112
2025-04-23,2025,Houston Rockets,Golden State Warriors,109,94
2025-04-24,2025,Detroit Pistons,New York Knicks,116,118
2025-04-24,2025,Los Angeles Clippers,Denver Nuggets,117,83
2025-04-24,2025,Memphis Grizzlies,Oklahoma City Thunder,108,114
2025-04-25,2025,Milwaukee Bucks,Indiana Pacers,117,101
2025-04-25,2025,Minnesota Timberwolves,Los Angeles Lakers,116,104
2025-04-25,2025,Orlando Magic,Boston Celtics,95,93
2025-04-26,2025,Golden State Warriors,Houston Rockets,104,93
2025-04-26,2025,Los Angeles Clippers,Denver Nuggets,99,101
2025-04-26,2025,Memphis Grizzlies,Oklahoma City Thunder,115,117
2025-04-26,2025,Miami Heat,Cleveland Cavaliers,87,124
2025-04-27,2025,Detroit Pistons,New York Knicks,93,94
2025-04-27,2025,Milwaukee Bucks,Indiana Pacers,103,129
2025-04-27,2025,Minnesota Timberwolves,Los Angeles Lakers,116,113
2025-04-27,2025,Orlando Magic,Boston Celtics,98,107
2025-04-28,2025,Golden State Warriors,Houston Rockets,109,106
2025-04-28,2025,Miami Heat,Cleveland Cavaliers,83,138
2025-04-29,2025,Boston Celtics,Orlando Magic,120,89
2025-04-29,2025,Denver Nuggets,Los Angeles Clippers,131,115
2025-04-29,2025,Indiana Pacers,Milwaukee Bucks,119,118
2025-04-29,2025,New York Knicks,Detroit Pistons,103,106
2025-04-30,2025,Houston Rockets,Golden State Warriors,131,116
2025-04-30,2025,Los Angeles Lakers,Minnesota Timberwolves,96,103
2025-05-01,2025,Detroit Pistons,New York Knicks,113,116
2025-05-01,2025,Los Angeles Clippers,Denver Nuggets,111,105
2025-05-02,2025,Golden State Warriors,Houston Rockets,107,115
2025-05-03,2025,Denver Nuggets,Los Angeles Clippers,120,101
2025-05-04,2025,Cleveland Cavaliers,Indiana Pacers,112,121
2025-05-04,2025,Houston Rockets,Golden State Warriors,89,103
2025-05-05,2025,Boston Celtics,New York Knicks,105,108
2025-05-05,2025,Oklahoma City Thunder,Denver Nuggets,119,121
2025-05-06,2025,Cleveland Cavaliers,Indiana Pacers,119,120
2025-05-06,2025,Minnesota Timberwolves,Golden State Warriors,88,99
2025-05-07,2025,Boston Celtics,New York Knicks,90,91
2025-05-07,2025,Oklahoma City Thunder,Denver Nuggets,149,106
2025-05-08,2025,Minnesota Timberwolves,Golden State Warriors,117,93
2025-05-09,2025,Denver Nuggets,Oklahoma City Thunder,113,104
2025-05-09,2025,Indiana Pacers,Cleveland Cavaliers,104,126
2025-05-10,2025,Golden State Warriors,Minnesota Timberwolves,97,102
2025-05-10,2025,New York Knicks,Boston Celtics,93,115
2025-05-11,2025,Denver Nuggets,Oklahoma City Thunder,87,92
2025-05-11,2025,Indiana Pacers,Cleveland Cavaliers,129,109
2025-05-12,2025,Golden State Warriors,Minnesota Timberwolves,110,117
2025-05-12,2025,New York Knicks,Boston Celtics,121,113
2025-05-13,2025,Cleveland Cavaliers,Indiana Pacers,105,114
2025-05-13,2025,Oklahoma City Thunder,Denver Nuggets,112,105
2025-05-14,2025,Boston Celtics,New York Knicks,127,102
2025-05-14,2025,Minnesota Timberwolves,Golden State Warriors,121,110
2025-05-15,2025,Denver Nuggets,Oklahoma City Thunder,119,107
2025-05-16,2025,New York Knicks,Boston Celtics,119,81
2025-05-18,2025,Oklahoma City Thunder,Denver Nuggets,125,93
2025-05-20,2025,Oklahoma City Thunder,Minnesota Timberwolves,114,88
2025-05-21,2025,New York Knicks,Indiana Pacers,135,138
2025-05-22,2025,Oklahoma City Thunder,Minnesota Timberwolves,118,103
2025-05-23,2025,New York Knicks,Indiana Pacers,109,114
2025-05-24,2025,Minnesota Timberwolves,Oklahoma City Thunder,143,101
2025-05-25,2025,Indiana Pacers,New York Knicks,100,106
2025-05-26,2025,Minnesota Timberwolves,Oklahoma City Thunder,126,128
2025-05-27,2025,Indiana Pacers,New York Knicks,130,121
2025-05-28,2025,Oklahoma City Thunder,Minnesota Timberwolves,124,94
2025-05-29,2025,New York Knicks,Indiana Pacers,111,94
2025-05-31,2025,Indiana Pacers,New York Knicks,125,108
2025-06-05,2025,Oklahoma City Thunder,Indiana Pacers,110,111
2025-06-08,2025,Oklahoma City Thunder,Indiana Pacers,123,107
2025-06-11,2025,Indiana Pacers,Oklahoma City Thunder,116,107
2025-06-13,2025,Indiana Pacers,Oklahoma City Thunder,104,111
2025-06-16,2025,Oklahoma City Thunder,Indiana Pacers,120,109
2025-06-19,2025,Indiana Pacers,Oklahoma City Thunder,108,91
2025-06-22,2025,Oklahoma City Thunder,Indiana Pacers,103,91
