game_date,team,latest_report_datetime,out_count,doubtful_count,questionable_count,probable_count,available_count,weighted_injury_score,reported_player_count,estimated_absence_days_total,estimated_absence_days_max,injury_impact_score,long_term_absence_count
2021-10-19,Brooklyn Nets,2021-10-19 17:00:00,1,0,0,0,0,1.0,1,5.0,5.0,5.0,0
2021-10-19,Golden State Warriors,2021-10-19 17:00:00,4,0,0,0,0,4.0,4,236.0,180.0,236.0,3
2021-10-19,Los Angeles Lakers,2021-10-19 17:00:00,3,0,1,1,0,3.75,5,48.0,14.0,34.0,1
2021-10-19,Milwaukee Bucks,2021-10-19 17:00:00,4,0,0,0,0,4.0,4,147.0,120.0,147.0,2
2021-10-20,Boston Celtics,2021-10-20 17:00:00,2,0,1,0,0,2.5,3,15.0,7.0,11.15,0
2021-10-20,Charlotte Hornets,2021-10-20 17:00:00,0,0,1,1,0,0.75,2,13.0,10.0,4.95,0
2021-10-20,Chicago Bulls,2021-10-20 17:00:00,1,0,0,0,1,1.0,2,9.0,5.0,4.0,0
2021-10-20,Cleveland Cavaliers,2021-10-20 17:00:00,1,1,0,0,0,1.75,2,13.0,10.0,10.5,0
2021-10-20,Denver Nuggets,2021-10-20 17:00:00,1,0,0,1,0,1.25,2,10.0,7.0,7.45,0
2021-10-20,Detroit Pistons,2021-10-20 17:00:00,3,0,0,0,0,3.0,3,24.0,10.0,24.0,0
2021-10-20,Houston Rockets,2021-10-20 17:00:00,1,0,1,0,0,1.5,2,8.0,5.0,6.35,0
2021-10-20,Indiana Pacers,2021-10-20 17:00:00,3,0,2,1,0,4.25,6,58.0,25.0,48.3,2
2021-10-20,Memphis Grizzlies,2021-10-20 17:00:00,1,0,0,0,0,1.0,2,30.0,25.0,26.25,1
2021-10-20,Minnesota Timberwolves,2021-10-20 17:00:00,1,0,2,0,0,2.0,4,23.0,10.0,12.1,0
2021-10-20,New Orleans Pelicans,2021-10-20 17:00:00,1,0,1,0,0,1.5,3,33.0,25.0,27.6,1
2021-10-20,New York Knicks,2021-10-20 17:00:00,1,1,0,0,0,1.75,2,8.0,5.0,7.25,0
2021-10-20,Orlando Magic,2021-10-20 17:00:00,5,0,0,0,0,5.0,5,36.0,12.0,36.0,0
2021-10-20,Philadelphia 76ers,2021-10-20 17:00:00,3,0,0,0,0,3.0,3,22.0,10.0,22.0,0
2021-10-20,Phoenix Suns,2021-10-20 17:00:00,1,0,0,0,0,1.0,2,245.0,240.0,241.25,1
2021-10-20,Portland Trail Blazers,2021-10-20 17:00:00,1,0,0,0,0,1.0,1,3.0,3.0,3.0,0
2021-10-20,Sacramento Kings,2021-10-19 17:00:00,0,0,0,0,0,0.0,1,5.0,5.0,1.25,0
2021-10-20,San Antonio Spurs,2021-10-20 17:00:00,2,0,0,0,1,2.0,4,61.0,45.0,51.25,1
2021-10-20,Toronto Raptors,2021-10-20 17:00:00,2,0,1,0,0,2.5,3,20.0,10.0,18.35,0
2021-10-20,Utah Jazz,2021-10-20 17:00:00,2,0,0,1,0,2.25,4,21.0,7.0,14.7,0
2021-10-20,Washington Wizards,2021-10-20 17:00:00,3,0,0,0,0,3.0,3,26.0,14.0,26.0,1
2021-10-21,Atlanta Hawks,2021-10-21 17:00:00,1,0,2,1,0,2.25,4,16.0,7.0,10.15,0
2021-10-21,Dallas Mavericks,2021-10-21 17:00:00,2,0,0,0,0,2.0,2,10.0,5.0,10.0,0
2021-10-21,Golden State Warriors,2021-10-21 17:00:00,3,0,0,0,0,3.0,4,40.0,21.0,36.25,1
2021-10-21,LA Clippers,2021-10-21 17:00:00,5,0,0,0,0,5.0,6,265.0,240.0,261.25,1
2021-10-21,Miami Heat,2021-10-21 17:00:00,1,0,0,0,0,1.0,1,7.0,7.0,7.0,0
2021-10-21,Milwaukee Bucks,2021-10-21 17:00:00,6,0,0,0,0,6.0,6,40.0,14.0,40.0,1
2021-10-22,Boston Celtics,2021-10-22 17:00:00,0,0,1,2,1,1.0,4,38.0,25.0,4.05,0
2021-10-22,Brooklyn Nets,2021-10-22 17:00:00,1,0,0,0,0,1.0,1,5.0,5.0,5.0,0
2021-10-22,Charlotte Hornets,2021-10-22 17:00:00,0,0,1,0,0,0.5,1,10.0,10.0,4.5,0
2021-10-22,Chicago Bulls,2021-10-22 17:00:00,1,0,0,0,1,1.0,2,9.0,5.0,4.0,0
2021-10-22,Cleveland Cavaliers,2021-10-22 17:00:00,1,0,1,1,0,1.75,3,23.0,10.0,9.0,0
2021-10-22,Denver Nuggets,2021-10-22 17:00:00,1,0,1,0,0,1.5,2,10.0,7.0,8.35,0
2021-10-22,Houston Rockets,2021-10-22 17:00:00,1,0,0,0,0,1.0,1,5.0,5.0,5.0,0
2021-10-22,Indiana Pacers,2021-10-22 17:00:00,3,0,3,0,0,4.5,6,58.0,25.0,49.2,2
2021-10-22,Los Angeles Lakers,2021-10-22 17:00:00,4,0,1,0,0,4.5,6,39.0,14.0,33.6,1
2021-10-22,New Orleans Pelicans,2021-10-22 17:00:00,3,0,0,0,0,3.0,3,31.0,25.0,31.0,1
2021-10-22,New York Knicks,2021-10-22 17:00:00,3,0,0,0,0,3.0,3,11.0,5.0,11.0,0
2021-10-22,Oklahoma City Thunder,2021-10-21 17:00:00,0,0,0,0,0,0.0,1,5.0,5.0,1.25,0
2021-10-22,Orlando Magic,2021-10-22 17:00:00,6,0,0,0,0,6.0,6,39.0,12.0,39.0,0
2021-10-22,Philadelphia 76ers,2021-10-22 17:00:00,3,0,1,0,0,3.5,4,23.0,10.0,21.35,0
2021-10-22,Phoenix Suns,2021-10-22 17:00:00,1,0,0,1,0,1.25,3,248.0,240.0,241.7,1
2021-10-22,Sacramento Kings,2021-10-22 17:00:00,0,0,1,0,0,0.5,2,8.0,5.0,2.6,0
2021-10-22,San Antonio Spurs,2021-10-22 17:00:00,2,0,0,0,0,2.0,2,50.0,45.0,50.0,1
2021-10-22,Toronto Raptors,2021-10-22 17:00:00,2,0,0,0,0,2.0,2,17.0,10.0,17.0,0
2021-10-22,Utah Jazz,2021-10-22 17:00:00,1,0,0,0,0,1.0,2,12.0,7.0,8.25,0
2021-10-22,Washington Wizards,2021-10-22 17:00:00,5,0,0,0,0,5.0,5,39.0,14.0,39.0,1
2021-10-23,Atlanta Hawks,2021-10-23 17:00:00,2,0,0,0,0,2.0,2,10.0,7.0,10.0,0
2021-10-23,Chicago Bulls,2021-10-23 17:00:00,1,0,0,0,0,1.0,2,9.0,5.0,5.25,0
2021-10-23,Cleveland Cavaliers,2021-10-23 17:00:00,2,0,0,0,0,2.0,3,18.0,10.0,14.25,0
2021-10-23,Dallas Mavericks,2021-10-23 17:00:00,2,0,0,0,0,2.0,2,10.0,5.0,10.0,0
2021-10-23,Detroit Pistons,2021-10-23 17:00:00,3,0,0,0,0,3.0,4,29.0,10.0,25.25,0
2021-10-23,Indiana Pacers,2021-10-23 17:00:00,3,0,3,0,0,4.5,7,63.0,25.0,50.45,2
2021-10-23,LA Clippers,2021-10-23 17:00:00,3,0,1,0,0,3.5,5,262.0,240.0,256.6,1
2021-10-23,Memphis Grizzlies,2021-10-23 17:00:00,1,0,0,0,0,1.0,2,30.0,25.0,26.25,1
2021-10-23,Miami Heat,2021-10-23 17:00:00,1,0,2,0,0,2.0,4,32.0,10.0,17.25,0
2021-10-23,Milwaukee Bucks,2021-10-23 17:00:00,4,0,0,0,2,4.0,6,40.0,14.0,34.0,1
2021-10-23,New Orleans Pelicans,2021-10-23 17:00:00,1,2,0,0,0,2.5,4,36.0,25.0,30.75,1
2021-10-23,Phoenix Suns,2021-10-23 17:00:00,2,0,0,1,0,2.25,4,262.0,240.0,255.7,2
2021-10-23,Portland Trail Blazers,2021-10-23 17:00:00,1,0,0,0,0,1.0,2,8.0,5.0,4.25,0
2021-10-23,San Antonio Spurs,2021-10-23 17:00:00,2,0,0,0,0,2.0,3,55.0,45.0,51.25,1
2021-10-23,Toronto Raptors,2021-10-23 17:00:00,2,0,0,0,0,2.0,3,22.0,10.0,18.25,0
2021-10-24,Boston Celtics,2021-10-24 17:00:00,3,0,0,0,1,3.0,5,43.0,25.0,14.25,0
2021-10-24,Brooklyn Nets,2021-10-24 17:00:00,2,0,0,0,0,2.0,2,10.0,5.0,10.0,0
2021-10-24,Charlotte Hornets,2021-10-24 17:00:00,1,0,0,0,0,1.0,1,10.0,10.0,10.0,0
2021-10-24,Golden State Warriors,2021-10-24 17:00:00,4,0,0,0,0,4.0,5,43.0,21.0,39.25,1
2021-10-24,Los Angeles Lakers,2021-10-24 17:00:00,4,0,0,0,0,4.0,5,36.0,14.0,32.25,1
2021-10-24,Memphis Grizzlies,2021-10-24 17:00:00,1,0,0,0,0,1.0,2,30.0,25.0,26.25,1
2021-10-24,New York Knicks,2021-10-24 17:00:00,1,1,0,0,1,1.75,3,11.0,5.0,7.25,0
2021-10-24,Oklahoma City Thunder,2021-10-23 17:00:00,0,0,0,0,0,0.0,1,5.0,5.0,1.25,0
2021-10-24,Orlando Magic,2021-10-24 17:00:00,5,0,1,0,0,5.5,6,39.0,12.0,37.35,0
2021-10-24,Philadelphia 76ers,2021-10-24 17:00:00,4,0,1,0,0,4.5,5,33.0,10.0,31.35,0
2021-10-24,Sacramento Kings,2021-10-24 17:00:00,0,0,1,0,0,0.5,2,8.0,5.0,2.6,0
2021-10-25,Atlanta Hawks,2021-10-25 17:00:00,2,0,1,0,0,2.5,3,13.0,7.0,11.35,0
2021-10-25,Boston Celtics,2021-10-25 17:00:00,2,1,2,0,1,3.75,7,49.0,25.0,16.2,0
2021-10-25,Brooklyn Nets,2021-10-25 17:00:00,2,0,0,1,0,2.25,4,18.0,5.0,11.7,0
2021-10-25,Charlotte Hornets,2021-10-25 17:00:00,4,0,0,0,0,4.0,5,37.0,12.0,33.25,0
2021-10-25,Chicago Bulls,2021-10-25 17:00:00,4,0,1,0,0,4.5,5,22.0,5.0,20.35,0
2021-10-25,Cleveland Cavaliers,2021-10-25 17:00:00,2,0,2,0,0,3.0,4,23.0,10.0,15.85,0
2021-10-25,Denver Nuggets,2021-10-25 17:00:00,2,0,0,0,0,2.0,2,10.0,7.0,10.0,0
2021-10-25,Detroit Pistons,2021-10-25 17:00:00,3,0,1,0,0,3.5,4,27.0,10.0,25.35,0
2021-10-25,Indiana Pacers,2021-10-25 17:00:00,3,0,0,0,0,3.0,3,42.0,25.0,42.0,2
2021-10-25,LA Clippers,2021-10-25 17:00:00,3,0,1,0,0,3.5,5,262.0,240.0,256.6,1
2021-10-25,Miami Heat,2021-10-25 17:00:00,1,0,1,0,0,1.5,2,17.0,10.0,11.5,0
2021-10-25,Milwaukee Bucks,2021-10-25 17:00:00,3,1,1,0,0,4.25,5,44.0,14.0,33.8,1
2021-10-25,Minnesota Timberwolves,2021-10-24 17:00:00,0,0,0,0,0,0.0,1,5.0,5.0,1.25,0
2021-10-25,New Orleans Pelicans,2021-10-25 17:00:00,1,0,2,0,0,2.0,3,31.0,25.0,27.7,1
2021-10-25,Orlando Magic,2021-10-25 17:00:00,5,0,0,0,1,5.0,7,44.0,12.0,37.25,0
2021-10-25,Portland Trail Blazers,2021-10-25 17:00:00,2,0,0,0,0,2.0,3,11.0,5.0,7.25,0
2021-10-25,Toronto Raptors,2021-10-25 17:00:00,2,0,0,0,0,2.0,2,17.0,10.0,17.0,0
2021-10-25,Washington Wizards,2021-10-25 17:00:00,4,0,1,0,0,4.5,5,39.0,14.0,37.35,1
2021-10-26,Dallas Mavericks,2021-10-26 17:00:00,2,0,0,0,0,2.0,2,10.0,5.0,10.0,0
2021-10-26,Denver Nuggets,2021-10-26 17:00:00,2,0,0,1,0,2.25,4,18.0,7.0,11.7,0
2021-10-26,Golden State Warriors,2021-10-26 17:00:00,4,0,0,1,0,4.25,6,48.0,21.0,41.7,1
2021-10-26,Houston Rockets,2021-10-26 17:00:00,2,0,0,0,0,2.0,2,10.0,5.0,10.0,0
2021-10-26,Los Angeles Lakers,2021-10-26 17:00:00,5,0,2,0,0,6.0,7,44.0,14.0,34.65,1
2021-10-26,New York Knicks,2021-10-26 17:00:00,1,0,1,0,0,1.5,2,8.0,5.0,6.35,0
2021-10-26,Oklahoma City Thunder,2021-10-26 17:00:00,4,0,0,0,0,4.0,5,25.0,5.0,21.25,0
2021-10-26,Philadelphia 76ers,2021-10-26 17:00:00,5,0,2,0,0,6.0,7,43.0,10.0,35.85,0
2021-10-26,San Antonio Spurs,2021-10-26 17:00:00,2,0,0,0,0,2.0,3,55.0,45.0,51.25,1
2021-10-26,Utah Jazz,2021-10-26 17:00:00,1,0,1,0,0,1.5,3,15.0,7.0,9.6,0
2021-10-27,Atlanta Hawks,2021-10-27 17:00:00,1,0,2,1,0,2.25,5,21.0,7.0,11.4,0
2021-10-27,Boston Celtics,2021-10-27 17:00:00,2,0,1,1,1,2.75,5,48.0,25.0,14.95,0
2021-10-27,Brooklyn Nets,2021-10-27 17:00:00,1,0,0,0,0,1.0,1,5.0,5.0,5.0,0
2021-10-27,Charlotte Hornets,2021-10-27 17:00:00,1,1,0,0,0,1.75,2,22.0,12.0,19.5,0
2021-10-27,Cleveland Cavaliers,2021-10-27 17:00:00,2,1,0,0,0,2.75,4,29.0,14.0,21.75,1
2021-10-27,Indiana Pacers,2021-10-27 17:00:00,2,0,1,0,0,2.5,4,47.0,25.0,41.6,2
2021-10-27,LA Clippers,2021-10-27 17:00:00,4,0,1,0,0,4.5,6,265.0,240.0,259.6,1
2021-10-27,Los Angeles Lakers,2021-10-27 17:00:00,6,0,2,0,0,7.0,9,52.0,14.0,38.9,1
2021-10-27,Memphis Grizzlies,2021-10-27 17:00:00,1,0,0,0,0,1.0,2,30.0,25.0,26.25,1
2021-10-27,Miami Heat,2021-10-27 17:00:00,2,0,0,0,0,2.0,2,12.0,7.0,12.0,0
2021-10-27,Milwaukee Bucks,2021-10-27 17:00:00,3,0,0,2,0,3.5,6,49.0,14.0,24.85,1
2021-10-27,Minnesota Timberwolves,2021-10-27 17:00:00,1,0,0,0,0,1.0,2,10.0,5.0,6.25,0
2021-10-27,New Orleans Pelicans,2021-10-27 17:00:00,1,0,1,0,0,1.5,2,28.0,25.0,26.35,1
2021-10-27,Oklahoma City Thunder,2021-10-27 17:00:00,4,0,0,0,0,4.0,5,25.0,5.0,21.25,0
2021-10-27,Orlando Magic,2021-10-27 17:00:00,5,0,0,0,0,5.0,5,36.0,12.0,36.0,0
2021-10-27,Phoenix Suns,2021-10-27 17:00:00,2,0,0,0,0,2.0,3,259.0,240.0,255.25,2
2021-10-27,Portland Trail Blazers,2021-10-27 17:00:00,1,0,1,0,0,1.5,3,11.0,5.0,5.6,0
2021-10-27,Sacramento Kings,2021-10-27 17:00:00,4,0,0,0,0,4.0,5,25.0,5.0,21.25,0
2021-10-27,Toronto Raptors,2021-10-27 17:00:00,2,0,0,0,0,2.0,2,17.0,10.0,17.0,0
2021-10-27,Washington Wizards,2021-10-27 17:00:00,4,0,1,0,0,4.5,5,39.0,14.0,37.35,1
2021-10-28,Atlanta Hawks,2021-10-28 17:00:00,1,0,2,2,0,2.5,6,24.0,7.0,11.85,0
2021-10-28,Chicago Bulls,2021-10-28 17:00:00,4,0,1,0,0,4.5,5,27.0,8.0,22.6,0
2021-10-28,Dallas Mavericks,2021-10-28 17:00:00,3,0,1,0,0,3.5,4,21.0,10.0,19.35,0
2021-10-28,Detroit Pistons,2021-10-28 17:00:00,3,0,1,0,0,3.5,4,18.0,5.0,16.35,0
2021-10-28,Golden State Warriors,2021-10-28 17:00:00,3,0,0,0,0,3.0,4,40.0,21.0,36.25,1
2021-10-28,Houston Rockets,2021-10-28 17:00:00,3,0,0,0,0,3.0,3,13.0,5.0,13.0,0
2021-10-28,Memphis Grizzlies,2021-10-28 17:00:00,1,0,0,0,0,1.0,2,30.0,25.0,26.25,1
2021-10-28,New York Knicks,2021-10-28 17:00:00,2,0,0,0,0,2.0,2,8.0,5.0,8.0,0
2021-10-28,Philadelphia 76ers,2021-10-28 17:00:00,4,0,2,0,0,5.0,6,33.0,10.0,25.85,0
2021-10-28,San Antonio Spurs,2021-10-28 17:00:00,5,0,0,0,0,5.0,6,68.0,45.0,64.25,1
2021-10-28,Utah Jazz,2021-10-28 17:00:00,2,0,3,0,0,3.5,5,21.0,7.0,16.05,0
2021-10-28,Washington Wizards,2021-10-28 17:00:00,5,0,0,0,0,5.0,6,277.0,240.0,273.25,2
2021-10-29,Brooklyn Nets,2021-10-29 17:00:00,1,0,1,0,0,1.5,2,8.0,5.0,6.35,0
2021-10-29,Charlotte Hornets,2021-10-29 17:00:00,4,1,1,0,0,5.25,6,42.0,12.0,33.5,0
2021-10-29,Cleveland Cavaliers,2021-10-29 17:00:00,4,0,0,0,0,4.0,5,32.0,14.0,28.25,1
2021-10-29,Dallas Mavericks,2021-10-29 17:00:00,2,0,0,1,0,2.25,4,21.0,10.0,14.7,0
2021-10-29,Denver Nuggets,2021-10-29 17:00:00,2,0,1,0,0,2.5,3,13.0,7.0,11.35,0
2021-10-29,Indiana Pacers,2021-10-29 17:00:00,4,0,1,0,0,4.5,5,48.0,25.0,46.35,2
2021-10-29,LA Clippers,2021-10-29 17:00:00,5,0,1,0,0,5.5,7,270.0,240.0,264.6,1
2021-10-29,Los Angeles Lakers,2021-10-29 17:00:00,3,0,4,3,0,5.75,11,58.0,14.0,31.75,1
2021-10-29,Miami Heat,2021-10-29 17:00:00,2,0,1,1,0,2.75,4,18.0,7.0,13.8,0
2021-10-29,New Orleans Pelicans,2021-10-29 17:00:00,1,1,1,0,0,2.25,3,38.0,25.0,33.85,1
2021-10-29,Orlando Magic,2021-10-29 17:00:00,6,0,0,0,0,6.0,6,41.0,12.0,41.0,0
2021-10-29,Portland Trail Blazers,2021-10-29 17:00:00,1,0,1,0,0,1.5,3,11.0,5.0,5.6,0
2021-10-29,Sacramento Kings,2021-10-29 17:00:00,4,0,0,0,0,4.0,5,25.0,5.0,21.25,0
2021-10-29,Toronto Raptors,2021-10-29 17:00:00,2,0,0,0,0,2.0,2,17.0,10.0,17.0,0
2021-10-30,Atlanta Hawks,2021-10-30 17:00:00,1,0,0,1,0,1.25,2,10.0,7.0,7.45,0
2021-10-30,Boston Celtics,2021-10-30 17:00:00,5,0,0,0,2,5.0,7,27.0,5.0,21.0,0
2021-10-30,Chicago Bulls,2021-10-30 17:00:00,4,0,0,0,1,4.0,6,30.0,8.0,18.25,0
2021-10-30,Cleveland Cavaliers,2021-10-30 17:00:00,4,0,0,0,0,4.0,5,32.0,14.0,28.25,1
2021-10-30,Denver Nuggets,2021-10-30 17:00:00,2,0,0,1,0,2.25,4,18.0,7.0,11.7,0
2021-10-30,Detroit Pistons,2021-10-30 17:00:00,2,0,0,1,0,2.25,3,15.0,7.0,12.45,0
2021-10-30,Golden State Warriors,2021-10-30 17:00:00,3,0,2,1,0,4.25,6,53.0,21.0,28.0,1
2021-10-30,Indiana Pacers,2021-10-30 17:00:00,3,1,1,0,0,4.25,6,53.0,25.0,46.85,2
2021-10-30,Memphis Grizzlies,2021-10-30 17:00:00,1,0,1,0,0,1.5,3,33.0,25.0,27.6,1
2021-10-30,Miami Heat,2021-10-30 17:00:00,2,0,1,0,0,2.5,4,20.0,7.0,14.6,0
2021-10-30,Milwaukee Bucks,2021-10-30 17:00:00,4,0,0,0,0,4.0,4,27.0,10.0,27.0,0
2021-10-30,Minnesota Timberwolves,2021-10-30 17:00:00,1,0,0,0,0,1.0,1,5.0,5.0,5.0,0
2021-10-30,New Orleans Pelicans,2021-10-30 17:00:00,3,1,0,1,0,4.0,6,91.0,45.0,83.95,2
2021-10-30,New York Knicks,2021-10-30 17:00:00,2,0,0,0,0,2.0,3,13.0,5.0,9.25,0
2021-10-30,Oklahoma City Thunder,2021-10-30 17:00:00,4,0,0,0,0,4.0,4,20.0,5.0,20.0,0
2021-10-30,Orlando Magic,2021-10-30 17:00:00,4,0,0,1,0,4.25,6,41.0,12.0,34.7,0
2021-10-30,Philadelphia 76ers,2021-10-30 17:00:00,4,0,0,0,1,4.0,5,23.0,7.0,20.0,0
2021-10-30,Phoenix Suns,2021-10-30 17:00:00,2,0,0,0,0,2.0,3,259.0,240.0,255.25,2
2021-10-30,San Antonio Spurs,2021-10-30 17:00:00,5,0,0,0,0,5.0,5,63.0,45.0,63.0,1
2021-10-30,Toronto Raptors,2021-10-30 17:00:00,4,0,0,0,0,4.0,5,32.0,10.0,28.25,0
2021-10-30,Utah Jazz,2021-10-30 17:00:00,3,0,0,3,0,3.75,7,29.0,7.0,17.6,0
2021-10-30,Washington Wizards,2021-10-30 17:00:00,5,0,0,0,0,5.0,5,272.0,240.0,272.0,2
2021-10-31,Brooklyn Nets,2021-10-31 17:00:00,3,0,0,0,0,3.0,3,11.0,5.0,11.0,0
2021-10-31,Charlotte Hornets,2021-10-31 17:00:00,2,0,0,1,2,2.25,5,30.0,10.0,11.5,0
2021-10-31,Dallas Mavericks,2021-10-31 17:00:00,1,0,0,0,1,1.0,2,13.0,10.0,3.0,0
2021-10-31,Detroit Pistons,2021-10-31 17:00:00,3,0,0,0,0,3.0,4,19.0,5.0,15.25,0
2021-10-31,Houston Rockets,2021-10-31 17:00:00,3,0,1,0,0,3.5,5,28.0,10.0,18.75,0
2021-10-31,Los Angeles Lakers,2021-10-31 17:00:00,5,0,3,1,0,6.75,10,55.0,14.0,37.7,1
2021-10-31,Milwaukee Bucks,2021-10-31 17:00:00,5,0,0,0,0,5.0,6,35.0,10.0,31.25,0
2021-10-31,Portland Trail Blazers,2021-10-31 17:00:00,0,0,0,0,1,0.0,1,3.0,3.0,0.0,0
2021-10-31,Sacramento Kings,2021-10-31 17:00:00,4,0,0,0,0,4.0,5,25.0,5.0,21.25,0
2021-10-31,Utah Jazz,2021-10-31 17:00:00,2,0,0,0,0,2.0,3,17.0,7.0,13.25,0
2021-11-01,Atlanta Hawks,2021-11-01 17:00:00,1,0,0,0,0,1.0,1,7.0,7.0,7.0,0
2021-11-01,Boston Celtics,2021-11-01 17:00:00,3,0,0,0,0,3.0,3,15.0,5.0,15.0,0
2021-11-01,Charlotte Hornets,2021-11-01 17:00:00,2,0,0,0,0,2.0,3,15.0,5.0,11.25,0
2021-11-01,Chicago Bulls,2021-11-01 17:00:00,4,0,0,0,1,4.0,5,25.0,8.0,17.0,0
2021-11-01,Cleveland Cavaliers,2021-11-01 17:00:00,5,0,0,0,0,5.0,5,32.0,14.0,32.0,1
2021-11-01,Denver Nuggets,2021-11-01 17:00:00,3,0,0,0,0,3.0,3,15.0,7.0,15.0,0
2021-11-01,Indiana Pacers,2021-11-01 17:00:00,2,1,3,0,0,4.25,6,58.0,25.0,44.5,2
2021-11-01,LA Clippers,2021-11-01 17:00:00,5,0,0,0,0,5.0,6,267.0,240.0,263.25,1
2021-11-01,Memphis Grizzlies,2021-11-01 17:00:00,1,0,1,0,0,1.5,3,33.0,25.0,27.6,1
2021-11-01,Minnesota Timberwolves,2021-11-01 17:00:00,1,0,1,0,0,1.5,2,8.0,5.0,6.35,0
2021-11-01,New York Knicks,2021-11-01 17:00:00,1,0,1,0,0,1.5,2,8.0,5.0,6.35,0
2021-11-01,Oklahoma City Thunder,2021-11-01 17:00:00,5,0,1,0,0,5.5,7,31.0,5.0,25.6,0
2021-11-01,Orlando Magic,2021-11-01 17:00:00,4,0,1,0,0,4.5,5,43.0,12.0,37.5,0
2021-11-01,Philadelphia 76ers,2021-11-01 17:00:00,3,0,0,0,0,3.0,3,15.0,7.0,15.0,0
2021-11-01,Portland Trail Blazers,2021-10-31 17:00:00,0,0,0,0,0,0.0,1,5.0,5.0,1.25,0
2021-11-01,San Antonio Spurs,2021-11-01 17:00:00,5,0,0,0,0,5.0,5,63.0,45.0,63.0,1
2021-11-01,Toronto Raptors,2021-11-01 17:00:00,3,1,0,0,1,3.75,5,35.0,10.0,28.0,0
2021-11-01,Washington Wizards,2021-11-01 17:00:00,4,0,0,0,1,4.0,5,272.0,240.0,269.0,2
2021-11-02,Dallas Mavericks,2021-11-02 17:00:00,3,0,0,0,0,3.0,3,11.0,5.0,11.0,0
2021-11-02,Detroit Pistons,2021-11-02 17:00:00,3,0,0,1,2,3.25,6,39.0,10.0,20.5,0
2021-11-02,Houston Rockets,2021-11-02 17:00:00,3,0,2,0,0,4.0,6,24.0,5.0,16.95,0
2021-11-02,Los Angeles Lakers,2021-11-02 17:00:00,5,0,3,1,0,6.75,10,55.0,14.0,37.7,1
2021-11-02,Miami Heat,2021-11-02 17:00:00,4,0,1,0,0,4.5,5,37.0,12.0,35.35,0
2021-11-02,Milwaukee Bucks,2021-11-02 17:00:00,4,0,0,3,0,4.75,7,34.0,10.0,26.349999999999998,0
2021-11-02,New Orleans Pelicans,2021-11-02 17:00:00,2,1,0,2,0,3.25,6,91.0,45.0,75.45,2
2021-11-02,Phoenix Suns,2021-11-02 17:00:00,2,0,1,0,0,2.5,4,262.0,240.0,256.6,2
2021-11-02,Sacramento Kings,2021-11-02 17:00:00,4,0,0,0,0,4.0,5,25.0,5.0,21.25,0
2021-11-02,Utah Jazz,2021-11-02 17:00:00,2,0,0,0,0,2.0,3,17.0,7.0,13.25,0
2021-11-03,Atlanta Hawks,2021-11-03 17:00:00,1,0,1,2,0,2.0,4,16.0,7.0,9.25,0
2021-11-03,Boston Celtics,2021-11-03 17:00:00,2,0,0,0,1,2.0,3,35.0,25.0,10.0,0
2021-11-03,Brooklyn Nets,2021-11-03 17:00:00,2,0,0,0,0,2.0,2,8.0,5.0,8.0,0
2021-11-03,Charlotte Hornets,2021-11-03 17:00:00,4,0,0,0,0,4.0,4,20.0,5.0,20.0,0
2021-11-03,Chicago Bulls,2021-11-03 17:00:00,4,0,0,0,1,4.0,5,25.0,8.0,17.0,0
2021-11-03,Cleveland Cavaliers,2021-11-03 17:00:00,4,0,0,0,1,4.0,5,34.0,14.0,29.0,1
2021-11-03,Dallas Mavericks,2021-11-03 17:00:00,2,0,1,0,0,2.5,4,16.0,5.0,10.6,0
2021-11-03,Denver Nuggets,2021-11-03 17:00:00,3,0,0,0,0,3.0,4,20.0,7.0,16.25,0
2021-11-03,Golden State Warriors,2021-11-03 17:00:00,2,0,0,0,0,2.0,2,14.0,7.0,14.0,0
2021-11-03,Indiana Pacers,2021-11-03 17:00:00,3,0,1,0,0,3.5,4,41.0,25.0,39.35,1
2021-11-03,LA Clippers,2021-11-03 17:00:00,5,0,0,0,0,5.0,6,267.0,240.0,263.25,1
2021-11-03,Memphis Grizzlies,2021-11-03 17:00:00,1,0,0,0,0,1.0,2,30.0,25.0,26.25,1
2021-11-03,Minnesota Timberwolves,2021-11-03 17:00:00,2,0,1,0,0,2.5,4,23.0,10.0,17.6,0
2021-11-03,New Orleans Pelicans,2021-11-03 17:00:00,3,0,1,0,0,3.5,5,84.0,45.0,78.6,2
2021-11-03,New York Knicks,2021-11-03 17:00:00,1,0,2,0,0,2.0,4,32.0,12.0,16.15,0
2021-11-03,Orlando Magic,2021-11-03 17:00:00,4,0,1,0,0,4.5,5,43.0,12.0,37.5,0
2021-11-03,Philadelphia 76ers,2021-11-03 17:00:00,6,0,0,0,0,6.0,6,28.0,7.0,28.0,0
2021-11-03,Sacramento Kings,2021-11-03 17:00:00,1,0,0,0,0,1.0,2,10.0,5.0,6.25,0
2021-11-03,San Antonio Spurs,2021-11-03 17:00:00,3,0,0,0,3,3.0,6,68.0,45.0,55.0,1
2021-11-03,Toronto Raptors,2021-11-03 17:00:00,4,0,0,0,0,4.0,4,30.0,10.0,30.0,0
2021-11-03,Washington Wizards,2021-11-03 17:00:00,5,0,0,0,0,5.0,5,279.0,240.0,279.0,2
2021-11-04,Atlanta Hawks,2021-11-04 17:00:00,1,0,2,0,0,2.0,4,18.0,7.0,10.95,0
2021-11-04,Boston Celtics,2021-11-04 17:00:00,2,0,1,0,1,2.5,5,43.0,25.0,12.6,0
2021-11-04,Detroit Pistons,2021-11-04 17:00:00,2,0,0,0,1,2.0,3,19.0,7.0,14.0,0
2021-11-04,Houston Rockets,2021-11-04 17:00:00,3,0,1,0,0,3.5,5,21.0,5.0,15.6,0
2021-11-04,Los Angeles Lakers,2021-11-04 17:00:00,4,0,2,3,0,5.75,10,55.0,14.0,28.75,1
2021-11-04,Miami Heat,2021-11-04 17:00:00,3,0,1,0,0,3.5,4,34.0,12.0,28.5,0
2021-11-04,Oklahoma City Thunder,2021-11-04 17:00:00,4,0,2,0,0,5.0,7,31.0,5.0,23.95,0
2021-11-04,Philadelphia 76ers,2021-11-04 17:00:00,7,0,2,0,0,8.0,10,48.0,7.0,38.75,0
2021-11-04,Phoenix Suns,2021-11-04 17:00:00,1,0,2,0,0,2.0,4,262.0,240.0,248.9,2
2021-11-04,Utah Jazz,2021-11-04 17:00:00,2,0,2,2,0,3.5,6,45.0,10.0,22.95,0
2021-11-05,Brooklyn Nets,2021-11-05 17:00:00,6,0,0,0,0,6.0,6,28.0,5.0,28.0,0
2021-11-05,Charlotte Hornets,2021-11-05 17:00:00,5,0,0,1,0,5.25,7,31.0,5.0,24.7,0
2021-11-05,Cleveland Cavaliers,2021-11-05 17:00:00,4,0,0,0,0,4.0,4,29.0,14.0,29.0,1
2021-11-05,Detroit Pistons,2021-11-05 17:00:00,4,0,1,0,0,4.5,6,33.0,8.0,24.85,0
2021-11-05,Golden State Warriors,2021-11-05 17:00:00,2,0,0,0,0,2.0,3,19.0,7.0,15.25,0
2021-11-05,Indiana Pacers,2021-11-05 17:00:00,2,0,2,0,0,3.0,5,46.0,25.0,35.1,1
2021-11-05,LA Clippers,2021-11-05 17:00:00,5,0,0,0,0,5.0,6,267.0,240.0,263.25,1
2021-11-05,Memphis Grizzlies,2021-11-05 17:00:00,1,0,0,0,0,1.0,1,25.0,25.0,25.0,1
2021-11-05,Milwaukee Bucks,2021-11-05 17:00:00,3,0,0,1,0,3.25,5,30.0,10.0,17.75,0
2021-11-05,Minnesota Timberwolves,2021-11-05 17:00:00,2,0,0,0,0,2.0,3,20.0,10.0,16.25,0
2021-11-05,New Orleans Pelicans,2021-11-05 17:00:00,2,0,2,0,0,3.0,5,84.0,45.0,75.3,2
2021-11-05,New York Knicks,2021-11-05 17:00:00,1,0,0,0,0,1.0,2,10.0,5.0,6.25,0
2021-11-05,Orlando Magic,2021-11-05 17:00:00,4,0,0,0,1,4.0,5,43.0,12.0,33.0,0
2021-11-05,Portland Trail Blazers,2021-11-04 17:00:00,0,0,0,0,0,0.0,1,5.0,5.0,1.25,0
2021-11-05,Sacramento Kings,2021-11-05 17:00:00,4,0,0,0,0,4.0,5,25.0,5.0,21.25,0
2021-11-05,San Antonio Spurs,2021-11-05 17:00:00,5,0,0,0,0,5.0,5,65.0,45.0,65.0,1
2021-11-05,Toronto Raptors,2021-11-05 17:00:00,2,0,0,0,0,2.0,2,17.0,10.0,17.0,0
2021-11-05,Washington Wizards,2021-11-05 17:00:00,5,0,0,0,0,5.0,5,279.0,240.0,279.0,2
2021-11-06,Atlanta Hawks,2021-11-06 17:00:00,4,0,1,1,0,4.75,7,33.0,7.0,25.05,0
2021-11-06,Boston Celtics,2021-11-06 17:00:00,3,0,1,0,1,3.5,6,46.0,25.0,15.6,0
2021-11-06,Chicago Bulls,2021-11-06 17:00:00,4,0,0,0,1,4.0,5,25.0,8.0,17.0,0
2021-11-06,Dallas Mavericks,2021-11-06 17:00:00,1,0,2,0,0,2.0,3,9.0,3.0,5.7,0
2021-11-06,Denver Nuggets,2021-11-06 17:00:00,3,0,0,0,0,3.0,3,15.0,7.0,15.0,0
2021-11-06,Houston Rockets,2021-11-06 17:00:00,3,0,0,0,1,3.0,5,21.0,5.0,14.25,0
2021-11-06,Los Angeles Lakers,2021-11-06 17:00:00,4,0,1,1,0,4.75,7,36.0,8.0,25.3,0
2021-11-06,Miami Heat,2021-11-06 17:00:00,3,0,2,0,0,4.0,5,44.0,12.0,33.0,0
2021-11-06,Philadelphia 76ers,2021-11-06 17:00:00,7,0,2,0,0,8.0,10,46.0,7.0,38.95,0
2021-11-06,Phoenix Suns,2021-11-06 17:00:00,2,0,1,0,0,2.5,4,262.0,240.0,250.55,2
2021-11-06,Portland Trail Blazers,2021-11-05 17:00:00,0,0,0,0,0,0.0,1,5.0,5.0,1.25,0
2021-11-06,Utah Jazz,2021-11-06 17:00:00,3,0,2,0,0,4.0,5,35.0,10.0,24.0,0
2021-11-07,Brooklyn Nets,2021-11-07 17:00:00,7,0,0,0,0,7.0,7,31.0,5.0,31.0,0
2021-11-07,Charlotte Hornets,2021-11-07 17:00:00,5,0,1,0,0,5.5,7,31.0,5.0,25.6,0
2021-11-07,Cleveland Cavaliers,2021-11-07 17:00:00,4,0,0,0,0,4.0,5,34.0,14.0,30.25,1
2021-11-07,Golden State Warriors,2021-11-07 17:00:00,3,0,0,0,0,3.0,3,18.0,7.0,18.0,0
2021-11-07,Houston Rockets,2021-11-07 17:00:00,4,0,0,0,0,4.0,5,21.0,5.0,17.25,0
2021-11-07,Indiana Pacers,2021-11-07 17:00:00,5,0,0,0,1,5.0,7,56.0,25.0,42.25,1
2021-11-07,LA Clippers,2021-11-07 17:00:00,3,0,0,0,0,3.0,4,255.0,240.0,251.25,1
2021-11-07,Milwaukee Bucks,2021-11-07 17:00:00,3,0,1,0,0,3.5,4,18.0,7.0,16.35,0
2021-11-07,New York Knicks,2021-11-07 17:00:00,2,0,0,0,0,2.0,2,10.0,5.0,10.0,0
2021-11-07,Oklahoma City Thunder,2021-11-07 17:00:00,2,0,0,0,4,2.0,7,33.0,5.0,11.25,0
2021-11-07,Orlando Magic,2021-11-07 17:00:00,4,0,0,0,2,4.0,6,53.0,12.0,33.0,0
2021-11-07,Sacramento Kings,2021-11-07 17:00:00,2,0,0,0,2,2.0,5,23.0,5.0,9.25,0
2021-11-07,San Antonio Spurs,2021-11-07 17:00:00,5,0,0,0,0,5.0,5,65.0,45.0,65.0,1
2021-11-07,Toronto Raptors,2021-11-07 17:00:00,2,0,0,0,1,2.0,3,20.0,10.0,13.0,0
2021-11-07,Utah Jazz,2021-11-07 17:00:00,4,0,0,0,0,4.0,5,23.0,7.0,19.25,0
2021-11-07,Washington Wizards,2021-11-07 17:00:00,6,0,0,0,1,6.0,8,294.0,240.0,280.25,2
2021-11-08,Atlanta Hawks,2021-11-08 17:00:00,4,0,0,1,0,4.25,6,30.0,7.0,23.7,0
2021-11-08,Brooklyn Nets,2021-11-08 17:00:00,4,0,0,0,0,4.0,5,23.0,5.0,19.25,0
2021-11-08,Charlotte Hornets,2021-11-08 17:00:00,5,0,0,0,0,5.0,6,28.0,5.0,24.25,0
2021-11-08,Chicago Bulls,2021-11-08 17:00:00,4,0,0,0,1,4.0,5,25.0,8.0,17.0,0
2021-11-08,Dallas Mavericks,2021-11-08 17:00:00,1,0,0,0,0,1.0,1,3.0,3.0,3.0,0
2021-11-08,Denver Nuggets,2021-11-08 17:00:00,4,0,0,1,0,4.25,6,26.0,7.0,19.7,0
2021-11-08,Golden State Warriors,2021-11-08 17:00:00,3,0,0,0,0,3.0,4,23.0,7.0,19.25,0
2021-11-08,Los Angeles Lakers,2021-11-08 17:00:00,4,0,2,1,0,5.25,8,43.0,8.0,26.95,0
2021-11-08,Memphis Grizzlies,2021-11-08 17:00:00,2,1,1,0,0,3.25,5,39.0,25.0,32.85,1
2021-11-08,Miami Heat,2021-11-08 17:00:00,2,0,1,0,0,2.5,4,29.0,12.0,18.65,0
2021-11-08,Minnesota Timberwolves,2021-11-08 17:00:00,2,0,1,0,0,2.5,4,25.0,10.0,15.75,0
2021-11-08,New Orleans Pelicans,2021-11-08 17:00:00,2,0,2,0,0,3.0,4,76.0,45.0,72.7,2
2021-11-08,New York Knicks,2021-11-08 17:00:00,1,0,2,0,0,2.0,4,16.0,5.0,8.95,0
2021-11-08,Philadelphia 76ers,2021-11-08 17:00:00,6,0,1,0,0,6.5,7,33.0,7.0,31.35,0
2021-11-08,Phoenix Suns,2021-11-08 17:00:00,2,0,0,0,0,2.0,3,248.0,240.0,244.25,1
2021-11-08,Sacramento Kings,2021-11-08 17:00:00,1,0,1,0,0,1.5,3,11.0,5.0,5.6,0
2021-11-09,Atlanta Hawks,2021-11-09 17:00:00,4,0,2,0,0,5.0,7,33.0,7.0,25.95,0
2021-11-09,LA Clippers,2021-11-09 17:00:00,3,0,0,0,0,3.0,4,255.0,240.0,251.25,1
2021-11-09,Milwaukee Bucks,2021-11-09 17:00:00,3,0,0,0,0,3.0,3,15.0,7.0,15.0,0
2021-11-09,Philadelphia 76ers,2021-11-09 17:00:00,6,0,1,0,0,6.5,8,38.0,7.0,32.6,0
2021-11-09,Portland Trail Blazers,2021-11-08 17:00:00,0,0,0,0,0,0.0,1,5.0,5.0,1.25,0
2021-11-09,Utah Jazz,2021-11-09 17:00:00,1,0,1,0,2,1.5,5,25.0,7.0,9.6,0
2021-11-10,Boston Celtics,2021-11-10 17:00:00,2,0,0,0,1,2.0,3,42.0,25.0,17.0,1
2021-11-10,Brooklyn Nets,2021-11-10 17:00:00,4,0,0,0,0,4.0,4,18.0,5.0,18.0,0
2021-11-10,Charlotte Hornets,2021-11-10 17:00:00,5,0,0,0,0,5.0,5,23.0,5.0,23.0,0
2021-11-10,Chicago Bulls,2021-11-10 17:00:00,5,0,0,0,1,5.0,6,30.0,8.0,22.0,0
2021-11-10,Cleveland Cavaliers,2021-11-10 17:00:00,3,0,1,0,0,3.5,4,27.0,14.0,19.3,1
2021-11-10,Dallas Mavericks,2021-11-10 17:00:00,3,0,0,0,0,3.0,3,13.0,5.0,13.0,0
2021-11-10,Denver Nuggets,2021-11-10 17:00:00,5,0,0,1,0,5.25,6,26.0,7.0,23.45,0
2021-11-10,Detroit Pistons,2021-11-10 17:00:00,5,0,0,1,0,5.25,7,38.0,8.0,27.45,0
2021-11-10,Golden State Warriors,2021-11-10 17:00:00,2,0,1,0,0,2.5,4,22.0,7.0,16.6,0
2021-11-10,Houston Rockets,2021-11-10 17:00:00,2,0,2,0,0,3.0,4,16.0,5.0,12.7,0
2021-11-10,Indiana Pacers,2021-11-10 17:00:00,5,0,1,0,0,5.5,7,49.0,25.0,43.6,1
2021-11-10,Los Angeles Lakers,2021-11-10 17:00:00,4,0,4,1,0,6.25,10,71.0,14.0,39.55,2
2021-11-10,Memphis Grizzlies,2021-11-10 17:00:00,2,0,2,0,0,3.0,5,39.0,25.0,19.85,1
2021-11-10,Miami Heat,2021-11-10 17:00:00,4,0,3,1,0,5.75,9,49.0,12.0,33.5,0
2021-11-10,Milwaukee Bucks,2021-11-10 17:00:00,3,0,0,0,0,3.0,4,20.0,7.0,16.25,0
2021-11-10,Minnesota Timberwolves,2021-11-10 17:00:00,1,0,0,0,0,1.0,2,10.0,5.0,6.25,0
2021-11-10,New Orleans Pelicans,2021-11-10 17:00:00,2,0,2,0,0,3.0,5,81.0,45.0,73.95,2
2021-11-10,New York Knicks,2021-11-10 17:00:00,1,0,2,0,0,2.0,3,20.0,12.0,11.75,0
2021-11-10,Oklahoma City Thunder,2021-11-10 17:00:00,2,0,0,0,0,2.0,3,15.0,5.0,11.25,0
2021-11-10,Orlando Magic,2021-11-10 17:00:00,4,0,0,0,0,4.0,4,33.0,12.0,33.0,0
2021-11-10,Phoenix Suns,2021-11-10 17:00:00,3,0,0,0,0,3.0,4,251.0,240.0,247.25,1
2021-11-10,Portland Trail Blazers,2021-11-09 17:00:00,0,0,0,0,0,0.0,1,5.0,5.0,1.25,0
2021-11-10,Sacramento Kings,2021-11-10 17:00:00,3,0,2,0,0,4.0,6,26.0,5.0,18.95,0
2021-11-10,San Antonio Spurs,2021-11-10 17:00:00,5,0,0,0,2,5.0,7,73.0,45.0,63.0,1
2021-11-10,Toronto Raptors,2021-11-10 17:00:00,3,1,0,0,0,3.75,4,23.0,10.0,22.25,0
2021-11-10,Washington Wizards,2021-11-10 17:00:00,6,0,0,0,0,6.0,6,270.0,240.0,270.0,1
2021-11-11,Indiana Pacers,2021-11-11 17:00:00,5,0,0,0,0,5.0,6,46.0,25.0,42.25,1
2021-11-11,LA Clippers,2021-11-11 17:00:00,8,0,0,0,0,8.0,9,280.0,240.0,276.25,1
2021-11-11,Miami Heat,2021-11-11 17:00:00,4,0,3,0,0,5.5,8,48.0,12.0,34.35,0
2021-11-11,Philadelphia 76ers,2021-11-11 17:00:00,5,0,2,0,0,6.0,7,33.0,7.0,28.6,0
2021-11-11,Toronto Raptors,2021-11-11 17:00:00,5,0,0,0,0,5.0,6,32.0,10.0,28.25,0
2021-11-11,Utah Jazz,2021-11-11 17:00:00,3,0,0,0,1,3.0,5,25.0,7.0,18.25,0
2021-11-12,Atlanta Hawks,2021-11-12 17:00:00,4,0,2,0,0,5.0,7,33.0,7.0,25.95,0
2021-11-12,Boston Celtics,2021-11-12 17:00:00,4,0,0,0,0,4.0,4,27.0,14.0,27.0,1
2021-11-12,Brooklyn Nets,2021-11-12 17:00:00,4,0,0,0,0,4.0,4,18.0,5.0,18.0,0
2021-11-12,Charlotte Hornets,2021-11-12 17:00:00,4,0,0,0,1,4.0,6,28.0,5.0,19.25,0
2021-11-12,Chicago Bulls,2021-11-12 17:00:00,4,0,0,0,1,4.0,5,25.0,8.0,17.0,0
2021-11-12,Cleveland Cavaliers,2021-11-12 17:00:00,4,0,0,0,0,4.0,4,18.0,5.0,18.0,0
2021-11-12,Dallas Mavericks,2021-11-12 17:00:00,3,0,0,0,0,3.0,3,13.0,5.0,13.0,0
2021-11-12,Denver Nuggets,2021-11-12 17:00:00,4,0,0,0,0,4.0,5,23.0,7.0,19.25,0
2021-11-12,Detroit Pistons,2021-11-12 17:00:00,5,0,0,0,1,5.0,6,37.0,12.0,32.0,0
2021-11-12,Golden State Warriors,2021-11-12 17:00:00,2,0,2,0,0,3.0,4,20.0,7.0,16.7,0
2021-11-12,Houston Rockets,2021-11-12 17:00:00,2,0,0,1,0,2.25,3,13.0,5.0,10.45,0
2021-11-12,Los Angeles Lakers,2021-11-12 17:00:00,5,0,3,1,0,6.75,10,71.0,14.0,47.25,2
2021-11-12,Memphis Grizzlies,2021-11-12 17:00:00,2,0,1,0,0,2.5,4,43.0,25.0,33.75,1
2021-11-12,Milwaukee Bucks,2021-11-12 17:00:00,3,0,0,1,0,3.25,4,25.0,10.0,16.5,0
2021-11-12,Minnesota Timberwolves,2021-11-12 17:00:00,1,0,0,0,0,1.0,2,10.0,5.0,6.25,0
2021-11-12,New Orleans Pelicans,2021-11-12 17:00:00,3,0,2,0,1,4.0,7,91.0,45.0,78.95,2
2021-11-12,New York Knicks,2021-11-12 17:00:00,1,0,1,0,0,1.5,3,22.0,12.0,11.65,0
2021-11-12,Oklahoma City Thunder,2021-11-12 17:00:00,5,0,0,0,0,5.0,5,25.0,5.0,25.0,0
2021-11-12,Phoenix Suns,2021-11-12 17:00:00,1,1,1,0,0,2.25,3,246.0,240.0,243.6,1
2021-11-12,Portland Trail Blazers,2021-11-12 17:00:00,0,0,1,0,0,0.5,2,8.0,5.0,2.6,0
2021-11-12,Sacramento Kings,2021-11-12 17:00:00,3,0,2,0,0,4.0,6,26.0,5.0,18.95,0
2021-11-12,San Antonio Spurs,2021-11-12 17:00:00,7,0,0,0,0,7.0,7,73.0,45.0,73.0,1
2021-11-13,Boston Celtics,2021-11-13 17:00:00,3,0,2,1,1,4.25,8,68.0,25.0,27.45,1
2021-11-13,Cleveland Cavaliers,2021-11-13 17:00:00,4,0,0,0,0,4.0,5,30.0,10.0,26.25,0
2021-11-13,Detroit Pistons,2021-11-13 17:00:00,5,0,0,0,0,5.0,6,37.0,12.0,33.25,0
2021-11-13,Indiana Pacers,2021-11-13 17:00:00,2,0,1,0,0,2.5,3,31.0,25.0,29.35,1
2021-11-13,LA Clippers,2021-11-13 17:00:00,6,0,0,0,0,6.0,7,275.0,240.0,271.25,1
2021-11-13,Memphis Grizzlies,2021-11-13 17:00:00,1,0,0,0,0,1.0,2,10.0,5.0,6.25,0
2021-11-13,Miami Heat,2021-11-13 17:00:00,4,0,0,0,1,4.0,6,33.0,10.0,26.25,0
2021-11-13,Minnesota Timberwolves,2021-11-13 17:00:00,1,0,0,0,0,1.0,2,10.0,5.0,6.25,0
2021-11-13,New Orleans Pelicans,2021-11-13 17:00:00,3,0,1,0,0,3.5,5,83.0,45.0,77.6,2
2021-11-13,Orlando Magic,2021-11-13 17:00:00,4,0,0,0,0,4.0,4,33.0,12.0,33.0,0
2021-11-13,Philadelphia 76ers,2021-11-13 17:00:00,4,0,0,0,1,4.0,5,25.0,7.0,20.0,0
2021-11-13,Toronto Raptors,2021-11-13 17:00:00,1,0,3,0,0,2.5,4,19.0,10.0,14.05,0
2021-11-13,Utah Jazz,2021-11-13 17:00:00,1,0,0,0,0,1.0,2,12.0,7.0,8.25,0
2021-11-13,Washington Wizards,2021-11-13 17:00:00,7,0,0,0,0,7.0,7,273.0,240.0,273.0,1
2021-11-14,Atlanta Hawks,2021-11-14 17:00:00,2,0,0,0,1,2.0,3,13.0,7.0,10.0,0
2021-11-14,Brooklyn Nets,2021-11-14 17:00:00,6,0,0,0,0,6.0,7,29.0,5.0,25.25,0
2021-11-14,Charlotte Hornets,2021-11-14 17:00:00,4,0,0,0,2,4.0,6,28.0,5.0,18.0,0
2021-11-14,Chicago Bulls,2021-11-14 17:00:00,4,0,0,0,1,4.0,6,30.0,8.0,18.25,0
2021-11-14,Denver Nuggets,2021-11-14 17:00:00,4,0,0,0,0,4.0,5,23.0,7.0,19.25,0
2021-11-14,Golden State Warriors,2021-11-14 17:00:00,2,0,1,0,0,2.5,3,17.0,7.0,15.35,0
2021-11-14,Houston Rockets,2021-11-14 17:00:00,1,0,0,0,1,1.0,2,10.0,5.0,5.0,0
2021-11-14,LA Clippers,2021-11-14 17:00:00,6,0,0,0,0,6.0,7,275.0,240.0,271.25,1
2021-11-14,Los Angeles Lakers,2021-11-14 17:00:00,6,0,0,0,3,6.0,10,67.0,14.0,38.25,1
2021-11-14,Milwaukee Bucks,2021-11-14 17:00:00,4,0,0,0,1,4.0,5,28.0,10.0,18.0,0
2021-11-14,Oklahoma City Thunder,2021-11-14 17:00:00,2,0,0,0,4,2.0,6,30.0,5.0,10.0,0
2021-11-14,Phoenix Suns,2021-11-14 17:00:00,1,1,1,0,0,2.25,3,246.0,240.0,243.6,1
2021-11-14,Portland Trail Blazers,2021-11-14 17:00:00,1,0,0,0,0,1.0,2,8.0,5.0,4.25,0
2021-11-14,San Antonio Spurs,2021-11-14 17:00:00,6,0,0,0,1,6.0,8,80.0,45.0,73.25,1
2021-11-15,Atlanta Hawks,2021-11-15 17:00:00,2,0,1,0,0,2.5,4,60.0,45.0,54.6,1
2021-11-15,Boston Celtics,2021-11-15 17:00:00,3,0,0,2,0,3.5,5,28.0,14.0,22.9,1
2021-11-15,Chicago Bulls,2021-11-15 17:00:00,3,0,0,0,2,3.0,6,31.0,8.0,14.25,0
2021-11-15,Cleveland Cavaliers,2021-11-15 17:00:00,5,1,0,0,0,5.75,7,40.0,10.0,35.5,0
2021-11-15,Dallas Mavericks,2021-11-15 17:00:00,3,0,0,0,0,3.0,3,13.0,5.0,13.0,0
2021-11-15,Denver Nuggets,2021-11-15 17:00:00,4,1,0,1,0,5.0,7,36.0,10.0,23.0,0
2021-11-15,Detroit Pistons,2021-11-15 17:00:00,3,0,0,0,2,3.0,5,36.0,12.0,26.0,0
2021-11-15,Houston Rockets,2021-11-15 17:00:00,1,0,1,0,0,1.5,3,13.0,5.0,7.6,0
2021-11-15,Indiana Pacers,2021-11-15 17:00:00,2,0,1,0,0,2.5,3,33.0,25.0,31.35,1
2021-11-15,Los Angeles Lakers,2021-11-15 17:00:00,6,0,0,1,0,6.25,8,48.0,14.0,37.45,1
2021-11-15,Memphis Grizzlies,2021-11-15 17:00:00,1,0,0,0,0,1.0,2,10.0,5.0,6.25,0
2021-11-15,Miami Heat,2021-11-15 17:00:00,2,0,1,1,0,2.75,4,23.0,10.0,14.95,0
2021-11-15,Minnesota Timberwolves,2021-11-15 17:00:00,3,0,1,0,0,3.5,5,23.0,5.0,17.6,0
2021-11-15,New Orleans Pelicans,2021-11-15 17:00:00,2,0,0,0,0,2.0,2,70.0,45.0,70.0,2
2021-11-15,New York Knicks,2021-11-15 17:00:00,1,0,1,0,0,1.5,2,17.0,12.0,10.4,0
2021-11-15,Oklahoma City Thunder,2021-11-15 17:00:00,1,0,1,0,0,1.5,3,13.0,5.0,7.6,0
2021-11-15,Orlando Magic,2021-11-15 17:00:00,4,0,1,0,0,4.5,5,43.0,12.0,37.5,0
2021-11-15,Phoenix Suns,2021-11-15 17:00:00,1,0,1,1,0,1.75,4,251.0,240.0,243.05,1
2021-11-15,Portland Trail Blazers,2021-11-15 17:00:00,0,0,2,0,0,1.0,3,18.0,10.0,7.1,0
2021-11-15,Sacramento Kings,2021-11-15 17:00:00,3,0,0,0,0,3.0,3,15.0,5.0,15.0,0
2021-11-15,Toronto Raptors,2021-11-15 17:00:00,3,1,2,0,0,4.75,6,29.0,10.0,24.95,0
2021-11-15,Washington Wizards,2021-11-15 17:00:00,4,0,0,0,0,4.0,4,258.0,240.0,258.0,1
2021-11-16,Brooklyn Nets,2021-11-16 17:00:00,5,0,0,0,1,5.0,6,31.0,10.0,26.0,0
2021-11-16,Golden State Warriors,2021-11-16 17:00:00,2,0,0,1,0,2.25,3,17.0,7.0,14.45,0
2021-11-16,LA Clippers,2021-11-16 17:00:00,5,0,1,0,0,5.5,7,280.0,240.0,270.75,1
2021-11-16,Philadelphia 76ers,2021-11-16 17:00:00,5,0,0,0,0,5.0,6,28.0,7.0,24.25,0
2021-11-16,San Antonio Spurs,2021-11-16 17:00:00,6,0,0,0,0,6.0,6,72.0,45.0,72.0,1
2021-11-16,Utah Jazz,2021-11-16 17:00:00,1,0,1,0,2,1.5,5,25.0,7.0,9.6,0
2021-11-17,Atlanta Hawks,2021-11-17 17:00:00,2,0,2,0,0,3.0,4,58.0,45.0,54.7,1
2021-11-17,Boston Celtics,2021-11-17 17:00:00,2,0,1,0,0,2.5,3,22.0,14.0,20.35,1
2021-11-17,Brooklyn Nets,2021-11-17 17:00:00,5,0,0,0,0,5.0,6,31.0,10.0,27.25,0
2021-11-17,Charlotte Hornets,2021-11-17 17:00:00,1,0,0,1,0,1.25,2,6.0,3.0,3.45,0
2021-11-17,Chicago Bulls,2021-11-17 17:00:00,3,0,1,1,0,3.75,6,31.0,10.0,19.2,0
2021-11-17,Cleveland Cavaliers,2021-11-17 17:00:00,5,0,0,1,0,5.25,6,33.0,10.0,27.05,0
2021-11-17,Dallas Mavericks,2021-11-17 17:00:00,2,0,0,0,0,2.0,2,13.0,10.0,13.0,0
2021-11-17,Detroit Pistons,2021-11-17 17:00:00,5,0,0,0,0,5.0,5,34.0,12.0,34.0,0
2021-11-17,Houston Rockets,2021-11-17 17:00:00,2,0,1,0,0,2.5,3,13.0,5.0,11.35,0
2021-11-17,Indiana Pacers,2021-11-17 17:00:00,2,0,1,0,0,2.5,3,33.0,25.0,31.35,1
2021-11-17,Los Angeles Lakers,2021-11-17 17:00:00,6,0,0,1,0,6.25,7,43.0,14.0,36.2,1
2021-11-17,Miami Heat,2021-11-17 17:00:00,4,0,0,0,3,4.0,7,41.0,10.0,18.0,0
2021-11-17,Milwaukee Bucks,2021-11-17 17:00:00,2,0,0,2,0,2.5,5,21.0,7.0,12.15,0
2021-11-17,Minnesota Timberwolves,2021-11-17 17:00:00,2,0,2,0,0,3.0,5,21.0,5.0,13.95,0
2021-11-17,New Orleans Pelicans,2021-11-17 17:00:00,2,0,0,0,0,2.0,2,70.0,45.0,70.0,2
2021-11-17,New York Knicks,2021-11-17 17:00:00,3,0,0,0,0,3.0,3,22.0,12.0,22.0,0
2021-11-17,Oklahoma City Thunder,2021-11-17 17:00:00,2,0,0,0,0,2.0,3,15.0,5.0,11.25,0
2021-11-17,Orlando Magic,2021-11-17 17:00:00,4,0,0,0,1,4.0,5,43.0,12.0,33.0,0
2021-11-17,Phoenix Suns,2021-11-17 17:00:00,2,0,0,0,0,2.0,3,248.0,240.0,244.25,1
2021-11-17,Portland Trail Blazers,2021-11-17 17:00:00,0,0,2,0,0,1.0,3,18.0,10.0,7.1,0
2021-11-17,Sacramento Kings,2021-11-17 17:00:00,3,0,0,0,0,3.0,3,15.0,5.0,15.0,0
2021-11-17,Washington Wizards,2021-11-17 17:00:00,3,0,0,0,0,3.0,3,255.0,240.0,255.0,1
2021-11-18,Cleveland Cavaliers,2021-11-18 17:00:00,5,0,0,0,0,5.0,6,31.0,10.0,27.25,0
2021-11-18,Denver Nuggets,2021-11-18 17:00:00,4,0,1,1,0,4.75,6,38.0,10.0,27.85,0
2021-11-18,Golden State Warriors,2021-11-18 17:00:00,3,0,0,0,1,3.0,4,21.0,7.0,18.0,0
2021-11-18,LA Clippers,2021-11-18 17:00:00,6,1,1,0,0,7.25,9,286.0,240.0,276.0,1
2021-11-18,Memphis Grizzlies,2021-11-18 17:00:00,2,0,0,0,3,2.0,6,30.0,5.0,11.25,0
2021-11-18,Miami Heat,2021-11-18 17:00:00,2,0,2,2,0,3.5,7,41.0,10.0,19.05,0
2021-11-18,Minnesota Timberwolves,2021-11-18 17:00:00,1,0,2,0,0,2.0,4,16.0,5.0,8.95,0
2021-11-18,Philadelphia 76ers,2021-11-18 17:00:00,7,0,0,0,0,7.0,8,38.0,7.0,34.25,0
2021-11-18,San Antonio Spurs,2021-11-18 17:00:00,5,0,0,0,1,5.0,6,70.0,45.0,65.0,1
2021-11-18,Toronto Raptors,2021-11-18 17:00:00,3,2,0,1,0,4.75,6,29.0,10.0,24.95,0
2021-11-18,Utah Jazz,2021-11-18 17:00:00,3,0,0,0,1,3.0,5,27.0,7.0,16.25,0
2021-11-18,Washington Wizards,2021-11-18 17:00:00,5,0,1,0,0,5.5,7,276.0,240.0,267.85,1
2021-11-19,Boston Celtics,2021-11-19 17:00:00,4,0,2,0,0,5.0,6,42.0,14.0,34.85,1
2021-11-19,Brooklyn Nets,2021-11-19 17:00:00,6,0,0,0,0,6.0,6,29.0,10.0,29.0,0
2021-11-19,Charlotte Hornets,2021-11-19 17:00:00,6,0,0,0,0,6.0,6,28.0,5.0,28.0,0
2021-11-19,Chicago Bulls,2021-11-19 17:00:00,3,0,0,0,2,3.0,5,23.0,5.0,13.0,0
2021-11-19,Dallas Mavericks,2021-11-19 17:00:00,4,0,0,0,0,4.0,4,23.0,10.0,23.0,0
2021-11-19,Denver Nuggets,2021-11-19 17:00:00,4,0,1,2,0,5.0,8,46.0,10.0,29.55,0
2021-11-19,Detroit Pistons,2021-11-19 17:00:00,5,0,0,0,0,5.0,5,34.0,12.0,34.0,0
2021-11-19,Golden State Warriors,2021-11-19 17:00:00,6,0,0,0,0,6.0,7,32.0,7.0,28.25,0
2021-11-19,Indiana Pacers,2021-11-19 17:00:00,2,0,1,0,0,2.5,3,33.0,25.0,31.35,1
2021-11-19,LA Clippers,2021-11-19 17:00:00,6,0,1,0,0,6.5,8,271.0,240.0,265.6,1
2021-11-19,Los Angeles Lakers,2021-11-19 17:00:00,5,0,1,1,0,5.75,7,40.0,14.0,35.8,1
2021-11-19,Milwaukee Bucks,2021-11-19 17:00:00,4,0,0,0,0,4.0,4,20.0,7.0,20.0,0
2021-11-19,New Orleans Pelicans,2021-11-19 17:00:00,2,0,1,0,0,2.5,3,73.0,45.0,71.35,2
2021-11-19,Oklahoma City Thunder,2021-11-19 17:00:00,5,0,0,0,0,5.0,6,30.0,5.0,26.25,0
2021-11-19,Orlando Magic,2021-11-19 17:00:00,4,0,1,0,0,4.5,5,36.0,12.0,34.35,0
2021-11-19,Phoenix Suns,2021-11-19 17:00:00,2,0,0,0,0,2.0,2,243.0,240.0,243.0,1
2021-11-19,Sacramento Kings,2021-11-19 17:00:00,1,0,0,0,0,1.0,2,10.0,5.0,6.25,0
2021-11-19,Toronto Raptors,2021-11-19 17:00:00,4,0,1,0,0,4.5,6,31.0,10.0,25.6,0
2021-11-20,Atlanta Hawks,2021-11-20 17:00:00,2,0,0,0,3,2.0,5,67.0,45.0,52.0,1
2021-11-20,Boston Celtics,2021-11-20 17:00:00,1,1,0,1,0,2.0,4,32.0,14.0,19.0,1
2021-11-20,Charlotte Hornets,2021-11-20 17:00:00,7,0,0,0,0,7.0,8,38.0,5.0,34.25,0
2021-11-20,Houston Rockets,2021-11-20 17:00:00,2,0,0,0,0,2.0,2,8.0,5.0,8.0,0
2021-11-20,Indiana Pacers,2021-11-20 17:00:00,2,0,1,0,0,2.5,4,38.0,25.0,32.6,1
2021-11-20,Memphis Grizzlies,2021-11-20 17:00:00,3,1,0,0,0,3.75,5,26.0,10.0,21.5,0
2021-11-20,Miami Heat,2021-11-20 17:00:00,2,0,0,0,2,2.0,4,16.0,7.0,10.0,0
2021-11-20,Milwaukee Bucks,2021-11-20 17:00:00,2,1,1,0,0,3.25,5,21.0,7.0,14.85,0
2021-11-20,Minnesota Timberwolves,2021-11-20 17:00:00,1,0,2,0,0,2.0,4,16.0,5.0,8.95,0
2021-11-20,New Orleans Pelicans,2021-11-20 17:00:00,4,0,0,0,0,4.0,5,83.0,45.0,79.25,2
2021-11-20,New York Knicks,2021-11-20 17:00:00,2,0,0,0,1,2.0,3,20.0,12.0,8.0,0
2021-11-20,Oklahoma City Thunder,2021-11-20 17:00:00,5,0,0,0,0,5.0,6,30.0,5.0,26.25,0
2021-11-20,Orlando Magic,2021-11-20 17:00:00,5,0,0,0,0,5.0,6,48.0,12.0,44.25,0
2021-11-20,Philadelphia 76ers,2021-11-20 17:00:00,6,0,1,0,0,6.5,8,36.0,5.0,29.5,0
2021-11-20,Portland Trail Blazers,2021-11-20 17:00:00,0,0,0,1,0,0.25,1,3.0,3.0,0.44999999999999996,0
2021-11-20,Sacramento Kings,2021-11-20 17:00:00,1,0,0,0,0,1.0,2,10.0,5.0,6.25,0
2021-11-20,Utah Jazz,2021-11-20 17:00:00,4,0,0,0,0,4.0,5,25.0,5.0,21.25,0
2021-11-20,Washington Wizards,2021-11-20 17:00:00,3,0,0,0,1,3.0,4,263.0,240.0,255.0,1
2021-11-21,Chicago Bulls,2021-11-21 17:00:00,5,0,0,1,0,5.25,6,35.0,10.0,26.5,0
2021-11-21,Dallas Mavericks,2021-11-21 17:00:00,3,0,0,0,1,3.0,5,28.0,10.0,21.25,0
2021-11-21,Denver Nuggets,2021-11-21 17:00:00,4,0,1,0,0,4.5,5,28.0,10.0,26.35,0
2021-11-21,Detroit Pistons,2021-11-21 17:00:00,4,0,0,0,2,4.0,6,49.0,12.0,34.0,0
2021-11-21,Golden State Warriors,2021-11-21 17:00:00,3,0,2,1,0,4.25,7,36.0,7.0,23.65,0
2021-11-21,LA Clippers,2021-11-21 17:00:00,5,0,0,0,0,5.0,6,265.0,240.0,261.25,1
2021-11-21,Los Angeles Lakers,2021-11-21 17:00:00,5,0,0,0,2,5.0,7,40.0,14.0,34.0,1
2021-11-21,New York Knicks,2021-11-21 17:00:00,2,0,1,0,0,2.5,4,19.0,6.0,13.6,0
2021-11-21,Phoenix Suns,2021-11-21 17:00:00,3,0,0,0,0,3.0,3,247.0,240.0,247.0,1
2021-11-21,Toronto Raptors,2021-11-21 17:00:00,2,2,0,0,0,3.5,4,23.0,10.0,19.75,0
2021-11-22,Atlanta Hawks,2021-11-22 17:00:00,2,0,1,0,0,2.5,3,55.0,45.0,53.35,1
2021-11-22,Boston Celtics,2021-11-22 17:00:00,0,0,1,2,2,1.0,5,40.0,14.0,3.3,0
2021-11-22,Brooklyn Nets,2021-11-22 17:00:00,5,0,0,0,0,5.0,5,26.0,10.0,26.0,0
2021-11-22,Charlotte Hornets,2021-11-22 17:00:00,4,1,0,0,0,4.75,5,23.0,5.0,22.25,0
2021-11-22,Chicago Bulls,2021-11-22 17:00:00,2,0,1,1,3,2.75,8,43.0,10.0,14.1,0
2021-11-22,Cleveland Cavaliers,2021-11-22 17:00:00,2,2,0,0,0,3.5,4,19.0,10.0,15.75,0
2021-11-22,Houston Rockets,2021-11-22 17:00:00,2,0,1,0,0,2.5,3,13.0,5.0,11.35,0
2021-11-22,Indiana Pacers,2021-11-22 17:00:00,1,0,0,0,0,1.0,2,30.0,25.0,26.25,1
2021-11-22,Memphis Grizzlies,2021-11-22 17:00:00,3,1,0,0,0,3.75,5,26.0,10.0,21.5,0
2021-11-22,Milwaukee Bucks,2021-11-22 17:00:00,3,0,0,1,0,3.25,4,16.0,7.0,13.45,0
2021-11-22,Minnesota Timberwolves,2021-11-22 17:00:00,0,0,2,0,0,1.0,3,11.0,5.0,3.95,0
2021-11-22,New Orleans Pelicans,2021-11-22 17:00:00,3,0,1,0,0,3.5,4,78.0,45.0,76.35,2
2021-11-22,Oklahoma City Thunder,2021-11-22 17:00:00,4,0,1,0,0,4.5,5,30.0,10.0,24.5,0
2021-11-22,Orlando Magic,2021-11-22 17:00:00,6,0,0,0,0,6.0,6,46.0,12.0,46.0,0
2021-11-22,Philadelphia 76ers,2021-11-22 17:00:00,6,0,1,0,0,6.5,8,34.0,5.0,28.6,0
2021-11-22,Phoenix Suns,2021-11-22 17:00:00,3,0,0,0,0,3.0,4,252.0,240.0,248.25,1
2021-11-22,Sacramento Kings,2021-11-22 17:00:00,4,0,0,0,0,4.0,5,25.0,5.0,21.25,0
2021-11-22,San Antonio Spurs,2021-11-22 17:00:00,6,0,0,0,0,6.0,6,68.0,45.0,68.0,1
2021-11-22,Utah Jazz,2021-11-22 17:00:00,3,0,0,0,0,3.0,4,20.0,5.0,16.25,0
2021-11-22,Washington Wizards,2021-11-22 17:00:00,2,0,1,0,0,2.5,3,255.0,240.0,249.5,1
2021-11-23,Dallas Mavericks,2021-11-23 17:00:00,3,0,2,1,0,4.25,6,36.0,10.0,26.3,0
2021-11-23,Denver Nuggets,2021-11-23 17:00:00,3,0,2,0,0,4.0,5,33.0,10.0,25.85,0
2021-11-23,Detroit Pistons,2021-11-23 17:00:00,6,0,0,0,0,6.0,6,40.0,12.0,40.0,0
2021-11-23,LA Clippers,2021-11-23 17:00:00,4,0,0,1,0,4.25,6,265.0,240.0,258.7,1
2021-11-23,Los Angeles Lakers,2021-11-23 17:00:00,6,0,1,0,0,6.5,7,42.0,14.0,40.35,1
2021-11-23,Miami Heat,2021-11-23 17:00:00,3,0,3,0,0,4.5,6,22.0,7.0,17.05,0
2021-11-23,New York Knicks,2021-11-23 17:00:00,2,1,1,0,0,3.25,4,17.0,6.0,14.6,0
2021-11-23,Portland Trail Blazers,2021-11-22 17:00:00,0,0,0,0,0,0.0,1,5.0,5.0,1.25,0
2021-11-24,Atlanta Hawks,2021-11-24 17:00:00,5,0,0,0,0,5.0,6,72.0,45.0,68.25,1
2021-11-24,Boston Celtics,2021-11-24 17:00:00,2,0,3,0,0,3.5,5,23.0,7.0,15.850000000000001,0
2021-11-24,Brooklyn Nets,2021-11-24 17:00:00,5,0,0,0,0,5.0,5,24.0,10.0,24.0,0
2021-11-24,Charlotte Hornets,2021-11-24 17:00:00,4,0,1,0,0,4.5,5,23.0,5.0,21.35,0
2021-11-24,Chicago Bulls,2021-11-24 17:00:00,1,0,0,0,3,1.0,4,18.0,5.0,3.0,0
2021-11-24,Cleveland Cavaliers,2021-11-24 17:00:00,3,0,1,1,0,3.75,5,22.0,10.0,17.8,0
2021-11-24,Detroit Pistons,2021-11-24 17:00:00,5,1,0,1,0,6.0,8,55.0,12.0,40.75,0
2021-11-24,Golden State Warriors,2021-11-24 17:00:00,4,0,0,0,0,4.0,5,27.0,7.0,23.25,0
2021-11-24,Houston Rockets,2021-11-24 17:00:00,2,0,1,0,0,2.5,3,13.0,5.0,11.35,0
2021-11-24,Indiana Pacers,2021-11-24 17:00:00,1,0,1,0,0,1.5,2,28.0,25.0,26.35,1
2021-11-24,Los Angeles Lakers,2021-11-24 17:00:00,5,0,2,0,0,6.0,8,45.0,14.0,37.95,1
2021-11-24,Memphis Grizzlies,2021-11-24 17:00:00,3,0,1,0,0,3.5,5,26.0,10.0,20.6,0
2021-11-24,Miami Heat,2021-11-24 17:00:00,3,0,0,0,0,3.0,4,18.0,7.0,14.25,0
2021-11-24,Milwaukee Bucks,2021-11-24 17:00:00,3,0,0,0,0,3.0,3,20.0,10.0,20.0,0
2021-11-24,Minnesota Timberwolves,2021-11-24 17:00:00,0,0,1,0,0,0.5,2,8.0,5.0,2.6,0
2021-11-24,New Orleans Pelicans,2021-11-24 17:00:00,3,0,1,0,0,3.5,4,78.0,45.0,76.35,2
2021-11-24,Oklahoma City Thunder,2021-11-24 17:00:00,2,0,0,0,2,2.0,5,30.0,10.0,16.25,0
2021-11-24,Orlando Magic,2021-11-24 17:00:00,5,0,0,0,1,5.0,6,46.0,12.0,43.0,0
2021-11-24,Philadelphia 76ers,2021-11-24 17:00:00,5,0,3,0,0,6.5,9,37.0,5.0,28.3,0
2021-11-24,Phoenix Suns,2021-11-24 17:00:00,3,0,0,0,0,3.0,3,247.0,240.0,247.0,1
2021-11-24,Portland Trail Blazers,2021-11-23 17:00:00,0,0,0,0,0,0.0,1,5.0,5.0,1.25,0
2021-11-24,Sacramento Kings,2021-11-24 17:00:00,4,0,0,0,0,4.0,5,25.0,5.0,21.25,0
2021-11-24,San Antonio Spurs,2021-11-24 17:00:00,4,0,1,0,0,4.5,6,68.0,45.0,62.6,1
2021-11-24,Toronto Raptors,2021-11-24 17:00:00,0,0,4,0,0,2.0,4,19.0,10.0,8.55,0
2021-11-24,Utah Jazz,2021-11-24 17:00:00,3,0,0,0,0,3.0,4,20.0,5.0,16.25,0
2021-11-24,Washington Wizards,2021-11-24 17:00:00,5,0,0,0,0,5.0,5,260.0,240.0,260.0,1
2021-11-26,Atlanta Hawks,2021-11-26 17:00:00,5,0,1,1,0,5.75,7,80.0,45.0,69.85,1
2021-11-26,Boston Celtics,2021-11-26 17:00:00,4,0,0,0,1,4.0,5,23.0,7.0,16.0,0
2021-11-26,Charlotte Hornets,2021-11-26 17:00:00,4,0,1,0,0,4.5,5,30.0,10.0,24.5,0
2021-11-26,Chicago Bulls,2021-11-26 17:00:00,1,0,0,0,0,1.0,1,3.0,3.0,3.0,0
2021-11-26,Denver Nuggets,2021-11-26 17:00:00,3,1,1,0,0,4.25,5,263.0,240.0,258.85,1
2021-11-26,Detroit Pistons,2021-11-26 17:00:00,5,0,0,0,1,5.0,6,45.0,12.0,35.0,0
2021-11-26,Golden State Warriors,2021-11-26 17:00:00,7,0,0,0,0,7.0,7,35.0,7.0,35.0,0
2021-11-26,Indiana Pacers,2021-11-26 17:00:00,1,0,0,0,0,1.0,1,25.0,25.0,25.0,1
2021-11-26,LA Clippers,2021-11-26 17:00:00,4,0,0,0,0,4.0,4,257.0,240.0,257.0,1
2021-11-26,Los Angeles Lakers,2021-11-26 17:00:00,4,0,2,0,0,5.0,6,37.0,14.0,27.65,1
2021-11-26,Memphis Grizzlies,2021-11-26 17:00:00,2,0,1,0,0,2.5,3,18.0,10.0,16.35,0
2021-11-26,Milwaukee Bucks,2021-11-26 17:00:00,3,0,0,1,0,3.25,4,23.0,10.0,20.45,0
2021-11-26,Minnesota Timberwolves,2021-11-26 17:00:00,1,0,1,0,0,1.5,2,6.0,3.0,4.35,0
2021-11-26,New Orleans Pelicans,2021-11-26 17:00:00,3,0,0,0,0,3.0,3,75.0,45.0,75.0,2
2021-11-26,New York Knicks,2021-11-26 17:00:00,1,0,3,0,0,2.5,4,24.0,10.0,13.55,0
2021-11-26,Oklahoma City Thunder,2021-11-26 17:00:00,0,0,1,0,0,0.5,1,10.0,10.0,4.5,0
2021-11-26,Orlando Magic,2021-11-26 17:00:00,4,0,2,0,0,5.0,6,46.0,12.0,38.85,0
2021-11-26,Phoenix Suns,2021-11-26 17:00:00,2,0,1,0,0,2.5,3,247.0,240.0,244.8,1
2021-11-26,Portland Trail Blazers,2021-11-26 17:00:00,0,0,1,1,0,0.75,2,6.0,3.0,1.8,0
2021-11-26,Sacramento Kings,2021-11-26 17:00:00,4,0,0,0,0,4.0,4,16.0,5.0,16.0,0
2021-11-26,San Antonio Spurs,2021-11-26 17:00:00,4,0,0,0,2,4.0,6,66.0,45.0,56.0,1
2021-11-26,Toronto Raptors,2021-11-26 17:00:00,2,0,2,0,0,3.0,4,21.0,10.0,13.85,0
2021-11-26,Utah Jazz,2021-11-26 17:00:00,3,0,1,0,0,3.5,4,25.0,10.0,19.5,0
2021-11-26,Washington Wizards,2021-11-26 17:00:00,5,0,0,0,0,5.0,5,260.0,240.0,260.0,1
2021-11-27,Atlanta Hawks,2021-11-27 17:00:00,5,0,2,0,0,6.0,8,78.0,45.0,70.95,1
2021-11-27,Brooklyn Nets,2021-11-27 17:00:00,4,0,0,0,1,4.0,5,24.0,10.0,21.0,0
2021-11-27,Charlotte Hornets,2021-11-27 17:00:00,5,0,0,0,0,5.0,6,35.0,10.0,31.25,0
2021-11-27,Chicago Bulls,2021-11-27 17:00:00,4,0,0,0,0,4.0,5,23.0,5.0,19.25,0
2021-11-27,Cleveland Cavaliers,2021-11-27 17:00:00,3,0,2,1,0,4.25,6,36.0,10.0,22.45,0
2021-11-27,Dallas Mavericks,2021-11-27 17:00:00,1,0,1,0,0,1.5,2,13.0,10.0,11.35,0
2021-11-27,Houston Rockets,2021-11-27 17:00:00,4,0,0,0,0,4.0,5,34.0,14.0,30.25,1
2021-11-27,Miami Heat,2021-11-27 17:00:00,3,0,0,0,0,3.0,4,20.0,7.0,16.25,0
2021-11-27,Minnesota Timberwolves,2021-11-27 17:00:00,2,0,0,0,1,2.0,4,16.0,5.0,9.25,0
2021-11-27,New Orleans Pelicans,2021-11-27 17:00:00,3,0,0,0,0,3.0,4,80.0,45.0,76.25,2
2021-11-27,New York Knicks,2021-11-27 17:00:00,4,0,1,0,0,4.5,6,31.0,10.0,25.6,0
2021-11-27,Orlando Magic,2021-11-27 17:00:00,5,0,0,2,0,5.5,8,54.0,12.0,45.15,0
2021-11-27,Philadelphia 76ers,2021-11-27 17:00:00,5,0,0,0,2,5.0,7,29.0,5.0,21.0,0
2021-11-27,Phoenix Suns,2021-11-27 17:00:00,3,0,1,0,0,3.5,5,255.0,240.0,249.6,1
2021-11-27,Utah Jazz,2021-11-27 17:00:00,1,0,1,0,0,1.5,3,18.0,10.0,8.75,0
2021-11-27,Washington Wizards,2021-11-27 17:00:00,6,0,0,0,0,6.0,7,268.0,240.0,264.25,1
2021-11-28,Boston Celtics,2021-11-28 17:00:00,4,0,0,0,1,4.0,5,30.0,10.0,23.0,0
2021-11-28,Detroit Pistons,2021-11-28 17:00:00,4,0,0,2,0,4.5,7,50.0,12.0,30.95,0
2021-11-28,Golden State Warriors,2021-11-28 17:00:00,5,0,0,0,1,5.0,7,33.0,7.0,26.25,0
2021-11-28,Indiana Pacers,2021-11-28 17:00:00,3,0,0,0,0,3.0,3,35.0,25.0,35.0,1
2021-11-28,LA Clippers,2021-11-28 17:00:00,5,0,0,0,0,5.0,6,267.0,240.0,263.25,1
2021-11-28,Los Angeles Lakers,2021-11-28 17:00:00,4,0,1,1,0,4.75,6,26.0,7.0,21.8,0
2021-11-28,Memphis Grizzlies,2021-11-28 17:00:00,3,0,0,0,0,3.0,4,32.0,12.0,28.25,0
2021-11-28,Milwaukee Bucks,2021-11-28 17:00:00,3,0,0,0,0,3.0,3,20.0,10.0,20.0,0
2021-11-28,Sacramento Kings,2021-11-28 17:00:00,5,0,0,0,0,5.0,6,24.0,5.0,20.25,0
2021-11-28,Toronto Raptors,2021-11-28 17:00:00,5,0,0,0,0,5.0,5,19.0,5.0,19.0,0
2021-11-29,Charlotte Hornets,2021-11-29 17:00:00,5,0,1,0,0,5.5,6,33.0,10.0,31.35,0
2021-11-29,Chicago Bulls,2021-11-29 17:00:00,4,0,1,1,0,4.75,6,24.0,5.0,19.8,0
2021-11-29,Cleveland Cavaliers,2021-11-29 17:00:00,3,1,1,0,0,4.25,5,26.0,10.0,21.85,0
2021-11-29,Dallas Mavericks,2021-11-29 17:00:00,2,0,0,1,0,2.25,3,16.0,10.0,13.45,0
2021-11-29,Denver Nuggets,2021-11-29 17:00:00,3,0,3,0,0,4.5,6,263.0,240.0,254.2,1
2021-11-29,Houston Rockets,2021-11-29 17:00:00,1,0,0,0,3,1.0,5,34.0,14.0,15.25,1
2021-11-29,Indiana Pacers,2021-11-29 17:00:00,1,0,1,0,0,1.5,3,33.0,25.0,27.6,1
2021-11-29,LA Clippers,2021-11-29 17:00:00,3,0,0,0,0,3.0,4,257.0,240.0,253.25,1
2021-11-29,Miami Heat,2021-11-29 17:00:00,5,0,0,0,0,5.0,5,21.0,7.0,21.0,0
2021-11-29,Minnesota Timberwolves,2021-11-29 17:00:00,2,0,2,0,0,3.0,5,19.0,5.0,11.95,0
2021-11-29,New Orleans Pelicans,2021-11-29 17:00:00,3,0,0,0,0,3.0,4,80.0,45.0,76.25,2
2021-11-29,Oklahoma City Thunder,2021-11-29 17:00:00,3,0,0,0,0,3.0,3,18.0,10.0,18.0,0
2021-11-29,Orlando Magic,2021-11-29 17:00:00,5,0,0,0,2,5.0,8,54.0,12.0,44.25,0
2021-11-29,Philadelphia 76ers,2021-11-29 17:00:00,4,0,0,0,2,4.0,6,26.0,5.0,18.0,0
2021-11-29,Portland Trail Blazers,2021-11-29 17:00:00,1,0,0,0,0,1.0,2,8.0,5.0,4.25,0
2021-11-29,San Antonio Spurs,2021-11-29 17:00:00,3,0,0,0,3,3.0,6,66.0,45.0,51.0,1
2021-11-29,Utah Jazz,2021-11-29 17:00:00,1,0,1,0,0,1.5,3,18.0,10.0,8.75,0
2021-11-29,Washington Wizards,2021-11-29 17:00:00,5,0,0,0,0,5.0,5,260.0,240.0,260.0,1
2021-11-30,Brooklyn Nets,2021-11-30 17:00:00,4,0,0,0,0,4.0,4,56.0,45.0,56.0,1
2021-11-30,Detroit Pistons,2021-11-30 17:00:00,4,0,1,0,1,4.5,7,43.0,12.0,29.6,0
2021-11-30,Golden State Warriors,2021-11-30 17:00:00,5,0,1,0,0,5.5,7,33.0,7.0,27.6,0
2021-11-30,Los Angeles Lakers,2021-11-30 17:00:00,5,0,1,1,0,5.75,8,39.0,8.0,31.05,0
2021-11-30,Memphis Grizzlies,2021-11-30 17:00:00,3,0,1,0,0,3.5,4,30.0,12.0,28.35,0
2021-11-30,New York Knicks,2021-11-30 17:00:00,1,0,5,0,1,3.5,7,32.0,10.0,14.9,0
2021-11-30,Phoenix Suns,2021-11-30 17:00:00,3,0,0,0,0,3.0,4,252.0,240.0,248.25,1
2021-11-30,Portland Trail Blazers,2021-11-30 17:00:00,3,0,0,0,0,3.0,4,22.0,10.0,18.25,0
2021-11-30,Sacramento Kings,2021-11-30 17:00:00,2,1,1,0,0,3.25,5,21.0,5.0,14.85,0
2021-11-30,Toronto Raptors,2021-11-30 17:00:00,3,0,1,0,0,3.5,4,14.0,5.0,12.35,0
2021-12-01,Atlanta Hawks,2021-12-01 17:00:00,5,0,1,0,0,5.5,6,75.0,45.0,73.35,1
2021-12-01,Boston Celtics,2021-12-01 17:00:00,0,0,1,0,0,0.5,1,7.0,7.0,3.15,0
2021-12-01,Charlotte Hornets,2021-12-01 17:00:00,6,0,1,0,0,6.5,7,38.0,10.0,36.35,0
2021-12-01,Cleveland Cavaliers,2021-12-01 17:00:00,5,0,0,0,0,5.0,6,31.0,10.0,27.25,0
2021-12-01,Dallas Mavericks,2021-12-01 17:00:00,2,0,0,1,0,2.25,3,23.0,10.0,14.5,0
2021-12-01,Denver Nuggets,2021-12-01 17:00:00,6,0,1,0,0,6.5,7,268.0,240.0,266.35,1
2021-12-01,Houston Rockets,2021-12-01 17:00:00,3,0,0,0,0,3.0,3,22.0,14.0,22.0,1
2021-12-01,Indiana Pacers,2021-12-01 17:00:00,2,0,1,0,0,2.5,3,33.0,25.0,31.35,1
2021-12-01,LA Clippers,2021-12-01 17:00:00,4,0,0,0,0,4.0,5,262.0,240.0,258.25,1
2021-12-01,Miami Heat,2021-12-01 17:00:00,4,0,2,1,0,5.25,7,27.0,7.0,21.15,0
2021-12-01,Milwaukee Bucks,2021-12-01 17:00:00,3,0,0,1,0,3.25,5,28.0,10.0,21.7,0
2021-12-01,Minnesota Timberwolves,2021-12-01 17:00:00,3,0,3,0,0,4.5,7,25.0,5.0,16.3,0
2021-12-01,New Orleans Pelicans,2021-12-01 17:00:00,3,0,1,0,0,3.5,4,78.0,45.0,76.35,2
2021-12-01,Oklahoma City Thunder,2021-12-01 17:00:00,5,0,1,0,1,5.5,7,32.0,10.0,25.35,0
2021-12-01,Orlando Magic,2021-12-01 17:00:00,5,0,0,0,0,5.0,5,58.0,25.0,58.0,1
2021-12-01,Philadelphia 76ers,2021-12-01 17:00:00,5,0,0,0,0,5.0,5,21.0,5.0,21.0,0
2021-12-01,Sacramento Kings,2021-12-01 17:00:00,3,0,1,0,0,3.5,5,17.0,5.0,11.6,0
2021-12-01,Washington Wizards,2021-12-01 17:00:00,4,0,0,0,0,4.0,4,253.0,240.0,253.0,1
2021-12-02,Chicago Bulls,2021-12-02 17:00:00,5,0,0,0,0,5.0,5,23.0,5.0,23.0,0
2021-12-02,Detroit Pistons,2021-12-02 17:00:00,4,0,0,0,1,4.0,6,40.0,12.0,28.25,0
2021-12-02,Memphis Grizzlies,2021-12-02 17:00:00,3,1,1,0,0,4.25,6,38.0,12.0,31.85,0
2021-12-02,Milwaukee Bucks,2021-12-02 17:00:00,4,0,0,1,0,4.25,6,35.0,10.0,28.7,0
2021-12-02,New York Knicks,2021-12-02 17:00:00,2,0,3,0,0,3.5,5,19.0,5.0,14.049999999999999,0
2021-12-02,Oklahoma City Thunder,2021-12-02 17:00:00,7,0,0,0,0,7.0,8,42.0,10.0,38.25,0
2021-12-02,Phoenix Suns,2021-12-02 17:00:00,4,0,0,0,0,4.0,5,266.0,240.0,262.25,2
2021-12-02,Portland Trail Blazers,2021-12-02 17:00:00,2,0,1,0,0,2.5,4,22.0,10.0,16.6,0
2021-12-02,San Antonio Spurs,2021-12-02 17:00:00,4,0,0,2,0,4.5,6,66.0,45.0,60.9,1
2021-12-02,Toronto Raptors,2021-12-02 17:00:00,3,0,1,0,0,3.5,4,14.0,5.0,12.35,0
2021-12-03,Atlanta Hawks,2021-12-03 17:00:00,6,0,0,0,0,6.0,6,75.0,45.0,75.0,1
2021-12-03,Boston Celtics,2021-12-03 17:00:00,1,0,0,0,0,1.0,2,8.0,5.0,4.25,0
2021-12-03,Brooklyn Nets,2021-12-03 17:00:00,5,0,0,0,0,5.0,5,65.0,45.0,65.0,1
2021-12-03,Cleveland Cavaliers,2021-12-03 17:00:00,4,1,0,0,0,4.75,5,26.0,10.0,23.5,0
2021-12-03,Dallas Mavericks,2021-12-03 17:00:00,1,1,0,1,0,2.0,3,16.0,10.0,6.75,0
2021-12-03,Golden State Warriors,2021-12-03 17:00:00,6,0,0,0,0,6.0,6,32.0,7.0,32.0,0
2021-12-03,Houston Rockets,2021-12-03 17:00:00,2,0,1,1,0,2.75,4,30.0,14.0,19.85,1
2021-12-03,Indiana Pacers,2021-12-03 17:00:00,3,0,0,0,0,3.0,3,33.0,25.0,33.0,1
2021-12-03,LA Clippers,2021-12-03 17:00:00,3,0,0,0,0,3.0,4,257.0,240.0,253.25,1
2021-12-03,Los Angeles Lakers,2021-12-03 17:00:00,3,0,0,3,0,3.75,7,39.0,8.0,19.1,0
2021-12-03,Miami Heat,2021-12-03 17:00:00,5,0,0,0,0,5.0,5,21.0,7.0,21.0,0
2021-12-03,Minnesota Timberwolves,2021-12-03 17:00:00,2,0,3,2,0,4.0,7,23.0,5.0,12.95,0
2021-12-03,New Orleans Pelicans,2021-12-03 17:00:00,3,0,1,0,0,3.5,5,83.0,45.0,77.6,2
2021-12-03,Orlando Magic,2021-12-03 17:00:00,5,0,0,0,0,5.0,5,58.0,25.0,58.0,1
2021-12-03,Philadelphia 76ers,2021-12-03 17:00:00,6,0,0,0,0,6.0,6,24.0,5.0,24.0,0
2021-12-03,Phoenix Suns,2021-12-03 17:00:00,5,0,0,0,0,5.0,6,271.0,240.0,267.25,2
2021-12-03,Utah Jazz,2021-12-03 17:00:00,1,0,1,0,0,1.5,3,11.0,5.0,5.6,0
2021-12-03,Washington Wizards,2021-12-03 17:00:00,2,0,2,0,0,3.0,4,253.0,240.0,249.7,1
2021-12-04,Boston Celtics,2021-12-04 17:00:00,4,0,1,0,0,4.5,6,31.0,10.0,21.75,0
2021-12-04,Brooklyn Nets,2021-12-04 17:00:00,4,0,0,1,0,4.25,6,68.0,45.0,61.7,1
2021-12-04,Chicago Bulls,2021-12-04 17:00:00,3,0,1,0,0,3.5,4,27.0,14.0,19.3,1
2021-12-04,Dallas Mavericks,2021-12-04 17:00:00,3,0,0,0,0,3.0,4,14.0,5.0,10.25,0
2021-12-04,Denver Nuggets,2021-12-04 17:00:00,6,0,0,0,0,6.0,6,307.0,240.0,307.0,2
2021-12-04,Golden State Warriors,2021-12-04 17:00:00,7,0,0,0,0,7.0,8,41.0,7.0,37.25,0
2021-12-04,LA Clippers,2021-12-04 17:00:00,5,0,0,0,0,5.0,6,267.0,240.0,263.25,1
2021-12-04,Memphis Grizzlies,2021-12-04 17:00:00,3,1,1,0,0,4.25,6,36.0,12.0,29.85,0
2021-12-04,Miami Heat,2021-12-04 17:00:00,5,0,0,0,0,5.0,6,26.0,7.0,22.25,0
2021-12-04,Milwaukee Bucks,2021-12-04 17:00:00,3,1,0,2,0,4.25,7,76.0,45.0,66.4,1
2021-12-04,New York Knicks,2021-12-04 17:00:00,3,0,0,0,2,3.0,5,21.0,5.0,15.0,0
2021-12-04,Portland Trail Blazers,2021-12-04 17:00:00,3,0,0,1,0,3.25,5,54.0,25.0,29.0,1
2021-12-04,Sacramento Kings,2021-12-04 17:00:00,1,1,1,0,0,2.25,4,16.0,5.0,9.85,0
2021-12-04,San Antonio Spurs,2021-12-04 17:00:00,4,0,0,0,2,4.0,6,73.0,45.0,63.0,1
2021-12-05,Atlanta Hawks,2021-12-05 17:00:00,4,0,0,0,4,4.0,8,81.0,45.0,65.0,1
2021-12-05,Charlotte Hornets,2021-12-05 17:00:00,4,0,0,0,2,4.0,6,30.0,5.0,20.0,0
2021-12-05,Cleveland Cavaliers,2021-12-05 17:00:00,3,0,0,0,2,3.0,5,24.0,10.0,18.0,0
2021-12-05,Houston Rockets,2021-12-05 17:00:00,3,0,0,0,0,3.0,3,20.0,14.0,20.0,1
2021-12-05,New Orleans Pelicans,2021-12-05 17:00:00,3,0,1,0,0,3.5,4,78.0,45.0,76.35,2
2021-12-05,Toronto Raptors,2021-12-05 17:00:00,3,0,0,0,1,3.0,4,56.0,45.0,11.0,0
2021-12-05,Utah Jazz,2021-12-05 17:00:00,4,0,0,0,0,4.0,4,16.0,5.0,16.0,0
2021-12-05,Washington Wizards,2021-12-05 17:00:00,2,0,0,0,0,2.0,2,247.0,240.0,247.0,1
2021-12-06,Atlanta Hawks,2021-12-06 17:00:00,6,0,1,0,0,6.5,8,83.0,45.0,77.6,1
2021-12-06,Charlotte Hornets,2021-12-06 17:00:00,5,0,0,0,0,5.0,6,30.0,5.0,26.25,0
2021-12-06,Chicago Bulls,2021-12-06 17:00:00,4,1,0,0,0,4.75,5,32.0,14.0,28.5,1
2021-12-06,Cleveland Cavaliers,2021-12-06 17:00:00,5,0,0,0,0,5.0,6,33.0,10.0,29.25,0
2021-12-06,Denver Nuggets,2021-12-06 17:00:00,6,0,0,0,0,6.0,6,307.0,240.0,307.0,2
2021-12-06,Detroit Pistons,2021-12-06 17:00:00,5,0,0,0,1,5.0,6,59.0,25.0,54.0,1
2021-12-06,Golden State Warriors,2021-12-06 17:00:00,4,0,0,0,0,4.0,5,27.0,7.0,23.25,0
2021-12-06,Indiana Pacers,2021-12-06 17:00:00,3,0,0,0,0,3.0,3,33.0,25.0,33.0,1
2021-12-06,LA Clippers,2021-12-06 17:00:00,5,0,0,0,0,5.0,6,269.0,240.0,265.25,1
2021-12-06,Memphis Grizzlies,2021-12-06 17:00:00,3,1,1,0,0,4.25,5,31.0,12.0,28.6,0
2021-12-06,Miami Heat,2021-12-06 17:00:00,4,0,1,0,0,4.5,5,21.0,7.0,19.35,0
2021-12-06,Milwaukee Bucks,2021-12-06 17:00:00,3,0,3,0,0,4.5,6,71.0,45.0,66.05,1
2021-12-06,Minnesota Timberwolves,2021-12-06 17:00:00,1,0,4,1,0,3.25,7,25.0,5.0,12.1,0
2021-12-06,Oklahoma City Thunder,2021-12-06 17:00:00,2,0,0,0,2,2.0,4,20.0,5.0,10.0,0
2021-12-06,Orlando Magic,2021-12-06 17:00:00,5,0,0,0,0,5.0,5,58.0,25.0,58.0,1
2021-12-06,Philadelphia 76ers,2021-12-06 17:00:00,6,0,1,0,0,6.5,7,27.0,5.0,25.35,0
2021-12-06,Phoenix Suns,2021-12-06 17:00:00,5,0,0,0,0,5.0,6,271.0,240.0,267.25,2
2021-12-06,Portland Trail Blazers,2021-12-06 17:00:00,2,0,1,1,0,2.75,5,32.0,10.0,20.2,0
2021-12-06,San Antonio Spurs,2021-12-06 17:00:00,3,0,0,0,1,3.0,5,68.0,45.0,54.25,1
2021-12-06,Washington Wizards,2021-12-06 17:00:00,6,0,0,0,0,6.0,7,270.0,240.0,266.25,1
2021-12-07,Boston Celtics,2021-12-07 17:00:00,2,0,1,1,0,2.75,5,28.0,10.0,14.1,0
2021-12-07,Brooklyn Nets,2021-12-07 17:00:00,4,0,0,0,0,4.0,4,60.0,45.0,60.0,1
2021-12-07,Dallas Mavericks,2021-12-07 17:00:00,1,0,1,3,0,2.25,5,22.0,10.0,6.75,0
2021-12-07,Los Angeles Lakers,2021-12-07 17:00:00,4,0,0,2,1,4.5,8,39.0,8.0,22.9,0
2021-12-07,New York Knicks,2021-12-07 17:00:00,1,0,0,0,0,1.0,1,5.0,5.0,5.0,0
2021-12-07,San Antonio Spurs,2021-12-07 17:00:00,3,0,0,0,0,3.0,4,58.0,45.0,54.25,1
2021-12-08,Boston Celtics,2021-12-08 17:00:00,3,1,1,0,0,4.25,6,24.0,5.0,17.85,0
2021-12-08,Brooklyn Nets,2021-12-08 17:00:00,6,0,0,0,0,6.0,7,75.0,45.0,71.25,1
2021-12-08,Charlotte Hornets,2021-12-08 17:00:00,5,0,0,0,0,5.0,5,25.0,5.0,25.0,0
2021-12-08,Chicago Bulls,2021-12-08 17:00:00,6,0,0,0,0,6.0,6,37.0,14.0,37.0,1
2021-12-08,Cleveland Cavaliers,2021-12-08 17:00:00,3,0,1,0,0,3.5,4,23.0,10.0,17.5,0
2021-12-08,Dallas Mavericks,2021-12-08 17:00:00,1,0,2,0,0,2.0,4,14.0,5.0,6.95,0
2021-12-08,Denver Nuggets,2021-12-08 17:00:00,4,2,1,1,0,6.25,8,313.0,240.0,306.3,2
2021-12-08,Detroit Pistons,2021-12-08 17:00:00,5,0,1,1,1,5.75,8,65.0,25.0,43.7,1
2021-12-08,Golden State Warriors,2021-12-08 17:00:00,5,0,1,0,0,5.5,7,37.0,7.0,31.6,0
2021-12-08,Houston Rockets,2021-12-08 17:00:00,5,0,0,0,0,5.0,6,40.0,14.0,36.25,1
2021-12-08,Indiana Pacers,2021-12-08 17:00:00,3,0,0,0,0,3.0,3,75.0,45.0,75.0,2
2021-12-08,LA Clippers,2021-12-08 17:00:00,4,0,2,0,0,5.0,7,272.0,240.0,262.75,1
2021-12-08,Memphis Grizzlies,2021-12-08 17:00:00,4,1,0,0,0,4.75,6,36.0,10.0,31.5,0
2021-12-08,Miami Heat,2021-12-08 17:00:00,5,0,1,0,0,5.5,7,29.0,7.0,23.6,0
2021-12-08,Milwaukee Bucks,2021-12-08 17:00:00,3,0,1,0,0,3.5,4,65.0,45.0,63.35,1
2021-12-08,Minnesota Timberwolves,2021-12-08 17:00:00,1,0,2,0,2,2.0,6,22.0,5.0,8.95,0
2021-12-08,New Orleans Pelicans,2021-12-08 17:00:00,3,0,1,0,3,3.5,8,98.0,45.0,77.6,2
2021-12-08,New York Knicks,2021-12-08 17:00:00,1,0,0,1,0,1.25,3,13.0,5.0,6.7,0
2021-12-08,Oklahoma City Thunder,2021-12-08 17:00:00,2,0,0,0,0,2.0,2,10.0,5.0,10.0,0
2021-12-08,Orlando Magic,2021-12-08 17:00:00,5,0,0,0,0,5.0,6,63.0,25.0,59.25,1
2021-12-08,Philadelphia 76ers,2021-12-08 17:00:00,5,0,0,0,1,5.0,6,24.0,5.0,21.0,0
2021-12-08,Portland Trail Blazers,2021-12-08 17:00:00,2,0,4,0,0,4.0,7,38.0,10.0,19.95,0
2021-12-08,Sacramento Kings,2021-12-08 17:00:00,3,0,2,0,0,4.0,6,26.0,5.0,18.95,0
2021-12-08,Toronto Raptors,2021-12-08 17:00:00,2,0,1,0,0,2.5,3,9.0,3.0,7.35,0
2021-12-08,Utah Jazz,2021-12-08 17:00:00,3,0,1,0,0,3.5,5,21.0,5.0,15.6,0
2021-12-08,Washington Wizards,2021-12-08 17:00:00,5,0,0,0,1,5.0,6,265.0,240.0,262.0,1
2021-12-09,Denver Nuggets,2021-12-09 17:00:00,4,0,0,1,0,4.25,6,305.0,240.0,298.7,2
2021-12-09,Los Angeles Lakers,2021-12-09 17:00:00,4,0,1,2,0,5.0,7,34.0,8.0,23.0,0
2021-12-09,Memphis Grizzlies,2021-12-09 17:00:00,4,0,1,0,0,4.5,6,43.0,12.0,37.6,0
2021-12-09,Philadelphia 76ers,2021-12-09 17:00:00,5,0,0,0,0,5.0,6,26.0,5.0,22.25,0
2021-12-09,San Antonio Spurs,2021-12-09 17:00:00,5,0,0,1,0,5.25,6,73.0,45.0,70.45,1
2021-12-09,Utah Jazz,2021-12-09 17:00:00,2,0,0,0,1,2.0,4,16.0,5.0,9.25,0
2021-12-10,Atlanta Hawks,2021-12-10 17:00:00,6,0,0,1,0,6.25,7,76.0,45.0,73.45,1
2021-12-10,Boston Celtics,2021-12-10 17:00:00,4,0,1,0,0,4.5,6,31.0,10.0,21.75,0
2021-12-10,Brooklyn Nets,2021-12-10 17:00:00,4,0,0,0,0,4.0,4,60.0,45.0,60.0,1
2021-12-10,Charlotte Hornets,2021-12-10 17:00:00,6,1,0,0,0,6.75,7,31.0,5.0,30.25,0
2021-12-10,Cleveland Cavaliers,2021-12-10 17:00:00,3,0,0,0,0,3.0,3,13.0,5.0,13.0,0
2021-12-10,Dallas Mavericks,2021-12-10 17:00:00,1,0,1,0,0,1.5,2,6.0,3.0,4.35,0
2021-12-10,Detroit Pistons,2021-12-10 17:00:00,4,0,0,0,2,4.0,6,60.0,25.0,27.0,0
2021-12-10,Houston Rockets,2021-12-10 17:00:00,5,0,0,0,0,5.0,5,35.0,14.0,35.0,1
2021-12-10,Indiana Pacers,2021-12-10 17:00:00,3,0,0,0,0,3.0,3,75.0,45.0,75.0,2
2021-12-10,Los Angeles Lakers,2021-12-10 17:00:00,4,0,1,1,0,4.75,7,31.0,7.0,23.05,0
2021-12-10,Milwaukee Bucks,2021-12-10 17:00:00,3,0,1,1,0,3.75,5,68.0,45.0,63.800000000000004,1
2021-12-10,Minnesota Timberwolves,2021-12-10 17:00:00,1,0,1,1,0,1.75,4,16.0,5.0,8.05,0
2021-12-10,New Orleans Pelicans,2021-12-10 17:00:00,4,0,0,0,0,4.0,5,92.0,45.0,88.25,2
2021-12-10,New York Knicks,2021-12-10 17:00:00,1,0,0,1,0,1.25,3,13.0,5.0,6.7,0
2021-12-10,Oklahoma City Thunder,2021-12-10 17:00:00,2,0,0,0,0,2.0,2,10.0,5.0,10.0,0
2021-12-10,Phoenix Suns,2021-12-10 17:00:00,4,0,1,0,1,4.5,7,274.0,240.0,263.6,2
2021-12-10,Sacramento Kings,2021-12-10 17:00:00,5,0,0,0,0,5.0,5,23.0,5.0,23.0,0
2021-12-10,Toronto Raptors,2021-12-10 17:00:00,4,0,2,0,0,5.0,6,27.0,10.0,23.7,0
2021-12-11,Chicago Bulls,2021-12-11 17:00:00,8,0,0,0,1,8.0,9,43.0,5.0,38.0,0
2021-12-11,Cleveland Cavaliers,2021-12-11 17:00:00,3,0,0,0,0,3.0,4,18.0,5.0,14.25,0
2021-12-11,Denver Nuggets,2021-12-11 17:00:00,4,0,1,0,0,4.5,5,300.0,240.0,298.35,2
2021-12-11,Golden State Warriors,2021-12-11 17:00:00,3,0,1,0,0,3.5,4,22.0,7.0,20.35,0
2021-12-11,Houston Rockets,2021-12-11 17:00:00,6,0,0,0,0,6.0,7,45.0,14.0,41.25,1
2021-12-11,LA Clippers,2021-12-11 17:00:00,5,0,0,0,0,5.0,6,270.0,240.0,266.25,1
2021-12-11,Memphis Grizzlies,2021-12-11 17:00:00,4,1,0,0,1,4.75,7,48.0,12.0,38.5,0
2021-12-11,Miami Heat,2021-12-11 17:00:00,4,0,0,1,0,4.25,5,19.0,7.0,16.45,0
2021-12-11,Orlando Magic,2021-12-11 17:00:00,5,0,0,0,0,5.0,5,58.0,25.0,58.0,1
2021-12-11,Philadelphia 76ers,2021-12-11 17:00:00,5,0,0,0,0,5.0,5,21.0,5.0,21.0,0
2021-12-11,Sacramento Kings,2021-12-11 17:00:00,5,0,0,0,0,5.0,6,28.0,5.0,24.25,0
2021-12-11,San Antonio Spurs,2021-12-11 17:00:00,5,0,0,1,0,5.25,7,80.0,45.0,67.75,1
2021-12-11,Utah Jazz,2021-12-11 17:00:00,2,0,0,0,0,2.0,3,13.0,5.0,9.25,0
2021-12-11,Washington Wizards,2021-12-11 17:00:00,3,0,0,0,3,3.0,6,267.0,240.0,252.0,1
2021-12-12,Brooklyn Nets,2021-12-12 17:00:00,6,0,0,0,0,6.0,6,68.0,45.0,68.0,1
2021-12-12,Dallas Mavericks,2021-12-12 17:00:00,2,0,1,0,0,2.5,3,9.0,3.0,7.35,0
2021-12-12,Detroit Pistons,2021-12-12 17:00:00,4,0,0,0,0,4.0,4,32.0,12.0,32.0,0
2021-12-12,Los Angeles Lakers,2021-12-12 17:00:00,4,0,1,1,0,4.75,6,26.0,7.0,21.8,0
2021-12-12,Milwaukee Bucks,2021-12-12 17:00:00,4,0,0,0,1,4.0,5,70.0,45.0,67.0,1
2021-12-12,Minnesota Timberwolves,2021-12-12 17:00:00,1,0,1,0,0,1.5,3,13.0,5.0,7.6,0
2021-12-12,New Orleans Pelicans,2021-12-12 17:00:00,4,0,0,0,0,4.0,4,315.0,240.0,315.0,3
2021-12-12,New York Knicks,2021-12-12 17:00:00,4,0,0,0,0,4.0,4,18.0,5.0,18.0,0
2021-12-12,Oklahoma City Thunder,2021-12-11 17:00:00,0,0,0,0,0,0.0,1,5.0,5.0,1.25,0
2021-12-12,Orlando Magic,2021-12-12 17:00:00,5,0,0,0,0,5.0,6,63.0,25.0,59.25,1
2021-12-12,Portland Trail Blazers,2021-12-12 17:00:00,3,0,1,0,0,3.5,5,39.0,25.0,33.6,1
2021-12-12,San Antonio Spurs,2021-12-12 17:00:00,4,0,0,0,0,4.0,5,65.0,45.0,61.25,1
2021-12-13,Atlanta Hawks,2021-12-13 17:00:00,5,0,0,0,0,5.0,5,79.0,45.0,79.0,2
2021-12-13,Boston Celtics,2021-12-13 17:00:00,2,0,0,1,0,2.25,3,11.0,5.0,8.45,0
2021-12-13,Charlotte Hornets,2021-12-13 17:00:00,5,0,0,1,1,5.25,8,38.0,5.0,26.7,0
2021-12-13,Cleveland Cavaliers,2021-12-13 17:00:00,2,0,0,0,0,2.0,2,8.0,5.0,8.0,0
2021-12-13,Dallas Mavericks,2021-12-13 17:00:00,3,0,0,0,0,3.0,4,14.0,5.0,10.25,0
2021-12-13,Denver Nuggets,2021-12-13 17:00:00,4,1,2,0,0,5.75,8,318.0,240.0,308.45,2
2021-12-13,Golden State Warriors,2021-12-13 17:00:00,4,0,0,0,0,4.0,4,23.0,7.0,23.0,0
2021-12-13,Houston Rockets,2021-12-13 17:00:00,5,0,0,0,0,5.0,5,37.0,14.0,37.0,1
2021-12-13,Indiana Pacers,2021-12-13 17:00:00,2,0,2,0,0,3.0,4,80.0,45.0,74.5,2
2021-12-13,LA Clippers,2021-12-13 17:00:00,2,1,1,0,0,3.25,5,265.0,240.0,255.0,1
2021-12-13,Memphis Grizzlies,2021-12-13 17:00:00,4,0,3,0,0,5.5,8,56.0,12.0,43.45,0
2021-12-13,Miami Heat,2021-12-13 17:00:00,5,0,0,0,0,5.0,5,21.0,7.0,21.0,0
2021-12-13,Milwaukee Bucks,2021-12-13 17:00:00,5,0,0,1,0,5.25,7,82.0,45.0,75.7,1
2021-12-13,Philadelphia 76ers,2021-12-13 17:00:00,5,0,0,0,0,5.0,5,22.0,6.0,22.0,0
2021-12-13,Phoenix Suns,2021-12-13 17:00:00,4,0,2,0,0,5.0,7,272.0,240.0,264.95,2
2021-12-13,Sacramento Kings,2021-12-13 17:00:00,4,0,0,0,0,4.0,4,18.0,5.0,18.0,0
2021-12-13,Toronto Raptors,2021-12-13 17:00:00,5,0,0,0,0,5.0,5,26.0,10.0,26.0,0
2021-12-13,Washington Wizards,2021-12-13 17:00:00,3,0,0,0,0,3.0,4,257.0,240.0,253.25,1
2021-12-14,Brooklyn Nets,2021-12-14 17:00:00,7,0,1,0,0,7.5,8,78.0,45.0,76.35,1
2021-12-14,Chicago Bulls,2021-12-14 17:00:00,0,0,0,0,0,0.0,1,5.0,5.0,1.25,0
2021-12-14,Detroit Pistons,2021-12-14 17:00:00,0,0,0,0,0,0.0,1,5.0,5.0,1.25,0
2021-12-14,Golden State Warriors,2021-12-14 17:00:00,4,0,0,0,0,4.0,5,28.0,7.0,24.25,0
2021-12-14,New York Knicks,2021-12-14 17:00:00,4,0,0,0,0,4.0,4,20.0,5.0,20.0,0
2021-12-14,Phoenix Suns,2021-12-14 17:00:00,6,0,1,0,0,6.5,8,277.0,240.0,271.6,2
2021-12-14,Portland Trail Blazers,2021-12-14 17:00:00,2,0,0,0,0,2.0,3,33.0,25.0,29.25,1
2021-12-14,Toronto Raptors,2021-12-14 17:00:00,6,0,0,0,0,6.0,7,34.0,10.0,30.25,0
2021-12-15,Atlanta Hawks,2021-12-15 17:00:00,6,0,0,0,0,6.0,6,73.0,45.0,73.0,1
2021-12-15,Charlotte Hornets,2021-12-15 17:00:00,3,0,0,1,0,3.25,5,23.0,5.0,16.7,0
2021-12-15,Cleveland Cavaliers,2021-12-15 17:00:00,2,0,1,0,0,2.5,4,16.0,5.0,10.6,0
2021-12-15,Dallas Mavericks,2021-12-15 17:00:00,2,0,1,0,0,2.5,3,9.0,3.0,7.35,0
2021-12-15,Denver Nuggets,2021-12-15 17:00:00,4,0,1,2,0,5.0,7,313.0,240.0,305.15,2
2021-12-15,Houston Rockets,2021-12-15 17:00:00,5,0,1,0,0,5.5,6,38.0,14.0,36.35,1
2021-12-15,Indiana Pacers,2021-12-15 17:00:00,2,0,1,0,0,2.5,4,82.0,45.0,74.4,2
2021-12-15,LA Clippers,2021-12-15 17:00:00,3,0,2,0,0,4.0,6,268.0,240.0,257.1,1
2021-12-15,Los Angeles Lakers,2021-12-15 17:00:00,5,0,0,2,2,5.5,9,41.0,7.0,25.9,0
2021-12-15,Memphis Grizzlies,2021-12-15 17:00:00,4,0,0,0,0,4.0,5,40.0,12.0,36.25,0
2021-12-15,Miami Heat,2021-12-15 17:00:00,6,0,0,0,0,6.0,6,24.0,7.0,24.0,0
2021-12-15,Milwaukee Bucks,2021-12-15 17:00:00,6,0,1,0,0,6.5,8,81.0,45.0,75.6,1
2021-12-15,Minnesota Timberwolves,2021-12-15 17:00:00,1,0,1,0,0,1.5,3,13.0,5.0,7.6,0
2021-12-15,New Orleans Pelicans,2021-12-15 17:00:00,5,0,0,0,0,5.0,6,325.0,240.0,321.25,3
2021-12-15,Oklahoma City Thunder,2021-12-15 17:00:00,4,0,0,0,0,4.0,5,30.0,10.0,26.25,0
2021-12-15,Orlando Magic,2021-12-15 17:00:00,6,0,0,0,0,6.0,6,68.0,25.0,68.0,1
2021-12-15,Philadelphia 76ers,2021-12-15 17:00:00,5,0,2,0,2,6.0,9,36.0,6.0,22.7,0
2021-12-15,Portland Trail Blazers,2021-12-15 17:00:00,2,0,0,0,0,2.0,3,33.0,25.0,29.25,1
2021-12-15,Sacramento Kings,2021-12-15 17:00:00,5,1,0,0,0,5.75,7,33.0,5.0,28.5,0
2021-12-15,San Antonio Spurs,2021-12-15 17:00:00,5,0,0,0,0,5.0,5,63.0,45.0,63.0,1
2021-12-15,Utah Jazz,2021-12-15 17:00:00,2,0,0,0,0,2.0,3,18.0,10.0,14.25,0
2021-12-15,Washington Wizards,2021-12-15 17:00:00,5,0,1,0,0,5.5,7,272.0,240.0,265.5,1
2021-12-16,Brooklyn Nets,2021-12-16 17:00:00,9,0,0,0,0,9.0,9,85.0,45.0,85.0,1
2021-12-16,Chicago Bulls,2021-12-16 17:00:00,0,0,0,0,0,0.0,1,5.0,5.0,1.25,0
2021-12-16,Detroit Pistons,2021-12-16 17:00:00,3,0,0,0,3,3.0,6,66.0,25.0,25.0,0
2021-12-16,Houston Rockets,2021-12-16 17:00:00,4,0,1,0,0,4.5,6,40.0,14.0,34.6,1
2021-12-16,Indiana Pacers,2021-12-16 17:00:00,2,0,1,0,0,2.5,4,78.0,45.0,72.6,2
2021-12-16,New York Knicks,2021-12-16 17:00:00,6,0,0,0,0,6.0,6,30.0,5.0,30.0,0
2021-12-16,Philadelphia 76ers,2021-12-16 17:00:00,5,0,0,0,0,5.0,6,25.0,6.0,21.25,0
2021-12-16,Phoenix Suns,2021-12-16 17:00:00,5,0,0,0,1,5.0,7,274.0,240.0,267.25,2
2021-12-16,Toronto Raptors,2021-12-16 17:00:00,0,0,0,0,0,0.0,1,5.0,5.0,1.25,0
2021-12-16,Washington Wizards,2021-12-16 17:00:00,6,0,0,0,0,6.0,7,270.0,240.0,266.25,1
2021-12-17,Atlanta Hawks,2021-12-17 17:00:00,5,0,1,1,0,5.75,7,78.0,45.0,70.4,1
2021-12-17,Boston Celtics,2021-12-17 17:00:00,6,0,0,0,1,6.0,8,38.0,5.0,29.25,0
2021-12-17,Charlotte Hornets,2021-12-17 17:00:00,1,0,1,0,0,1.5,3,17.0,7.0,9.4,0
2021-12-17,Denver Nuggets,2021-12-17 17:00:00,6,0,0,1,0,6.25,7,324.0,240.0,319.75,2
2021-12-17,Golden State Warriors,2021-12-17 17:00:00,3,0,0,0,0,3.0,3,19.0,7.0,19.0,0
2021-12-17,Los Angeles Lakers,2021-12-17 17:00:00,5,0,1,2,1,6.0,9,41.0,7.0,27.05,0
2021-12-17,Memphis Grizzlies,2021-12-17 17:00:00,4,0,1,0,0,4.5,6,43.0,12.0,37.6,0
2021-12-17,Miami Heat,2021-12-17 17:00:00,5,0,1,0,1,5.5,7,27.0,7.0,22.35,0
2021-12-17,Milwaukee Bucks,2021-12-17 17:00:00,6,1,0,1,0,7.0,8,81.0,45.0,77.7,1
2021-12-17,Minnesota Timberwolves,2021-12-17 17:00:00,3,0,0,0,0,3.0,4,20.0,5.0,16.25,0
2021-12-17,New Orleans Pelicans,2021-12-17 17:00:00,4,0,0,0,0,4.0,4,315.0,240.0,315.0,3
2021-12-17,Orlando Magic,2021-12-17 17:00:00,10,0,2,0,0,11.0,12,96.0,25.0,88.85,1
2021-12-17,Portland Trail Blazers,2021-12-17 17:00:00,3,0,1,0,0,3.5,5,39.0,25.0,33.6,1
2021-12-17,Sacramento Kings,2021-12-17 17:00:00,6,0,3,0,0,7.5,10,44.0,5.0,34.2,0
2021-12-17,San Antonio Spurs,2021-12-17 17:00:00,4,0,1,0,0,4.5,5,63.0,45.0,61.35,1
2021-12-17,Utah Jazz,2021-12-17 17:00:00,1,0,1,0,0,1.5,3,18.0,10.0,12.6,0
2021-12-18,Boston Celtics,2021-12-18 17:00:00,8,0,0,0,0,8.0,9,41.0,5.0,37.25,0
2021-12-18,Brooklyn Nets,2021-12-18 17:00:00,10,0,1,1,1,10.75,13,101.0,45.0,91.8,1
2021-12-18,Cleveland Cavaliers,2021-12-18 17:00:00,4,0,0,0,0,4.0,5,23.0,5.0,19.25,0
2021-12-18,Detroit Pistons,2021-12-18 17:00:00,5,0,0,0,4,5.0,9,81.0,25.0,35.0,0
2021-12-18,Golden State Warriors,2021-12-18 17:00:00,8,0,0,0,0,8.0,9,43.0,7.0,39.25,0
2021-12-18,Houston Rockets,2021-12-18 17:00:00,5,0,0,0,1,5.0,6,33.0,14.0,30.0,1
2021-12-18,LA Clippers,2021-12-18 17:00:00,4,0,2,0,0,5.0,7,273.0,240.0,262.1,1
2021-12-18,Milwaukee Bucks,2021-12-18 17:00:00,6,1,0,2,0,7.25,10,96.0,45.0,74.5,1
2021-12-18,New York Knicks,2021-12-18 17:00:00,8,0,1,0,0,8.5,9,43.0,5.0,41.35,0
2021-12-18,Oklahoma City Thunder,2021-12-18 17:00:00,1,0,1,0,3,1.5,6,35.0,10.0,10.75,0
2021-12-18,Orlando Magic,2021-12-18 17:00:00,12,0,0,0,0,12.0,13,101.0,25.0,97.25,1
2021-12-18,Toronto Raptors,2021-12-18 17:00:00,2,0,3,0,0,3.5,5,24.0,10.0,19.05,0
2021-12-18,Utah Jazz,2021-12-18 17:00:00,3,0,0,0,2,3.0,6,33.0,10.0,19.25,0
2021-12-18,Washington Wizards,2021-12-18 17:00:00,5,0,1,0,0,5.5,7,270.0,240.0,264.6,1
2021-12-19,Atlanta Hawks,2021-12-19 17:00:00,5,0,2,0,0,6.0,8,43.0,10.0,32.1,0
2021-12-19,Brooklyn Nets,2021-12-19 17:00:00,0,0,0,0,0,0.0,1,5.0,5.0,1.25,0
2021-12-19,Charlotte Hornets,2021-12-19 17:00:00,5,0,0,0,0,5.0,6,30.0,5.0,26.25,0
2021-12-19,Chicago Bulls,2021-12-19 17:00:00,6,0,0,0,4,6.0,10,56.0,7.0,28.0,0
2021-12-19,Cleveland Cavaliers,2021-12-19 17:00:00,0,0,0,0,0,0.0,1,5.0,5.0,1.25,0
2021-12-19,Dallas Mavericks,2021-12-19 17:00:00,6,0,0,1,0,6.25,7,25.0,5.0,22.45,0
2021-12-19,Denver Nuggets,2021-12-19 17:00:00,5,1,0,0,0,5.75,7,324.0,240.0,317.75,2
2021-12-19,Detroit Pistons,2021-12-19 17:00:00,5,0,0,0,2,5.0,8,73.0,25.0,36.25,0
2021-12-19,Los Angeles Lakers,2021-12-19 17:00:00,8,0,1,1,0,8.75,11,60.0,12.0,49.85,0
2021-12-19,Memphis Grizzlies,2021-12-19 17:00:00,5,0,0,0,0,5.0,6,43.0,12.0,39.25,0
2021-12-19,Miami Heat,2021-12-19 17:00:00,5,0,2,0,0,6.0,7,27.0,7.0,23.7,0
2021-12-19,Minnesota Timberwolves,2021-12-19 17:00:00,5,0,0,0,0,5.0,6,30.0,5.0,26.25,0
2021-12-19,New Orleans Pelicans,2021-12-19 17:00:00,5,0,0,0,0,5.0,6,325.0,240.0,321.25,3
2021-12-19,Philadelphia 76ers,2021-12-19 17:00:00,7,0,2,0,0,8.0,10,41.0,6.0,33.95,0
2021-12-19,Phoenix Suns,2021-12-19 17:00:00,4,0,1,0,0,4.5,6,271.0,240.0,259.55,2
2021-12-19,Portland Trail Blazers,2021-12-19 17:00:00,2,0,0,0,1,2.0,3,31.0,25.0,28.0,1
2021-12-19,Sacramento Kings,2021-12-19 17:00:00,6,0,1,0,0,6.5,8,38.0,5.0,32.6,0
2021-12-19,San Antonio Spurs,2021-12-19 17:00:00,5,0,0,0,0,5.0,6,68.0,45.0,64.25,1
2021-12-20,Boston Celtics,2021-12-20 17:00:00,7,0,3,0,0,8.5,11,56.0,10.0,43.45,0
2021-12-20,Charlotte Hornets,2021-12-20 17:00:00,6,1,0,0,0,6.75,8,38.0,5.0,33.5,0
2021-12-20,Chicago Bulls,2021-12-20 17:00:00,7,0,0,0,0,7.0,8,47.0,14.0,43.25,1
2021-12-20,Golden State Warriors,2021-12-20 17:00:00,4,0,0,0,0,4.0,5,29.0,7.0,25.25,0
2021-12-20,Houston Rockets,2021-12-20 17:00:00,3,0,1,0,0,3.5,4,25.0,14.0,23.35,1
2021-12-20,LA Clippers,2021-12-20 17:00:00,4,0,1,1,0,4.75,7,273.0,240.0,265.05,1
2021-12-20,Memphis Grizzlies,2021-12-20 17:00:00,4,0,2,0,0,5.0,7,46.0,12.0,34.0,0
2021-12-20,Oklahoma City Thunder,2021-12-20 17:00:00,1,0,0,0,0,1.0,1,5.0,5.0,5.0,0
2021-12-20,Orlando Magic,2021-12-20 17:00:00,0,0,0,0,0,0.0,1,5.0,5.0,1.25,0
2021-12-20,Philadelphia 76ers,2021-12-20 17:00:00,6,0,3,0,0,7.5,10,41.0,6.0,32.3,0
2021-12-20,Sacramento Kings,2021-12-20 17:00:00,6,0,1,0,0,6.5,8,38.0,5.0,32.6,0
2021-12-20,San Antonio Spurs,2021-12-20 17:00:00,4,0,0,1,0,4.25,6,68.0,45.0,61.7,1
2021-12-20,Toronto Raptors,2021-12-20 17:00:00,0,0,0,0,0,0.0,1,5.0,5.0,1.25,0
2021-12-20,Utah Jazz,2021-12-20 17:00:00,2,0,1,0,0,2.5,4,28.0,10.0,18.75,0
2021-12-21,Brooklyn Nets,2021-12-21 17:00:00,0,0,0,0,0,0.0,1,5.0,5.0,1.25,0
2021-12-21,Dallas Mavericks,2021-12-21 17:00:00,7,0,1,0,0,7.5,8,32.0,5.0,30.35,0
2021-12-21,Detroit Pistons,2021-12-21 17:00:00,5,0,1,0,2,5.5,8,71.0,25.0,36.35,0
2021-12-21,Indiana Pacers,2021-12-21 17:00:00,2,0,0,0,0,2.0,2,70.0,45.0,70.0,2
2021-12-21,Los Angeles Lakers,2021-12-21 17:00:00,6,0,0,2,2,6.5,11,60.0,12.0,37.75,0
2021-12-21,Miami Heat,2021-12-21 17:00:00,6,0,0,1,0,6.25,7,27.0,7.0,24.45,0
2021-12-21,Minnesota Timberwolves,2021-12-21 17:00:00,5,0,0,0,0,5.0,5,25.0,5.0,25.0,0
2021-12-21,New Orleans Pelicans,2021-12-21 17:00:00,5,0,0,0,0,5.0,6,325.0,240.0,321.25,3
2021-12-21,New York Knicks,2021-12-21 17:00:00,7,0,1,0,0,7.5,8,38.0,5.0,36.35,0
2021-12-21,Phoenix Suns,2021-12-21 17:00:00,4,0,0,0,0,4.0,4,252.0,240.0,252.0,1
2021-12-21,Portland Trail Blazers,2021-12-21 17:00:00,2,0,3,0,0,3.5,6,42.0,25.0,33.3,1
2021-12-21,Washington Wizards,2021-12-21 17:00:00,0,0,0,0,0,0.0,1,5.0,5.0,1.25,0
2021-12-22,Atlanta Hawks,2021-12-22 17:00:00,8,0,0,1,0,8.25,9,50.0,10.0,41.5,0
2021-12-22,Boston Celtics,2021-12-22 17:00:00,7,0,0,0,0,7.0,7,35.0,5.0,35.0,0
2021-12-22,Chicago Bulls,2021-12-22 17:00:00,4,4,1,0,0,7.5,10,57.0,14.0,44.4,1
2021-12-22,Cleveland Cavaliers,2021-12-22 17:00:00,8,0,1,0,1,8.5,11,51.0,5.0,40.6,0
2021-12-22,Denver Nuggets,2021-12-22 17:00:00,5,0,2,0,0,6.0,7,322.0,240.0,314.85,2
2021-12-22,Houston Rockets,2021-12-22 17:00:00,3,0,1,0,0,3.5,4,25.0,14.0,23.35,1
2021-12-22,LA Clippers,2021-12-22 17:00:00,8,0,0,0,0,8.0,9,285.0,240.0,281.25,1
2021-12-22,Milwaukee Bucks,2021-12-22 17:00:00,4,0,0,0,0,4.0,4,60.0,45.0,60.0,1
2021-12-22,Oklahoma City Thunder,2021-12-22 17:00:00,1,0,1,0,0,1.5,2,8.0,5.0,6.35,0
2021-12-22,Orlando Magic,2021-12-22 17:00:00,11,0,2,0,0,12.0,13,101.0,25.0,93.85,1
2021-12-22,Sacramento Kings,2021-12-22 17:00:00,7,0,1,0,0,7.5,9,43.0,5.0,37.6,0
2021-12-22,Toronto Raptors,2021-12-22 17:00:00,10,0,1,0,0,10.5,12,61.0,10.0,55.6,0
2021-12-23,Atlanta Hawks,2021-12-23 17:00:00,8,0,0,0,0,8.0,9,45.0,7.0,41.25,0
2021-12-23,Brooklyn Nets,2021-12-23 17:00:00,0,0,0,0,0,0.0,1,5.0,5.0,1.25,0
2021-12-23,Charlotte Hornets,2021-12-23 17:00:00,6,0,0,0,0,6.0,7,35.0,5.0,31.25,0
2021-12-23,Dallas Mavericks,2021-12-23 17:00:00,9,0,1,0,0,9.5,10,86.0,45.0,84.35,1
2021-12-23,Denver Nuggets,2021-12-23 17:00:00,5,0,0,3,0,5.75,9,337.0,240.0,313.7,2
2021-12-23,Detroit Pistons,2021-12-23 17:00:00,4,0,2,0,2,5.0,8,73.0,25.0,34.5,0
2021-12-23,Golden State Warriors,2021-12-23 17:00:00,6,0,0,0,0,6.0,6,32.0,7.0,32.0,0
2021-12-23,Houston Rockets,2021-12-23 17:00:00,2,0,0,0,0,2.0,3,13.0,5.0,9.25,0
2021-12-23,Indiana Pacers,2021-12-23 17:00:00,4,0,0,0,0,4.0,4,76.0,45.0,76.0,2
2021-12-23,Los Angeles Lakers,2021-12-23 17:00:00,7,0,0,1,0,7.25,9,48.0,12.0,41.7,0
2021-12-23,Memphis Grizzlies,2021-12-23 17:00:00,5,0,2,0,0,6.0,8,42.0,10.0,34.95,0
2021-12-23,Miami Heat,2021-12-23 17:00:00,6,0,0,0,0,6.0,6,24.0,7.0,24.0,0
2021-12-23,Milwaukee Bucks,2021-12-23 17:00:00,5,0,0,0,0,5.0,6,68.0,45.0,64.25,1
2021-12-23,Minnesota Timberwolves,2021-12-23 17:00:00,5,0,2,0,0,6.0,8,36.0,5.0,28.95,0
2021-12-23,New Orleans Pelicans,2021-12-23 17:00:00,7,0,0,0,0,7.0,8,293.0,240.0,289.25,2
2021-12-23,New York Knicks,2021-12-23 17:00:00,6,0,0,0,2,6.0,8,80.0,45.0,70.0,1
2021-12-23,Oklahoma City Thunder,2021-12-23 17:00:00,2,0,0,0,0,2.0,3,15.0,5.0,11.25,0
2021-12-23,Orlando Magic,2021-12-23 17:00:00,11,0,0,0,2,11.0,14,104.0,25.0,87.25,1
2021-12-23,Philadelphia 76ers,2021-12-23 17:00:00,5,0,0,0,0,5.0,5,23.0,5.0,23.0,0
2021-12-23,Phoenix Suns,2021-12-23 17:00:00,3,0,0,0,1,3.0,5,257.0,240.0,248.25,1
2021-12-23,Portland Trail Blazers,2021-12-23 17:00:00,0,0,0,0,0,0.0,1,5.0,5.0,1.25,0
2021-12-23,San Antonio Spurs,2021-12-23 17:00:00,4,0,0,0,0,4.0,5,65.0,45.0,61.25,1
2021-12-23,Utah Jazz,2021-12-23 17:00:00,2,0,0,0,2,2.0,5,33.0,10.0,14.25,0
2021-12-23,Washington Wizards,2021-12-23 17:00:00,6,0,1,0,0,6.5,8,277.0,240.0,269.4,1
2021-12-25,Atlanta Hawks,2021-12-25 17:00:00,10,0,0,0,3,10.0,13,77.0,10.0,52.0,0
2021-12-25,Boston Celtics,2021-12-25 17:00:00,10,0,0,0,5,10.0,15,73.0,7.0,52.0,0
2021-12-25,Brooklyn Nets,2021-12-25 17:00:00,8,0,0,0,0,8.0,8,80.0,45.0,80.0,1
2021-12-25,Dallas Mavericks,2021-12-25 17:00:00,8,1,1,0,1,9.25,11,89.0,45.0,81.6,1
2021-12-25,Golden State Warriors,2021-12-25 17:00:00,7,0,0,0,0,7.0,7,37.0,7.0,37.0,0
2021-12-25,Los Angeles Lakers,2021-12-25 17:00:00,5,0,0,1,2,5.25,8,43.0,12.0,30.45,0
2021-12-25,Milwaukee Bucks,2021-12-25 17:00:00,1,0,0,0,1,1.0,2,50.0,45.0,45.0,1
2021-12-25,New York Knicks,2021-12-25 17:00:00,6,0,0,0,1,6.0,7,73.0,45.0,68.0,1
2021-12-25,Phoenix Suns,2021-12-25 17:00:00,3,0,0,0,0,3.0,3,247.0,240.0,247.0,1
2021-12-25,Utah Jazz,2021-12-25 17:00:00,2,0,0,0,0,2.0,2,13.0,10.0,13.0,0
2021-12-26,Chicago Bulls,2021-12-26 17:00:00,7,0,0,0,0,7.0,8,45.0,14.0,41.25,1
2021-12-26,Cleveland Cavaliers,2021-12-26 17:00:00,8,0,0,0,1,8.0,10,50.0,7.0,41.25,0
2021-12-26,Denver Nuggets,2021-12-26 17:00:00,5,0,0,2,0,5.5,8,320.0,240.0,311.15,2
2021-12-26,Detroit Pistons,2021-12-26 17:00:00,12,0,0,0,1,12.0,13,99.0,25.0,74.0,0
2021-12-26,Indiana Pacers,2021-12-26 17:00:00,2,0,3,0,0,3.5,6,84.0,45.0,75.3,2
2021-12-26,LA Clippers,2021-12-26 17:00:00,7,0,0,0,0,7.0,8,280.0,240.0,276.25,1
2021-12-26,Memphis Grizzlies,2021-12-26 17:00:00,7,0,0,0,1,7.0,9,51.0,10.0,44.25,0
2021-12-26,Miami Heat,2021-12-26 17:00:00,6,0,0,0,1,6.0,7,36.0,12.0,33.0,0
2021-12-26,New Orleans Pelicans,2021-12-26 17:00:00,7,0,0,0,0,7.0,8,293.0,240.0,289.25,2
2021-12-26,Oklahoma City Thunder,2021-12-26 17:00:00,2,0,0,0,0,2.0,3,15.0,5.0,11.25,0
2021-12-26,Orlando Magic,2021-12-26 17:00:00,13,0,0,0,2,13.0,15,115.0,25.0,105.0,1
2021-12-26,Philadelphia 76ers,2021-12-26 17:00:00,4,0,0,0,2,4.0,6,28.0,5.0,18.0,0
2021-12-26,Sacramento Kings,2021-12-26 17:00:00,3,0,1,0,0,3.5,5,25.0,5.0,18.5,0
2021-12-26,San Antonio Spurs,2021-12-26 17:00:00,2,0,0,0,4,2.0,7,73.0,45.0,51.25,1
2021-12-26,Toronto Raptors,2021-12-26 17:00:00,12,0,0,0,0,12.0,12,65.0,10.0,65.0,0
2021-12-26,Washington Wizards,2021-12-26 17:00:00,4,0,0,0,2,4.0,6,265.0,240.0,255.0,1
2021-12-27,Atlanta Hawks,2021-12-27 17:00:00,13,0,0,0,0,13.0,13,65.0,7.0,65.0,0
2021-12-27,Boston Celtics,2021-12-27 17:00:00,8,0,1,0,1,8.5,11,53.0,5.0,42.6,0
2021-12-27,Brooklyn Nets,2021-12-27 17:00:00,8,0,0,0,0,8.0,9,85.0,45.0,81.25,1
2021-12-27,Charlotte Hornets,2021-12-27 17:00:00,3,0,0,0,1,3.0,4,20.0,5.0,15.0,0
2021-12-27,Chicago Bulls,2021-12-27 17:00:00,7,0,0,0,0,7.0,8,56.0,14.0,52.25,2
2021-12-27,Dallas Mavericks,2021-12-27 17:00:00,7,0,0,0,0,7.0,8,38.0,5.0,34.25,0
2021-12-27,Houston Rockets,2021-12-27 17:00:00,2,0,2,0,1,3.0,5,22.0,5.0,13.15,0
2021-12-27,LA Clippers,2021-12-27 17:00:00,7,0,1,0,0,7.5,9,292.0,240.0,284.4,1
2021-12-27,Memphis Grizzlies,2021-12-27 17:00:00,7,0,0,0,0,7.0,8,48.0,10.0,44.25,0
2021-12-27,Minnesota Timberwolves,2021-12-27 17:00:00,7,0,2,0,0,8.0,10,54.0,7.0,42.55,0
2021-12-27,Phoenix Suns,2021-12-27 17:00:00,6,0,0,0,0,6.0,7,265.0,240.0,261.25,1
2021-12-27,Portland Trail Blazers,2021-12-27 17:00:00,8,0,1,0,0,8.5,10,46.0,5.0,40.6,0
2021-12-27,San Antonio Spurs,2021-12-27 17:00:00,2,0,0,0,0,2.0,3,55.0,45.0,51.25,1
2021-12-27,Utah Jazz,2021-12-27 17:00:00,3,0,0,0,0,3.0,3,16.0,10.0,16.0,0
2021-12-28,Cleveland Cavaliers,2021-12-28 17:00:00,7,0,2,0,0,8.0,10,52.0,7.0,40.55,0
2021-12-28,Denver Nuggets,2021-12-28 17:00:00,4,0,4,0,0,6.0,9,323.0,240.0,311.55,2
2021-12-28,Golden State Warriors,2021-12-28 17:00:00,6,0,0,1,0,6.25,8,215.0,180.0,208.7,1
2021-12-28,Houston Rockets,2021-12-28 17:00:00,4,0,0,0,0,4.0,5,25.0,5.0,21.25,0
2021-12-28,Los Angeles Lakers,2021-12-28 17:00:00,8,0,0,1,0,8.25,9,46.0,12.0,43.45,0
2021-12-28,Miami Heat,2021-12-28 17:00:00,6,0,1,0,0,6.5,7,38.0,12.0,36.35,0
2021-12-28,Milwaukee Bucks,2021-12-28 17:00:00,1,0,0,0,0,1.0,1,45.0,45.0,45.0,1
2021-12-28,Minnesota Timberwolves,2021-12-28 17:00:00,4,0,4,0,1,6.0,9,53.0,7.0,32.6,0
2021-12-28,New Orleans Pelicans,2021-12-28 17:00:00,6,1,1,1,0,7.5,10,306.0,240.0,293.45,2
2021-12-28,New York Knicks,2021-12-28 17:00:00,7,0,0,0,1,7.0,8,78.0,45.0,73.0,1
2021-12-28,Oklahoma City Thunder,2021-12-28 17:00:00,7,0,0,0,1,7.0,8,40.0,5.0,35.0,0
2021-12-28,Orlando Magic,2021-12-28 17:00:00,10,0,0,0,0,10.0,10,88.0,25.0,88.0,1
2021-12-28,Philadelphia 76ers,2021-12-28 17:00:00,4,0,0,0,0,4.0,4,18.0,5.0,18.0,0
2021-12-28,Sacramento Kings,2021-12-28 17:00:00,2,0,1,0,0,2.5,3,15.0,5.0,12.25,0
2021-12-28,Toronto Raptors,2021-12-28 17:00:00,7,0,2,3,0,8.75,12,71.0,10.0,48.25,0
2021-12-28,Washington Wizards,2021-12-28 17:00:00,7,0,1,0,0,7.5,8,40.0,5.0,37.25,0
2021-12-29,Atlanta Hawks,2021-12-29 17:00:00,14,0,0,0,1,14.0,15,75.0,7.0,70.0,0
2021-12-29,Boston Celtics,2021-12-29 17:00:00,6,0,1,0,0,6.5,7,33.0,5.0,31.35,0
2021-12-29,Charlotte Hornets,2021-12-29 17:00:00,3,0,0,0,0,3.0,3,15.0,5.0,15.0,0
2021-12-29,Chicago Bulls,2021-12-29 17:00:00,7,0,0,0,1,7.0,8,36.0,5.0,31.0,0
2021-12-29,Dallas Mavericks,2021-12-29 17:00:00,8,0,0,0,0,8.0,9,43.0,5.0,39.25,0
2021-12-29,Detroit Pistons,2021-12-29 17:00:00,12,0,0,0,0,12.0,12,70.0,12.0,70.0,0
2021-12-29,Indiana Pacers,2021-12-29 17:00:00,2,0,1,0,0,2.5,3,73.0,45.0,71.35,2
2021-12-29,LA Clippers,2021-12-29 17:00:00,8,1,0,0,0,8.75,9,292.0,240.0,290.25,1
2021-12-29,Los Angeles Lakers,2021-12-29 17:00:00,7,0,0,1,0,7.25,9,52.0,12.0,45.7,0
2021-12-29,Memphis Grizzlies,2021-12-29 17:00:00,7,0,0,0,0,7.0,8,48.0,10.0,44.25,0
2021-12-29,Miami Heat,2021-12-29 17:00:00,0,0,0,0,0,0.0,1,5.0,5.0,1.25,0
2021-12-29,New York Knicks,2021-12-29 17:00:00,7,0,0,0,0,7.0,8,78.0,45.0,74.25,1
2021-12-29,Oklahoma City Thunder,2021-12-29 17:00:00,6,0,0,0,0,6.0,7,35.0,5.0,31.25,0
2021-12-29,Phoenix Suns,2021-12-29 17:00:00,6,0,0,0,0,6.0,7,265.0,240.0,261.25,1
2021-12-29,Portland Trail Blazers,2021-12-29 17:00:00,8,0,0,0,0,8.0,9,43.0,5.0,39.25,0
2021-12-29,Sacramento Kings,2021-12-29 17:00:00,1,0,0,0,0,1.0,2,10.0,5.0,6.25,0
2021-12-29,San Antonio Spurs,2021-12-29 17:00:00,2,0,0,0,0,2.0,3,55.0,45.0,51.25,1
2021-12-29,Utah Jazz,2021-12-29 17:00:00,2,0,1,0,0,2.5,4,21.0,10.0,15.6,0
2021-12-30,Brooklyn Nets,2021-12-30 17:00:00,4,0,0,0,1,4.0,5,63.0,45.0,58.0,1
2021-12-30,Cleveland Cavaliers,2021-12-30 17:00:00,5,0,0,0,3,5.0,8,42.0,7.0,23.0,0
2021-12-30,Denver Nuggets,2021-12-30 17:00:00,0,0,0,0,0,0.0,1,5.0,5.0,1.25,0
2021-12-30,Golden State Warriors,2021-12-30 17:00:00,0,0,0,0,0,0.0,1,5.0,5.0,1.25,0
2021-12-30,Milwaukee Bucks,2021-12-30 17:00:00,2,0,0,0,0,2.0,2,50.0,45.0,50.0,1
2021-12-30,Orlando Magic,2021-12-30 17:00:00,12,0,0,0,0,12.0,12,100.0,25.0,100.0,1
2021-12-30,Philadelphia 76ers,2021-12-30 17:00:00,5,0,1,0,0,5.5,6,26.0,5.0,23.25,0
2021-12-30,Washington Wizards,2021-12-30 17:00:00,7,0,0,0,3,7.0,10,48.0,5.0,33.0,0
2021-12-31,Atlanta Hawks,2021-12-31 17:00:00,14,0,0,0,0,14.0,14,70.0,7.0,70.0,0
2021-12-31,Boston Celtics,2021-12-31 17:00:00,5,0,0,0,0,5.0,5,25.0,5.0,25.0,0
2021-12-31,Chicago Bulls,2021-12-31 17:00:00,7,0,0,0,0,7.0,7,31.0,5.0,31.0,0
2021-12-31,Cleveland Cavaliers,2021-12-31 17:00:00,4,0,0,1,0,4.25,6,265.0,240.0,255.3,1
2021-12-31,Dallas Mavericks,2021-12-31 17:00:00,10,0,0,0,0,10.0,11,51.0,5.0,47.25,0
2021-12-31,Houston Rockets,2021-12-31 17:00:00,3,0,0,0,1,3.0,5,25.0,5.0,16.25,0
2021-12-31,Indiana Pacers,2021-12-31 17:00:00,7,0,0,0,0,7.0,7,95.0,45.0,95.0,2
2021-12-31,LA Clippers,2021-12-31 17:00:00,9,0,1,0,0,9.5,10,297.0,240.0,293.15,1
2021-12-31,Los Angeles Lakers,2021-12-31 17:00:00,3,0,2,1,0,4.25,6,33.0,12.0,24.95,0
2021-12-31,Memphis Grizzlies,2021-12-31 17:00:00,8,0,1,0,0,8.5,10,58.0,10.0,52.6,0
2021-12-31,Miami Heat,2021-12-31 17:00:00,12,0,1,0,1,12.5,15,83.0,12.0,68.75,0
2021-12-31,Minnesota Timberwolves,2021-12-31 17:00:00,3,0,0,0,3,3.0,7,41.0,7.0,16.25,0
2021-12-31,New York Knicks,2021-12-31 17:00:00,8,0,1,0,0,8.5,9,81.0,45.0,79.35,1
2021-12-31,Oklahoma City Thunder,2021-12-31 17:00:00,5,0,2,0,1,6.0,9,48.0,10.0,32.1,0
2021-12-31,Phoenix Suns,2021-12-31 17:00:00,6,0,0,0,1,6.0,8,271.0,240.0,264.25,1
2021-12-31,Portland Trail Blazers,2021-12-31 17:00:00,8,0,0,3,0,8.75,12,63.0,10.0,42.25,0
2021-12-31,San Antonio Spurs,2021-12-31 17:00:00,3,0,0,1,0,3.25,4,58.0,45.0,55.45,1
2021-12-31,Toronto Raptors,2021-12-31 17:00:00,4,0,1,0,3,4.5,8,47.0,10.0,26.35,0
2021-12-31,Utah Jazz,2021-12-31 17:00:00,3,0,1,0,0,3.5,5,26.0,10.0,20.6,0
2022-01-01,Brooklyn Nets,2022-01-01 17:00:00,2,0,0,0,0,2.0,2,50.0,45.0,50.0,1
2022-01-01,Chicago Bulls,2022-01-01 17:00:00,7,0,0,0,0,7.0,8,38.0,7.0,34.25,0
2022-01-01,Denver Nuggets,2022-01-01 17:00:00,8,0,3,0,0,9.5,12,343.0,240.0,331.55,2
2022-01-01,Detroit Pistons,2022-01-01 17:00:00,13,0,0,0,0,13.0,13,92.0,12.0,92.0,0
2022-01-01,Golden State Warriors,2022-01-01 17:00:00,4,0,0,0,0,4.0,5,29.0,7.0,25.25,0
2022-01-01,Houston Rockets,2022-01-01 17:00:00,4,1,0,2,0,5.25,8,43.0,10.0,30.0,0
2022-01-01,LA Clippers,2022-01-01 17:00:00,8,0,0,0,0,8.0,9,290.0,240.0,286.25,1
2022-01-01,Milwaukee Bucks,2022-01-01 17:00:00,4,0,0,0,0,4.0,5,63.0,45.0,59.25,1
2022-01-01,New Orleans Pelicans,2022-01-01 17:00:00,5,0,0,1,0,5.25,6,288.0,240.0,279.5,2
2022-01-01,San Antonio Spurs,2022-01-01 17:00:00,5,0,2,0,0,6.0,8,76.0,45.0,68.95,1
2022-01-01,Utah Jazz,2022-01-01 17:00:00,3,0,0,0,0,3.0,4,24.0,10.0,20.25,0
2022-01-01,Washington Wizards,2022-01-01 17:00:00,8,0,0,0,0,8.0,8,38.0,5.0,38.0,0
2022-01-02,Boston Celtics,2022-01-02 17:00:00,6,0,0,0,1,6.0,7,33.0,7.0,26.0,0
2022-01-02,Charlotte Hornets,2022-01-02 17:00:00,3,0,1,0,0,3.5,4,22.0,7.0,18.15,0
2022-01-02,Cleveland Cavaliers,2022-01-02 17:00:00,4,0,1,0,0,4.5,6,261.0,240.0,255.6,1
2022-01-02,Dallas Mavericks,2022-01-02 17:00:00,6,1,1,0,0,7.25,8,36.0,5.0,33.1,0
2022-01-02,Indiana Pacers,2022-01-02 17:00:00,9,0,0,0,0,9.0,9,85.0,45.0,85.0,1
2022-01-02,Los Angeles Lakers,2022-01-02 17:00:00,5,0,0,1,0,5.25,7,40.0,12.0,33.7,0
2022-01-02,Miami Heat,2022-01-02 17:00:00,11,0,0,0,0,11.0,12,63.0,12.0,59.25,0
2022-01-02,Minnesota Timberwolves,2022-01-02 17:00:00,2,0,4,0,0,4.0,7,43.0,7.0,23.85,0
2022-01-02,New York Knicks,2022-01-02 17:00:00,9,0,0,0,1,9.0,10,86.0,45.0,83.0,1
2022-01-02,Oklahoma City Thunder,2022-01-02 17:00:00,6,0,0,0,0,6.0,6,28.0,5.0,28.0,0
2022-01-02,Orlando Magic,2022-01-02 17:00:00,8,0,0,0,3,8.0,11,99.0,25.0,78.0,1
2022-01-02,Phoenix Suns,2022-01-02 17:00:00,6,0,1,0,0,6.5,7,266.0,240.0,264.35,1
2022-01-02,Sacramento Kings,2022-01-02 17:00:00,2,0,1,0,0,2.5,4,16.0,5.0,10.6,0
2022-01-02,Toronto Raptors,2022-01-02 17:00:00,3,0,0,0,1,3.0,4,25.0,10.0,22.0,0
2022-01-03,Atlanta Hawks,2022-01-03 17:00:00,8,0,1,0,0,8.5,10,55.0,10.0,45.75,0
2022-01-03,Brooklyn Nets,2022-01-03 17:00:00,3,0,0,0,0,3.0,3,53.0,45.0,53.0,1
2022-01-03,Charlotte Hornets,2022-01-03 17:00:00,3,0,0,0,0,3.0,4,20.0,5.0,16.25,0
2022-01-03,Chicago Bulls,2022-01-03 17:00:00,6,0,0,0,0,6.0,6,31.0,10.0,31.0,0
2022-01-03,Dallas Mavericks,2022-01-03 17:00:00,6,0,0,0,0,6.0,7,33.0,5.0,29.25,0
2022-01-03,Denver Nuggets,2022-01-03 17:00:00,7,0,1,2,2,8.0,12,367.0,240.0,326.2,3
2022-01-03,Detroit Pistons,2022-01-03 17:00:00,11,0,0,0,0,11.0,12,73.0,12.0,69.25,0
2022-01-03,Golden State Warriors,2022-01-03 17:00:00,2,0,0,0,0,2.0,3,19.0,7.0,15.25,0
2022-01-03,Houston Rockets,2022-01-03 17:00:00,3,0,1,0,0,3.5,4,23.0,10.0,21.35,0
2022-01-03,LA Clippers,2022-01-03 17:00:00,7,0,2,0,0,8.0,10,297.0,240.0,283.9,1
2022-01-03,Memphis Grizzlies,2022-01-03 17:00:00,7,1,0,0,0,7.75,8,45.0,10.0,42.5,0
2022-01-03,Miami Heat,2022-01-03 17:00:00,10,0,1,0,0,10.5,12,63.0,12.0,56.5,0
2022-01-03,Milwaukee Bucks,2022-01-03 17:00:00,5,0,1,0,0,5.5,7,78.0,45.0,72.6,1
2022-01-03,Minnesota Timberwolves,2022-01-03 17:00:00,3,0,0,0,0,3.0,4,24.0,7.0,20.25,0
2022-01-03,New Orleans Pelicans,2022-01-03 17:00:00,4,0,1,0,1,4.5,6,283.0,240.0,276.35,2
2022-01-03,Orlando Magic,2022-01-03 17:00:00,9,0,0,0,0,9.0,10,88.0,25.0,84.25,1
2022-01-03,Philadelphia 76ers,2022-01-03 17:00:00,5,0,0,0,0,5.0,5,23.0,5.0,23.0,0
2022-01-03,Portland Trail Blazers,2022-01-03 17:00:00,4,2,0,0,0,5.5,7,32.0,5.0,25.75,0
2022-01-03,Utah Jazz,2022-01-03 17:00:00,1,0,2,0,0,2.0,4,24.0,10.0,15.3,0
2022-01-03,Washington Wizards,2022-01-03 17:00:00,9,0,0,0,0,9.0,9,282.0,240.0,282.0,1
2022-01-04,Cleveland Cavaliers,2022-01-04 17:00:00,6,0,0,1,0,6.25,7,266.0,240.0,263.45,1
2022-01-04,Indiana Pacers,2022-01-04 17:00:00,9,0,0,0,0,9.0,9,85.0,45.0,85.0,1
2022-01-04,Los Angeles Lakers,2022-01-04 17:00:00,4,0,0,2,0,4.5,7,36.0,12.0,27.15,0
2022-01-04,Memphis Grizzlies,2022-01-04 17:00:00,6,0,1,0,0,6.5,8,43.0,10.0,33.75,0
2022-01-04,New Orleans Pelicans,2022-01-04 17:00:00,4,0,0,0,0,4.0,5,280.0,240.0,276.25,2
2022-01-04,New York Knicks,2022-01-04 17:00:00,5,0,4,0,0,7.0,9,91.0,45.0,75.6,1
2022-01-04,Phoenix Suns,2022-01-04 17:00:00,7,0,0,0,0,7.0,8,273.0,240.0,269.25,1
2022-01-04,Sacramento Kings,2022-01-04 17:00:00,6,0,1,0,0,6.5,8,38.0,5.0,32.6,0
2022-01-04,San Antonio Spurs,2022-01-04 17:00:00,5,0,0,0,1,5.0,7,75.0,45.0,68.25,1
2022-01-04,Toronto Raptors,2022-01-04 17:00:00,4,0,1,0,0,4.5,5,32.0,10.0,28.15,0
2022-01-05,Atlanta Hawks,2022-01-05 17:00:00,8,0,2,0,0,9.0,11,58.0,10.0,47.1,0
2022-01-05,Boston Celtics,2022-01-05 17:00:00,2,0,0,0,4,2.0,6,22.0,5.0,8.0,0
2022-01-05,Brooklyn Nets,2022-01-05 17:00:00,1,0,0,0,1,1.0,2,48.0,45.0,45.0,1
2022-01-05,Charlotte Hornets,2022-01-05 17:00:00,1,0,0,0,2,1.0,3,19.0,7.0,5.0,0
2022-01-05,Dallas Mavericks,2022-01-05 17:00:00,4,0,1,0,0,4.5,5,23.0,5.0,20.25,0
2022-01-05,Denver Nuggets,2022-01-05 17:00:00,7,0,2,0,0,8.0,9,352.0,240.0,344.85,3
2022-01-05,Detroit Pistons,2022-01-05 17:00:00,10,0,0,0,0,10.0,10,69.0,12.0,69.0,0
2022-01-05,Golden State Warriors,2022-01-05 17:00:00,4,0,0,0,0,4.0,4,21.0,7.0,21.0,0
2022-01-05,Houston Rockets,2022-01-05 17:00:00,4,0,0,0,0,4.0,4,25.0,10.0,25.0,0
2022-01-05,Indiana Pacers,2022-01-05 17:00:00,7,3,0,0,0,9.25,11,106.0,45.0,97.0,1
2022-01-05,Miami Heat,2022-01-05 17:00:00,11,0,0,0,0,11.0,12,68.0,12.0,64.25,0
2022-01-05,Milwaukee Bucks,2022-01-05 17:00:00,6,0,3,0,0,7.5,10,93.0,45.0,81.0,1
2022-01-05,Minnesota Timberwolves,2022-01-05 17:00:00,1,0,2,0,0,2.0,3,19.0,7.0,11.3,0
2022-01-05,Oklahoma City Thunder,2022-01-05 17:00:00,3,0,1,0,1,3.5,6,26.0,5.0,15.6,0
2022-01-05,Orlando Magic,2022-01-05 17:00:00,7,0,2,0,0,8.0,9,79.0,25.0,71.85,1
2022-01-05,Philadelphia 76ers,2022-01-05 17:00:00,6,0,0,0,1,6.0,7,31.0,5.0,26.0,0
2022-01-05,Portland Trail Blazers,2022-01-05 17:00:00,3,1,0,0,0,3.75,5,22.0,5.0,17.0,0
2022-01-05,Sacramento Kings,2022-01-05 17:00:00,5,0,1,0,0,5.5,7,33.0,5.0,27.6,0
2022-01-05,San Antonio Spurs,2022-01-05 17:00:00,4,0,0,0,0,4.0,5,67.0,45.0,63.25,1
2022-01-05,Toronto Raptors,2022-01-05 17:00:00,4,0,0,0,0,4.0,5,25.0,5.0,21.25,0
2022-01-05,Utah Jazz,2022-01-05 17:00:00,1,0,5,2,0,4.0,9,41.0,10.0,18.4,0
2022-01-05,Washington Wizards,2022-01-05 17:00:00,8,0,0,0,0,8.0,8,275.0,240.0,275.0,1
2022-01-06,Boston Celtics,2022-01-06 17:00:00,2,0,0,0,0,2.0,3,13.0,5.0,9.25,0
2022-01-06,Detroit Pistons,2022-01-06 17:00:00,8,0,0,0,0,8.0,9,55.0,12.0,51.25,0
2022-01-06,Golden State Warriors,2022-01-06 17:00:00,5,0,0,0,0,5.0,6,28.0,7.0,24.25,0
2022-01-06,LA Clippers,2022-01-06 17:00:00,7,0,2,0,0,8.0,10,297.0,240.0,283.9,1
2022-01-06,Memphis Grizzlies,2022-01-06 17:00:00,3,3,2,0,0,6.25,9,39.0,5.0,27.5,0
2022-01-06,New Orleans Pelicans,2022-01-06 17:00:00,4,0,0,0,0,4.0,4,275.0,240.0,275.0,2
2022-01-06,New York Knicks,2022-01-06 17:00:00,6,0,1,0,0,6.5,7,80.0,45.0,76.15,1
2022-01-06,Phoenix Suns,2022-01-06 17:00:00,7,0,0,0,0,7.0,8,279.0,240.0,275.25,1
2022-01-07,Atlanta Hawks,2022-01-07 17:00:00,6,0,4,1,0,8.25,12,62.0,7.0,42.5,0
2022-01-07,Brooklyn Nets,2022-01-07 17:00:00,2,0,0,0,0,2.0,2,50.0,45.0,50.0,1
2022-01-07,Chicago Bulls,2022-01-07 17:00:00,4,0,0,0,0,4.0,4,21.0,10.0,21.0,0
2022-01-07,Cleveland Cavaliers,2022-01-07 17:00:00,4,0,0,2,0,4.5,6,265.0,240.0,253.10000000000002,1
2022-01-07,Dallas Mavericks,2022-01-07 17:00:00,5,1,0,0,0,5.75,6,33.0,10.0,30.5,0
2022-01-07,Denver Nuggets,2022-01-07 17:00:00,6,0,2,2,0,7.5,10,350.0,240.0,339.4,3
2022-01-07,Houston Rockets,2022-01-07 17:00:00,2,0,0,0,1,2.0,4,25.0,10.0,16.25,0
2022-01-07,Los Angeles Lakers,2022-01-07 17:00:00,4,0,0,1,0,4.25,6,33.0,12.0,26.7,0
2022-01-07,Milwaukee Bucks,2022-01-07 17:00:00,7,0,0,1,0,7.25,8,83.0,45.0,80.45,1
2022-01-07,Minnesota Timberwolves,2022-01-07 17:00:00,2,0,1,0,0,2.5,4,18.0,5.0,12.6,0
2022-01-07,Oklahoma City Thunder,2022-01-07 17:00:00,4,0,0,0,0,4.0,5,23.0,5.0,19.25,0
2022-01-07,Philadelphia 76ers,2022-01-07 17:00:00,6,0,0,0,1,6.0,7,27.0,5.0,24.0,0
2022-01-07,Portland Trail Blazers,2022-01-07 17:00:00,3,0,0,0,1,3.0,5,20.0,5.0,11.25,0
2022-01-07,Sacramento Kings,2022-01-07 17:00:00,3,0,1,0,3,3.5,8,38.0,5.0,17.6,0
2022-01-07,San Antonio Spurs,2022-01-07 17:00:00,7,0,0,0,2,7.0,9,89.0,45.0,75.0,1
2022-01-07,Toronto Raptors,2022-01-07 17:00:00,3,0,0,0,0,3.0,3,15.0,5.0,15.0,0
2022-01-07,Utah Jazz,2022-01-07 17:00:00,5,0,4,0,0,7.0,10,47.0,7.0,32.8,0
2022-01-07,Washington Wizards,2022-01-07 17:00:00,6,1,1,0,0,7.25,8,275.0,240.0,271.5,1
2022-01-08,Boston Celtics,2022-01-08 17:00:00,2,0,0,0,0,2.0,2,8.0,5.0,8.0,0
2022-01-08,Charlotte Hornets,2022-01-08 17:00:00,3,0,0,0,0,3.0,3,15.0,5.0,15.0,0
2022-01-08,Detroit Pistons,2022-01-08 17:00:00,6,0,0,0,0,6.0,6,38.0,12.0,38.0,0
2022-01-08,Indiana Pacers,2022-01-08 17:00:00,7,0,3,0,0,8.5,10,96.0,45.0,84.45,1
2022-01-08,LA Clippers,2022-01-08 17:00:00,6,0,0,0,1,6.0,8,282.0,240.0,271.25,1
2022-01-08,Memphis Grizzlies,2022-01-08 17:00:00,7,0,0,0,1,7.0,9,37.0,5.0,30.25,0
2022-01-08,Miami Heat,2022-01-08 17:00:00,11,0,1,0,0,11.5,13,73.0,12.0,63.75,0
2022-01-08,Milwaukee Bucks,2022-01-08 17:00:00,6,0,0,0,0,6.0,7,78.0,45.0,74.25,1
2022-01-08,New York Knicks,2022-01-08 17:00:00,6,0,2,0,0,7.0,9,88.0,45.0,78.75,1
2022-01-08,Orlando Magic,2022-01-08 17:00:00,6,0,3,0,0,7.5,9,86.0,25.0,73.35,1
2022-01-08,Phoenix Suns,2022-01-08 17:00:00,4,0,0,0,0,4.0,5,258.0,240.0,254.25,1
2022-01-08,Utah Jazz,2022-01-08 17:00:00,4,0,0,0,4,4.0,9,33.0,5.0,17.25,0
2022-01-09,Atlanta Hawks,2022-01-09 17:00:00,4,0,0,0,1,4.0,6,33.0,10.0,26.25,0
2022-01-09,Brooklyn Nets,2022-01-09 17:00:00,3,0,0,0,0,3.0,3,53.0,45.0,53.0,1
2022-01-09,Chicago Bulls,2022-01-09 17:00:00,5,0,0,0,0,5.0,5,26.0,10.0,26.0,0
2022-01-09,Cleveland Cavaliers,2022-01-09 17:00:00,4,0,0,0,0,4.0,5,256.0,240.0,252.25,1
2022-01-09,Dallas Mavericks,2022-01-09 17:00:00,3,0,2,0,0,4.0,5,26.0,10.0,18.85,0
2022-01-09,Denver Nuggets,2022-01-09 17:00:00,6,0,1,0,0,6.5,8,364.0,240.0,357.5,3
2022-01-09,Golden State Warriors,2022-01-09 17:00:00,1,0,1,0,0,1.5,2,10.0,7.0,8.35,0
2022-01-09,Houston Rockets,2022-01-09 17:00:00,4,0,0,0,1,4.0,5,33.0,10.0,23.0,0
2022-01-09,LA Clippers,2022-01-09 17:00:00,6,0,0,0,0,6.0,7,275.0,240.0,271.25,1
2022-01-09,Los Angeles Lakers,2022-01-09 17:00:00,4,0,0,1,0,4.25,6,33.0,12.0,26.7,0
2022-01-09,Memphis Grizzlies,2022-01-09 17:00:00,2,0,4,0,0,4.0,7,32.0,10.0,21.65,0
2022-01-09,Minnesota Timberwolves,2022-01-09 17:00:00,2,0,1,0,0,2.5,4,18.0,5.0,12.6,0
2022-01-09,New Orleans Pelicans,2022-01-09 17:00:00,5,0,0,0,0,5.0,5,280.0,240.0,280.0,2
2022-01-09,Oklahoma City Thunder,2022-01-09 17:00:00,2,0,1,0,0,2.5,4,18.0,5.0,12.6,0
2022-01-09,Orlando Magic,2022-01-09 17:00:00,7,0,0,0,0,7.0,8,73.0,25.0,69.25,1
2022-01-09,Portland Trail Blazers,2022-01-09 17:00:00,3,0,0,0,0,3.0,4,15.0,5.0,11.25,0
2022-01-09,Sacramento Kings,2022-01-09 17:00:00,3,0,3,0,0,4.5,7,33.0,7.0,22.1,0
2022-01-09,San Antonio Spurs,2022-01-09 17:00:00,7,0,0,0,0,7.0,7,75.0,45.0,75.0,1
2022-01-09,Toronto Raptors,2022-01-09 17:00:00,3,0,0,0,0,3.0,3,13.0,5.0,13.0,0
2022-01-09,Washington Wizards,2022-01-09 17:00:00,6,0,0,0,2,6.0,9,280.0,240.0,266.25,1
2022-01-10,Boston Celtics,2022-01-10 17:00:00,1,0,0,1,0,1.25,2,8.0,5.0,5.45,0
2022-01-10,Brooklyn Nets,2022-01-10 17:00:00,3,0,0,0,0,3.0,4,56.0,45.0,52.25,1
2022-01-10,Charlotte Hornets,2022-01-10 17:00:00,2,0,0,0,2,2.0,4,20.0,5.0,10.0,0
2022-01-10,Cleveland Cavaliers,2022-01-10 17:00:00,3,0,0,0,0,3.0,4,251.0,240.0,247.25,1
2022-01-10,Detroit Pistons,2022-01-10 17:00:00,8,0,0,0,0,8.0,8,48.0,12.0,48.0,0
2022-01-10,Houston Rockets,2022-01-10 17:00:00,4,0,0,0,0,4.0,5,26.0,10.0,22.25,0
2022-01-10,Indiana Pacers,2022-01-10 17:00:00,5,0,3,0,0,6.5,8,82.0,45.0,72.65,1
2022-01-10,Milwaukee Bucks,2022-01-10 17:00:00,4,0,1,0,0,4.5,5,63.0,45.0,60.25,1
2022-01-10,New York Knicks,2022-01-10 17:00:00,3,0,3,0,0,4.5,6,73.0,45.0,65.85,1
2022-01-10,Philadelphia 76ers,2022-01-10 17:00:00,5,0,1,0,0,5.5,6,22.0,5.0,20.35,0
2022-01-10,Portland Trail Blazers,2022-01-10 17:00:00,4,0,0,0,0,4.0,5,20.0,5.0,16.25,0
2022-01-10,Sacramento Kings,2022-01-10 17:00:00,3,0,1,0,0,3.5,5,23.0,5.0,17.6,0
2022-01-10,San Antonio Spurs,2022-01-10 17:00:00,7,0,1,1,0,7.75,10,86.0,45.0,78.05,1
2022-01-10,Utah Jazz,2022-01-10 17:00:00,7,0,0,0,0,7.0,7,35.0,7.0,35.0,0
2022-01-11,Chicago Bulls,2022-01-11 17:00:00,5,0,0,0,0,5.0,5,26.0,10.0,26.0,0
2022-01-11,Denver Nuggets,2022-01-11 17:00:00,5,0,1,0,0,5.5,7,359.0,240.0,352.5,3
2022-01-11,Detroit Pistons,2022-01-11 17:00:00,7,1,0,0,0,7.75,9,51.0,12.0,46.5,0
2022-01-11,Golden State Warriors,2022-01-11 17:00:00,3,0,0,1,1,3.25,6,31.0,10.0,15.75,0
2022-01-11,LA Clippers,2022-01-11 17:00:00,6,0,0,0,0,6.0,7,275.0,240.0,271.25,1
2022-01-11,Memphis Grizzlies,2022-01-11 17:00:00,3,0,1,0,0,3.5,5,28.0,10.0,21.5,0
2022-01-11,Minnesota Timberwolves,2022-01-11 17:00:00,2,0,1,0,0,2.5,4,18.0,5.0,12.6,0
2022-01-11,New Orleans Pelicans,2022-01-11 17:00:00,3,0,0,0,0,3.0,3,270.0,240.0,270.0,2
2022-01-11,Oklahoma City Thunder,2022-01-11 17:00:00,3,0,0,0,0,3.0,3,15.0,5.0,15.0,0
2022-01-11,Phoenix Suns,2022-01-11 17:00:00,6,0,0,1,0,6.25,7,274.0,240.0,268.05,1
2022-01-11,Toronto Raptors,2022-01-11 17:00:00,1,0,2,0,0,2.0,3,11.0,5.0,7.699999999999999,0
2022-01-11,Washington Wizards,2022-01-11 17:00:00,6,0,0,0,1,6.0,7,270.0,240.0,265.0,1
2022-01-12,Atlanta Hawks,2022-01-12 17:00:00,2,2,1,1,1,4.25,7,51.0,10.0,31.6,0
2022-01-12,Boston Celtics,2022-01-12 17:00:00,2,0,0,0,1,2.0,3,13.0,5.0,8.0,0
2022-01-12,Brooklyn Nets,2022-01-12 17:00:00,2,0,3,0,0,3.5,5,64.0,45.0,55.2,1
2022-01-12,Charlotte Hornets,2022-01-12 17:00:00,3,0,0,0,0,3.0,3,15.0,5.0,15.0,0
2022-01-12,Chicago Bulls,2022-01-12 17:00:00,4,0,0,0,0,4.0,5,26.0,10.0,22.25,0
2022-01-12,Cleveland Cavaliers,2022-01-12 17:00:00,3,0,1,0,0,3.5,5,254.0,240.0,248.6,1
2022-01-12,Dallas Mavericks,2022-01-12 17:00:00,2,0,0,0,0,2.0,2,8.0,5.0,8.0,0
2022-01-12,Houston Rockets,2022-01-12 17:00:00,0,0,1,0,1,0.5,3,20.0,10.0,5.75,0
2022-01-12,Indiana Pacers,2022-01-12 17:00:00,2,0,4,0,0,4.0,6,70.0,45.0,59.0,1
2022-01-12,Los Angeles Lakers,2022-01-12 17:00:00,4,0,1,1,0,4.75,7,36.0,12.0,28.05,0
2022-01-12,Miami Heat,2022-01-12 17:00:00,6,0,1,0,0,6.5,7,47.0,12.0,40.4,0
2022-01-12,New York Knicks,2022-01-12 17:00:00,3,0,3,0,0,4.5,6,73.0,45.0,65.85,1
2022-01-12,Orlando Magic,2022-01-12 17:00:00,7,0,0,0,0,7.0,7,64.0,25.0,64.0,1
2022-01-12,Philadelphia 76ers,2022-01-12 17:00:00,4,0,1,0,1,4.5,6,22.0,5.0,17.35,0
2022-01-12,Sacramento Kings,2022-01-12 17:00:00,6,0,0,0,0,6.0,7,33.0,5.0,29.25,0
2022-01-12,San Antonio Spurs,2022-01-12 17:00:00,4,0,3,1,0,5.75,8,76.0,45.0,65.2,1
2022-01-12,Utah Jazz,2022-01-12 17:00:00,7,0,2,0,0,8.0,10,70.0,25.0,60.75,1
2022-01-12,Washington Wizards,2022-01-12 17:00:00,3,0,0,0,1,3.0,5,25.0,5.0,16.25,0
2022-01-13,Brooklyn Nets,2022-01-13 17:00:00,6,0,0,0,0,6.0,7,71.0,45.0,67.25,1
2022-01-13,Denver Nuggets,2022-01-13 17:00:00,4,0,2,1,0,5.25,8,360.0,240.0,345.45,3
2022-01-13,Golden State Warriors,2022-01-13 17:00:00,4,0,0,0,0,4.0,4,20.0,7.0,20.0,0
2022-01-13,LA Clippers,2022-01-13 17:00:00,7,0,0,0,0,7.0,8,280.0,240.0,276.25,1
2022-01-13,Memphis Grizzlies,2022-01-13 17:00:00,3,0,1,0,0,3.5,5,26.0,10.0,20.6,0
2022-01-13,Milwaukee Bucks,2022-01-13 17:00:00,6,0,0,0,1,6.0,7,73.0,45.0,68.0,1
2022-01-13,Minnesota Timberwolves,2022-01-13 17:00:00,2,1,0,0,0,2.75,4,25.0,10.0,18.75,0
2022-01-13,New Orleans Pelicans,2022-01-13 17:00:00,2,0,0,0,0,2.0,3,270.0,240.0,266.25,2
2022-01-13,Oklahoma City Thunder,2022-01-13 17:00:00,4,0,0,0,0,4.0,4,20.0,5.0,20.0,0
2022-01-13,Portland Trail Blazers,2022-01-13 17:00:00,5,1,0,0,0,5.75,7,48.0,25.0,38.0,1
2022-01-14,Atlanta Hawks,2022-01-14 17:00:00,4,0,2,0,0,5.0,6,38.0,10.0,30.85,0
2022-01-14,Boston Celtics,2022-01-14 17:00:00,2,0,0,0,0,2.0,2,10.0,5.0,10.0,0
2022-01-14,Charlotte Hornets,2022-01-14 17:00:00,5,0,0,0,0,5.0,5,25.0,5.0,25.0,0
2022-01-14,Chicago Bulls,2022-01-14 17:00:00,5,0,0,0,0,5.0,6,29.0,10.0,25.25,0
2022-01-14,Cleveland Cavaliers,2022-01-14 17:00:00,2,0,2,0,0,3.0,5,254.0,240.0,246.95,1
2022-01-14,Dallas Mavericks,2022-01-14 17:00:00,2,0,0,0,0,2.0,2,8.0,5.0,8.0,0
2022-01-14,Detroit Pistons,2022-01-14 17:00:00,6,0,0,0,0,6.0,6,42.0,12.0,42.0,0
2022-01-14,Golden State Warriors,2022-01-14 17:00:00,6,0,0,0,0,6.0,7,32.0,7.0,28.25,0
2022-01-14,Houston Rockets,2022-01-14 17:00:00,3,0,0,0,0,3.0,4,20.0,5.0,16.25,0
2022-01-14,Indiana Pacers,2022-01-14 17:00:00,2,0,2,0,0,3.0,4,76.0,45.0,72.7,2
2022-01-14,Memphis Grizzlies,2022-01-14 17:00:00,4,0,0,0,0,4.0,5,28.0,10.0,24.25,0
2022-01-14,Miami Heat,2022-01-14 17:00:00,5,0,1,0,0,5.5,6,37.0,10.0,31.5,0
2022-01-14,Orlando Magic,2022-01-14 17:00:00,5,0,1,0,0,5.5,6,39.0,12.0,37.35,0
2022-01-14,Philadelphia 76ers,2022-01-14 17:00:00,5,0,0,0,0,5.0,5,19.0,5.0,19.0,0
2022-01-14,Phoenix Suns,2022-01-14 17:00:00,4,0,0,0,1,4.0,5,264.0,240.0,257.0,1
2022-01-14,Sacramento Kings,2022-01-14 17:00:00,5,0,1,0,0,5.5,7,37.0,7.0,29.4,0
2022-01-14,San Antonio Spurs,2022-01-14 17:00:00,5,0,0,0,1,5.0,7,73.0,45.0,66.25,1
2022-01-14,Toronto Raptors,2022-01-14 17:00:00,3,0,2,0,0,4.0,5,21.0,5.0,17.7,0
2022-01-15,Atlanta Hawks,2022-01-15 17:00:00,0,1,3,0,0,2.25,5,31.0,10.0,15.95,0
2022-01-15,Boston Celtics,2022-01-15 17:00:00,2,0,0,0,0,2.0,3,15.0,5.0,11.25,0
2022-01-15,Brooklyn Nets,2022-01-15 17:00:00,3,0,1,0,0,3.5,4,56.0,45.0,54.35,1
2022-01-15,Chicago Bulls,2022-01-15 17:00:00,7,0,0,0,0,7.0,8,35.0,10.0,31.25,0
2022-01-15,Cleveland Cavaliers,2022-01-15 17:00:00,3,0,0,0,0,3.0,4,251.0,240.0,247.25,1
2022-01-15,Dallas Mavericks,2022-01-15 17:00:00,1,0,0,0,0,1.0,2,8.0,5.0,4.25,0
2022-01-15,Denver Nuggets,2022-01-15 17:00:00,6,0,1,1,0,6.75,8,353.0,240.0,348.8,3
2022-01-15,LA Clippers,2022-01-15 17:00:00,6,0,1,0,0,6.5,7,275.0,240.0,269.5,1
2022-01-15,Los Angeles Lakers,2022-01-15 17:00:00,4,0,2,1,0,5.25,7,34.0,12.0,28.15,0
2022-01-15,Miami Heat,2022-01-15 17:00:00,7,0,0,0,0,7.0,8,38.0,7.0,34.25,0
2022-01-15,Milwaukee Bucks,2022-01-15 17:00:00,4,0,0,0,0,4.0,4,58.0,45.0,58.0,1
2022-01-15,New Orleans Pelicans,2022-01-15 17:00:00,3,0,0,0,0,3.0,3,270.0,240.0,270.0,2
2022-01-15,New York Knicks,2022-01-15 17:00:00,5,0,0,0,0,5.0,5,68.0,45.0,68.0,1
2022-01-15,Oklahoma City Thunder,2022-01-15 17:00:00,2,0,0,0,3,2.0,6,30.0,5.0,11.25,0
2022-01-15,Orlando Magic,2022-01-15 17:00:00,5,0,1,0,0,5.5,7,44.0,12.0,38.6,0
2022-01-15,Philadelphia 76ers,2022-01-15 17:00:00,5,0,1,0,0,5.5,7,25.0,5.0,19.6,0
2022-01-15,Portland Trail Blazers,2022-01-15 17:00:00,5,0,0,0,0,5.0,5,47.0,25.0,47.0,1
2022-01-15,San Antonio Spurs,2022-01-15 17:00:00,4,1,1,0,0,5.25,7,73.0,45.0,65.75,1
2022-01-15,Toronto Raptors,2022-01-15 17:00:00,5,1,0,0,0,5.75,7,52.0,25.0,47.5,1
2022-01-15,Washington Wizards,2022-01-15 17:00:00,6,0,0,0,0,6.0,6,28.0,5.0,28.0,0
2022-01-16,Denver Nuggets,2022-01-16 17:00:00,6,0,1,0,0,6.5,8,355.0,240.0,349.6,3
2022-01-16,Detroit Pistons,2022-01-16 17:00:00,7,0,0,0,0,7.0,7,45.0,12.0,45.0,0
2022-01-16,Golden State Warriors,2022-01-16 17:00:00,6,0,0,0,0,6.0,6,26.0,7.0,26.0,0
2022-01-16,Houston Rockets,2022-01-16 17:00:00,3,0,0,0,0,3.0,4,20.0,5.0,16.25,0
2022-01-16,Minnesota Timberwolves,2022-01-16 17:00:00,1,0,2,0,0,2.0,4,27.0,10.0,13.9,0
2022-01-16,Phoenix Suns,2022-01-16 17:00:00,4,0,0,0,0,4.0,4,257.0,240.0,257.0,1
2022-01-16,Sacramento Kings,2022-01-16 17:00:00,4,0,0,0,2,4.0,7,35.0,7.0,17.25,0
2022-01-16,Utah Jazz,2022-01-16 17:00:00,3,0,0,0,3,3.0,7,41.0,7.0,16.25,0
2022-01-17,Atlanta Hawks,2022-01-17 17:00:00,2,0,0,0,0,2.0,2,13.0,10.0,13.0,0
2022-01-17,Boston Celtics,2022-01-17 17:00:00,3,0,0,0,0,3.0,3,13.0,5.0,13.0,0
2022-01-17,Brooklyn Nets,2022-01-17 17:00:00,6,0,0,0,1,6.0,7,72.0,45.0,69.0,1
2022-01-17,Charlotte Hornets,2022-01-17 17:00:00,3,0,0,0,1,3.0,4,18.0,5.0,15.0,0
2022-01-17,Chicago Bulls,2022-01-17 17:00:00,8,0,0,0,0,8.0,8,37.0,10.0,37.0,0
2022-01-17,Cleveland Cavaliers,2022-01-17 17:00:00,5,0,0,0,0,5.0,5,254.0,240.0,254.0,1
2022-01-17,Dallas Mavericks,2022-01-17 17:00:00,0,0,1,0,0,0.5,1,3.0,3.0,1.35,0
2022-01-17,Indiana Pacers,2022-01-17 17:00:00,6,0,0,0,0,6.0,7,89.0,45.0,85.25,2
2022-01-17,LA Clippers,2022-01-17 17:00:00,5,0,0,0,1,5.0,7,274.0,240.0,263.25,1
2022-01-17,Los Angeles Lakers,2022-01-17 17:00:00,4,0,1,2,0,5.0,8,39.0,12.0,28.5,0
2022-01-17,Memphis Grizzlies,2022-01-17 17:00:00,4,0,0,0,0,4.0,5,28.0,10.0,24.25,0
2022-01-17,Miami Heat,2022-01-17 17:00:00,5,0,1,0,1,5.5,8,38.0,7.0,27.6,0
2022-01-17,Milwaukee Bucks,2022-01-17 17:00:00,3,0,0,0,0,3.0,3,53.0,45.0,53.0,1
2022-01-17,New Orleans Pelicans,2022-01-17 17:00:00,3,0,0,0,0,3.0,3,270.0,240.0,270.0,2
2022-01-17,New York Knicks,2022-01-17 17:00:00,6,0,0,0,0,6.0,6,71.0,45.0,71.0,1
2022-01-17,Oklahoma City Thunder,2022-01-17 17:00:00,5,0,0,0,0,5.0,5,30.0,10.0,30.0,0
2022-01-17,Orlando Magic,2022-01-17 17:00:00,5,0,0,0,0,5.0,5,36.0,12.0,36.0,0
2022-01-17,Philadelphia 76ers,2022-01-17 17:00:00,5,0,0,0,0,5.0,5,17.0,5.0,17.0,0
2022-01-17,Phoenix Suns,2022-01-17 17:00:00,4,0,0,1,0,4.25,6,272.0,240.0,259.75,1
2022-01-17,Portland Trail Blazers,2022-01-17 17:00:00,3,1,1,0,0,4.25,5,52.0,25.0,45.65,1
2022-01-17,San Antonio Spurs,2022-01-17 17:00:00,4,0,0,0,1,4.0,6,30.0,5.0,21.25,0
2022-01-17,Toronto Raptors,2022-01-17 17:00:00,4,0,1,0,0,4.5,5,43.0,25.0,41.35,1
2022-01-17,Utah Jazz,2022-01-17 17:00:00,2,0,1,0,0,2.5,4,22.0,7.0,14.4,0
2022-01-17,Washington Wizards,2022-01-17 17:00:00,3,0,0,0,1,3.0,4,20.0,5.0,15.0,0
2022-01-18,Detroit Pistons,2022-01-18 17:00:00,7,0,0,0,0,7.0,8,45.0,8.0,41.25,0
2022-01-18,Golden State Warriors,2022-01-18 17:00:00,2,0,1,1,1,2.75,6,29.0,7.0,17.5,0
2022-01-18,Minnesota Timberwolves,2022-01-18 17:00:00,2,0,0,1,0,2.25,3,20.0,10.0,11.5,0
2022-01-18,New York Knicks,2022-01-18 17:00:00,5,0,1,0,0,5.5,7,76.0,45.0,70.6,1
2022-01-19,Atlanta Hawks,2022-01-19 17:00:00,2,0,0,0,0,2.0,2,13.0,10.0,13.0,0
2022-01-19,Boston Celtics,2022-01-19 17:00:00,2,0,0,0,1,2.0,3,22.0,10.0,17.0,0
2022-01-19,Brooklyn Nets,2022-01-19 17:00:00,5,0,0,0,0,5.0,5,66.0,45.0,66.0,1
2022-01-19,Charlotte Hornets,2022-01-19 17:00:00,2,0,1,0,0,2.5,3,15.0,5.0,12.25,0
2022-01-19,Chicago Bulls,2022-01-19 17:00:00,6,0,0,0,2,6.0,8,30.0,5.0,20.0,0
2022-01-19,Cleveland Cavaliers,2022-01-19 17:00:00,5,0,0,0,0,5.0,5,254.0,240.0,254.0,1
2022-01-19,Dallas Mavericks,2022-01-19 17:00:00,1,0,0,2,0,1.5,3,9.0,3.0,3.9,0
2022-01-19,Denver Nuggets,2022-01-19 17:00:00,6,0,0,0,0,6.0,7,392.0,240.0,388.25,4
2022-01-19,Detroit Pistons,2022-01-19 17:00:00,6,1,0,1,0,7.0,9,50.0,12.0,35.3,0
2022-01-19,Houston Rockets,2022-01-19 17:00:00,3,0,0,0,0,3.0,3,15.0,5.0,15.0,0
2022-01-19,Indiana Pacers,2022-01-19 17:00:00,3,0,2,0,0,4.0,6,84.0,45.0,76.95,2
2022-01-19,LA Clippers,2022-01-19 17:00:00,6,0,1,0,0,6.5,8,277.0,240.0,269.4,1
2022-01-19,Los Angeles Lakers,2022-01-19 17:00:00,4,0,1,2,0,5.0,7,34.0,12.0,27.25,0
2022-01-19,Memphis Grizzlies,2022-01-19 17:00:00,6,0,0,0,0,6.0,7,40.0,10.0,36.25,0
2022-01-19,Miami Heat,2022-01-19 17:00:00,5,0,0,0,1,5.0,6,30.0,7.0,25.0,0
2022-01-19,Milwaukee Bucks,2022-01-19 17:00:00,1,0,1,0,0,1.5,3,53.0,45.0,47.6,1
2022-01-19,Minnesota Timberwolves,2022-01-19 17:00:00,2,0,0,1,0,2.25,4,25.0,10.0,12.75,0
2022-01-19,Oklahoma City Thunder,2022-01-19 17:00:00,7,0,0,0,0,7.0,8,43.0,10.0,39.25,0
2022-01-19,Orlando Magic,2022-01-19 17:00:00,5,0,0,0,0,5.0,5,36.0,12.0,36.0,0
2022-01-19,Philadelphia 76ers,2022-01-19 17:00:00,6,0,0,0,0,6.0,6,22.0,5.0,22.0,0
2022-01-19,Portland Trail Blazers,2022-01-19 17:00:00,4,0,0,2,0,4.5,6,58.0,25.0,41.0,1
2022-01-19,Sacramento Kings,2022-01-19 17:00:00,1,0,0,0,0,1.0,2,10.0,5.0,6.25,0
2022-01-19,San Antonio Spurs,2022-01-19 17:00:00,3,0,0,0,1,3.0,5,27.0,7.0,18.25,0
2022-01-19,Toronto Raptors,2022-01-19 17:00:00,4,0,1,0,0,4.5,5,43.0,25.0,41.35,1
2022-01-19,Utah Jazz,2022-01-19 17:00:00,3,0,0,0,0,3.0,4,19.0,6.0,15.25,0
2022-01-19,Washington Wizards,2022-01-19 17:00:00,2,0,0,0,0,2.0,2,10.0,5.0,10.0,0
2022-01-20,Dallas Mavericks,2022-01-20 17:00:00,1,0,0,0,0,1.0,2,8.0,5.0,4.25,0
2022-01-20,Golden State Warriors,2022-01-20 17:00:00,3,0,0,0,0,3.0,4,23.0,7.0,19.25,0
2022-01-20,Indiana Pacers,2022-01-20 17:00:00,4,0,2,0,0,5.0,7,54.0,25.0,46.95,1
2022-01-20,New Orleans Pelicans,2022-01-20 17:00:00,3,0,1,0,0,3.5,4,273.0,240.0,271.35,2
2022-01-20,New York Knicks,2022-01-20 17:00:00,6,0,0,0,0,6.0,6,78.0,45.0,78.0,1
2022-01-20,Phoenix Suns,2022-01-20 17:00:00,4,0,0,0,0,4.0,5,262.0,240.0,258.25,1
2022-01-21,Atlanta Hawks,2022-01-21 17:00:00,3,0,3,0,0,4.5,6,29.0,10.0,20.2,0
2022-01-21,Boston Celtics,2022-01-21 17:00:00,2,0,2,0,0,3.0,4,27.0,10.0,17.65,0
2022-01-21,Brooklyn Nets,2022-01-21 17:00:00,3,0,2,0,0,4.0,5,66.0,45.0,62.7,1
2022-01-21,Charlotte Hornets,2022-01-21 17:00:00,2,0,1,0,0,2.5,3,13.0,5.0,11.35,0
2022-01-21,Chicago Bulls,2022-01-21 17:00:00,6,0,0,0,0,6.0,6,20.0,5.0,20.0,0
2022-01-21,Denver Nuggets,2022-01-21 17:00:00,4,0,0,0,0,4.0,5,107.0,45.0,103.25,2
2022-01-21,Detroit Pistons,2022-01-21 17:00:00,5,0,1,0,0,5.5,7,33.0,7.0,27.6,0
2022-01-21,Golden State Warriors,2022-01-21 17:00:00,4,0,1,0,0,4.5,6,30.0,7.0,24.6,0
2022-01-21,Houston Rockets,2022-01-21 17:00:00,3,0,0,0,0,3.0,4,20.0,5.0,16.25,0
2022-01-21,LA Clippers,2022-01-21 17:00:00,5,0,2,0,0,6.0,8,273.0,240.0,264.85,1
2022-01-21,Los Angeles Lakers,2022-01-21 17:00:00,4,0,0,1,0,4.25,5,28.0,12.0,25.45,0
2022-01-21,Memphis Grizzlies,2022-01-21 17:00:00,5,0,1,0,0,5.5,7,40.0,10.0,33.5,0
2022-01-21,Miami Heat,2022-01-21 17:00:00,5,0,0,0,0,5.0,5,25.0,7.0,25.0,0
2022-01-21,Milwaukee Bucks,2022-01-21 17:00:00,1,0,0,0,0,1.0,1,45.0,45.0,45.0,1
2022-01-21,Oklahoma City Thunder,2022-01-21 17:00:00,5,0,1,0,0,5.5,6,33.0,10.0,31.35,0
2022-01-21,Orlando Magic,2022-01-21 17:00:00,5,0,0,0,1,5.0,6,48.0,12.0,45.0,0
2022-01-21,Philadelphia 76ers,2022-01-21 17:00:00,5,0,1,0,1,5.5,7,25.0,5.0,18.35,0
2022-01-21,Portland Trail Blazers,2022-01-21 17:00:00,4,0,1,1,0,4.75,6,51.0,25.0,40.85,1
2022-01-21,San Antonio Spurs,2022-01-21 17:00:00,3,0,0,0,0,3.0,3,15.0,5.0,15.0,0
2022-01-21,Toronto Raptors,2022-01-21 17:00:00,5,0,1,0,0,5.5,6,48.0,25.0,46.35,1
2022-01-21,Utah Jazz,2022-01-21 17:00:00,4,0,1,0,0,4.5,6,29.0,6.0,23.6,0
2022-01-21,Washington Wizards,2022-01-21 17:00:00,2,0,0,0,0,2.0,3,15.0,5.0,11.25,0
2022-01-22,Cleveland Cavaliers,2022-01-22 17:00:00,3,0,1,1,0,3.75,5,254.0,240.0,249.79999999999998,1
2022-01-22,Indiana Pacers,2022-01-22 17:00:00,4,0,2,0,0,5.0,7,54.0,25.0,46.95,1
2022-01-22,Milwaukee Bucks,2022-01-22 17:00:00,2,1,0,1,0,3.0,5,61.0,45.0,53.95,1
2022-01-22,Oklahoma City Thunder,2022-01-22 17:00:00,5,0,0,0,1,5.0,7,40.0,10.0,31.25,0
2022-01-22,Phoenix Suns,2022-01-22 17:00:00,4,0,0,0,0,4.0,5,262.0,240.0,258.25,1
2022-01-22,Sacramento Kings,2022-01-21 17:00:00,0,0,0,0,0,0.0,1,5.0,5.0,1.25,0
2022-01-23,Atlanta Hawks,2022-01-23 17:00:00,3,0,2,0,0,4.0,5,19.0,5.0,15.7,0
2022-01-23,Boston Celtics,2022-01-23 17:00:00,5,0,0,0,2,5.0,7,317.0,240.0,300.0,2
2022-01-23,Brooklyn Nets,2022-01-23 17:00:00,4,0,1,0,0,4.5,5,68.0,45.0,66.35,1
2022-01-23,Charlotte Hornets,2022-01-23 17:00:00,3,1,0,0,0,3.75,4,23.0,10.0,22.25,0
2022-01-23,Chicago Bulls,2022-01-23 17:00:00,7,0,0,0,0,7.0,7,45.0,25.0,45.0,1
2022-01-23,Dallas Mavericks,2022-01-23 17:00:00,2,0,0,0,0,2.0,2,6.0,3.0,6.0,0
2022-01-23,Denver Nuggets,2022-01-23 17:00:00,3,0,3,1,0,4.75,7,111.0,45.0,102.4,2
2022-01-23,Detroit Pistons,2022-01-23 17:00:00,6,0,1,0,0,6.5,8,41.0,7.0,35.6,0
2022-01-23,Golden State Warriors,2022-01-23 17:00:00,3,0,0,0,0,3.0,4,23.0,7.0,19.25,0
2022-01-23,LA Clippers,2022-01-23 17:00:00,4,0,0,0,0,4.0,4,255.0,240.0,255.0,1
2022-01-23,Los Angeles Lakers,2022-01-23 17:00:00,4,0,0,0,1,4.0,5,28.0,12.0,25.0,0
2022-01-23,Memphis Grizzlies,2022-01-23 17:00:00,5,0,2,0,0,6.0,8,41.0,10.0,33.95,0
2022-01-23,Miami Heat,2022-01-23 17:00:00,5,0,1,0,0,5.5,6,28.0,7.0,26.35,0
2022-01-23,Minnesota Timberwolves,2022-01-23 17:00:00,1,0,2,0,0,2.0,4,27.0,10.0,13.9,0
2022-01-23,New York Knicks,2022-01-23 17:00:00,4,0,0,0,2,4.0,6,76.0,45.0,63.0,1
2022-01-23,Orlando Magic,2022-01-23 17:00:00,7,0,0,0,0,7.0,7,51.0,12.0,51.0,0
2022-01-23,Philadelphia 76ers,2022-01-23 17:00:00,6,0,0,0,0,6.0,7,25.0,5.0,21.25,0
2022-01-23,Portland Trail Blazers,2022-01-23 17:00:00,4,0,0,0,2,4.0,6,51.0,25.0,38.0,1
2022-01-23,San Antonio Spurs,2022-01-23 17:00:00,4,0,0,0,0,4.0,5,27.0,7.0,23.25,0
2022-01-23,Toronto Raptors,2022-01-23 17:00:00,3,0,0,0,0,3.0,3,35.0,25.0,35.0,1
2022-01-23,Utah Jazz,2022-01-23 17:00:00,1,0,3,1,0,2.75,6,23.0,6.0,11.75,0
2022-01-23,Washington Wizards,2022-01-23 17:00:00,3,0,0,0,0,3.0,3,15.0,5.0,15.0,0
2022-01-24,Chicago Bulls,2022-01-24 17:00:00,5,0,3,0,0,6.5,9,53.0,25.0,44.3,1
2022-01-24,Cleveland Cavaliers,2022-01-24 17:00:00,4,0,2,0,0,5.0,6,264.0,240.0,260.7,1
2022-01-24,Indiana Pacers,2022-01-24 17:00:00,5,0,1,0,0,5.5,7,54.0,25.0,48.6,1
2022-01-24,New Orleans Pelicans,2022-01-24 17:00:00,4,0,1,0,2,4.5,7,318.0,240.0,306.35,3
2022-01-24,New York Knicks,2022-01-24 17:00:00,3,0,2,1,0,4.25,7,81.0,45.0,67.55,1
2022-01-24,Oklahoma City Thunder,2022-01-24 17:00:00,5,0,0,0,0,5.0,6,33.0,10.0,29.25,0
2022-01-24,Phoenix Suns,2022-01-24 17:00:00,5,1,0,0,0,5.75,7,268.0,240.0,261.75,1
2022-01-24,Utah Jazz,2022-01-24 17:00:00,3,0,3,0,0,4.5,7,40.0,10.0,27.45,0
2022-01-25,Boston Celtics,2022-01-25 17:00:00,5,0,0,0,0,5.0,5,300.0,240.0,300.0,2
2022-01-25,Brooklyn Nets,2022-01-25 17:00:00,5,0,1,0,0,5.5,6,73.0,45.0,71.35,1
2022-01-25,Charlotte Hornets,2022-01-25 17:00:00,3,0,1,0,0,3.5,4,23.0,10.0,21.35,0
2022-01-25,Dallas Mavericks,2022-01-25 17:00:00,1,0,0,0,0,1.0,1,3.0,3.0,3.0,0
2022-01-25,Denver Nuggets,2022-01-25 17:00:00,3,0,2,1,0,4.25,6,106.0,45.0,100.15,2
2022-01-25,Detroit Pistons,2022-01-25 17:00:00,3,0,1,0,0,3.5,4,21.0,7.0,17.15,0
2022-01-25,Golden State Warriors,2022-01-25 17:00:00,3,0,1,0,0,3.5,5,26.0,7.0,20.6,0
2022-01-25,Houston Rockets,2022-01-25 17:00:00,3,0,0,0,0,3.0,3,13.0,5.0,13.0,0
2022-01-25,LA Clippers,2022-01-25 17:00:00,5,0,0,0,0,5.0,5,258.0,240.0,258.0,1
2022-01-25,Los Angeles Lakers,2022-01-25 17:00:00,3,0,0,1,0,3.25,4,25.0,12.0,14.8,0
2022-01-25,Minnesota Timberwolves,2022-01-25 17:00:00,1,0,1,0,0,1.5,3,20.0,10.0,10.75,0
2022-01-25,New Orleans Pelicans,2022-01-25 17:00:00,8,0,0,0,0,8.0,9,333.0,240.0,329.25,3
2022-01-25,Philadelphia 76ers,2022-01-25 17:00:00,5,0,0,0,1,5.0,6,20.0,5.0,17.0,0
2022-01-25,Portland Trail Blazers,2022-01-25 17:00:00,3,0,0,3,0,3.75,7,56.0,25.0,38.65,1
2022-01-25,Sacramento Kings,2022-01-25 17:00:00,0,1,2,0,0,1.75,3,9.0,3.0,4.95,0
2022-01-25,San Antonio Spurs,2022-01-25 17:00:00,5,0,0,0,0,5.0,6,30.0,5.0,26.25,0
2022-01-25,Toronto Raptors,2022-01-25 17:00:00,4,0,0,0,0,4.0,4,38.0,25.0,38.0,1
2022-01-25,Washington Wizards,2022-01-25 17:00:00,3,0,0,0,0,3.0,3,15.0,5.0,15.0,0
2022-01-26,Atlanta Hawks,2022-01-26 17:00:00,0,0,2,1,2,1.25,5,19.0,5.0,3.1500000000000004,0
2022-01-26,Brooklyn Nets,2022-01-26 17:00:00,6,0,0,0,0,6.0,7,79.0,45.0,75.25,1
2022-01-26,Charlotte Hornets,2022-01-26 17:00:00,4,0,0,0,0,4.0,5,30.0,10.0,26.25,0
2022-01-26,Chicago Bulls,2022-01-26 17:00:00,5,0,1,1,0,5.75,8,50.0,25.0,42.05,1
2022-01-26,Cleveland Cavaliers,2022-01-26 17:00:00,4,0,1,0,0,4.5,5,261.0,240.0,259.35,1
2022-01-26,Dallas Mavericks,2022-01-26 17:00:00,2,0,0,0,0,2.0,3,33.0,25.0,29.25,1
2022-01-26,Denver Nuggets,2022-01-26 17:00:00,3,0,1,0,0,3.5,5,105.0,45.0,99.6,2
2022-01-26,Indiana Pacers,2022-01-26 17:00:00,5,0,0,0,0,5.0,5,46.0,25.0,46.0,1
2022-01-26,LA Clippers,2022-01-26 17:00:00,5,0,0,0,0,5.0,6,263.0,240.0,259.25,1
2022-01-26,Memphis Grizzlies,2022-01-26 17:00:00,4,0,2,0,0,5.0,7,38.0,10.0,29.85,0
2022-01-26,Miami Heat,2022-01-26 17:00:00,5,0,0,0,1,5.0,6,30.0,7.0,25.0,0
2022-01-26,Milwaukee Bucks,2022-01-26 17:00:00,4,0,0,1,0,4.25,6,66.0,45.0,59.7,1
2022-01-26,New York Knicks,2022-01-26 17:00:00,3,0,2,0,0,4.0,5,73.0,45.0,65.85,1
2022-01-26,Orlando Magic,2022-01-26 17:00:00,5,0,0,0,1,5.0,6,55.0,12.0,45.0,0
2022-01-26,Phoenix Suns,2022-01-26 17:00:00,7,0,0,0,0,7.0,8,271.0,240.0,267.25,1
2022-01-26,Portland Trail Blazers,2022-01-26 17:00:00,5,0,1,0,0,5.5,7,72.0,25.0,62.75,1
2022-01-26,Sacramento Kings,2022-01-26 17:00:00,1,0,2,0,0,2.0,4,14.0,5.0,6.95,0
2022-01-26,San Antonio Spurs,2022-01-26 17:00:00,3,0,0,0,0,3.0,4,20.0,5.0,16.25,0
2022-01-26,Toronto Raptors,2022-01-26 17:00:00,4,0,2,0,0,5.0,7,51.0,25.0,43.95,1
2022-01-26,Utah Jazz,2022-01-26 17:00:00,2,0,0,0,0,2.0,3,21.0,10.0,17.25,0
2022-01-27,Golden State Warriors,2022-01-27 17:00:00,4,0,0,0,0,4.0,5,28.0,7.0,24.25,0
2022-01-27,Los Angeles Lakers,2022-01-27 17:00:00,3,0,1,1,0,3.75,5,28.0,12.0,16.15,0
2022-01-27,Minnesota Timberwolves,2022-01-27 17:00:00,2,0,2,0,0,3.0,5,28.0,10.0,17.1,0
2022-01-27,Philadelphia 76ers,2022-01-27 17:00:00,5,0,1,0,2,5.5,8,32.0,5.0,20.35,0
2022-01-28,Atlanta Hawks,2022-01-28 17:00:00,0,0,2,0,0,1.0,2,6.0,3.0,2.7,0
2022-01-28,Boston Celtics,2022-01-28 17:00:00,3,0,0,0,0,3.0,3,290.0,240.0,290.0,2
2022-01-28,Charlotte Hornets,2022-01-28 17:00:00,6,0,1,0,0,6.5,7,45.0,10.0,39.5,0
2022-01-28,Chicago Bulls,2022-01-28 17:00:00,5,0,0,0,0,5.0,5,39.0,25.0,39.0,1
2022-01-28,Denver Nuggets,2022-01-28 17:00:00,3,0,0,1,0,3.25,4,100.0,45.0,97.45,2
2022-01-28,Detroit Pistons,2022-01-28 17:00:00,5,0,1,0,0,5.5,6,32.0,7.0,30.35,0
2022-01-28,Houston Rockets,2022-01-28 17:00:00,3,0,2,1,0,4.25,7,49.0,25.0,39.4,1
2022-01-28,Indiana Pacers,2022-01-28 17:00:00,4,0,1,0,0,4.5,6,91.0,45.0,81.75,2
2022-01-28,LA Clippers,2022-01-28 17:00:00,5,0,0,0,0,5.0,5,258.0,240.0,258.0,1
2022-01-28,Los Angeles Lakers,2022-01-28 17:00:00,4,0,4,0,0,6.0,9,33.0,5.0,22.65,0
2022-01-28,Memphis Grizzlies,2022-01-28 17:00:00,4,0,0,0,0,4.0,5,30.0,10.0,26.25,0
2022-01-28,Miami Heat,2022-01-28 17:00:00,5,0,1,0,0,5.5,6,28.0,7.0,26.35,0
2022-01-28,Milwaukee Bucks,2022-01-28 17:00:00,1,1,0,1,0,2.0,4,56.0,45.0,48.95,1
2022-01-28,Minnesota Timberwolves,2022-01-28 17:00:00,2,0,3,1,0,3.75,7,34.0,10.0,18.9,0
2022-01-28,New Orleans Pelicans,2022-01-28 17:00:00,4,0,3,0,0,5.5,7,70.0,25.0,57.35,1
2022-01-28,New York Knicks,2022-01-28 17:00:00,2,0,2,0,0,3.0,5,68.0,45.0,57.1,1
2022-01-28,Oklahoma City Thunder,2022-01-28 17:00:00,5,0,0,0,0,5.0,6,33.0,10.0,29.25,0
2022-01-28,Orlando Magic,2022-01-28 17:00:00,5,0,0,0,0,5.0,5,45.0,12.0,45.0,0
2022-01-28,Phoenix Suns,2022-01-28 17:00:00,7,0,0,0,0,7.0,8,271.0,240.0,267.25,1
2022-01-28,Portland Trail Blazers,2022-01-28 17:00:00,4,1,2,0,0,5.75,8,57.0,14.0,37.65,1
2022-01-28,San Antonio Spurs,2022-01-28 17:00:00,5,0,0,0,0,5.0,5,25.0,5.0,25.0,0
2022-01-28,Utah Jazz,2022-01-28 17:00:00,2,0,1,0,0,2.5,4,31.0,10.0,21.75,0
2022-01-29,Boston Celtics,2022-01-29 17:00:00,3,0,0,0,0,3.0,4,295.0,240.0,291.25,2
2022-01-29,Brooklyn Nets,2022-01-29 17:00:00,4,0,0,0,0,4.0,4,65.0,45.0,65.0,1
2022-01-29,Dallas Mavericks,2022-01-29 17:00:00,2,0,0,0,0,2.0,2,28.0,25.0,28.0,1
2022-01-29,Golden State Warriors,2022-01-29 17:00:00,4,0,1,0,0,4.5,6,31.0,7.0,25.6,0
2022-01-29,Indiana Pacers,2022-01-29 17:00:00,5,0,2,0,0,6.0,8,104.0,45.0,89.25,2
2022-01-29,Memphis Grizzlies,2022-01-29 17:00:00,3,1,1,0,0,4.25,6,33.0,10.0,25.75,0
2022-01-29,Miami Heat,2022-01-29 17:00:00,5,0,0,1,0,5.25,7,33.0,7.0,26.7,0
2022-01-29,New Orleans Pelicans,2022-01-29 17:00:00,6,0,0,1,0,6.25,8,303.0,240.0,290.75,2
2022-01-29,Philadelphia 76ers,2022-01-29 17:00:00,4,0,1,0,2,4.5,7,29.0,5.0,17.35,0
2022-01-29,Sacramento Kings,2022-01-29 17:00:00,1,0,2,0,0,2.0,3,9.0,3.0,5.7,0
2022-01-29,Toronto Raptors,2022-01-29 17:00:00,4,0,1,0,0,4.5,5,43.0,25.0,41.35,1
2022-01-29,Washington Wizards,2022-01-29 17:00:00,3,0,0,0,0,3.0,3,15.0,5.0,15.0,0
2022-01-30,Atlanta Hawks,2022-01-30 17:00:00,0,0,0,0,2,0.0,2,6.0,3.0,0.0,0
2022-01-30,Charlotte Hornets,2022-01-30 17:00:00,7,0,0,0,0,7.0,7,45.0,10.0,45.0,0
2022-01-30,Chicago Bulls,2022-01-30 17:00:00,5,0,0,0,0,5.0,5,88.0,30.0,88.0,3
2022-01-30,Cleveland Cavaliers,2022-01-30 17:00:00,4,0,0,0,0,4.0,4,258.0,240.0,258.0,1
2022-01-30,Dallas Mavericks,2022-01-30 17:00:00,3,0,0,0,0,3.0,4,36.0,25.0,32.25,1
2022-01-30,Denver Nuggets,2022-01-30 17:00:00,3,0,2,1,0,4.25,6,106.0,45.0,100.15,2
2022-01-30,Detroit Pistons,2022-01-30 17:00:00,5,0,0,0,0,5.0,5,27.0,7.0,27.0,0
2022-01-30,LA Clippers,2022-01-30 17:00:00,5,0,0,0,0,5.0,5,258.0,240.0,258.0,1
2022-01-30,Los Angeles Lakers,2022-01-30 17:00:00,3,0,0,0,3,3.0,6,20.0,5.0,11.0,0
2022-01-30,Milwaukee Bucks,2022-01-30 17:00:00,2,0,0,1,0,2.25,3,51.0,45.0,48.45,1
2022-01-30,Minnesota Timberwolves,2022-01-30 17:00:00,1,0,4,0,0,3.0,6,36.0,10.0,17.95,0
2022-01-30,Orlando Magic,2022-01-30 17:00:00,5,0,0,0,0,5.0,5,45.0,12.0,45.0,0
2022-01-30,Phoenix Suns,2022-01-30 17:00:00,4,0,3,0,0,5.5,8,271.0,240.0,258.45,1
2022-01-30,Portland Trail Blazers,2022-01-30 17:00:00,5,0,0,0,3,5.0,8,59.0,14.0,34.0,1
2022-01-30,San Antonio Spurs,2022-01-30 17:00:00,6,0,0,0,0,6.0,7,31.0,5.0,27.25,0
2022-01-30,Utah Jazz,2022-01-30 17:00:00,2,0,1,0,0,2.5,4,31.0,10.0,21.75,0
2022-01-31,Atlanta Hawks,2022-01-31 17:00:00,0,0,1,1,0,0.75,3,11.0,5.0,3.05,0
2022-01-31,Boston Celtics,2022-01-31 17:00:00,3,0,0,1,1,3.25,5,296.0,240.0,290.45,2
2022-01-31,Cleveland Cavaliers,2022-01-31 17:00:00,3,0,1,0,0,3.5,5,261.0,240.0,255.6,1
2022-01-31,Golden State Warriors,2022-01-31 17:00:00,5,0,0,0,0,5.0,6,30.0,7.0,26.25,0
2022-01-31,Houston Rockets,2022-01-31 17:00:00,3,0,1,0,0,3.5,4,38.0,25.0,36.35,1
2022-01-31,Indiana Pacers,2022-01-31 17:00:00,5,0,2,0,0,6.0,7,87.0,45.0,83.7,2
2022-01-31,LA Clippers,2022-01-31 17:00:00,4,0,2,0,0,5.0,7,266.0,240.0,258.95,1
2022-01-31,Memphis Grizzlies,2022-01-31 17:00:00,4,0,1,0,0,4.5,5,30.0,10.0,27.25,0
2022-01-31,Miami Heat,2022-01-31 17:00:00,7,0,0,0,0,7.0,7,31.0,7.0,31.0,0
2022-01-31,New Orleans Pelicans,2022-01-31 17:00:00,3,0,3,0,0,4.5,6,286.0,240.0,277.2,2
2022-01-31,New York Knicks,2022-01-31 17:00:00,2,0,0,1,0,2.25,3,53.0,45.0,50.45,1
2022-01-31,Oklahoma City Thunder,2022-01-31 17:00:00,6,0,0,0,0,6.0,6,45.0,10.0,45.0,0
2022-01-31,Philadelphia 76ers,2022-01-31 17:00:00,5,0,0,1,4,5.25,10,42.0,5.0,19.45,0
2022-01-31,Portland Trail Blazers,2022-01-31 17:00:00,5,0,0,0,0,5.0,6,39.0,14.0,35.25,1
2022-01-31,Sacramento Kings,2022-01-31 17:00:00,2,0,1,0,0,2.5,3,16.0,10.0,14.35,0
2022-01-31,Toronto Raptors,2022-01-31 17:00:00,4,0,0,0,0,4.0,4,40.0,25.0,40.0,1
2022-02-01,Brooklyn Nets,2022-02-01 17:00:00,5,0,0,1,0,5.25,6,78.0,45.0,75.45,1
2022-02-01,Chicago Bulls,2022-02-01 17:00:00,5,0,0,1,0,5.25,6,91.0,30.0,88.45,3
2022-02-01,Denver Nuggets,2022-02-01 17:00:00,3,0,2,0,0,4.0,5,103.0,45.0,99.7,2
2022-02-01,Detroit Pistons,2022-02-01 17:00:00,6,0,0,0,0,6.0,6,28.0,7.0,28.0,0
2022-02-01,Golden State Warriors,2022-02-01 17:00:00,8,0,0,0,0,8.0,9,40.0,7.0,36.25,0
2022-02-01,Miami Heat,2022-02-01 17:00:00,5,0,1,0,0,5.5,7,33.0,7.0,27.6,0
2022-02-01,Milwaukee Bucks,2022-02-01 17:00:00,2,0,0,0,0,2.0,2,48.0,45.0,48.0,1
2022-02-01,Minnesota Timberwolves,2022-02-01 17:00:00,1,1,2,1,0,3.0,6,36.0,10.0,15.85,0
2022-02-01,New Orleans Pelicans,2022-02-01 17:00:00,4,0,1,0,0,4.5,6,288.0,240.0,278.75,2
2022-02-01,Orlando Magic,2022-02-01 17:00:00,5,0,0,0,0,5.0,5,45.0,12.0,45.0,0
2022-02-01,Phoenix Suns,2022-02-01 17:00:00,5,0,2,0,0,6.0,8,278.0,240.0,267.1,1
2022-02-01,San Antonio Spurs,2022-02-01 17:00:00,3,0,0,0,0,3.0,4,22.0,7.0,18.25,0
2022-02-01,Toronto Raptors,2022-02-01 17:00:00,4,0,0,0,0,4.0,5,45.0,25.0,41.25,1
2022-02-01,Washington Wizards,2022-02-01 17:00:00,4,0,0,0,0,4.0,4,18.0,5.0,18.0,0
2022-02-02,Boston Celtics,2022-02-02 17:00:00,3,0,0,2,0,3.5,5,296.0,240.0,290.9,2
2022-02-02,Brooklyn Nets,2022-02-02 17:00:00,5,0,0,0,0,5.0,6,80.0,45.0,76.25,1
2022-02-02,Charlotte Hornets,2022-02-02 17:00:00,6,0,0,1,0,6.25,7,47.0,10.0,38.5,0
2022-02-02,Cleveland Cavaliers,2022-02-02 17:00:00,5,0,0,0,0,5.0,5,261.0,240.0,261.0,1
2022-02-02,Dallas Mavericks,2022-02-02 17:00:00,3,0,0,0,0,3.0,3,9.0,3.0,9.0,0
2022-02-02,Denver Nuggets,2022-02-02 17:00:00,3,0,3,0,0,4.5,7,111.0,45.0,102.3,2
2022-02-02,Houston Rockets,2022-02-02 17:00:00,3,0,0,0,0,3.0,3,35.0,25.0,35.0,1
2022-02-02,Indiana Pacers,2022-02-02 17:00:00,5,0,2,0,0,6.0,8,92.0,45.0,84.95,2
2022-02-02,Los Angeles Lakers,2022-02-02 17:00:00,3,1,0,2,0,4.25,6,22.0,5.0,16.15,0
2022-02-02,Memphis Grizzlies,2022-02-02 17:00:00,4,0,1,0,0,4.5,5,35.0,10.0,29.5,0
2022-02-02,New York Knicks,2022-02-02 17:00:00,2,0,0,0,0,2.0,2,50.0,45.0,50.0,1
2022-02-02,Oklahoma City Thunder,2022-02-02 17:00:00,3,0,0,0,0,3.0,3,30.0,10.0,30.0,0
2022-02-02,Orlando Magic,2022-02-02 17:00:00,5,0,0,0,0,5.0,6,50.0,12.0,46.25,0
2022-02-02,Philadelphia 76ers,2022-02-02 17:00:00,5,0,0,0,1,5.0,6,24.0,5.0,19.0,0
2022-02-02,Portland Trail Blazers,2022-02-02 17:00:00,4,0,1,3,0,5.25,9,104.0,45.0,71.8,2
2022-02-02,Sacramento Kings,2022-02-02 17:00:00,2,0,1,0,0,2.5,4,21.0,10.0,15.6,0
2022-02-02,Utah Jazz,2022-02-02 17:00:00,5,0,2,0,0,6.0,8,45.0,10.0,34.1,0
2022-02-02,Washington Wizards,2022-02-02 17:00:00,5,0,0,0,0,5.0,6,33.0,10.0,29.25,0
2022-02-03,Atlanta Hawks,2022-02-03 17:00:00,3,0,1,1,0,3.75,5,19.0,5.0,14.8,0
2022-02-03,Chicago Bulls,2022-02-03 17:00:00,5,0,1,0,0,5.5,6,91.0,30.0,89.35,3
2022-02-03,Detroit Pistons,2022-02-03 17:00:00,5,0,2,0,0,6.0,7,31.0,7.0,27.7,0
2022-02-03,Golden State Warriors,2022-02-03 17:00:00,5,0,0,0,0,5.0,5,24.0,7.0,24.0,0
2022-02-03,LA Clippers,2022-02-03 17:00:00,5,0,1,0,0,5.5,7,266.0,240.0,260.6,1
2022-02-03,Los Angeles Lakers,2022-02-03 17:00:00,3,1,0,2,0,4.25,7,27.0,5.0,17.4,0
2022-02-03,Miami Heat,2022-02-03 17:00:00,5,0,3,0,0,6.5,9,39.0,7.0,30.3,0
2022-02-03,Minnesota Timberwolves,2022-02-03 17:00:00,1,0,4,0,0,3.0,5,31.0,10.0,16.7,0
2022-02-03,Phoenix Suns,2022-02-03 17:00:00,5,0,0,2,0,5.5,7,273.0,240.0,261.95,1
2022-02-03,Sacramento Kings,2022-02-03 17:00:00,2,0,1,0,0,2.5,4,25.0,10.0,19.6,0
2022-02-03,San Antonio Spurs,2022-02-03 17:00:00,6,0,0,0,0,6.0,7,44.0,10.0,40.25,0
2022-02-03,Toronto Raptors,2022-02-03 17:00:00,4,0,0,0,0,4.0,4,40.0,25.0,40.0,1
2022-02-04,Atlanta Hawks,2022-02-04 17:00:00,3,0,2,0,0,4.0,6,24.0,5.0,16.95,0
2022-02-04,Boston Celtics,2022-02-04 17:00:00,4,0,0,0,0,4.0,5,300.0,240.0,296.25,2
2022-02-04,Brooklyn Nets,2022-02-04 17:00:00,6,0,0,0,0,6.0,7,83.0,45.0,79.25,1
2022-02-04,Charlotte Hornets,2022-02-04 17:00:00,6,0,0,0,2,6.0,8,45.0,10.0,35.0,0
2022-02-04,Chicago Bulls,2022-02-04 17:00:00,5,0,2,0,0,6.0,8,99.0,30.0,91.95,3
2022-02-04,Cleveland Cavaliers,2022-02-04 17:00:00,5,0,0,0,0,5.0,6,266.0,240.0,262.25,1
2022-02-04,Dallas Mavericks,2022-02-04 17:00:00,3,0,0,0,0,3.0,3,51.0,45.0,51.0,1
2022-02-04,Denver Nuggets,2022-02-04 17:00:00,3,0,1,0,0,3.5,4,100.0,45.0,98.35,2
2022-02-04,Detroit Pistons,2022-02-04 17:00:00,7,0,0,0,0,7.0,8,36.0,7.0,32.25,0
2022-02-04,Houston Rockets,2022-02-04 17:00:00,3,0,0,0,0,3.0,3,35.0,25.0,35.0,1
2022-02-04,Indiana Pacers,2022-02-04 17:00:00,6,0,2,0,0,7.0,9,102.0,45.0,94.95,2
2022-02-04,New Orleans Pelicans,2022-02-04 17:00:00,5,0,1,0,0,5.5,6,283.0,240.0,281.35,2
2022-02-04,Oklahoma City Thunder,2022-02-04 17:00:00,5,0,0,0,0,5.0,5,65.0,25.0,65.0,1
2022-02-04,Philadelphia 76ers,2022-02-04 17:00:00,5,0,1,0,0,5.5,6,22.0,5.0,20.35,0
2022-02-04,Portland Trail Blazers,2022-02-04 17:00:00,3,0,2,1,0,4.25,7,53.0,14.0,30.2,1
2022-02-04,San Antonio Spurs,2022-02-04 17:00:00,4,0,0,0,0,4.0,5,24.0,6.0,20.25,0
2022-02-04,Toronto Raptors,2022-02-04 17:00:00,1,0,0,0,1,1.0,3,15.0,5.0,6.25,0
2022-02-04,Utah Jazz,2022-02-04 17:00:00,3,0,3,0,0,4.5,7,32.0,10.0,23.3,0
2022-02-05,Charlotte Hornets,2022-02-05 17:00:00,6,0,0,0,0,6.0,7,40.0,10.0,36.25,0
2022-02-05,Los Angeles Lakers,2022-02-05 17:00:00,4,0,1,1,0,4.75,7,38.0,14.0,30.05,1
2022-02-05,Memphis Grizzlies,2022-02-05 17:00:00,4,0,0,0,1,4.0,5,28.0,10.0,25.0,0
2022-02-05,Miami Heat,2022-02-05 17:00:00,5,0,1,0,2,5.5,9,39.0,7.0,27.6,0
2022-02-05,Milwaukee Bucks,2022-02-05 17:00:00,2,0,0,0,0,2.0,3,53.0,45.0,49.25,1
2022-02-05,New York Knicks,2022-02-05 17:00:00,2,0,0,0,0,2.0,3,55.0,45.0,51.25,1
2022-02-05,Oklahoma City Thunder,2022-02-05 17:00:00,6,0,0,0,0,6.0,7,73.0,25.0,69.25,1
2022-02-05,Orlando Magic,2022-02-05 17:00:00,5,0,0,0,0,5.0,5,45.0,12.0,45.0,0
2022-02-05,Phoenix Suns,2022-02-05 17:00:00,5,0,0,0,0,5.0,5,260.0,240.0,260.0,1
2022-02-05,Portland Trail Blazers,2022-02-05 17:00:00,4,0,3,0,0,5.5,8,44.0,7.0,32.0,0
2022-02-05,Sacramento Kings,2022-02-05 17:00:00,1,0,2,0,0,2.0,4,25.0,10.0,14.1,0
2022-02-05,Washington Wizards,2022-02-05 17:00:00,4,0,0,0,0,4.0,4,18.0,5.0,18.0,0
2022-02-06,Atlanta Hawks,2022-02-06 17:00:00,3,0,0,0,2,3.0,6,24.0,5.0,14.25,0
2022-02-06,Boston Celtics,2022-02-06 17:00:00,4,0,0,0,0,4.0,4,295.0,240.0,295.0,2
2022-02-06,Brooklyn Nets,2022-02-06 17:00:00,7,0,0,0,0,7.0,8,86.0,45.0,82.25,1
2022-02-06,Chicago Bulls,2022-02-06 17:00:00,7,0,0,0,0,7.0,7,94.0,30.0,94.0,3
2022-02-06,Cleveland Cavaliers,2022-02-06 17:00:00,4,0,0,0,1,4.0,5,261.0,240.0,256.0,1
2022-02-06,Dallas Mavericks,2022-02-06 17:00:00,4,0,0,0,0,4.0,4,54.0,45.0,54.0,1
2022-02-06,Denver Nuggets,2022-02-06 17:00:00,3,0,0,0,2,3.0,6,108.0,45.0,98.25,2
2022-02-06,Detroit Pistons,2022-02-06 17:00:00,7,0,0,0,0,7.0,7,31.0,7.0,31.0,0
2022-02-06,Houston Rockets,2022-02-06 17:00:00,4,0,1,0,0,4.5,5,41.0,25.0,39.35,1
2022-02-06,Indiana Pacers,2022-02-06 17:00:00,7,0,0,0,2,7.0,9,104.0,45.0,96.0,2
2022-02-06,LA Clippers,2022-02-06 17:00:00,4,0,1,0,0,4.5,6,261.0,240.0,255.6,1
2022-02-06,Milwaukee Bucks,2022-02-06 17:00:00,2,0,0,0,0,2.0,3,53.0,45.0,49.25,1
2022-02-06,Minnesota Timberwolves,2022-02-06 17:00:00,2,0,0,0,3,2.0,5,29.0,10.0,6.0,0
2022-02-06,New Orleans Pelicans,2022-02-06 17:00:00,6,0,1,0,0,6.5,7,288.0,240.0,286.35,2
2022-02-06,Orlando Magic,2022-02-06 17:00:00,5,0,0,0,1,5.0,7,60.0,12.0,46.25,0
2022-02-06,Philadelphia 76ers,2022-02-06 17:00:00,5,0,0,0,1,5.0,6,22.0,5.0,19.0,0
2022-02-07,Charlotte Hornets,2022-02-07 17:00:00,3,2,0,0,3,4.5,8,41.0,10.0,24.5,0
2022-02-07,Chicago Bulls,2022-02-07 17:00:00,5,0,2,0,0,6.0,8,99.0,30.0,91.95,3
2022-02-07,Golden State Warriors,2022-02-07 17:00:00,4,0,2,0,0,5.0,7,34.0,7.0,26.4,0
2022-02-07,Miami Heat,2022-02-07 17:00:00,4,0,4,0,0,6.0,8,34.0,7.0,27.4,0
2022-02-07,New York Knicks,2022-02-07 17:00:00,3,0,0,0,0,3.0,4,58.0,45.0,54.25,1
2022-02-07,Oklahoma City Thunder,2022-02-07 17:00:00,7,0,1,0,0,7.5,9,98.0,25.0,80.5,2
2022-02-07,Phoenix Suns,2022-02-07 17:00:00,5,0,0,0,0,5.0,5,260.0,240.0,260.0,1
2022-02-07,Toronto Raptors,2022-02-07 17:00:00,4,0,0,0,0,4.0,4,20.0,5.0,20.0,0
2022-02-07,Utah Jazz,2022-02-07 17:00:00,2,0,2,0,0,3.0,5,24.0,10.0,16.95,0
2022-02-07,Washington Wizards,2022-02-07 17:00:00,4,0,0,0,0,4.0,4,18.0,5.0,18.0,0
2022-02-08,Atlanta Hawks,2022-02-08 17:00:00,2,1,1,1,0,3.5,5,19.0,5.0,14.049999999999999,0
2022-02-08,Boston Celtics,2022-02-08 17:00:00,4,0,0,0,0,4.0,4,295.0,240.0,295.0,2
2022-02-08,Brooklyn Nets,2022-02-08 17:00:00,7,0,0,0,0,7.0,7,81.0,45.0,81.0,1
2022-02-08,Dallas Mavericks,2022-02-08 17:00:00,2,0,1,1,0,2.75,4,54.0,45.0,49.800000000000004,1
2022-02-08,Denver Nuggets,2022-02-08 17:00:00,3,0,1,0,0,3.5,4,100.0,45.0,98.35,2
2022-02-08,Detroit Pistons,2022-02-08 17:00:00,6,0,1,0,0,6.5,7,33.0,7.0,31.35,0
2022-02-08,Houston Rockets,2022-02-08 17:00:00,5,0,0,0,0,5.0,5,41.0,25.0,41.0,1
2022-02-08,Indiana Pacers,2022-02-08 17:00:00,4,0,3,0,0,5.5,7,307.0,240.0,298.2,2
2022-02-08,LA Clippers,2022-02-08 17:00:00,4,0,0,0,0,4.0,5,258.0,240.0,254.25,1
2022-02-08,Los Angeles Lakers,2022-02-08 17:00:00,4,0,1,2,0,5.0,8,41.0,14.0,30.5,1
2022-02-08,Memphis Grizzlies,2022-02-08 17:00:00,5,0,0,0,0,5.0,6,29.0,10.0,25.25,0
2022-02-08,Milwaukee Bucks,2022-02-08 17:00:00,2,0,0,1,0,2.25,4,14.0,5.0,7.7,0
2022-02-08,Minnesota Timberwolves,2022-02-08 17:00:00,1,0,5,0,0,3.5,7,37.0,10.0,17.3,0
2022-02-08,New Orleans Pelicans,2022-02-08 17:00:00,5,0,0,0,1,5.0,7,288.0,240.0,279.25,2
2022-02-08,New York Knicks,2022-02-08 17:00:00,5,0,0,0,0,5.0,6,64.0,45.0,60.25,1
2022-02-08,Orlando Magic,2022-02-08 17:00:00,5,0,1,0,0,5.5,6,48.0,12.0,46.35,0
2022-02-08,Philadelphia 76ers,2022-02-08 17:00:00,4,0,1,0,0,4.5,5,17.0,5.0,15.35,0
2022-02-08,Phoenix Suns,2022-02-08 17:00:00,5,0,0,0,0,5.0,6,265.0,240.0,261.25,1
2022-02-08,Portland Trail Blazers,2022-02-08 17:00:00,6,0,0,1,0,6.25,8,52.0,10.0,39.75,0
2022-02-08,Sacramento Kings,2022-02-08 17:00:00,1,0,2,0,0,2.0,4,25.0,10.0,14.1,0
2022-02-09,Charlotte Hornets,2022-02-09 17:00:00,6,1,0,0,0,6.75,7,41.0,10.0,40.25,0
2022-02-09,Chicago Bulls,2022-02-09 17:00:00,6,0,0,0,0,6.0,6,94.0,30.0,94.0,3
2022-02-09,Cleveland Cavaliers,2022-02-09 17:00:00,3,0,2,0,0,4.0,5,24.0,10.0,20.7,0
2022-02-09,Golden State Warriors,2022-02-09 17:00:00,6,0,1,0,0,6.5,8,37.0,7.0,31.6,0
2022-02-09,Los Angeles Lakers,2022-02-09 17:00:00,4,0,3,1,0,5.75,9,44.0,14.0,32.75,1
2022-02-09,Minnesota Timberwolves,2022-02-09 17:00:00,1,0,6,0,0,4.0,8,40.0,10.0,18.65,0
2022-02-09,Oklahoma City Thunder,2022-02-09 17:00:00,6,0,0,0,0,6.0,7,68.0,25.0,64.25,1
2022-02-09,Portland Trail Blazers,2022-02-09 17:00:00,8,0,0,0,0,8.0,9,54.0,10.0,50.25,0
2022-02-09,Sacramento Kings,2022-02-09 17:00:00,1,1,1,0,0,2.25,4,32.0,10.0,20.25,0
2022-02-09,San Antonio Spurs,2022-02-09 17:00:00,2,0,0,0,2,2.0,4,16.0,5.0,10.0,0
2022-02-09,Toronto Raptors,2022-02-09 17:00:00,4,0,0,0,0,4.0,4,20.0,5.0,20.0,0
2022-02-09,Utah Jazz,2022-02-09 17:00:00,3,0,0,0,0,3.0,4,21.0,10.0,17.25,0
2022-02-10,Brooklyn Nets,2022-02-10 17:00:00,5,0,1,0,0,5.5,6,76.0,45.0,74.35,1
2022-02-10,Dallas Mavericks,2022-02-10 17:00:00,2,0,1,0,0,2.5,3,51.0,45.0,49.35,1
2022-02-10,Detroit Pistons,2022-02-10 17:00:00,5,1,0,0,3,5.75,9,43.0,7.0,29.25,0
2022-02-10,Golden State Warriors,2022-02-10 17:00:00,5,0,0,0,0,5.0,6,31.0,7.0,27.25,0
2022-02-10,Houston Rockets,2022-02-10 17:00:00,3,0,1,0,0,3.5,4,38.0,25.0,36.35,1
2022-02-10,LA Clippers,2022-02-10 17:00:00,4,0,0,0,0,4.0,4,253.0,240.0,253.0,1
2022-02-10,Memphis Grizzlies,2022-02-10 17:00:00,6,0,0,0,0,6.0,6,27.0,10.0,27.0,0
2022-02-10,Miami Heat,2022-02-10 17:00:00,3,0,2,0,0,4.0,5,25.0,7.0,21.7,0
2022-02-10,Milwaukee Bucks,2022-02-10 17:00:00,2,0,0,1,0,2.25,4,56.0,45.0,49.7,1
2022-02-10,New Orleans Pelicans,2022-02-10 17:00:00,5,0,0,0,0,5.0,6,283.0,240.0,279.25,2
2022-02-10,New York Knicks,2022-02-10 17:00:00,3,0,2,0,1,4.0,7,74.0,45.0,63.95,1
2022-02-10,Phoenix Suns,2022-02-10 17:00:00,5,0,0,0,0,5.0,6,265.0,240.0,261.25,1
2022-02-10,Toronto Raptors,2022-02-10 17:00:00,5,0,0,0,0,5.0,6,28.0,5.0,24.25,0
2022-02-10,Washington Wizards,2022-02-10 17:00:00,6,0,0,0,0,6.0,6,28.0,5.0,28.0,0
2022-02-11,Atlanta Hawks,2022-02-11 17:00:00,2,0,1,0,0,2.5,3,13.0,5.0,11.35,0
2022-02-11,Boston Celtics,2022-02-11 17:00:00,5,0,2,0,0,6.0,7,35.0,5.0,29.5,0
2022-02-11,Charlotte Hornets,2022-02-11 17:00:00,6,0,0,1,0,6.25,7,41.0,10.0,38.45,0
2022-02-11,Chicago Bulls,2022-02-11 17:00:00,5,0,1,1,0,5.75,7,97.0,30.0,91.15,3
2022-02-11,Cleveland Cavaliers,2022-02-11 17:00:00,4,0,0,0,0,4.0,4,21.0,10.0,21.0,0
2022-02-11,Denver Nuggets,2022-02-11 17:00:00,4,0,0,1,0,4.25,5,106.0,45.0,103.45,2
2022-02-11,Detroit Pistons,2022-02-11 17:00:00,4,0,1,0,0,4.5,6,30.0,7.0,24.6,0
2022-02-11,Indiana Pacers,2022-02-11 17:00:00,5,0,3,0,0,6.5,9,339.0,240.0,326.45,3
2022-02-11,Minnesota Timberwolves,2022-02-11 17:00:00,1,0,6,0,0,4.0,8,40.0,10.0,18.65,0
2022-02-11,Oklahoma City Thunder,2022-02-11 17:00:00,5,0,0,0,1,5.0,6,58.0,25.0,53.0,1
2022-02-11,Orlando Magic,2022-02-11 17:00:00,5,0,1,0,0,5.5,7,82.0,45.0,76.6,1
2022-02-11,Philadelphia 76ers,2022-02-11 17:00:00,5,0,0,0,4,5.0,9,41.0,5.0,25.0,0
2022-02-11,San Antonio Spurs,2022-02-11 17:00:00,3,0,1,0,0,3.5,4,18.0,5.0,16.35,0
2022-02-11,Utah Jazz,2022-02-11 17:00:00,1,0,1,0,0,1.5,3,18.0,10.0,8.75,0
2022-02-12,Brooklyn Nets,2022-02-12 17:00:00,5,0,2,0,0,6.0,7,85.0,45.0,79.5,1
2022-02-12,Charlotte Hornets,2022-02-12 17:00:00,5,0,0,0,0,5.0,6,38.0,10.0,34.25,0
2022-02-12,Chicago Bulls,2022-02-12 17:00:00,4,0,2,1,1,5.25,9,103.0,30.0,67.85,2
2022-02-12,Cleveland Cavaliers,2022-02-12 17:00:00,3,0,0,1,0,3.25,5,26.0,10.0,19.7,0
2022-02-12,Dallas Mavericks,2022-02-12 17:00:00,2,0,0,0,0,2.0,2,48.0,45.0,48.0,1
2022-02-12,Denver Nuggets,2022-02-12 17:00:00,4,0,1,0,0,4.5,6,111.0,45.0,105.6,2
2022-02-12,Golden State Warriors,2022-02-12 17:00:00,4,0,0,0,0,4.0,5,27.0,7.0,23.25,0
2022-02-12,LA Clippers,2022-02-12 17:00:00,4,0,1,0,0,4.5,6,261.0,240.0,255.6,1
2022-02-12,Los Angeles Lakers,2022-02-12 17:00:00,4,0,2,2,0,5.5,9,44.0,14.0,31.849999999999998,1
2022-02-12,Memphis Grizzlies,2022-02-12 17:00:00,5,0,1,0,0,5.5,6,27.0,10.0,25.35,0
2022-02-12,Miami Heat,2022-02-12 17:00:00,2,0,3,0,0,3.5,5,23.0,7.0,18.05,0
2022-02-12,New Orleans Pelicans,2022-02-12 17:00:00,4,0,0,0,0,4.0,5,278.0,240.0,274.25,2
2022-02-12,New York Knicks,2022-02-12 17:00:00,4,0,0,0,0,4.0,5,68.0,45.0,64.25,1
2022-02-12,Oklahoma City Thunder,2022-02-12 17:00:00,3,0,0,0,0,3.0,4,43.0,25.0,39.25,1
2022-02-12,Orlando Magic,2022-02-12 17:00:00,5,0,0,0,0,5.0,6,79.0,45.0,75.25,1
2022-02-12,Philadelphia 76ers,2022-02-12 17:00:00,4,0,0,0,0,4.0,5,25.0,5.0,21.25,0
2022-02-12,Phoenix Suns,2022-02-12 17:00:00,4,0,0,0,0,4.0,5,261.0,240.0,257.25,1
2022-02-12,Portland Trail Blazers,2022-02-12 17:00:00,7,0,0,0,0,7.0,8,282.0,240.0,278.25,1
2022-02-12,Sacramento Kings,2022-02-12 17:00:00,1,0,1,0,0,1.5,2,17.0,10.0,11.5,0
2022-02-12,San Antonio Spurs,2022-02-12 17:00:00,5,0,0,0,0,5.0,6,27.0,5.0,23.25,0
2022-02-12,Toronto Raptors,2022-02-12 17:00:00,3,0,1,0,0,3.5,4,18.0,5.0,16.35,0
2022-02-12,Washington Wizards,2022-02-12 17:00:00,6,0,0,0,0,6.0,6,68.0,45.0,68.0,1
2022-02-13,Atlanta Hawks,2022-02-13 17:00:00,1,0,0,0,2,1.0,3,9.0,3.0,3.0,0
2022-02-13,Boston Celtics,2022-02-13 17:00:00,1,0,0,0,0,1.0,1,5.0,5.0,5.0,0
2022-02-13,Indiana Pacers,2022-02-13 17:00:00,7,0,0,0,0,7.0,7,331.0,240.0,331.0,3
2022-02-13,Minnesota Timberwolves,2022-02-13 17:00:00,1,0,0,0,1,1.0,3,11.0,5.0,4.25,0
2022-02-14,Brooklyn Nets,2022-02-14 17:00:00,4,0,1,0,0,4.5,5,72.0,45.0,70.35,1
2022-02-14,Chicago Bulls,2022-02-14 17:00:00,5,0,1,1,0,5.75,7,95.0,30.0,72.1,3
2022-02-14,Denver Nuggets,2022-02-14 17:00:00,3,0,2,0,0,4.0,5,106.0,45.0,101.05,2
2022-02-14,Detroit Pistons,2022-02-14 17:00:00,6,0,0,0,0,6.0,6,28.0,5.0,28.0,0
2022-02-14,Golden State Warriors,2022-02-14 17:00:00,4,0,0,0,0,4.0,5,27.0,7.0,23.25,0
2022-02-14,Houston Rockets,2022-02-14 17:00:00,3,0,0,1,0,3.25,4,38.0,25.0,35.45,1
2022-02-14,LA Clippers,2022-02-14 17:00:00,5,0,1,0,0,5.5,7,290.0,240.0,284.6,2
2022-02-14,Milwaukee Bucks,2022-02-14 17:00:00,3,1,0,0,0,3.75,5,81.0,45.0,76.5,2
2022-02-14,New Orleans Pelicans,2022-02-14 17:00:00,4,0,0,0,0,4.0,4,273.0,240.0,273.0,2
2022-02-14,New York Knicks,2022-02-14 17:00:00,3,0,3,0,0,4.5,6,69.0,45.0,64.05,1
2022-02-14,Oklahoma City Thunder,2022-02-14 17:00:00,4,0,0,0,0,4.0,4,48.0,25.0,48.0,1
2022-02-14,Orlando Magic,2022-02-14 17:00:00,5,0,0,0,0,5.0,5,74.0,45.0,74.0,1
2022-02-14,Portland Trail Blazers,2022-02-14 17:00:00,7,0,0,0,0,7.0,8,282.0,240.0,278.25,1
2022-02-14,Sacramento Kings,2022-02-14 17:00:00,1,0,1,0,0,1.5,2,6.0,3.0,4.35,0
2022-02-14,San Antonio Spurs,2022-02-14 17:00:00,2,0,0,0,1,2.0,4,18.0,5.0,11.25,0
2022-02-14,Toronto Raptors,2022-02-14 17:00:00,2,0,0,0,0,2.0,2,10.0,5.0,10.0,0
2022-02-14,Utah Jazz,2022-02-14 17:00:00,1,0,2,0,0,2.0,4,28.0,10.0,13.25,0
2022-02-14,Washington Wizards,2022-02-14 17:00:00,3,0,0,0,0,3.0,3,55.0,45.0,55.0,1
2022-02-15,Atlanta Hawks,2022-02-15 17:00:00,2,0,2,0,0,3.0,4,14.0,5.0,10.7,0
2022-02-15,Boston Celtics,2022-02-15 17:00:00,0,0,2,0,0,1.0,2,6.0,3.0,2.7,0
2022-02-15,Charlotte Hornets,2022-02-15 17:00:00,5,0,0,0,0,5.0,5,33.0,10.0,33.0,0
2022-02-15,Cleveland Cavaliers,2022-02-15 17:00:00,3,0,0,0,0,3.0,3,18.0,10.0,18.0,0
2022-02-15,Dallas Mavericks,2022-02-15 17:00:00,3,1,1,0,0,4.25,5,79.0,45.0,76.6,2
2022-02-15,Indiana Pacers,2022-02-15 17:00:00,6,0,1,0,0,6.5,7,329.0,240.0,327.35,3
2022-02-15,LA Clippers,2022-02-15 17:00:00,5,0,1,0,0,5.5,7,290.0,240.0,284.6,2
2022-02-15,Memphis Grizzlies,2022-02-15 17:00:00,4,0,1,0,2,4.5,8,39.0,10.0,23.6,0
2022-02-15,Miami Heat,2022-02-15 17:00:00,3,0,2,0,0,4.0,5,30.0,10.0,22.85,0
2022-02-15,Milwaukee Bucks,2022-02-15 17:00:00,4,0,0,1,0,4.25,6,104.0,45.0,97.7,2
2022-02-15,Minnesota Timberwolves,2022-02-15 17:00:00,1,0,0,0,1,1.0,3,13.0,5.0,4.25,0
2022-02-15,New Orleans Pelicans,2022-02-15 17:00:00,3,0,0,0,0,3.0,4,273.0,240.0,269.25,2
2022-02-15,Philadelphia 76ers,2022-02-15 17:00:00,3,0,0,0,0,3.0,3,15.0,7.0,15.0,0
2022-02-15,Phoenix Suns,2022-02-15 17:00:00,4,0,0,0,0,4.0,5,261.0,240.0,257.25,1
2022-02-16,Atlanta Hawks,2022-02-16 17:00:00,2,0,1,0,0,2.5,4,16.0,5.0,10.6,0
2022-02-16,Boston Celtics,2022-02-16 17:00:00,0,2,0,0,0,1.5,3,18.0,10.0,11.0,0
2022-02-16,Brooklyn Nets,2022-02-16 17:00:00,4,0,0,0,0,4.0,4,69.0,45.0,69.0,1
2022-02-16,Chicago Bulls,2022-02-16 17:00:00,5,0,0,1,1,5.25,7,82.0,30.0,68.5,2
2022-02-16,Denver Nuggets,2022-02-16 17:00:00,3,0,2,0,0,4.0,6,111.0,45.0,102.3,2
2022-02-16,Detroit Pistons,2022-02-16 17:00:00,6,0,0,0,0,6.0,6,28.0,5.0,28.0,0
2022-02-16,Golden State Warriors,2022-02-16 17:00:00,4,0,0,0,0,4.0,5,27.0,7.0,23.25,0
2022-02-16,Houston Rockets,2022-02-16 17:00:00,3,0,3,0,0,4.5,7,49.0,25.0,40.3,1
2022-02-16,Indiana Pacers,2022-02-16 17:00:00,7,0,0,0,0,7.0,8,334.0,240.0,330.25,3
2022-02-16,Los Angeles Lakers,2022-02-16 17:00:00,5,0,1,1,0,5.75,8,41.0,14.0,33.05,1
2022-02-16,Memphis Grizzlies,2022-02-16 17:00:00,4,0,1,0,0,4.5,6,29.0,10.0,23.6,0
2022-02-16,Minnesota Timberwolves,2022-02-16 17:00:00,1,0,1,0,0,1.5,3,18.0,10.0,8.75,0
2022-02-16,New York Knicks,2022-02-16 17:00:00,5,0,0,0,0,5.0,5,68.0,45.0,68.0,1
2022-02-16,Oklahoma City Thunder,2022-02-16 17:00:00,6,0,0,0,0,6.0,7,68.0,25.0,64.25,1
2022-02-16,Orlando Magic,2022-02-16 17:00:00,5,0,1,0,0,5.5,6,84.0,45.0,78.5,1
2022-02-16,Phoenix Suns,2022-02-16 17:00:00,4,0,0,0,0,4.0,5,261.0,240.0,257.25,1
2022-02-16,Portland Trail Blazers,2022-02-16 17:00:00,7,0,0,0,0,7.0,8,282.0,240.0,278.25,1
2022-02-16,Sacramento Kings,2022-02-16 17:00:00,1,0,2,0,0,2.0,4,18.0,7.0,10.95,0
2022-02-16,San Antonio Spurs,2022-02-16 17:00:00,4,0,0,0,0,4.0,4,18.0,5.0,18.0,0
2022-02-16,Toronto Raptors,2022-02-16 17:00:00,2,0,1,0,0,2.5,3,13.0,5.0,11.35,0
2022-02-16,Utah Jazz,2022-02-16 17:00:00,1,0,0,0,0,1.0,2,8.0,5.0,4.25,0
2022-02-16,Washington Wizards,2022-02-16 17:00:00,5,0,0,0,0,5.0,5,70.0,45.0,70.0,1
2022-02-17,Brooklyn Nets,2022-02-17 17:00:00,4,0,0,0,0,4.0,5,74.0,45.0,70.25,1
2022-02-17,Charlotte Hornets,2022-02-17 17:00:00,5,0,0,0,0,5.0,5,33.0,10.0,33.0,0
2022-02-17,Dallas Mavericks,2022-02-17 17:00:00,3,0,3,0,0,4.5,6,82.0,45.0,77.05,2
2022-02-17,Houston Rockets,2022-02-17 17:00:00,4,1,0,0,0,4.75,6,46.0,25.0,41.5,1
2022-02-17,LA Clippers,2022-02-17 17:00:00,5,0,0,0,0,5.0,6,287.0,240.0,283.25,2
2022-02-17,Miami Heat,2022-02-17 17:00:00,5,0,3,0,0,6.5,8,39.0,10.0,30.2,0
2022-02-17,Milwaukee Bucks,2022-02-17 17:00:00,4,1,0,1,0,5.0,6,102.0,45.0,98.7,2
2022-02-17,New Orleans Pelicans,2022-02-17 17:00:00,3,0,0,0,0,3.0,3,268.0,240.0,268.0,2
2022-02-17,Philadelphia 76ers,2022-02-17 17:00:00,3,0,0,0,0,3.0,3,15.0,7.0,15.0,0
2022-02-17,Washington Wizards,2022-02-17 17:00:00,3,0,1,0,0,3.5,5,68.0,45.0,58.75,1
2022-02-24,Atlanta Hawks,2022-02-24 17:00:00,2,1,1,0,0,3.25,4,14.0,5.0,11.6,0
2022-02-24,Brooklyn Nets,2022-02-24 17:00:00,5,0,0,0,0,5.0,5,76.0,45.0,76.0,1
2022-02-24,Chicago Bulls,2022-02-24 17:00:00,5,0,0,0,0,5.0,5,68.0,30.0,68.0,2
2022-02-24,Cleveland Cavaliers,2022-02-24 17:00:00,5,0,0,1,0,5.25,6,29.0,10.0,20.5,0
2022-02-24,Denver Nuggets,2022-02-24 17:00:00,3,0,1,0,0,3.5,4,100.0,45.0,98.35,2
2022-02-24,Detroit Pistons,2022-02-24 17:00:00,1,1,0,0,4,1.75,6,28.0,5.0,7.25,0
2022-02-24,Golden State Warriors,2022-02-24 17:00:00,4,0,0,1,0,4.25,5,25.0,7.0,22.45,0
2022-02-24,Memphis Grizzlies,2022-02-24 17:00:00,3,0,0,0,0,3.0,3,18.0,10.0,18.0,0
2022-02-24,Minnesota Timberwolves,2022-02-24 17:00:00,2,0,0,0,0,2.0,2,8.0,5.0,8.0,0
2022-02-24,Oklahoma City Thunder,2022-02-24 17:00:00,5,0,0,0,0,5.0,5,53.0,25.0,53.0,1
2022-02-24,Phoenix Suns,2022-02-24 17:00:00,4,0,0,0,0,4.0,4,271.0,240.0,271.0,2
2022-02-24,Portland Trail Blazers,2022-02-24 17:00:00,6,0,0,1,0,6.25,7,277.0,240.0,268.5,1
2022-02-24,Sacramento Kings,2022-02-24 17:00:00,1,0,0,0,0,1.0,1,7.0,7.0,7.0,0
2022-02-25,Charlotte Hornets,2022-02-25 17:00:00,4,2,0,1,0,5.75,7,41.0,10.0,35.2,0
2022-02-25,Dallas Mavericks,2022-02-25 17:00:00,2,1,2,0,0,3.75,5,79.0,45.0,74.95,2
2022-02-25,Houston Rockets,2022-02-25 17:00:00,3,0,0,0,0,3.0,3,35.0,25.0,35.0,1
2022-02-25,Indiana Pacers,2022-02-25 17:00:00,4,0,1,3,0,5.25,8,332.0,240.0,316.75,3
2022-02-25,LA Clippers,2022-02-25 17:00:00,5,0,0,0,0,5.0,6,287.0,240.0,283.25,2
2022-02-25,Los Angeles Lakers,2022-02-25 17:00:00,5,0,1,1,0,5.75,8,41.0,14.0,23.7,1
2022-02-25,Miami Heat,2022-02-25 17:00:00,2,0,1,0,0,2.5,3,17.0,7.0,15.35,0
2022-02-25,Minnesota Timberwolves,2022-02-25 17:00:00,2,0,0,0,0,2.0,3,13.0,5.0,9.25,0
2022-02-25,New Orleans Pelicans,2022-02-25 17:00:00,3,0,0,0,0,3.0,3,268.0,240.0,268.0,2
2022-02-25,New York Knicks,2022-02-25 17:00:00,3,0,2,0,0,4.0,5,68.0,45.0,60.85,1
2022-02-25,Oklahoma City Thunder,2022-02-25 17:00:00,6,0,0,0,0,6.0,7,61.0,25.0,57.25,1
2022-02-25,Orlando Magic,2022-02-25 17:00:00,4,0,1,0,0,4.5,5,72.0,45.0,66.5,1
2022-02-25,Philadelphia 76ers,2022-02-25 17:00:00,4,0,0,0,0,4.0,4,20.0,5.0,20.0,0
2022-02-25,Phoenix Suns,2022-02-25 17:00:00,5,0,0,0,0,5.0,6,279.0,240.0,275.25,2
2022-02-25,San Antonio Spurs,2022-02-25 17:00:00,5,0,0,0,0,5.0,5,19.0,5.0,19.0,0
2022-02-25,Toronto Raptors,2022-02-25 17:00:00,3,0,1,0,0,3.5,4,38.0,25.0,36.35,1
2022-02-25,Utah Jazz,2022-02-25 17:00:00,1,1,0,0,0,1.75,3,18.0,10.0,13.5,0
2022-02-25,Washington Wizards,2022-02-25 17:00:00,4,0,1,0,1,4.5,6,73.0,45.0,62.5,1
2022-02-26,Atlanta Hawks,2022-02-26 17:00:00,3,0,1,1,0,3.75,5,17.0,5.0,12.8,0
2022-02-26,Boston Celtics,2022-02-26 17:00:00,1,0,0,0,0,1.0,1,5.0,5.0,5.0,0
2022-02-26,Brooklyn Nets,2022-02-26 17:00:00,3,0,0,0,1,3.0,4,71.0,45.0,64.0,1
2022-02-26,Chicago Bulls,2022-02-26 17:00:00,5,0,0,0,0,5.0,5,68.0,30.0,68.0,2
2022-02-26,Cleveland Cavaliers,2022-02-26 17:00:00,5,0,0,0,0,5.0,5,17.0,5.0,17.0,0
2022-02-26,Denver Nuggets,2022-02-26 17:00:00,3,0,1,0,0,3.5,5,105.0,45.0,99.6,2
2022-02-26,Detroit Pistons,2022-02-26 17:00:00,6,0,0,0,0,6.0,6,28.0,5.0,28.0,0
2022-02-26,Memphis Grizzlies,2022-02-26 17:00:00,3,0,0,0,0,3.0,4,23.0,10.0,19.25,0
2022-02-26,Miami Heat,2022-02-26 17:00:00,2,0,1,0,0,2.5,4,22.0,7.0,16.6,0
2022-02-26,Milwaukee Bucks,2022-02-26 17:00:00,2,0,1,0,0,2.5,4,98.0,45.0,92.6,2
2022-02-26,Sacramento Kings,2022-02-26 17:00:00,1,0,1,0,0,1.5,3,15.0,7.0,9.6,0
2022-02-26,San Antonio Spurs,2022-02-26 17:00:00,3,0,3,0,0,4.5,7,23.0,5.0,14.3,0
2022-02-26,Toronto Raptors,2022-02-26 17:00:00,3,0,2,0,0,4.0,6,46.0,25.0,38.95,1
2022-02-26,Washington Wizards,2022-02-26 17:00:00,3,0,0,0,0,3.0,4,58.0,45.0,54.25,1
2022-02-27,Boston Celtics,2022-02-27 17:00:00,1,0,0,0,0,1.0,2,10.0,5.0,6.25,0
2022-02-27,Charlotte Hornets,2022-02-27 17:00:00,6,1,1,0,0,7.25,8,46.0,10.0,43.6,0
2022-02-27,Dallas Mavericks,2022-02-27 17:00:00,2,1,2,0,0,3.75,5,86.0,45.0,78.1,2
2022-02-27,Denver Nuggets,2022-02-27 17:00:00,3,0,1,0,0,3.5,5,105.0,45.0,99.6,2
2022-02-27,Detroit Pistons,2022-02-27 17:00:00,4,0,1,0,0,4.5,6,33.0,10.0,27.6,0
2022-02-27,Golden State Warriors,2022-02-27 17:00:00,4,0,0,0,1,4.0,5,25.0,7.0,20.0,0
2022-02-27,Houston Rockets,2022-02-27 17:00:00,4,0,0,0,0,4.0,4,45.0,25.0,45.0,1
2022-02-27,Indiana Pacers,2022-02-27 17:00:00,5,0,0,0,1,5.0,6,326.0,240.0,323.0,3
2022-02-27,LA Clippers,2022-02-27 17:00:00,5,0,0,0,0,5.0,6,287.0,240.0,283.25,2
2022-02-27,Los Angeles Lakers,2022-02-27 17:00:00,5,0,1,0,0,5.5,7,27.0,5.0,21.6,0
2022-02-27,New Orleans Pelicans,2022-02-27 17:00:00,3,0,0,0,0,3.0,4,273.0,240.0,269.25,2
2022-02-27,New York Knicks,2022-02-27 17:00:00,4,0,0,0,0,4.0,4,58.0,45.0,58.0,1
2022-02-27,Philadelphia 76ers,2022-02-27 17:00:00,4,0,0,0,0,4.0,4,20.0,5.0,20.0,0
2022-02-27,Phoenix Suns,2022-02-27 17:00:00,4,0,0,0,1,4.0,6,279.0,240.0,272.25,2
2022-02-27,Portland Trail Blazers,2022-02-27 17:00:00,7,0,0,0,1,7.0,8,40.0,7.0,37.0,0
2022-02-27,Utah Jazz,2022-02-27 17:00:00,1,0,0,0,1,1.0,3,18.0,10.0,11.25,0
2022-02-28,Brooklyn Nets,2022-02-28 17:00:00,4,0,0,0,0,4.0,4,69.0,45.0,69.0,1
2022-02-28,Charlotte Hornets,2022-02-28 17:00:00,4,2,1,0,0,6.0,8,44.0,10.0,37.1,0
2022-02-28,Chicago Bulls,2022-02-28 17:00:00,5,0,0,1,0,5.25,6,78.0,30.0,69.5,2
2022-02-28,Cleveland Cavaliers,2022-02-28 17:00:00,5,0,0,0,0,5.0,5,17.0,5.0,17.0,0
2022-02-28,Indiana Pacers,2022-02-28 17:00:00,5,1,0,1,0,6.0,8,335.0,240.0,326.2,3
2022-02-28,Memphis Grizzlies,2022-02-28 17:00:00,4,0,1,0,0,4.5,6,36.0,10.0,30.6,0
2022-02-28,Miami Heat,2022-02-28 17:00:00,4,0,1,0,0,4.5,5,23.0,7.0,21.35,0
2022-02-28,Milwaukee Bucks,2022-02-28 17:00:00,4,0,0,0,0,4.0,5,103.0,45.0,99.25,2
2022-02-28,Minnesota Timberwolves,2022-02-28 17:00:00,2,0,0,1,0,2.25,3,11.0,5.0,8.45,0
2022-02-28,Oklahoma City Thunder,2022-02-28 17:00:00,6,0,0,0,0,6.0,7,61.0,25.0,57.25,1
2022-02-28,Orlando Magic,2022-02-28 17:00:00,3,0,0,0,1,3.0,4,62.0,45.0,55.0,1
2022-02-28,Sacramento Kings,2022-02-28 17:00:00,1,0,1,0,0,1.5,2,10.0,7.0,8.35,0
2022-02-28,San Antonio Spurs,2022-02-28 17:00:00,0,0,2,0,0,1.0,3,11.0,5.0,3.95,0
2022-02-28,Toronto Raptors,2022-02-28 17:00:00,3,0,1,0,0,3.5,4,38.0,25.0,36.35,1
2022-03-01,Atlanta Hawks,2022-03-01 17:00:00,2,1,0,0,0,2.75,3,11.0,5.0,10.25,0
2022-03-01,Boston Celtics,2022-03-01 17:00:00,2,0,0,0,0,2.0,2,10.0,5.0,10.0,0
2022-03-01,Brooklyn Nets,2022-03-01 17:00:00,4,0,2,0,0,5.0,7,80.0,45.0,72.95,1
2022-03-01,Dallas Mavericks,2022-03-01 17:00:00,5,0,0,0,0,5.0,5,86.0,45.0,86.0,2
2022-03-01,Detroit Pistons,2022-03-01 17:00:00,0,1,1,1,0,1.5,3,23.0,10.0,12.45,0
2022-03-01,Golden State Warriors,2022-03-01 17:00:00,4,0,1,0,0,4.5,6,28.0,7.0,22.6,0
2022-03-01,Houston Rockets,2022-03-01 17:00:00,3,0,2,0,0,4.0,5,55.0,25.0,44.0,1
2022-03-01,LA Clippers,2022-03-01 17:00:00,5,0,0,0,0,5.0,6,287.0,240.0,283.25,2
2022-03-01,Los Angeles Lakers,2022-03-01 17:00:00,5,0,1,1,0,5.75,8,37.0,10.0,23.1,0
2022-03-01,Minnesota Timberwolves,2022-03-01 17:00:00,2,0,2,0,0,3.0,5,19.0,5.0,11.95,0
2022-03-01,Toronto Raptors,2022-03-01 17:00:00,2,0,3,0,0,3.5,6,46.0,25.0,25.2,1
2022-03-01,Washington Wizards,2022-03-01 17:00:00,5,0,0,0,0,5.0,5,61.0,45.0,61.0,1
2022-03-02,Charlotte Hornets,2022-03-02 17:00:00,4,1,1,0,0,5.25,6,36.0,10.0,31.85,0
2022-03-02,Cleveland Cavaliers,2022-03-02 17:00:00,3,0,1,0,0,3.5,4,12.0,3.0,10.35,0
2022-03-02,Denver Nuggets,2022-03-02 17:00:00,3,0,2,0,0,4.0,5,103.0,45.0,99.7,2
2022-03-02,Houston Rockets,2022-03-02 17:00:00,4,0,1,2,0,5.0,8,73.0,25.0,46.75,1
2022-03-02,Indiana Pacers,2022-03-02 17:00:00,4,0,2,0,0,5.0,6,326.0,240.0,318.85,3
2022-03-02,Miami Heat,2022-03-02 17:00:00,4,0,1,0,0,4.5,5,25.0,7.0,23.35,0
2022-03-02,Milwaukee Bucks,2022-03-02 17:00:00,4,0,0,0,0,4.0,4,98.0,45.0,98.0,2
2022-03-02,New Orleans Pelicans,2022-03-02 17:00:00,3,0,0,0,0,3.0,3,268.0,240.0,268.0,2
2022-03-02,New York Knicks,2022-03-02 17:00:00,4,0,0,0,1,4.0,5,63.0,45.0,58.0,1
2022-03-02,Oklahoma City Thunder,2022-03-02 17:00:00,7,0,0,0,0,7.0,8,71.0,25.0,67.25,1
2022-03-02,Orlando Magic,2022-03-02 17:00:00,3,0,0,0,1,3.0,4,58.0,45.0,55.0,1
2022-03-02,Philadelphia 76ers,2022-03-02 17:00:00,4,0,0,0,0,4.0,4,20.0,5.0,20.0,0
2022-03-02,Phoenix Suns,2022-03-02 17:00:00,4,0,0,1,0,4.25,6,281.0,240.0,274.7,2
2022-03-02,Portland Trail Blazers,2022-03-02 17:00:00,7,0,0,0,0,7.0,8,42.0,7.0,38.25,0
2022-03-02,Sacramento Kings,2022-03-02 17:00:00,1,0,1,0,0,1.5,3,15.0,7.0,9.6,0
2022-03-02,Utah Jazz,2022-03-02 17:00:00,1,0,0,0,0,1.0,2,15.0,10.0,11.25,0
2022-03-03,Atlanta Hawks,2022-03-03 17:00:00,2,0,1,1,1,2.75,5,27.0,10.0,13.95,0
2022-03-03,Boston Celtics,2022-03-03 17:00:00,3,0,0,0,0,3.0,3,20.0,10.0,20.0,0
2022-03-03,Brooklyn Nets,2022-03-03 17:00:00,3,0,0,1,0,3.25,4,60.0,45.0,57.45,1
2022-03-03,Chicago Bulls,2022-03-03 17:00:00,5,0,0,0,0,5.0,5,68.0,30.0,68.0,2
2022-03-03,Dallas Mavericks,2022-03-03 17:00:00,4,0,2,0,0,5.0,6,89.0,45.0,81.85,2
2022-03-03,Detroit Pistons,2022-03-03 17:00:00,3,1,1,1,0,4.5,6,38.0,10.0,25.35,0
2022-03-03,Golden State Warriors,2022-03-03 17:00:00,4,0,0,0,3,4.0,8,36.0,7.0,23.25,0
2022-03-03,LA Clippers,2022-03-03 17:00:00,5,0,0,0,0,5.0,6,287.0,240.0,283.25,2
2022-03-03,Los Angeles Lakers,2022-03-03 17:00:00,3,0,2,1,0,4.25,7,32.0,10.0,16.45,0
2022-03-03,Memphis Grizzlies,2022-03-03 17:00:00,4,0,1,0,0,4.5,5,33.0,10.0,27.5,0
2022-03-03,Miami Heat,2022-03-03 17:00:00,3,0,4,0,0,5.0,8,34.0,7.0,23.650000000000002,0
2022-03-03,Sacramento Kings,2022-03-03 17:00:00,1,0,1,0,0,1.5,3,15.0,7.0,9.6,0
2022-03-03,San Antonio Spurs,2022-03-03 17:00:00,1,0,0,0,3,1.0,5,21.0,5.0,6.25,0
2022-03-03,Toronto Raptors,2022-03-03 17:00:00,2,0,2,0,0,3.0,4,34.0,25.0,30.7,1
2022-03-04,Atlanta Hawks,2022-03-04 17:00:00,2,0,1,0,0,2.5,4,19.0,6.0,13.6,0
2022-03-04,Chicago Bulls,2022-03-04 17:00:00,5,0,0,0,0,5.0,6,73.0,30.0,69.25,2
2022-03-04,Cleveland Cavaliers,2022-03-04 17:00:00,3,1,0,0,0,3.75,4,14.0,5.0,13.25,0
2022-03-04,Denver Nuggets,2022-03-04 17:00:00,3,0,1,0,0,3.5,4,100.0,45.0,98.35,2
2022-03-04,Detroit Pistons,2022-03-04 17:00:00,4,0,2,0,0,5.0,7,31.0,5.0,23.95,0
2022-03-04,Houston Rockets,2022-03-04 17:00:00,1,0,1,0,0,1.5,3,40.0,25.0,30.75,1
2022-03-04,Indiana Pacers,2022-03-04 17:00:00,4,0,2,1,0,5.25,7,329.0,240.0,317.2,3
2022-03-04,Milwaukee Bucks,2022-03-04 17:00:00,4,0,0,0,0,4.0,5,103.0,45.0,99.25,2
2022-03-04,Minnesota Timberwolves,2022-03-04 17:00:00,2,0,1,0,2,2.5,6,24.0,5.0,8.6,0
2022-03-04,New Orleans Pelicans,2022-03-04 17:00:00,3,0,0,0,0,3.0,4,273.0,240.0,269.25,2
2022-03-04,New York Knicks,2022-03-04 17:00:00,4,0,1,0,0,4.5,6,77.0,45.0,65.55,2
2022-03-04,Oklahoma City Thunder,2022-03-04 17:00:00,8,0,0,0,0,8.0,9,74.0,25.0,70.25,1
2022-03-04,Orlando Magic,2022-03-04 17:00:00,4,0,1,0,0,4.5,5,62.0,45.0,60.35,1
2022-03-04,Philadelphia 76ers,2022-03-04 17:00:00,4,0,1,0,0,4.5,5,23.0,5.0,21.35,0
2022-03-04,Phoenix Suns,2022-03-04 17:00:00,4,0,0,0,0,4.0,4,273.0,240.0,273.0,2
2022-03-04,Toronto Raptors,2022-03-04 17:00:00,3,0,2,0,0,4.0,6,42.0,25.0,34.95,1
2022-03-04,Utah Jazz,2022-03-04 17:00:00,0,0,1,0,0,0.5,2,15.0,10.0,5.75,0
2022-03-04,Washington Wizards,2022-03-04 17:00:00,6,0,0,0,0,6.0,6,66.0,45.0,66.0,1
2022-03-05,Charlotte Hornets,2022-03-05 17:00:00,5,1,0,0,0,5.75,6,38.0,10.0,35.5,0
2022-03-05,Dallas Mavericks,2022-03-05 17:00:00,5,0,0,0,2,5.0,7,85.0,45.0,79.0,2
2022-03-05,Golden State Warriors,2022-03-05 17:00:00,4,0,0,0,0,4.0,5,25.0,7.0,21.25,0
2022-03-05,Los Angeles Lakers,2022-03-05 17:00:00,3,0,2,1,0,4.25,7,32.0,10.0,18.55,0
2022-03-05,Memphis Grizzlies,2022-03-05 17:00:00,4,0,1,0,1,4.5,7,36.0,10.0,25.6,0
2022-03-05,Miami Heat,2022-03-05 17:00:00,3,0,4,0,0,5.0,7,29.0,7.0,22.4,0
2022-03-05,Minnesota Timberwolves,2022-03-05 17:00:00,2,0,1,0,0,2.5,4,14.0,5.0,8.6,0
2022-03-05,Orlando Magic,2022-03-05 17:00:00,3,0,1,0,0,3.5,5,70.0,45.0,60.75,1
2022-03-05,Philadelphia 76ers,2022-03-05 17:00:00,4,0,0,0,0,4.0,5,27.0,7.0,23.25,0
2022-03-05,Portland Trail Blazers,2022-03-05 17:00:00,8,0,1,1,0,8.75,11,53.0,7.0,45.05,0
2022-03-05,Sacramento Kings,2022-03-05 17:00:00,2,0,0,0,1,2.0,3,13.0,7.0,10.0,0
2022-03-05,San Antonio Spurs,2022-03-05 17:00:00,3,0,0,0,2,3.0,6,26.0,5.0,16.25,0
2022-03-06,Boston Celtics,2022-03-06 17:00:00,3,0,0,0,1,3.0,4,30.0,10.0,20.0,0
2022-03-06,Brooklyn Nets,2022-03-06 17:00:00,4,0,0,0,1,4.0,5,61.0,45.0,58.0,1
2022-03-06,Cleveland Cavaliers,2022-03-06 17:00:00,2,2,0,0,1,3.5,5,19.0,5.0,12.5,0
2022-03-06,Denver Nuggets,2022-03-06 17:00:00,3,0,1,2,0,4.0,6,106.0,45.0,99.25,2
2022-03-06,Houston Rockets,2022-03-06 17:00:00,2,0,0,0,0,2.0,2,35.0,25.0,35.0,1
2022-03-06,Indiana Pacers,2022-03-06 17:00:00,6,0,0,0,1,6.0,7,329.0,240.0,326.0,3
2022-03-06,LA Clippers,2022-03-06 17:00:00,5,0,0,0,0,5.0,6,287.0,240.0,283.25,2
2022-03-06,Memphis Grizzlies,2022-03-06 17:00:00,4,0,1,0,0,4.5,6,31.0,10.0,25.6,0
2022-03-06,Milwaukee Bucks,2022-03-06 17:00:00,4,0,0,0,0,4.0,4,96.0,45.0,96.0,2
2022-03-06,New Orleans Pelicans,2022-03-06 17:00:00,3,0,0,0,0,3.0,3,268.0,240.0,268.0,2
2022-03-06,New York Knicks,2022-03-06 17:00:00,6,1,0,0,0,6.75,8,83.0,45.0,78.5,2
2022-03-06,Oklahoma City Thunder,2022-03-06 17:00:00,7,0,0,0,1,7.0,8,64.0,25.0,59.0,1
2022-03-06,Phoenix Suns,2022-03-06 17:00:00,5,0,0,0,0,5.0,6,281.0,240.0,277.25,2
2022-03-06,Toronto Raptors,2022-03-06 17:00:00,6,0,0,0,0,6.0,6,55.0,25.0,55.0,2
2022-03-06,Utah Jazz,2022-03-06 17:00:00,1,0,0,0,1,1.0,3,11.0,5.0,4.25,0
2022-03-06,Washington Wizards,2022-03-06 17:00:00,5,0,0,0,1,5.0,6,66.0,45.0,63.0,1
2022-03-07,Atlanta Hawks,2022-03-07 17:00:00,1,0,1,0,0,1.5,2,8.0,5.0,6.35,0
2022-03-07,Chicago Bulls,2022-03-07 17:00:00,5,0,1,0,0,5.5,6,82.0,30.0,74.3,3
2022-03-07,Dallas Mavericks,2022-03-07 17:00:00,5,0,0,2,0,5.5,7,85.0,45.0,79.9,2
2022-03-07,Denver Nuggets,2022-03-07 17:00:00,3,0,1,1,0,3.75,6,115.0,45.0,103.2,2
2022-03-07,Detroit Pistons,2022-03-07 17:00:00,6,0,0,0,0,6.0,6,26.0,5.0,26.0,0
2022-03-07,Golden State Warriors,2022-03-07 17:00:00,7,0,2,0,0,8.0,10,41.0,7.0,33.95,0
2022-03-07,Houston Rockets,2022-03-07 17:00:00,2,0,1,0,0,2.5,4,21.0,10.0,11.75,0
2022-03-07,Los Angeles Lakers,2022-03-07 17:00:00,3,0,1,1,0,3.75,5,24.0,10.0,13.85,0
2022-03-07,Miami Heat,2022-03-07 17:00:00,2,0,3,0,0,3.5,5,25.0,7.0,17.85,0
2022-03-07,Minnesota Timberwolves,2022-03-07 17:00:00,1,1,4,0,0,3.75,7,23.0,5.0,11.9,0
2022-03-07,New York Knicks,2022-03-07 17:00:00,6,0,1,0,0,6.5,8,83.0,45.0,77.6,2
2022-03-07,Philadelphia 76ers,2022-03-07 17:00:00,5,0,0,0,0,5.0,5,23.0,5.0,23.0,0
2022-03-07,Portland Trail Blazers,2022-03-07 17:00:00,8,0,0,0,2,8.0,11,51.0,7.0,41.25,0
2022-03-07,Sacramento Kings,2022-03-07 17:00:00,3,0,0,0,0,3.0,4,25.0,10.0,21.25,0
2022-03-07,San Antonio Spurs,2022-03-07 17:00:00,2,3,0,0,2,4.25,8,32.0,5.0,18.0,0
2022-03-07,Utah Jazz,2022-03-07 17:00:00,0,0,1,0,0,0.5,2,8.0,5.0,2.6,0
2022-03-08,Brooklyn Nets,2022-03-08 17:00:00,5,0,0,0,1,5.0,6,64.0,45.0,61.0,1
2022-03-08,Charlotte Hornets,2022-03-08 17:00:00,5,0,1,0,0,5.5,6,38.0,10.0,32.5,0
2022-03-08,Cleveland Cavaliers,2022-03-08 17:00:00,4,0,1,0,0,4.5,5,39.0,25.0,37.35,1
2022-03-08,Golden State Warriors,2022-03-08 17:00:00,5,0,0,0,0,5.0,6,28.0,7.0,24.25,0
2022-03-08,Indiana Pacers,2022-03-08 17:00:00,4,0,3,0,0,5.5,7,329.0,240.0,320.2,3
2022-03-08,LA Clippers,2022-03-08 17:00:00,6,0,0,0,0,6.0,7,290.0,240.0,286.25,2
2022-03-08,Memphis Grizzlies,2022-03-08 17:00:00,3,0,0,0,0,3.0,4,25.0,10.0,21.25,0
2022-03-08,Milwaukee Bucks,2022-03-08 17:00:00,4,0,0,0,0,4.0,5,101.0,45.0,97.25,2
2022-03-08,New Orleans Pelicans,2022-03-08 17:00:00,4,0,1,0,0,4.5,5,276.0,240.0,274.35,2
2022-03-08,Oklahoma City Thunder,2022-03-08 17:00:00,7,0,1,0,0,7.5,9,67.0,25.0,61.6,1
2022-03-08,Orlando Magic,2022-03-08 17:00:00,5,0,0,0,0,5.0,5,72.0,45.0,72.0,1
2022-03-08,Phoenix Suns,2022-03-08 17:00:00,5,0,0,0,0,5.0,5,276.0,240.0,276.0,2
2022-03-09,Atlanta Hawks,2022-03-09 17:00:00,1,0,0,1,0,1.25,3,13.0,5.0,6.7,0
2022-03-09,Boston Celtics,2022-03-09 17:00:00,3,0,0,0,0,3.0,3,20.0,10.0,20.0,0
2022-03-09,Charlotte Hornets,2022-03-09 17:00:00,5,0,1,0,0,5.5,7,36.0,10.0,30.6,0
2022-03-09,Chicago Bulls,2022-03-09 17:00:00,5,0,1,0,0,5.5,6,82.0,30.0,74.3,3
2022-03-09,Dallas Mavericks,2022-03-09 17:00:00,4,0,0,1,0,4.25,5,79.0,45.0,76.45,2
2022-03-09,Denver Nuggets,2022-03-09 17:00:00,3,0,2,1,0,4.25,7,118.0,45.0,104.55,2
2022-03-09,Detroit Pistons,2022-03-09 17:00:00,4,0,1,0,0,4.5,5,19.0,5.0,17.35,0
2022-03-09,Houston Rockets,2022-03-09 17:00:00,1,0,4,0,0,3.0,6,56.0,25.0,37.95,1
2022-03-09,LA Clippers,2022-03-09 17:00:00,6,0,0,0,0,6.0,7,290.0,240.0,286.25,2
2022-03-09,Los Angeles Lakers,2022-03-09 17:00:00,3,0,1,2,0,4.0,6,27.0,10.0,14.3,0
2022-03-09,Miami Heat,2022-03-09 17:00:00,3,0,2,0,0,4.0,5,23.0,7.0,19.7,0
2022-03-09,Milwaukee Bucks,2022-03-09 17:00:00,3,1,0,0,0,3.75,5,108.0,45.0,101.75,2
2022-03-09,Minnesota Timberwolves,2022-03-09 17:00:00,1,0,5,1,0,3.75,7,23.0,5.0,12.200000000000001,0
2022-03-09,New Orleans Pelicans,2022-03-09 17:00:00,4,0,0,0,0,4.0,5,276.0,240.0,272.25,2
2022-03-09,New York Knicks,2022-03-09 17:00:00,7,0,1,0,0,7.5,8,81.0,45.0,79.35,2
2022-03-09,Oklahoma City Thunder,2022-03-09 17:00:00,8,0,0,0,0,8.0,9,193.0,45.0,189.25,4
2022-03-09,Orlando Magic,2022-03-09 17:00:00,5,0,1,0,0,5.5,7,81.0,45.0,71.75,1
2022-03-09,Phoenix Suns,2022-03-09 17:00:00,4,0,0,0,0,4.0,5,276.0,240.0,272.25,2
2022-03-09,Portland Trail Blazers,2022-03-09 17:00:00,8,0,0,0,0,8.0,9,45.0,7.0,41.25,0
2022-03-09,Sacramento Kings,2022-03-09 17:00:00,2,0,2,0,0,3.0,5,28.0,10.0,17.1,0
2022-03-09,San Antonio Spurs,2022-03-09 17:00:00,5,0,0,0,3,5.0,9,46.0,14.0,31.25,1
2022-03-09,Toronto Raptors,2022-03-09 17:00:00,4,0,1,0,0,4.5,5,52.0,25.0,50.35,2
2022-03-09,Utah Jazz,2022-03-08 17:00:00,0,0,0,0,0,0.0,1,5.0,5.0,1.25,0
2022-03-09,Washington Wizards,2022-03-09 17:00:00,4,0,0,0,0,4.0,5,65.0,45.0,61.25,1
2022-03-10,Brooklyn Nets,2022-03-10 17:00:00,5,0,0,0,0,5.0,5,61.0,45.0,61.0,1
2022-03-10,Denver Nuggets,2022-03-10 17:00:00,3,0,4,1,0,5.25,9,124.0,45.0,107.25,2
2022-03-10,Golden State Warriors,2022-03-10 17:00:00,7,0,0,0,0,7.0,8,36.0,7.0,32.25,0
2022-03-10,Philadelphia 76ers,2022-03-10 17:00:00,5,0,0,0,0,5.0,5,23.0,5.0,23.0,0
2022-03-11,Atlanta Hawks,2022-03-11 17:00:00,2,0,0,0,0,2.0,2,10.0,5.0,10.0,0
2022-03-11,Boston Celtics,2022-03-11 17:00:00,3,0,1,0,0,3.5,4,23.0,10.0,21.35,0
2022-03-11,Charlotte Hornets,2022-03-11 17:00:00,5,0,0,1,0,5.25,6,31.0,10.0,28.45,0
2022-03-11,Cleveland Cavaliers,2022-03-11 17:00:00,4,0,0,0,0,4.0,4,36.0,25.0,36.0,1
2022-03-11,Dallas Mavericks,2022-03-11 17:00:00,6,0,1,0,0,6.5,7,87.0,45.0,85.35,2
2022-03-11,Detroit Pistons,2022-03-11 17:00:00,6,0,0,0,0,6.0,6,38.0,14.0,38.0,1
2022-03-11,Houston Rockets,2022-03-11 17:00:00,1,0,3,0,0,2.5,4,21.0,10.0,12.2,0
2022-03-11,LA Clippers,2022-03-11 17:00:00,6,0,0,0,0,6.0,6,285.0,240.0,285.0,2
2022-03-11,Los Angeles Lakers,2022-03-11 17:00:00,3,0,2,1,0,4.25,7,32.0,10.0,18.55,0
2022-03-11,Memphis Grizzlies,2022-03-11 17:00:00,2,1,0,0,0,2.75,4,25.0,10.0,18.75,0
2022-03-11,Miami Heat,2022-03-11 17:00:00,3,0,2,0,0,4.0,5,23.0,7.0,19.7,0
2022-03-11,Minnesota Timberwolves,2022-03-11 17:00:00,1,0,4,0,0,3.0,5,17.0,5.0,10.4,0
2022-03-11,New Orleans Pelicans,2022-03-11 17:00:00,5,0,0,0,0,5.0,6,281.0,240.0,277.25,2
2022-03-11,New York Knicks,2022-03-11 17:00:00,6,0,1,0,0,6.5,8,83.0,45.0,71.55,2
2022-03-11,Orlando Magic,2022-03-11 17:00:00,2,0,0,0,0,2.0,2,52.0,45.0,52.0,1
2022-03-11,Phoenix Suns,2022-03-11 17:00:00,4,0,0,0,0,4.0,5,276.0,240.0,272.25,2
2022-03-11,San Antonio Spurs,2022-03-11 17:00:00,7,0,0,0,0,7.0,7,36.0,14.0,36.0,1
2022-03-11,Toronto Raptors,2022-03-11 17:00:00,5,0,0,0,0,5.0,6,59.0,25.0,55.25,2
2022-03-11,Utah Jazz,2022-03-11 17:00:00,3,0,0,0,1,3.0,5,21.0,5.0,12.25,0
2022-03-11,Washington Wizards,2022-03-11 17:00:00,4,0,0,0,0,4.0,5,65.0,45.0,61.25,1
2022-03-12,Chicago Bulls,2022-03-12 17:00:00,4,0,2,2,0,5.5,8,88.0,30.0,58.15,3
2022-03-12,Cleveland Cavaliers,2022-03-12 17:00:00,4,0,1,0,0,4.5,6,44.0,25.0,38.6,1
2022-03-12,Denver Nuggets,2022-03-12 17:00:00,3,0,3,1,0,4.75,7,116.0,45.0,104.65,2
2022-03-12,Golden State Warriors,2022-03-12 17:00:00,5,0,0,0,0,5.0,6,26.0,7.0,22.25,0
2022-03-12,Indiana Pacers,2022-03-12 17:00:00,6,0,1,0,0,6.5,7,332.0,240.0,330.35,3
2022-03-12,Miami Heat,2022-03-12 17:00:00,6,0,0,0,0,6.0,7,35.0,7.0,31.25,0
2022-03-12,Milwaukee Bucks,2022-03-12 17:00:00,4,0,0,0,0,4.0,5,108.0,45.0,104.25,2
2022-03-12,Minnesota Timberwolves,2022-03-12 17:00:00,2,1,1,1,0,3.5,6,22.0,5.0,13.3,0
2022-03-12,Portland Trail Blazers,2022-03-12 17:00:00,8,0,0,0,0,8.0,9,45.0,7.0,41.25,0
2022-03-12,Sacramento Kings,2022-03-12 17:00:00,2,0,2,0,0,3.0,5,28.0,10.0,17.1,0
2022-03-12,San Antonio Spurs,2022-03-12 17:00:00,8,0,0,0,0,8.0,9,46.0,14.0,42.25,1
2022-03-12,Toronto Raptors,2022-03-12 17:00:00,5,0,1,0,0,5.5,7,62.0,25.0,56.6,2
2022-03-12,Utah Jazz,2022-03-12 17:00:00,3,0,0,0,0,3.0,4,23.0,10.0,19.25,0
2022-03-12,Washington Wizards,2022-03-12 17:00:00,6,0,0,0,0,6.0,7,73.0,45.0,69.25,1
2022-03-13,Atlanta Hawks,2022-03-13 17:00:00,3,0,0,0,0,3.0,3,13.0,5.0,13.0,0
2022-03-13,Boston Celtics,2022-03-13 17:00:00,3,0,0,0,0,3.0,3,20.0,10.0,20.0,0
2022-03-13,Brooklyn Nets,2022-03-13 17:00:00,5,0,0,0,0,5.0,5,66.0,45.0,66.0,1
2022-03-13,Dallas Mavericks,2022-03-13 17:00:00,5,0,0,0,2,5.0,7,87.0,45.0,81.0,2
2022-03-13,Detroit Pistons,2022-03-13 17:00:00,6,0,0,0,0,6.0,6,38.0,14.0,38.0,1
2022-03-13,Houston Rockets,2022-03-13 17:00:00,1,0,1,0,0,1.5,2,8.0,5.0,6.35,0
2022-03-13,Indiana Pacers,2022-03-13 17:00:00,5,0,3,0,0,6.5,9,340.0,240.0,327.45,3
2022-03-13,LA Clippers,2022-03-13 17:00:00,6,0,0,0,0,6.0,6,285.0,240.0,285.0,2
2022-03-13,Los Angeles Lakers,2022-03-13 17:00:00,3,0,2,1,0,4.25,7,32.0,10.0,18.55,0
2022-03-13,Memphis Grizzlies,2022-03-13 17:00:00,3,0,1,0,0,3.5,5,30.0,10.0,20.75,0
2022-03-13,New Orleans Pelicans,2022-03-13 17:00:00,5,0,0,0,0,5.0,6,281.0,240.0,277.25,2
2022-03-13,New York Knicks,2022-03-13 17:00:00,6,0,0,0,1,6.0,7,78.0,45.0,64.0,1
2022-03-13,Oklahoma City Thunder,2022-03-13 17:00:00,8,0,0,0,1,8.0,9,186.0,45.0,181.0,4
2022-03-13,Orlando Magic,2022-03-13 17:00:00,2,0,0,0,2,2.0,4,65.0,45.0,52.0,1
2022-03-13,Philadelphia 76ers,2022-03-13 17:00:00,4,0,0,0,0,4.0,4,18.0,5.0,18.0,0
2022-03-13,Phoenix Suns,2022-03-13 17:00:00,5,0,0,0,0,5.0,5,276.0,240.0,276.0,2
2022-03-14,Atlanta Hawks,2022-03-14 17:00:00,4,0,0,0,0,4.0,5,21.0,5.0,17.25,0
2022-03-14,Charlotte Hornets,2022-03-14 17:00:00,5,0,0,0,0,5.0,6,33.0,10.0,29.25,0
2022-03-14,Chicago Bulls,2022-03-14 17:00:00,5,0,1,0,0,5.5,6,51.0,30.0,49.35,1
2022-03-14,Cleveland Cavaliers,2022-03-14 17:00:00,3,0,3,0,0,4.5,6,47.0,25.0,42.05,1
2022-03-14,Denver Nuggets,2022-03-14 17:00:00,3,0,2,0,0,4.0,5,103.0,45.0,99.7,2
2022-03-14,Golden State Warriors,2022-03-14 17:00:00,3,0,1,0,0,3.5,5,19.0,5.0,13.6,0
2022-03-14,LA Clippers,2022-03-14 17:00:00,8,0,0,0,0,8.0,9,300.0,240.0,296.25,2
2022-03-14,Los Angeles Lakers,2022-03-14 17:00:00,3,0,1,2,0,4.0,7,32.0,10.0,15.55,0
2022-03-14,Milwaukee Bucks,2022-03-14 17:00:00,3,0,0,0,0,3.0,4,63.0,45.0,59.25,1
2022-03-14,Minnesota Timberwolves,2022-03-14 17:00:00,2,0,3,1,0,3.75,7,25.0,5.0,13.75,0
2022-03-14,Oklahoma City Thunder,2022-03-14 17:00:00,8,0,0,0,0,8.0,9,144.0,45.0,140.25,3
2022-03-14,Philadelphia 76ers,2022-03-14 17:00:00,3,0,0,1,0,3.25,5,23.0,5.0,16.7,0
2022-03-14,Portland Trail Blazers,2022-03-14 17:00:00,8,0,0,0,0,8.0,8,40.0,7.0,40.0,0
2022-03-14,Sacramento Kings,2022-03-14 17:00:00,2,0,2,0,0,3.0,5,21.0,7.0,13.95,0
2022-03-14,San Antonio Spurs,2022-03-14 17:00:00,4,0,0,0,1,4.0,6,38.0,14.0,31.25,1
2022-03-14,Toronto Raptors,2022-03-14 17:00:00,5,0,1,0,0,5.5,7,62.0,25.0,56.6,2
2022-03-14,Utah Jazz,2022-03-14 17:00:00,1,0,2,0,0,2.0,4,21.0,10.0,13.95,0
2022-03-14,Washington Wizards,2022-03-14 17:00:00,5,0,0,0,0,5.0,6,70.0,45.0,66.25,1
2022-03-15,Brooklyn Nets,2022-03-15 17:00:00,7,0,0,0,0,7.0,7,67.0,45.0,67.0,1
2022-03-15,Detroit Pistons,2022-03-15 17:00:00,6,0,1,1,1,6.75,9,53.0,14.0,36.45,1
2022-03-15,Indiana Pacers,2022-03-15 17:00:00,4,0,4,0,0,6.0,8,335.0,240.0,322.9,3
2022-03-15,Memphis Grizzlies,2022-03-15 17:00:00,3,1,0,0,0,3.75,4,18.0,5.0,17.25,0
2022-03-15,Miami Heat,2022-03-15 17:00:00,3,0,0,0,0,3.0,3,13.0,5.0,13.0,0
2022-03-15,New Orleans Pelicans,2022-03-15 17:00:00,4,0,0,0,1,4.0,6,281.0,240.0,272.25,2
2022-03-15,Orlando Magic,2022-03-15 17:00:00,3,0,0,0,1,3.0,4,58.0,45.0,55.0,1
2022-03-15,Phoenix Suns,2022-03-15 17:00:00,5,0,0,0,0,5.0,5,276.0,240.0,276.0,2
2022-03-16,Atlanta Hawks,2022-03-16 17:00:00,3,0,0,1,0,3.25,4,16.0,5.0,13.45,0
2022-03-16,Boston Celtics,2022-03-16 17:00:00,4,0,0,0,0,4.0,5,30.0,10.0,26.25,0
2022-03-16,Brooklyn Nets,2022-03-16 17:00:00,5,0,2,0,0,6.0,8,72.0,45.0,64.95,1
2022-03-16,Charlotte Hornets,2022-03-16 17:00:00,4,0,0,0,0,4.0,5,30.0,10.0,26.25,0
2022-03-16,Chicago Bulls,2022-03-16 17:00:00,5,0,0,1,0,5.25,6,51.0,30.0,48.45,1
2022-03-16,Cleveland Cavaliers,2022-03-16 17:00:00,4,0,0,0,0,4.0,4,41.0,25.0,41.0,1
2022-03-16,Dallas Mavericks,2022-03-16 17:00:00,5,0,0,0,0,5.0,5,81.0,45.0,81.0,2
2022-03-16,Denver Nuggets,2022-03-16 17:00:00,3,0,2,1,0,4.25,6,106.0,45.0,100.15,2
2022-03-16,Golden State Warriors,2022-03-16 17:00:00,3,0,2,0,0,4.0,6,22.0,5.0,14.95,0
2022-03-16,Houston Rockets,2022-03-16 17:00:00,1,0,1,0,0,1.5,3,13.0,5.0,7.6,0
2022-03-16,LA Clippers,2022-03-16 17:00:00,5,0,0,0,0,5.0,6,287.0,240.0,283.25,2
2022-03-16,Los Angeles Lakers,2022-03-16 17:00:00,3,0,1,1,0,3.75,5,24.0,10.0,13.85,0
2022-03-16,Milwaukee Bucks,2022-03-16 17:00:00,4,0,0,0,0,4.0,5,300.0,240.0,296.25,2
2022-03-16,Minnesota Timberwolves,2022-03-16 17:00:00,2,0,4,1,0,4.25,8,35.0,10.0,22.1,0
2022-03-16,New York Knicks,2022-03-16 17:00:00,6,0,0,0,0,6.0,6,64.0,45.0,64.0,1
2022-03-16,Oklahoma City Thunder,2022-03-16 17:00:00,7,0,1,0,0,7.5,8,181.0,45.0,179.35,4
2022-03-16,Philadelphia 76ers,2022-03-16 17:00:00,3,0,1,0,0,3.5,4,18.0,5.0,16.35,0
2022-03-16,Phoenix Suns,2022-03-16 17:00:00,5,0,0,0,0,5.0,6,281.0,240.0,277.25,2
2022-03-16,Portland Trail Blazers,2022-03-16 17:00:00,7,0,1,0,0,7.5,8,40.0,7.0,38.35,0
2022-03-16,Sacramento Kings,2022-03-16 17:00:00,3,0,0,0,0,3.0,4,20.0,7.0,16.25,0
2022-03-16,San Antonio Spurs,2022-03-16 17:00:00,6,0,0,0,0,6.0,6,42.0,14.0,42.0,1
2022-03-16,Toronto Raptors,2022-03-16 17:00:00,4,1,2,0,0,5.75,8,43.0,14.0,35.2,1
2022-03-16,Utah Jazz,2022-03-16 17:00:00,4,0,0,0,0,4.0,4,26.0,10.0,26.0,0
2022-03-16,Washington Wizards,2022-03-16 17:00:00,5,0,0,0,0,5.0,6,70.0,45.0,66.25,1
2022-03-17,Detroit Pistons,2022-03-17 17:00:00,6,0,0,0,1,6.0,7,43.0,14.0,29.0,0
2022-03-17,Orlando Magic,2022-03-17 17:00:00,5,0,0,0,0,5.0,5,68.0,45.0,68.0,1
2022-03-18,Atlanta Hawks,2022-03-18 17:00:00,2,0,2,0,1,3.0,5,19.0,5.0,10.7,0
2022-03-18,Boston Celtics,2022-03-18 17:00:00,4,0,0,0,0,4.0,5,30.0,10.0,26.25,0
2022-03-18,Brooklyn Nets,2022-03-18 17:00:00,5,0,0,1,0,5.25,7,69.0,45.0,62.7,1
2022-03-18,Chicago Bulls,2022-03-18 17:00:00,5,0,0,1,0,5.25,7,56.0,30.0,49.7,1
2022-03-18,Cleveland Cavaliers,2022-03-18 17:00:00,4,0,0,0,0,4.0,4,41.0,25.0,41.0,1
2022-03-18,Dallas Mavericks,2022-03-18 17:00:00,3,0,0,1,0,3.25,4,76.0,45.0,73.45,2
2022-03-18,Denver Nuggets,2022-03-18 17:00:00,3,0,1,0,0,3.5,4,100.0,45.0,98.35,2
2022-03-18,Houston Rockets,2022-03-18 17:00:00,2,0,1,0,0,2.5,3,18.0,10.0,16.35,0
2022-03-18,Indiana Pacers,2022-03-18 17:00:00,5,0,2,0,0,6.0,8,330.0,240.0,322.95,3
2022-03-18,LA Clippers,2022-03-18 17:00:00,6,0,0,0,0,6.0,7,292.0,240.0,288.25,2
2022-03-18,Los Angeles Lakers,2022-03-18 17:00:00,3,0,2,0,0,4.0,5,24.0,10.0,16.85,0
2022-03-18,Memphis Grizzlies,2022-03-18 17:00:00,3,0,2,0,0,4.0,5,21.0,5.0,17.7,0
2022-03-18,Miami Heat,2022-03-18 17:00:00,1,0,3,0,0,2.5,4,19.0,10.0,10.2,0
2022-03-18,New Orleans Pelicans,2022-03-18 17:00:00,4,0,2,0,0,5.0,7,282.0,240.0,274.95,2
2022-03-18,New York Knicks,2022-03-18 17:00:00,5,0,1,0,0,5.5,6,64.0,45.0,62.35,1
2022-03-18,Oklahoma City Thunder,2022-03-18 17:00:00,7,0,1,0,0,7.5,9,186.0,45.0,180.6,4
2022-03-18,Philadelphia 76ers,2022-03-18 17:00:00,3,0,1,0,0,3.5,4,18.0,5.0,16.35,0
2022-03-18,Phoenix Suns,2022-03-18 17:00:00,5,0,1,0,0,5.5,7,284.0,240.0,278.6,2
2022-03-18,Portland Trail Blazers,2022-03-18 17:00:00,7,0,0,0,0,7.0,7,37.0,7.0,37.0,0
2022-03-18,Sacramento Kings,2022-03-18 17:00:00,3,0,1,0,0,3.5,5,23.0,7.0,17.6,0
2022-03-18,San Antonio Spurs,2022-03-18 17:00:00,6,0,1,0,1,6.5,9,55.0,14.0,44.6,1
2022-03-18,Toronto Raptors,2022-03-18 17:00:00,3,0,0,0,0,3.0,4,47.0,25.0,43.25,2
2022-03-18,Utah Jazz,2022-03-18 17:00:00,5,0,0,0,0,5.0,6,34.0,10.0,30.25,0
2022-03-18,Washington Wizards,2022-03-18 17:00:00,5,0,0,0,0,5.0,5,70.0,45.0,70.0,1
2022-03-19,Charlotte Hornets,2022-03-19 17:00:00,5,0,0,0,0,5.0,5,30.0,10.0,30.0,0
2022-03-19,Cleveland Cavaliers,2022-03-19 17:00:00,3,1,0,0,0,3.75,5,46.0,25.0,39.75,1
2022-03-19,Dallas Mavericks,2022-03-19 17:00:00,5,0,0,0,0,5.0,6,90.0,45.0,86.25,2
2022-03-19,Detroit Pistons,2022-03-19 17:00:00,4,0,1,1,0,4.75,6,29.0,12.0,24.8,0
2022-03-19,Los Angeles Lakers,2022-03-19 17:00:00,3,0,3,1,0,4.75,8,42.0,10.0,20.95,0
2022-03-19,Milwaukee Bucks,2022-03-19 17:00:00,4,0,0,0,1,4.0,5,298.0,240.0,253.0,1
2022-03-19,Minnesota Timberwolves,2022-03-19 17:00:00,2,0,0,0,5,2.0,8,35.0,10.0,16.25,0
2022-03-19,Washington Wizards,2022-03-19 17:00:00,2,0,1,0,0,2.5,4,70.0,45.0,60.75,1
2022-03-20,Atlanta Hawks,2022-03-20 17:00:00,2,0,0,0,1,2.0,3,11.0,5.0,8.0,0
2022-03-20,Boston Celtics,2022-03-20 17:00:00,2,0,1,0,0,2.5,4,25.0,10.0,15.75,0
2022-03-20,Denver Nuggets,2022-03-20 17:00:00,4,0,0,0,0,4.0,5,105.0,45.0,101.25,2
2022-03-20,Golden State Warriors,2022-03-20 17:00:00,5,0,1,0,0,5.5,6,21.0,5.0,19.35,0
2022-03-20,Houston Rockets,2022-03-20 17:00:00,3,0,0,0,0,3.0,3,18.0,10.0,18.0,0
2022-03-20,Indiana Pacers,2022-03-20 17:00:00,7,0,0,0,2,7.0,10,338.0,240.0,328.25,3
2022-03-20,Memphis Grizzlies,2022-03-20 17:00:00,5,0,0,0,0,5.0,6,26.0,5.0,22.25,0
2022-03-20,New Orleans Pelicans,2022-03-20 17:00:00,5,0,0,0,0,5.0,5,274.0,240.0,274.0,2
2022-03-20,New York Knicks,2022-03-20 17:00:00,5,0,0,0,0,5.0,5,61.0,45.0,61.0,1
2022-03-20,Oklahoma City Thunder,2022-03-20 17:00:00,8,0,0,0,0,8.0,8,181.0,45.0,181.0,4
2022-03-20,Orlando Magic,2022-03-20 17:00:00,3,0,0,0,0,3.0,3,55.0,45.0,55.0,1
2022-03-20,Philadelphia 76ers,2022-03-20 17:00:00,4,0,1,0,0,4.5,5,21.0,5.0,19.35,0
2022-03-20,Phoenix Suns,2022-03-20 17:00:00,6,0,0,0,1,6.0,8,287.0,240.0,280.25,2
2022-03-20,Portland Trail Blazers,2022-03-20 17:00:00,8,0,0,0,0,8.0,9,45.0,7.0,41.25,0
2022-03-20,Sacramento Kings,2022-03-20 17:00:00,3,0,1,0,0,3.5,5,23.0,7.0,17.6,0
2022-03-20,San Antonio Spurs,2022-03-20 17:00:00,6,0,0,0,2,6.0,9,53.0,14.0,41.25,1
2022-03-20,Toronto Raptors,2022-03-20 17:00:00,6,0,0,0,0,6.0,6,58.0,25.0,58.0,2
2022-03-20,Utah Jazz,2022-03-20 17:00:00,4,0,2,0,0,5.0,6,32.0,10.0,28.7,0
2022-03-21,Boston Celtics,2022-03-21 17:00:00,3,0,1,0,0,3.5,5,26.0,10.0,16.75,0
2022-03-21,Brooklyn Nets,2022-03-21 17:00:00,6,0,1,0,0,6.5,8,72.0,45.0,68.1,1
2022-03-21,Charlotte Hornets,2022-03-21 17:00:00,4,0,0,0,0,4.0,4,25.0,10.0,25.0,0
2022-03-21,Chicago Bulls,2022-03-21 17:00:00,4,0,0,0,1,4.0,5,50.0,30.0,45.0,1
2022-03-21,Cleveland Cavaliers,2022-03-21 17:00:00,4,0,0,0,0,4.0,4,41.0,25.0,41.0,1
2022-03-21,Dallas Mavericks,2022-03-21 17:00:00,2,0,1,0,0,2.5,3,73.0,45.0,71.35,2
2022-03-21,Detroit Pistons,2022-03-21 17:00:00,6,0,0,0,1,6.0,7,54.0,25.0,51.0,1
2022-03-21,Houston Rockets,2022-03-21 17:00:00,2,0,1,0,0,2.5,4,23.0,10.0,17.6,0
2022-03-21,Los Angeles Lakers,2022-03-21 17:00:00,3,0,2,2,0,4.5,7,37.0,10.0,16.7,0
2022-03-21,Miami Heat,2022-03-21 17:00:00,3,0,2,0,0,4.0,5,24.0,10.0,16.85,0
2022-03-21,Minnesota Timberwolves,2022-03-21 17:00:00,2,0,1,1,0,2.75,4,21.0,10.0,16.8,0
2022-03-21,New Orleans Pelicans,2022-03-21 17:00:00,4,0,1,0,0,4.5,6,279.0,240.0,273.6,2
2022-03-21,Oklahoma City Thunder,2022-03-21 17:00:00,7,0,1,0,0,7.5,9,186.0,45.0,180.6,4
2022-03-21,Philadelphia 76ers,2022-03-21 17:00:00,3,0,1,0,0,3.5,5,23.0,7.0,15.4,0
2022-03-21,Portland Trail Blazers,2022-03-21 17:00:00,8,0,0,0,0,8.0,9,45.0,7.0,41.25,0
2022-03-21,Toronto Raptors,2022-03-21 17:00:00,6,0,0,0,0,6.0,7,62.0,25.0,58.25,2
2022-03-21,Utah Jazz,2022-03-21 17:00:00,3,0,0,1,0,3.25,5,31.0,10.0,24.7,0
2022-03-21,Washington Wizards,2022-03-21 17:00:00,5,0,1,0,0,5.5,6,73.0,45.0,71.35,1
2022-03-22,Atlanta Hawks,2022-03-22 17:00:00,4,0,1,0,0,4.5,5,17.0,5.0,15.35,0
2022-03-22,Chicago Bulls,2022-03-22 17:00:00,4,0,1,0,0,4.5,6,54.0,30.0,48.05,1
2022-03-22,Denver Nuggets,2022-03-22 17:00:00,4,0,0,1,0,4.25,5,103.0,45.0,100.45,2
2022-03-22,Golden State Warriors,2022-03-22 17:00:00,4,0,1,1,0,4.75,6,21.0,5.0,16.8,0
2022-03-22,LA Clippers,2022-03-22 17:00:00,5,0,0,0,0,5.0,6,287.0,240.0,283.25,2
2022-03-22,Milwaukee Bucks,2022-03-22 17:00:00,4,0,0,1,0,4.25,5,256.0,240.0,253.45,1
2022-03-22,New York Knicks,2022-03-22 17:00:00,7,0,0,0,0,7.0,7,69.0,45.0,69.0,1
2022-03-22,Orlando Magic,2022-03-22 17:00:00,3,0,0,0,0,3.0,3,55.0,45.0,55.0,1
2022-03-23,Atlanta Hawks,2022-03-23 17:00:00,4,0,2,0,0,5.0,7,25.0,5.0,17.95,0
2022-03-23,Boston Celtics,2022-03-23 17:00:00,5,0,0,2,0,5.5,7,31.0,5.0,25.9,0
2022-03-23,Brooklyn Nets,2022-03-23 17:00:00,7,0,0,0,0,7.0,7,74.0,45.0,74.0,1
2022-03-23,Charlotte Hornets,2022-03-23 17:00:00,5,0,0,0,0,5.0,5,30.0,10.0,30.0,0
2022-03-23,Dallas Mavericks,2022-03-23 17:00:00,5,0,0,0,0,5.0,5,81.0,45.0,81.0,2
2022-03-23,Detroit Pistons,2022-03-23 17:00:00,5,1,0,0,0,5.75,7,39.0,12.0,33.75,0
2022-03-23,Golden State Warriors,2022-03-23 17:00:00,7,0,0,0,0,7.0,8,32.0,5.0,28.25,0
2022-03-23,Houston Rockets,2022-03-23 17:00:00,1,0,0,0,0,1.0,2,10.0,5.0,6.25,0
2022-03-23,Indiana Pacers,2022-03-23 17:00:00,5,0,3,0,0,6.5,9,335.0,240.0,324.65,3
2022-03-23,Los Angeles Lakers,2022-03-23 17:00:00,4,0,1,0,0,4.5,5,24.0,10.0,18.5,0
2022-03-23,Memphis Grizzlies,2022-03-23 17:00:00,4,0,0,0,1,4.0,6,26.0,5.0,17.25,0
2022-03-23,Miami Heat,2022-03-23 17:00:00,3,0,4,0,0,5.0,8,46.0,12.0,26.85,0
2022-03-23,Minnesota Timberwolves,2022-03-23 17:00:00,2,0,1,0,0,2.5,4,23.0,10.0,17.6,0
2022-03-23,New York Knicks,2022-03-23 17:00:00,7,0,0,0,0,7.0,8,72.0,45.0,68.25,1
2022-03-23,Oklahoma City Thunder,2022-03-23 17:00:00,7,0,2,0,0,8.0,10,189.0,45.0,181.95,4
2022-03-23,Orlando Magic,2022-03-23 17:00:00,4,0,2,0,0,5.0,7,77.0,45.0,66.1,1
2022-03-23,Philadelphia 76ers,2022-03-23 17:00:00,3,0,0,0,0,3.0,4,18.0,5.0,14.25,0
2022-03-23,Phoenix Suns,2022-03-23 17:00:00,5,0,0,0,0,5.0,5,276.0,240.0,276.0,2
2022-03-23,Portland Trail Blazers,2022-03-23 17:00:00,8,0,0,1,0,8.25,10,55.0,10.0,42.75,0
2022-03-23,Sacramento Kings,2022-03-23 17:00:00,3,1,0,0,0,3.75,4,16.0,7.0,15.25,0
2022-03-23,San Antonio Spurs,2022-03-23 17:00:00,6,0,0,0,1,6.0,7,45.0,14.0,42.0,1
2022-03-23,Utah Jazz,2022-03-23 17:00:00,3,0,0,0,0,3.0,3,23.0,10.0,23.0,0
2022-03-24,Chicago Bulls,2022-03-24 17:00:00,5,0,0,0,1,5.0,6,52.0,30.0,48.0,1
2022-03-24,Cleveland Cavaliers,2022-03-24 17:00:00,4,0,0,0,0,4.0,4,41.0,25.0,41.0,1
2022-03-24,Denver Nuggets,2022-03-24 17:00:00,4,0,0,0,0,4.0,5,105.0,45.0,101.25,2
2022-03-24,Indiana Pacers,2022-03-24 17:00:00,7,0,2,0,0,8.0,10,335.0,240.0,327.95,3
2022-03-24,Memphis Grizzlies,2022-03-24 17:00:00,6,0,0,0,0,6.0,7,28.0,5.0,24.25,0
2022-03-24,Milwaukee Bucks,2022-03-24 17:00:00,3,0,0,0,2,3.0,6,66.0,45.0,52.25,1
2022-03-24,New Orleans Pelicans,2022-03-24 17:00:00,2,1,0,1,0,3.0,4,271.0,240.0,267.7,2
2022-03-24,Phoenix Suns,2022-03-24 17:00:00,4,0,0,1,0,4.25,6,281.0,240.0,256.0,2
2022-03-24,Toronto Raptors,2022-03-24 17:00:00,4,0,2,0,0,5.0,6,57.0,25.0,41.6,2
2022-03-24,Washington Wizards,2022-03-24 17:00:00,5,0,0,0,0,5.0,5,68.0,45.0,68.0,1
2022-03-25,Atlanta Hawks,2022-03-25 17:00:00,3,0,1,0,0,3.5,4,14.0,5.0,12.35,0
2022-03-25,Charlotte Hornets,2022-03-25 17:00:00,5,0,0,0,0,5.0,5,30.0,10.0,30.0,0
2022-03-25,Dallas Mavericks,2022-03-25 17:00:00,6,0,0,0,0,6.0,6,86.0,45.0,86.0,2
2022-03-25,Detroit Pistons,2022-03-25 17:00:00,5,0,0,0,0,5.0,5,53.0,25.0,53.0,1
2022-03-25,Golden State Warriors,2022-03-25 17:00:00,3,0,1,0,0,3.5,4,15.0,5.0,13.35,0
2022-03-25,Houston Rockets,2022-03-25 17:00:00,2,0,0,0,0,2.0,3,15.0,5.0,11.25,0
2022-03-25,LA Clippers,2022-03-25 17:00:00,5,1,1,0,0,6.25,8,293.0,240.0,286.85,2
2022-03-25,Miami Heat,2022-03-25 17:00:00,4,0,5,0,0,6.5,9,51.0,12.0,33.95,0
2022-03-25,Minnesota Timberwolves,2022-03-25 17:00:00,2,0,1,0,0,2.5,4,23.0,10.0,17.6,0
2022-03-25,New York Knicks,2022-03-25 17:00:00,5,0,2,0,0,6.0,7,67.0,45.0,63.7,1
2022-03-25,Philadelphia 76ers,2022-03-25 17:00:00,3,0,0,0,0,3.0,4,18.0,5.0,14.25,0
2022-03-25,Portland Trail Blazers,2022-03-25 17:00:00,9,0,0,0,0,9.0,10,48.0,7.0,44.25,0
2022-03-25,Utah Jazz,2022-03-25 17:00:00,3,0,1,0,0,3.5,4,26.0,10.0,24.35,0
2022-03-25,Washington Wizards,2022-03-25 17:00:00,7,0,0,0,0,7.0,8,81.0,45.0,77.25,1
2022-03-26,Brooklyn Nets,2022-03-26 17:00:00,5,0,0,2,0,5.5,7,74.0,45.0,62.95,1
2022-03-26,Chicago Bulls,2022-03-26 17:00:00,4,0,0,2,0,4.5,6,51.0,30.0,45.9,1
2022-03-26,Cleveland Cavaliers,2022-03-26 17:00:00,4,0,0,0,0,4.0,4,41.0,25.0,41.0,1
2022-03-26,Denver Nuggets,2022-03-26 17:00:00,4,0,0,0,0,4.0,5,105.0,45.0,101.25,2
2022-03-26,Houston Rockets,2022-03-26 17:00:00,3,0,0,0,0,3.0,4,18.0,5.0,14.25,0
2022-03-26,Indiana Pacers,2022-03-26 17:00:00,6,0,4,0,0,8.0,10,335.0,240.0,326.2,3
2022-03-26,Memphis Grizzlies,2022-03-26 17:00:00,5,0,0,0,0,5.0,6,24.0,5.0,20.25,0
2022-03-26,Miami Heat,2022-03-26 17:00:00,3,0,6,0,0,6.0,10,56.0,12.0,31.35,0
2022-03-26,Milwaukee Bucks,2022-03-26 17:00:00,3,0,1,1,0,3.75,6,62.0,45.0,54.05,1
2022-03-26,New Orleans Pelicans,2022-03-26 17:00:00,3,0,0,0,0,3.0,3,268.0,240.0,268.0,2
2022-03-26,Oklahoma City Thunder,2022-03-26 17:00:00,7,0,1,0,0,7.5,9,186.0,45.0,180.6,4
2022-03-26,Orlando Magic,2022-03-26 17:00:00,4,0,0,0,0,4.0,4,58.0,45.0,58.0,1
2022-03-26,Portland Trail Blazers,2022-03-26 17:00:00,9,0,0,0,0,9.0,10,48.0,7.0,44.25,0
2022-03-26,Sacramento Kings,2022-03-26 17:00:00,4,0,0,0,0,4.0,4,16.0,7.0,16.0,0
2022-03-26,San Antonio Spurs,2022-03-26 17:00:00,7,0,0,0,0,7.0,7,45.0,14.0,45.0,1
2022-03-26,Toronto Raptors,2022-03-26 17:00:00,4,0,1,0,0,4.5,5,32.0,14.0,30.35,1
2022-03-27,Boston Celtics,2022-03-27 17:00:00,5,0,0,0,2,5.0,8,34.0,5.0,24.25,0
2022-03-27,Brooklyn Nets,2022-03-27 17:00:00,2,0,1,0,1,2.5,5,66.0,45.0,53.75,1
2022-03-27,Charlotte Hornets,2022-03-27 17:00:00,5,0,0,0,0,5.0,5,30.0,10.0,30.0,0
2022-03-27,Dallas Mavericks,2022-03-27 17:00:00,3,0,1,1,0,3.75,5,81.0,45.0,76.8,2
2022-03-27,Detroit Pistons,2022-03-27 17:00:00,6,0,0,0,0,6.0,6,41.0,12.0,41.0,0
2022-03-27,Golden State Warriors,2022-03-27 17:00:00,4,0,0,0,0,4.0,4,16.0,5.0,16.0,0
2022-03-27,Los Angeles Lakers,2022-03-27 17:00:00,3,0,2,1,0,4.25,6,27.0,10.0,15.2,0
2022-03-27,Minnesota Timberwolves,2022-03-27 17:00:00,3,0,0,0,1,3.0,4,28.0,10.0,25.0,0
2022-03-27,New Orleans Pelicans,2022-03-27 17:00:00,2,1,2,1,0,4.0,7,289.0,240.0,274.8,2
2022-03-27,New York Knicks,2022-03-27 17:00:00,6,0,0,0,1,6.0,8,72.0,45.0,65.25,1
2022-03-27,Philadelphia 76ers,2022-03-27 17:00:00,3,0,0,0,0,3.0,4,18.0,5.0,14.25,0
2022-03-27,Phoenix Suns,2022-03-27 17:00:00,5,0,0,0,0,5.0,6,259.0,240.0,255.25,1
2022-03-27,Utah Jazz,2022-03-27 17:00:00,3,0,1,0,0,3.5,5,66.0,45.0,60.6,1
2022-03-27,Washington Wizards,2022-03-27 17:00:00,3,0,0,0,3,3.0,6,71.0,45.0,58.0,1
2022-03-28,Atlanta Hawks,2022-03-28 17:00:00,3,0,2,0,0,4.0,5,17.0,5.0,13.7,0
2022-03-28,Boston Celtics,2022-03-28 17:00:00,4,0,0,0,0,4.0,5,17.0,5.0,13.25,0
2022-03-28,Charlotte Hornets,2022-03-28 17:00:00,5,0,0,0,0,5.0,6,35.0,10.0,31.25,0
2022-03-28,Chicago Bulls,2022-03-28 17:00:00,4,0,0,0,0,4.0,4,45.0,30.0,45.0,1
2022-03-28,Cleveland Cavaliers,2022-03-28 17:00:00,5,0,0,0,0,5.0,5,46.0,25.0,46.0,1
2022-03-28,Denver Nuggets,2022-03-28 17:00:00,4,0,2,0,0,5.0,6,106.0,45.0,102.7,2
2022-03-28,Golden State Warriors,2022-03-28 17:00:00,6,0,1,0,0,6.5,8,30.0,5.0,24.6,0
2022-03-28,Houston Rockets,2022-03-28 17:00:00,2,0,3,0,0,3.5,5,19.0,5.0,14.05,0
2022-03-28,Indiana Pacers,2022-03-28 17:00:00,8,0,0,0,1,8.0,9,330.0,240.0,327.0,3
2022-03-28,Memphis Grizzlies,2022-03-28 17:00:00,5,0,2,0,0,6.0,8,32.0,5.0,24.95,0
2022-03-28,Miami Heat,2022-03-28 17:00:00,3,0,3,0,0,4.5,6,31.0,12.0,21.1,0
2022-03-28,New York Knicks,2022-03-28 17:00:00,5,0,1,0,0,5.5,7,69.0,45.0,63.6,1
2022-03-28,Oklahoma City Thunder,2022-03-28 17:00:00,8,0,0,0,0,8.0,9,186.0,45.0,182.25,4
2022-03-28,Orlando Magic,2022-03-28 17:00:00,3,0,0,0,0,3.0,3,55.0,45.0,55.0,1
2022-03-28,Portland Trail Blazers,2022-03-28 17:00:00,10,1,0,0,0,10.75,12,54.0,7.0,49.5,0
2022-03-28,Sacramento Kings,2022-03-28 17:00:00,5,0,0,0,0,5.0,5,19.0,7.0,19.0,0
2022-03-28,San Antonio Spurs,2022-03-28 17:00:00,6,0,0,0,1,6.0,7,47.0,14.0,42.0,1
2022-03-28,Toronto Raptors,2022-03-28 17:00:00,5,0,1,0,0,5.5,6,35.0,14.0,33.35,1
2022-03-29,Brooklyn Nets,2022-03-29 17:00:00,4,0,0,0,0,4.0,4,58.0,45.0,58.0,1
2022-03-29,Chicago Bulls,2022-03-29 17:00:00,4,0,1,1,0,4.75,7,57.0,30.0,48.5,1
2022-03-29,Dallas Mavericks,2022-03-29 17:00:00,4,0,0,0,0,4.0,4,80.0,45.0,80.0,2
2022-03-29,Detroit Pistons,2022-03-29 17:00:00,6,0,0,0,0,6.0,6,63.0,25.0,63.0,1
2022-03-29,LA Clippers,2022-03-29 17:00:00,4,0,1,0,0,4.5,6,287.0,240.0,281.6,2
2022-03-29,Los Angeles Lakers,2022-03-29 17:00:00,2,2,0,1,0,3.75,5,24.0,10.0,18.2,0
2022-03-29,Milwaukee Bucks,2022-03-29 17:00:00,1,0,0,1,0,1.25,2,48.0,45.0,45.45,1
2022-03-29,Philadelphia 76ers,2022-03-29 17:00:00,3,0,0,0,1,3.0,4,18.0,5.0,13.0,0
2022-03-29,Utah Jazz,2022-03-29 17:00:00,2,0,3,0,0,3.5,6,69.0,45.0,56.45,1
2022-03-29,Washington Wizards,2022-03-29 17:00:00,6,0,0,0,0,6.0,6,73.0,45.0,73.0,1
2022-03-30,Atlanta Hawks,2022-03-30 17:00:00,4,0,2,0,0,5.0,7,28.0,6.0,19.3,0
2022-03-30,Boston Celtics,2022-03-30 17:00:00,2,0,0,2,0,2.5,4,14.0,5.0,8.9,0
2022-03-30,Charlotte Hornets,2022-03-30 17:00:00,6,0,0,0,0,6.0,6,35.0,10.0,35.0,0
2022-03-30,Cleveland Cavaliers,2022-03-30 17:00:00,5,0,0,0,1,5.0,7,103.0,45.0,94.25,2
2022-03-30,Dallas Mavericks,2022-03-30 17:00:00,7,0,0,0,0,7.0,8,107.0,45.0,103.25,2
2022-03-30,Denver Nuggets,2022-03-30 17:00:00,4,0,1,0,0,4.5,5,103.0,45.0,101.35,2
2022-03-30,Golden State Warriors,2022-03-30 17:00:00,2,0,0,0,0,2.0,3,12.0,5.0,8.25,0
2022-03-30,Houston Rockets,2022-03-30 17:00:00,5,0,1,0,0,5.5,6,22.0,5.0,20.35,0
2022-03-30,Indiana Pacers,2022-03-30 17:00:00,5,0,5,0,0,7.5,11,338.0,240.0,324.9,3
2022-03-30,Memphis Grizzlies,2022-03-30 17:00:00,4,0,1,0,1,4.5,7,29.0,5.0,18.6,0
2022-03-30,Miami Heat,2022-03-30 17:00:00,2,0,3,0,0,3.5,5,19.0,5.0,14.05,0
2022-03-30,Minnesota Timberwolves,2022-03-30 17:00:00,3,0,0,0,0,3.0,3,25.0,10.0,25.0,0
2022-03-30,New Orleans Pelicans,2022-03-30 17:00:00,3,0,1,1,0,3.75,6,281.0,240.0,273.05,2
2022-03-30,New York Knicks,2022-03-30 17:00:00,6,0,1,0,0,6.5,7,67.0,45.0,65.35,1
2022-03-30,Oklahoma City Thunder,2022-03-30 17:00:00,8,0,1,0,0,8.5,10,200.0,45.0,188.55,5
2022-03-30,Orlando Magic,2022-03-30 17:00:00,4,0,0,0,0,4.0,4,58.0,45.0,58.0,1
2022-03-30,Phoenix Suns,2022-03-30 17:00:00,3,1,0,0,0,3.75,5,254.0,240.0,249.5,1
2022-03-30,Portland Trail Blazers,2022-03-30 17:00:00,9,0,0,2,0,9.5,12,54.0,7.0,41.75,0
2022-03-30,Sacramento Kings,2022-03-30 17:00:00,4,0,3,0,0,5.5,7,25.0,7.0,20.05,0
2022-03-30,San Antonio Spurs,2022-03-30 17:00:00,5,0,0,0,1,5.0,6,42.0,14.0,39.0,1
2022-03-30,Toronto Raptors,2022-03-30 17:00:00,4,0,1,0,0,4.5,5,32.0,14.0,30.35,1
2022-03-30,Washington Wizards,2022-03-30 17:00:00,6,0,0,0,0,6.0,7,78.0,45.0,74.25,1
2022-03-31,Atlanta Hawks,2022-03-31 17:00:00,4,0,2,0,0,5.0,7,28.0,6.0,20.95,0
2022-03-31,Brooklyn Nets,2022-03-31 17:00:00,4,0,0,0,0,4.0,4,58.0,45.0,58.0,1
2022-03-31,Chicago Bulls,2022-03-31 17:00:00,4,0,0,1,0,4.25,5,48.0,30.0,45.45,1
2022-03-31,Cleveland Cavaliers,2022-03-31 17:00:00,6,0,0,0,0,6.0,7,103.0,45.0,99.25,2
2022-03-31,Detroit Pistons,2022-03-31 17:00:00,4,0,1,0,0,4.5,5,88.0,45.0,86.35,2
2022-03-31,LA Clippers,2022-03-31 17:00:00,5,0,2,0,0,6.0,8,293.0,240.0,285.95,2
2022-03-31,Los Angeles Lakers,2022-03-31 17:00:00,3,1,1,0,0,4.25,5,31.0,10.0,24.75,0
2022-03-31,Milwaukee Bucks,2022-03-31 17:00:00,1,0,0,1,0,1.25,2,48.0,45.0,45.45,1
2022-03-31,Philadelphia 76ers,2022-03-31 17:00:00,3,0,0,0,0,3.0,3,13.0,5.0,13.0,0
2022-03-31,Utah Jazz,2022-03-31 17:00:00,3,0,2,0,0,4.0,6,72.0,45.0,61.1,1
2022-04-01,Boston Celtics,2022-04-01 17:00:00,4,0,0,0,0,4.0,4,18.0,5.0,18.0,0
2022-04-01,Dallas Mavericks,2022-04-01 17:00:00,5,0,0,0,1,5.0,6,95.0,45.0,85.0,2
2022-04-01,Denver Nuggets,2022-04-01 17:00:00,4,0,1,0,0,4.5,5,103.0,45.0,101.35,2
2022-04-01,Detroit Pistons,2022-04-01 17:00:00,7,0,0,0,0,7.0,8,101.0,45.0,97.25,2
2022-04-01,Houston Rockets,2022-04-01 17:00:00,5,0,1,0,0,5.5,6,22.0,5.0,20.35,0
2022-04-01,Indiana Pacers,2022-04-01 17:00:00,5,0,4,0,0,7.0,9,328.0,240.0,321.40000000000003,3
2022-04-01,LA Clippers,2022-04-01 17:00:00,9,0,0,0,0,9.0,10,301.0,240.0,297.25,2
2022-04-01,Los Angeles Lakers,2022-04-01 17:00:00,2,0,3,0,0,3.5,6,36.0,10.0,19.6,0
2022-04-01,Memphis Grizzlies,2022-04-01 17:00:00,2,4,0,0,0,5.0,7,24.0,5.0,17.0,0
2022-04-01,Milwaukee Bucks,2022-04-01 17:00:00,5,0,0,0,0,5.0,6,69.0,45.0,65.25,1
2022-04-01,Minnesota Timberwolves,2022-04-01 17:00:00,3,0,1,0,0,3.5,5,35.0,10.0,25.75,0
2022-04-01,New Orleans Pelicans,2022-04-01 17:00:00,3,0,0,0,0,3.0,4,275.0,240.0,271.25,2
2022-04-01,Oklahoma City Thunder,2022-04-01 17:00:00,9,0,0,0,0,9.0,10,200.0,45.0,196.25,5
2022-04-01,Orlando Magic,2022-04-01 17:00:00,4,0,0,0,0,4.0,4,58.0,45.0,58.0,1
2022-04-01,Phoenix Suns,2022-04-01 17:00:00,2,0,0,2,0,2.5,5,254.0,240.0,245.15,1
2022-04-01,Portland Trail Blazers,2022-04-01 17:00:00,9,0,0,0,0,9.0,10,44.0,7.0,40.25,0
2022-04-01,Sacramento Kings,2022-04-01 17:00:00,4,0,0,0,0,4.0,4,16.0,7.0,16.0,0
2022-04-01,San Antonio Spurs,2022-04-01 17:00:00,6,0,1,0,0,6.5,8,52.0,14.0,46.6,1
2022-04-01,Toronto Raptors,2022-04-01 17:00:00,5,0,0,0,0,5.0,5,32.0,14.0,32.0,1
2022-04-01,Washington Wizards,2022-04-01 17:00:00,6,0,0,0,0,6.0,6,73.0,45.0,73.0,1
2022-04-02,Atlanta Hawks,2022-04-02 17:00:00,3,0,0,2,0,3.5,5,20.0,6.0,14.9,0
2022-04-02,Brooklyn Nets,2022-04-02 17:00:00,4,0,1,0,2,4.5,7,69.0,45.0,57.35,1
2022-04-02,Charlotte Hornets,2022-04-02 17:00:00,5,0,0,0,1,5.0,6,35.0,10.0,25.0,0
2022-04-02,Chicago Bulls,2022-04-02 17:00:00,4,0,0,1,0,4.25,5,48.0,30.0,45.45,1
2022-04-02,Cleveland Cavaliers,2022-04-02 17:00:00,6,0,0,0,0,6.0,6,98.0,45.0,98.0,2
2022-04-02,Golden State Warriors,2022-04-02 17:00:00,2,0,0,0,0,2.0,3,12.0,5.0,8.25,0
2022-04-02,Miami Heat,2022-04-02 17:00:00,0,0,3,0,0,1.5,3,9.0,3.0,4.050000000000001,0
2022-04-02,New York Knicks,2022-04-02 17:00:00,8,0,0,0,0,8.0,8,70.0,45.0,70.0,1
2022-04-02,Philadelphia 76ers,2022-04-02 17:00:00,4,0,0,0,1,4.0,5,25.0,5.0,20.0,0
2022-04-02,Utah Jazz,2022-04-02 17:00:00,3,0,1,0,0,3.5,5,86.0,45.0,68.5,2
2022-04-03,Boston Celtics,2022-04-03 17:00:00,4,0,0,0,3,4.0,7,36.0,10.0,23.0,0
2022-04-03,Cleveland Cavaliers,2022-04-03 17:00:00,4,0,1,0,1,4.5,7,101.0,45.0,85.6,2
2022-04-03,Dallas Mavericks,2022-04-03 17:00:00,6,0,0,0,0,6.0,6,88.0,45.0,88.0,2
2022-04-03,Denver Nuggets,2022-04-03 17:00:00,5,0,0,0,1,5.0,7,111.0,45.0,104.25,2
2022-04-03,Detroit Pistons,2022-04-03 17:00:00,9,0,0,0,0,9.0,9,104.0,45.0,104.0,2
2022-04-03,Golden State Warriors,2022-04-03 17:00:00,5,0,0,0,0,5.0,6,24.0,5.0,20.25,0
2022-04-03,Houston Rockets,2022-04-03 17:00:00,5,0,0,0,0,5.0,5,19.0,5.0,19.0,0
2022-04-03,Indiana Pacers,2022-04-03 17:00:00,6,0,0,0,1,6.0,7,322.0,240.0,319.0,3
2022-04-03,LA Clippers,2022-04-03 17:00:00,5,0,0,0,0,5.0,6,287.0,240.0,283.25,2
2022-04-03,Los Angeles Lakers,2022-04-03 17:00:00,3,0,0,0,2,3.0,5,24.0,10.0,18.0,0
2022-04-03,Miami Heat,2022-04-03 17:00:00,5,0,0,0,1,5.0,7,32.0,10.0,25.25,0
2022-04-03,Milwaukee Bucks,2022-04-03 17:00:00,1,0,0,0,1,1.0,2,48.0,45.0,45.0,1
2022-04-03,Minnesota Timberwolves,2022-04-03 17:00:00,1,0,2,0,0,2.0,3,23.0,10.0,15.85,0
2022-04-03,New Orleans Pelicans,2022-04-03 17:00:00,3,0,0,0,0,3.0,4,275.0,240.0,271.25,2
2022-04-03,New York Knicks,2022-04-03 17:00:00,6,0,0,0,2,6.0,9,75.0,45.0,65.25,1
2022-04-03,Oklahoma City Thunder,2022-04-03 17:00:00,9,0,2,0,0,10.0,12,206.0,45.0,198.95,5
2022-04-03,Orlando Magic,2022-04-03 17:00:00,6,0,0,0,1,6.0,8,79.0,45.0,72.25,1
2022-04-03,Philadelphia 76ers,2022-04-03 17:00:00,4,0,1,0,0,4.5,6,28.0,5.0,22.6,0
2022-04-03,Phoenix Suns,2022-04-03 17:00:00,5,0,0,0,0,5.0,5,256.0,240.0,256.0,1
2022-04-03,Portland Trail Blazers,2022-04-03 17:00:00,9,0,0,0,0,9.0,9,39.0,7.0,39.0,0
2022-04-03,Sacramento Kings,2022-04-03 17:00:00,4,0,1,0,0,4.5,6,24.0,7.0,18.6,0
2022-04-03,San Antonio Spurs,2022-04-03 17:00:00,3,0,1,1,0,3.75,5,26.0,10.0,21.8,0
2022-04-03,Toronto Raptors,2022-04-03 17:00:00,3,0,0,0,1,3.0,4,23.0,14.0,9.0,0
2022-04-03,Washington Wizards,2022-04-03 17:00:00,6,0,0,0,0,6.0,6,73.0,45.0,73.0,1
2022-04-05,Atlanta Hawks,2022-04-05 17:00:00,2,0,2,0,0,3.0,4,14.0,5.0,10.7,0
2022-04-05,Brooklyn Nets,2022-04-05 17:00:00,6,0,1,0,1,6.5,8,72.0,45.0,67.35,1
2022-04-05,Chicago Bulls,2022-04-05 17:00:00,1,0,2,0,0,2.0,3,37.0,30.0,33.15,1
2022-04-05,Cleveland Cavaliers,2022-04-05 17:00:00,4,0,0,0,0,4.0,4,83.0,45.0,83.0,2
2022-04-05,Denver Nuggets,2022-04-05 17:00:00,4,0,1,0,0,4.5,5,103.0,45.0,101.35,2
2022-04-05,Houston Rockets,2022-04-05 17:00:00,5,0,0,0,0,5.0,5,19.0,5.0,19.0,0
2022-04-05,Indiana Pacers,2022-04-05 17:00:00,4,0,3,0,0,5.5,7,322.0,240.0,293.95,3
2022-04-05,Los Angeles Lakers,2022-04-05 17:00:00,3,0,1,0,0,3.5,4,21.0,10.0,19.35,0
2022-04-05,Memphis Grizzlies,2022-04-05 17:00:00,3,1,0,0,0,3.75,4,12.0,3.0,11.25,0
2022-04-05,Miami Heat,2022-04-05 17:00:00,0,0,6,0,0,3.0,6,25.0,10.0,11.25,0
2022-04-05,Milwaukee Bucks,2022-04-05 17:00:00,1,0,0,1,0,1.25,2,48.0,45.0,45.45,1
2022-04-05,Minnesota Timberwolves,2022-04-05 17:00:00,0,0,2,1,0,1.25,3,23.0,10.0,7.35,0
2022-04-05,New Orleans Pelicans,2022-04-05 17:00:00,3,0,1,0,0,3.5,4,273.0,240.0,271.35,2
2022-04-05,Oklahoma City Thunder,2022-04-05 17:00:00,9,0,0,0,0,9.0,9,195.0,45.0,195.0,5
2022-04-05,Orlando Magic,2022-04-05 17:00:00,6,0,0,0,2,6.0,8,77.0,45.0,64.0,1
2022-04-05,Philadelphia 76ers,2022-04-05 17:00:00,3,0,0,0,0,3.0,3,15.0,5.0,15.0,0
2022-04-05,Phoenix Suns,2022-04-05 17:00:00,2,0,0,0,0,2.0,2,243.0,240.0,243.0,1
2022-04-05,Portland Trail Blazers,2022-04-05 17:00:00,9,0,1,0,0,9.5,10,42.0,7.0,40.35,0
2022-04-05,Sacramento Kings,2022-04-05 17:00:00,4,0,1,0,0,4.5,5,19.0,7.0,17.35,0
2022-04-05,San Antonio Spurs,2022-04-05 17:00:00,5,0,1,0,0,5.5,6,29.0,10.0,27.35,0
2022-04-05,Toronto Raptors,2022-04-05 17:00:00,2,0,1,0,0,2.5,3,9.0,3.0,7.35,0
2022-04-05,Utah Jazz,2022-04-05 17:00:00,2,0,0,0,0,2.0,2,51.0,45.0,51.0,1
2022-04-05,Washington Wizards,2022-04-05 17:00:00,6,0,0,0,0,6.0,6,73.0,45.0,73.0,1
2022-04-06,Atlanta Hawks,2022-04-06 17:00:00,2,0,2,0,0,3.0,5,17.0,5.0,9.95,0
2022-04-06,Boston Celtics,2022-04-06 17:00:00,3,0,0,3,0,3.75,7,32.0,10.0,20.6,0
2022-04-06,Brooklyn Nets,2022-04-06 17:00:00,4,0,0,0,0,4.0,5,61.0,45.0,57.25,1
2022-04-06,Chicago Bulls,2022-04-06 17:00:00,1,1,0,4,0,2.75,7,51.0,30.0,35.45,1
2022-04-06,Dallas Mavericks,2022-04-06 17:00:00,3,0,0,0,0,3.0,3,53.0,45.0,53.0,1
2022-04-06,Detroit Pistons,2022-04-06 17:00:00,7,0,0,0,0,7.0,7,54.0,25.0,54.0,1
2022-04-06,LA Clippers,2022-04-06 17:00:00,3,0,1,0,0,3.5,5,284.0,240.0,266.5,2
2022-04-06,New York Knicks,2022-04-06 17:00:00,5,0,2,0,0,6.0,7,65.0,45.0,61.7,1
2022-04-06,Oklahoma City Thunder,2022-04-06 17:00:00,9,0,0,0,0,9.0,10,200.0,45.0,196.25,5
2022-04-06,Phoenix Suns,2022-04-06 17:00:00,6,0,0,0,0,6.0,7,261.0,240.0,257.25,1
2022-04-06,Utah Jazz,2022-04-06 17:00:00,3,1,1,0,0,4.25,6,67.0,45.0,59.2,1
2022-04-06,Washington Wizards,2022-04-06 17:00:00,6,0,0,0,0,6.0,7,78.0,45.0,74.25,1
2022-04-07,Boston Celtics,2022-04-07 17:00:00,4,0,0,1,0,4.25,6,34.0,10.0,21.75,0
2022-04-07,Charlotte Hornets,2022-04-07 17:00:00,0,1,0,0,0,0.75,1,3.0,3.0,2.25,0
2022-04-07,Denver Nuggets,2022-04-07 17:00:00,4,0,1,0,0,4.5,5,103.0,45.0,101.35,2
2022-04-07,Golden State Warriors,2022-04-07 17:00:00,2,0,0,0,0,2.0,2,7.0,4.0,7.0,0
2022-04-07,Los Angeles Lakers,2022-04-07 17:00:00,5,0,0,0,0,5.0,6,29.0,10.0,25.25,0
2022-04-07,Memphis Grizzlies,2022-04-07 17:00:00,3,0,2,0,0,4.0,6,20.0,5.0,12.95,0
2022-04-07,Milwaukee Bucks,2022-04-07 17:00:00,1,1,0,1,0,2.0,4,56.0,45.0,48.95,1
2022-04-07,Minnesota Timberwolves,2022-04-07 17:00:00,0,0,3,1,0,1.75,5,31.0,10.0,9.95,0
2022-04-07,New Orleans Pelicans,2022-04-07 17:00:00,2,1,0,0,2,2.75,6,281.0,240.0,268.5,2
2022-04-07,Orlando Magic,2022-04-07 17:00:00,5,0,0,0,2,5.0,7,74.0,45.0,68.0,1
2022-04-07,Philadelphia 76ers,2022-04-07 17:00:00,4,0,0,0,0,4.0,4,18.0,5.0,18.0,0
2022-04-07,Portland Trail Blazers,2022-04-07 17:00:00,9,0,0,0,1,9.0,11,47.0,7.0,40.25,0
2022-04-07,San Antonio Spurs,2022-04-07 17:00:00,6,0,0,0,2,6.0,9,44.0,10.0,30.25,0
2022-04-07,Toronto Raptors,2022-04-07 17:00:00,4,2,0,0,0,5.5,6,26.0,5.0,24.5,0
2022-04-08,Atlanta Hawks,2022-04-08 17:00:00,1,0,2,0,0,2.0,3,9.0,3.0,5.7,0
2022-04-08,Brooklyn Nets,2022-04-08 17:00:00,3,0,0,1,0,3.25,4,56.0,45.0,53.45,1
2022-04-08,Charlotte Hornets,2022-04-08 17:00:00,1,0,0,0,0,1.0,2,8.0,5.0,4.25,0
2022-04-08,Chicago Bulls,2022-04-08 17:00:00,2,0,1,1,0,2.75,4,39.0,30.0,34.8,1
2022-04-08,Cleveland Cavaliers,2022-04-08 17:00:00,3,0,1,0,0,3.5,4,83.0,45.0,77.5,2
2022-04-08,Dallas Mavericks,2022-04-08 17:00:00,4,0,0,0,0,4.0,4,56.0,45.0,56.0,1
2022-04-08,Detroit Pistons,2022-04-08 17:00:00,6,0,1,0,0,6.5,7,56.0,25.0,54.35,1
2022-04-08,Houston Rockets,2022-04-08 17:00:00,5,0,0,0,0,5.0,5,19.0,5.0,19.0,0
2022-04-08,Los Angeles Lakers,2022-04-08 17:00:00,5,0,1,0,0,5.5,7,32.0,10.0,25.5,0
2022-04-08,Miami Heat,2022-04-08 17:00:00,2,0,5,0,0,4.5,7,35.0,10.0,22.9,0
2022-04-08,Milwaukee Bucks,2022-04-08 17:00:00,2,0,1,0,0,2.5,4,16.0,5.0,10.6,0
2022-04-08,New York Knicks,2022-04-08 17:00:00,6,0,1,0,0,6.5,7,65.0,45.0,63.35,1
2022-04-08,Oklahoma City Thunder,2022-04-08 17:00:00,9,0,0,0,0,9.0,10,200.0,45.0,196.25,5
2022-04-08,Phoenix Suns,2022-04-08 17:00:00,1,0,0,0,0,1.0,2,245.0,240.0,241.25,1
2022-04-08,Portland Trail Blazers,2022-04-08 17:00:00,10,0,0,0,0,10.0,11,50.0,10.0,46.25,0
2022-04-08,Toronto Raptors,2022-04-08 17:00:00,2,0,3,0,0,3.5,6,21.0,5.0,12.3,0
2022-04-08,Utah Jazz,2022-04-08 17:00:00,2,0,0,0,0,2.0,3,53.0,45.0,49.25,1
2022-04-08,Washington Wizards,2022-04-08 17:00:00,4,0,0,0,0,4.0,4,56.0,45.0,56.0,1
2022-04-09,Golden State Warriors,2022-04-09 17:00:00,3,0,1,0,0,3.5,5,19.0,5.0,13.6,0
2022-04-09,Indiana Pacers,2022-04-09 17:00:00,8,0,0,0,0,8.0,8,285.0,240.0,285.0,2
2022-04-09,LA Clippers,2022-04-09 17:00:00,3,0,0,0,0,3.0,4,259.0,240.0,255.25,1
2022-04-09,Memphis Grizzlies,2022-04-09 17:00:00,4,0,1,0,0,4.5,6,20.0,5.0,14.6,0
2022-04-09,New Orleans Pelicans,2022-04-09 17:00:00,3,0,0,0,0,3.0,3,268.0,240.0,268.0,2
2022-04-09,Philadelphia 76ers,2022-04-09 17:00:00,5,0,0,0,0,5.0,5,21.0,5.0,21.0,0
2022-04-09,Sacramento Kings,2022-04-09 17:00:00,5,0,0,0,0,5.0,6,24.0,7.0,20.25,0
2022-04-09,San Antonio Spurs,2022-04-09 17:00:00,5,0,1,0,0,5.5,7,30.0,10.0,24.6,0
2022-04-10,Atlanta Hawks,2022-04-10 17:00:00,3,0,0,0,1,3.0,5,19.0,5.0,12.25,0
2022-04-10,Boston Celtics,2022-04-10 17:00:00,2,0,0,0,0,2.0,3,18.0,10.0,14.25,0
2022-04-10,Brooklyn Nets,2022-04-10 17:00:00,4,0,0,0,0,4.0,4,56.0,45.0,56.0,1
2022-04-10,Charlotte Hornets,2022-04-10 17:00:00,2,0,0,0,0,2.0,2,6.0,3.0,6.0,0
2022-04-10,Chicago Bulls,2022-04-10 17:00:00,7,0,0,0,0,7.0,7,52.0,30.0,52.0,1
2022-04-10,Cleveland Cavaliers,2022-04-10 17:00:00,3,0,0,0,0,3.0,3,73.0,45.0,73.0,2
2022-04-10,Dallas Mavericks,2022-04-10 17:00:00,4,0,0,0,1,4.0,5,57.0,45.0,54.0,1
2022-04-10,Denver Nuggets,2022-04-10 17:00:00,2,0,6,0,0,5.0,9,118.0,45.0,80.7,2
2022-04-10,Detroit Pistons,2022-04-10 17:00:00,4,0,1,0,0,4.5,5,44.0,25.0,42.35,1
2022-04-10,Golden State Warriors,2022-04-10 17:00:00,5,0,0,0,0,5.0,6,23.0,5.0,19.25,0
2022-04-10,Houston Rockets,2022-04-10 17:00:00,6,0,0,0,1,6.0,8,32.0,5.0,25.25,0
2022-04-10,Indiana Pacers,2022-04-10 17:00:00,8,0,0,0,0,8.0,9,290.0,240.0,286.25,2
2022-04-10,LA Clippers,2022-04-10 17:00:00,7,0,0,0,0,7.0,8,275.0,240.0,271.25,1
2022-04-10,Los Angeles Lakers,2022-04-10 17:00:00,5,0,0,0,0,5.0,5,22.0,10.0,22.0,0
2022-04-10,Memphis Grizzlies,2022-04-10 17:00:00,7,0,2,2,0,8.5,12,39.0,5.0,26.85,0
2022-04-10,Miami Heat,2022-04-10 17:00:00,3,0,4,0,0,5.0,7,37.0,10.0,30.4,0
2022-04-10,Milwaukee Bucks,2022-04-10 17:00:00,8,0,0,0,0,8.0,8,26.0,5.0,26.0,0
2022-04-10,Minnesota Timberwolves,2022-04-10 17:00:00,1,0,2,0,0,2.0,4,16.0,5.0,8.95,0
2022-04-10,New Orleans Pelicans,2022-04-10 17:00:00,6,0,0,0,0,6.0,7,282.0,240.0,278.25,2
2022-04-10,New York Knicks,2022-04-10 17:00:00,6,0,3,0,0,7.5,9,80.0,45.0,75.05,1
2022-04-10,Oklahoma City Thunder,2022-04-10 17:00:00,9,0,0,0,0,9.0,10,200.0,45.0,196.25,5
2022-04-10,Orlando Magic,2022-04-10 17:00:00,6,0,0,0,1,6.0,7,81.0,45.0,71.0,1
2022-04-10,Philadelphia 76ers,2022-04-10 17:00:00,8,0,0,0,0,8.0,9,39.0,7.0,35.25,0
2022-04-10,Phoenix Suns,2022-04-10 17:00:00,6,0,0,0,0,6.0,7,265.0,240.0,261.25,1
2022-04-10,Portland Trail Blazers,2022-04-10 17:00:00,11,0,0,0,3,11.0,15,73.0,10.0,53.25,0
2022-04-10,Sacramento Kings,2022-04-10 17:00:00,5,0,0,0,0,5.0,6,24.0,7.0,20.25,0
2022-04-10,San Antonio Spurs,2022-04-10 17:00:00,4,0,0,0,0,4.0,5,28.0,10.0,24.25,0
2022-04-10,Toronto Raptors,2022-04-10 17:00:00,6,0,1,0,0,6.5,7,32.0,5.0,30.35,0
2022-04-10,Utah Jazz,2022-04-10 17:00:00,3,0,1,0,0,3.5,5,59.0,45.0,53.6,1
2022-04-10,Washington Wizards,2022-04-10 17:00:00,5,0,0,0,0,5.0,5,59.0,45.0,59.0,1
2022-04-12,Brooklyn Nets,2022-04-12 17:00:00,2,0,0,0,2,2.0,4,56.0,45.0,48.0,1
2022-04-12,Cleveland Cavaliers,2022-04-12 17:00:00,3,0,0,0,0,3.0,3,73.0,45.0,73.0,2
2022-04-12,LA Clippers,2022-04-12 17:00:00,3,0,1,0,0,3.5,4,257.0,240.0,255.35,1
2022-04-12,Minnesota Timberwolves,2022-04-12 17:00:00,0,0,1,0,0,0.5,1,3.0,3.0,1.35,0
2022-04-13,Atlanta Hawks,2022-04-13 17:00:00,2,0,0,0,0,2.0,2,6.0,3.0,6.0,0
2022-04-13,Charlotte Hornets,2022-04-13 17:00:00,1,0,0,0,0,1.0,1,3.0,3.0,3.0,0
2022-04-13,New Orleans Pelicans,2022-04-13 17:00:00,2,0,0,1,0,2.25,3,268.0,240.0,265.45,2
2022-04-13,San Antonio Spurs,2022-04-13 17:00:00,1,0,0,0,1,1.0,2,15.0,10.0,10.0,0
2022-04-15,Atlanta Hawks,2022-04-15 17:00:00,2,0,1,0,0,2.5,3,16.0,10.0,10.5,0
2022-04-15,Cleveland Cavaliers,2022-04-15 17:00:00,2,0,1,0,0,2.5,3,73.0,45.0,59.25,2
2022-04-15,LA Clippers,2022-04-15 17:00:00,3,0,1,0,0,3.5,4,255.0,240.0,253.35,1
2022-04-15,New Orleans Pelicans,2022-04-15 17:00:00,2,0,0,0,0,2.0,2,265.0,240.0,265.0,2
2022-04-16,Dallas Mavericks,2022-04-16 17:00:00,3,0,0,0,0,3.0,3,62.0,45.0,62.0,1
2022-04-16,Denver Nuggets,2022-04-16 17:00:00,2,0,0,0,0,2.0,3,57.0,45.0,53.25,1
2022-04-16,Golden State Warriors,2022-04-16 17:00:00,1,0,0,1,0,1.25,2,7.0,4.0,4.45,0
2022-04-16,Memphis Grizzlies,2022-04-16 17:00:00,1,0,0,0,0,1.0,2,12.0,7.0,8.25,0
2022-04-16,Minnesota Timberwolves,2022-04-16 17:00:00,0,0,0,0,1,0.0,2,8.0,5.0,1.25,0
2022-04-16,Philadelphia 76ers,2022-04-16 17:00:00,2,0,0,0,0,2.0,2,6.0,3.0,6.0,0
2022-04-16,Utah Jazz,2022-04-16 17:00:00,2,0,0,0,0,2.0,3,53.0,45.0,49.25,1
2022-04-17,Atlanta Hawks,2022-04-17 17:00:00,2,0,0,0,1,2.0,3,9.0,3.0,6.0,0
2022-04-17,Boston Celtics,2022-04-17 17:00:00,1,0,0,0,0,1.0,1,3.0,3.0,3.0,0
2022-04-17,Brooklyn Nets,2022-04-17 17:00:00,2,0,0,0,0,2.0,2,48.0,45.0,48.0,1
2022-04-17,Chicago Bulls,2022-04-17 17:00:00,2,0,0,0,0,2.0,2,33.0,30.0,33.0,1
2022-04-17,Miami Heat,2022-04-17 17:00:00,0,0,0,0,5,0.0,5,29.0,10.0,0.0,0
2022-04-17,Milwaukee Bucks,2022-04-17 17:00:00,2,0,0,0,0,2.0,2,6.0,3.0,6.0,0
2022-04-17,New Orleans Pelicans,2022-04-17 17:00:00,2,0,0,0,0,2.0,3,270.0,240.0,266.25,2
2022-04-17,Phoenix Suns,2022-04-17 17:00:00,1,0,1,0,0,1.5,3,248.0,240.0,242.6,1
2022-04-18,Dallas Mavericks,2022-04-18 17:00:00,2,1,0,0,0,2.75,3,62.0,45.0,59.5,1
2022-04-18,Denver Nuggets,2022-04-18 17:00:00,2,0,0,0,0,2.0,3,57.0,45.0,53.25,1
2022-04-18,Golden State Warriors,2022-04-18 17:00:00,1,0,0,0,0,1.0,1,4.0,4.0,4.0,0
2022-04-18,Philadelphia 76ers,2022-04-18 17:00:00,1,0,1,0,0,1.5,2,6.0,3.0,4.35,0
2022-04-18,Toronto Raptors,2022-04-18 17:00:00,1,1,1,0,0,2.25,3,16.0,10.0,13.6,0
2022-04-18,Utah Jazz,2022-04-18 17:00:00,2,0,0,0,0,2.0,3,53.0,45.0,49.25,1
2022-04-19,Atlanta Hawks,2022-04-19 17:00:00,2,0,0,1,0,2.25,3,9.0,3.0,6.45,0
2022-04-19,Memphis Grizzlies,2022-04-19 17:00:00,1,0,1,0,0,1.5,3,15.0,7.0,9.6,0
2022-04-19,Miami Heat,2022-04-19 17:00:00,0,0,5,1,0,2.75,6,32.0,10.0,13.5,0
2022-04-19,Minnesota Timberwolves,2022-04-19 17:00:00,0,0,1,0,0,0.5,2,8.0,5.0,2.6,0
2022-04-19,New Orleans Pelicans,2022-04-19 17:00:00,2,0,0,0,0,2.0,3,270.0,240.0,266.25,2
2022-04-19,Phoenix Suns,2022-04-19 17:00:00,1,0,0,0,0,1.0,2,245.0,240.0,241.25,1
2022-04-20,Boston Celtics,2022-04-20 17:00:00,1,0,0,0,0,1.0,1,3.0,3.0,3.0,0
2022-04-20,Brooklyn Nets,2022-04-20 17:00:00,2,0,0,0,0,2.0,2,48.0,45.0,48.0,1
2022-04-20,Chicago Bulls,2022-04-20 17:00:00,2,0,0,0,0,2.0,2,33.0,30.0,33.0,1
2022-04-20,Milwaukee Bucks,2022-04-20 17:00:00,1,0,0,2,0,1.5,4,14.0,5.0,5.15,0
2022-04-20,Philadelphia 76ers,2022-04-20 17:00:00,2,0,0,0,0,2.0,2,8.0,5.0,8.0,0
2022-04-20,Toronto Raptors,2022-04-20 17:00:00,0,1,0,1,0,1.0,2,13.0,10.0,7.95,0
2022-04-21,Dallas Mavericks,2022-04-21 17:00:00,2,0,1,0,0,2.5,3,62.0,45.0,56.5,1
2022-04-21,Denver Nuggets,2022-04-21 17:00:00,2,0,0,0,0,2.0,2,52.0,45.0,52.0,1
2022-04-21,Golden State Warriors,2022-04-21 17:00:00,1,0,0,1,0,1.25,2,7.0,4.0,4.45,0
2022-04-21,Memphis Grizzlies,2022-04-21 17:00:00,2,0,0,0,0,2.0,3,15.0,7.0,11.25,0
2022-04-21,Minnesota Timberwolves,2022-04-20 17:00:00,0,0,0,0,0,0.0,1,5.0,5.0,1.25,0
2022-04-21,Utah Jazz,2022-04-21 17:00:00,2,0,0,0,0,2.0,3,53.0,45.0,49.25,1
2022-04-22,Atlanta Hawks,2022-04-22 17:00:00,2,0,0,0,0,2.0,2,6.0,3.0,6.0,0
2022-04-22,Chicago Bulls,2022-04-22 17:00:00,2,0,0,0,0,2.0,2,33.0,30.0,33.0,1
2022-04-22,Miami Heat,2022-04-22 17:00:00,0,0,4,1,0,2.25,5,29.0,10.0,12.15,0
2022-04-22,Milwaukee Bucks,2022-04-22 17:00:00,2,0,0,0,0,2.0,3,20.0,12.0,16.25,0
2022-04-22,New Orleans Pelicans,2022-04-22 17:00:00,2,0,0,0,0,2.0,3,270.0,240.0,266.25,2
2022-04-22,Phoenix Suns,2022-04-22 17:00:00,2,0,0,0,0,2.0,2,254.0,240.0,254.0,2
2022-04-23,Boston Celtics,2022-04-23 17:00:00,0,0,1,0,0,0.5,1,3.0,3.0,1.35,0
2022-04-23,Brooklyn Nets,2022-04-23 17:00:00,2,0,0,0,1,2.0,3,58.0,45.0,48.0,1
2022-04-23,Dallas Mavericks,2022-04-23 17:00:00,2,0,0,0,1,2.0,4,67.0,45.0,53.25,1
2022-04-23,Memphis Grizzlies,2022-04-23 17:00:00,2,0,1,0,0,2.5,4,18.0,7.0,12.6,0
2022-04-23,Minnesota Timberwolves,2022-04-22 17:00:00,0,0,0,0,0,0.0,1,5.0,5.0,1.25,0
2022-04-23,Philadelphia 76ers,2022-04-23 17:00:00,2,0,0,0,1,2.0,3,16.0,8.0,8.0,0
2022-04-23,Toronto Raptors,2022-04-23 17:00:00,0,0,0,0,1,0.0,1,10.0,10.0,0.0,0
2022-04-23,Utah Jazz,2022-04-23 17:00:00,2,0,0,0,0,2.0,3,53.0,45.0,49.25,1
2022-04-24,Atlanta Hawks,2022-04-24 17:00:00,1,0,1,0,0,1.5,2,6.0,3.0,4.35,0
2022-04-24,Chicago Bulls,2022-04-24 17:00:00,2,0,0,0,0,2.0,2,33.0,30.0,33.0,1
2022-04-24,Denver Nuggets,2022-04-24 17:00:00,2,0,0,0,0,2.0,2,52.0,45.0,52.0,1
2022-04-24,Golden State Warriors,2022-04-24 17:00:00,1,0,0,0,0,1.0,2,9.0,5.0,5.25,0
2022-04-24,Miami Heat,2022-04-24 17:00:00,0,0,4,1,0,2.25,5,40.0,14.0,17.1,1
2022-04-24,Milwaukee Bucks,2022-04-24 17:00:00,3,0,0,0,0,3.0,3,18.0,12.0,18.0,0
2022-04-24,New Orleans Pelicans,2022-04-24 17:00:00,2,0,0,0,0,2.0,2,265.0,240.0,265.0,2
2022-04-24,Phoenix Suns,2022-04-24 17:00:00,2,0,0,0,0,2.0,2,254.0,240.0,254.0,2
2022-04-25,Brooklyn Nets,2022-04-25 17:00:00,2,0,0,0,0,2.0,2,48.0,45.0,48.0,1
2022-04-25,Dallas Mavericks,2022-04-25 17:00:00,1,0,1,0,0,1.5,2,52.0,45.0,48.15,1
2022-04-25,Philadelphia 76ers,2022-04-25 17:00:00,1,0,0,0,1,1.0,2,11.0,8.0,3.0,0
2022-04-25,Toronto Raptors,2022-04-25 17:00:00,1,0,0,0,0,1.0,1,3.0,3.0,3.0,0
2022-04-25,Utah Jazz,2022-04-25 17:00:00,2,0,0,0,0,2.0,2,48.0,45.0,48.0,1
2022-04-26,Atlanta Hawks,2022-04-26 17:00:00,1,0,2,0,0,2.0,3,9.0,3.0,5.7,0
2022-04-26,Memphis Grizzlies,2022-04-26 17:00:00,2,0,0,0,0,2.0,3,15.0,7.0,11.25,0
2022-04-26,Miami Heat,2022-04-26 17:00:00,2,0,2,0,1,3.0,5,40.0,14.0,26.0,1
2022-04-26,Minnesota Timberwolves,2022-04-25 17:00:00,0,0,0,0,0,0.0,1,5.0,5.0,1.25,0
2022-04-26,New Orleans Pelicans,2022-04-26 17:00:00,2,0,0,0,0,2.0,3,270.0,240.0,266.25,2
2022-04-26,Phoenix Suns,2022-04-26 17:00:00,2,0,0,0,0,2.0,3,259.0,240.0,255.25,2
2022-04-27,Chicago Bulls,2022-04-27 17:00:00,4,0,0,0,0,4.0,4,42.0,30.0,42.0,1
2022-04-27,Denver Nuggets,2022-04-27 17:00:00,2,0,0,0,0,2.0,3,57.0,45.0,53.25,1
2022-04-27,Golden State Warriors,2022-04-27 17:00:00,2,0,0,0,0,2.0,3,12.0,5.0,8.25,0
2022-04-27,Milwaukee Bucks,2022-04-27 17:00:00,1,0,1,0,0,1.5,2,15.0,12.0,13.35,0
2022-04-28,Dallas Mavericks,2022-04-28 17:00:00,1,0,0,0,0,1.0,1,45.0,45.0,45.0,1
2022-04-28,New Orleans Pelicans,2022-04-28 17:00:00,2,0,0,0,0,2.0,2,265.0,240.0,265.0,2
2022-04-28,Philadelphia 76ers,2022-04-28 17:00:00,2,0,0,0,1,2.0,3,16.0,8.0,8.0,0
2022-04-28,Phoenix Suns,2022-04-28 17:00:00,1,0,1,0,0,1.5,3,259.0,240.0,247.55,2
2022-04-28,Toronto Raptors,2022-04-28 17:00:00,1,0,0,0,1,1.0,2,6.0,3.0,3.0,0
2022-04-28,Utah Jazz,2022-04-28 17:00:00,2,0,0,0,1,2.0,4,56.0,45.0,49.25,1
2022-04-29,Memphis Grizzlies,2022-04-29 17:00:00,3,1,0,0,0,3.75,5,23.0,7.0,18.5,0
2022-04-29,Minnesota Timberwolves,2022-04-28 17:00:00,0,0,0,0,0,0.0,1,5.0,5.0,1.25,0
2022-05-01,Golden State Warriors,2022-05-01 17:00:00,2,0,0,0,0,2.0,2,7.0,4.0,7.0,0
2022-05-01,Memphis Grizzlies,2022-05-01 17:00:00,4,0,0,0,0,4.0,4,18.0,7.0,18.0,0
2022-05-01,Milwaukee Bucks,2022-05-01 17:00:00,2,0,0,0,0,2.0,2,15.0,12.0,15.0,0
2022-05-02,Dallas Mavericks,2022-05-02 17:00:00,1,0,0,0,0,1.0,1,45.0,45.0,45.0,1
2022-05-02,Miami Heat,2022-05-02 17:00:00,1,0,6,0,0,4.0,7,57.0,14.0,33.35,2
2022-05-02,Philadelphia 76ers,2022-05-02 17:00:00,1,0,1,0,0,1.5,2,28.0,25.0,26.35,1
2022-05-02,Phoenix Suns,2022-05-02 17:00:00,1,0,0,0,0,1.0,1,240.0,240.0,240.0,1
2022-05-03,Boston Celtics,2022-05-03 17:00:00,1,0,0,0,0,1.0,1,3.0,3.0,3.0,0
2022-05-03,Golden State Warriors,2022-05-03 17:00:00,2,0,0,0,1,2.0,3,10.0,4.0,7.0,0
2022-05-03,Memphis Grizzlies,2022-05-03 17:00:00,3,0,2,0,0,4.0,6,26.0,7.0,18.95,0
2022-05-03,Milwaukee Bucks,2022-05-03 17:00:00,2,0,0,0,0,2.0,2,15.0,12.0,15.0,0
2022-05-04,Dallas Mavericks,2022-05-04 17:00:00,1,0,0,0,0,1.0,2,50.0,45.0,46.25,1
2022-05-04,Miami Heat,2022-05-04 17:00:00,1,0,5,0,0,3.5,6,61.0,14.0,35.15,2
2022-05-04,Philadelphia 76ers,2022-05-04 17:00:00,1,0,0,0,0,1.0,1,25.0,25.0,25.0,1
2022-05-04,Phoenix Suns,2022-05-04 17:00:00,1,0,0,0,0,1.0,1,240.0,240.0,240.0,1
2022-05-06,Dallas Mavericks,2022-05-06 17:00:00,1,0,0,0,0,1.0,1,45.0,45.0,45.0,1
2022-05-06,Miami Heat,2022-05-06 17:00:00,0,0,6,0,0,3.0,6,61.0,14.0,27.45,2
2022-05-06,Philadelphia 76ers,2022-05-06 17:00:00,0,1,0,0,0,0.75,1,25.0,25.0,18.75,1
2022-05-06,Phoenix Suns,2022-05-06 17:00:00,1,1,0,0,0,1.75,2,243.0,240.0,242.25,1
2022-05-07,Boston Celtics,2022-05-07 17:00:00,1,0,0,0,1,1.0,3,11.0,5.0,4.25,0
2022-05-07,Golden State Warriors,2022-05-07 17:00:00,3,0,0,0,0,3.0,3,32.0,25.0,32.0,1
2022-05-07,Memphis Grizzlies,2022-05-07 17:00:00,3,0,0,0,0,3.0,4,20.0,7.0,16.25,0
2022-05-07,Milwaukee Bucks,2022-05-07 17:00:00,1,0,0,0,1,1.0,3,20.0,12.0,13.25,0
2022-05-08,Dallas Mavericks,2022-05-08 17:00:00,1,0,0,0,0,1.0,1,45.0,45.0,45.0,1
2022-05-08,Miami Heat,2022-05-08 17:00:00,1,0,6,0,0,4.0,7,64.0,14.0,30.45,2
2022-05-08,Philadelphia 76ers,2022-05-08 17:00:00,0,0,2,0,0,1.0,2,35.0,25.0,15.75,1
2022-05-08,Phoenix Suns,2022-05-08 17:00:00,2,0,0,0,0,2.0,2,243.0,240.0,243.0,1
2022-05-09,Boston Celtics,2022-05-09 17:00:00,1,0,0,0,0,1.0,1,3.0,3.0,3.0,0
2022-05-09,Golden State Warriors,2022-05-09 17:00:00,3,0,0,0,1,3.0,5,40.0,25.0,33.25,1
2022-05-09,Memphis Grizzlies,2022-05-09 17:00:00,2,1,0,0,0,2.75,4,18.0,7.0,13.5,0
2022-05-09,Milwaukee Bucks,2022-05-09 17:00:00,2,0,0,0,0,2.0,2,15.0,12.0,15.0,0
2022-05-10,Dallas Mavericks,2022-05-10 17:00:00,1,0,0,0,0,1.0,2,50.0,45.0,46.25,1
2022-05-10,Miami Heat,2022-05-10 17:00:00,1,0,6,0,0,4.0,7,64.0,14.0,36.5,2
2022-05-10,Philadelphia 76ers,2022-05-10 17:00:00,0,0,2,0,0,1.0,2,35.0,25.0,15.75,1
2022-05-10,Phoenix Suns,2022-05-10 17:00:00,1,0,0,1,0,1.25,3,248.0,240.0,241.7,1
2022-05-11,Boston Celtics,2022-05-11 17:00:00,2,0,0,0,0,2.0,2,6.0,3.0,6.0,0
2022-05-11,Golden State Warriors,2022-05-11 17:00:00,3,0,0,0,0,3.0,3,32.0,25.0,32.0,1
2022-05-11,Memphis Grizzlies,2022-05-11 17:00:00,3,0,0,0,0,3.0,4,18.0,7.0,14.25,0
2022-05-11,Milwaukee Bucks,2022-05-11 17:00:00,1,0,0,1,0,1.25,2,15.0,12.0,12.45,0
2022-05-12,Dallas Mavericks,2022-05-12 17:00:00,1,0,0,0,0,1.0,1,45.0,45.0,45.0,1
2022-05-12,Miami Heat,2022-05-12 17:00:00,1,0,5,0,0,3.5,6,61.0,14.0,35.15,2
2022-05-12,Philadelphia 76ers,2022-05-12 17:00:00,0,0,2,0,1,1.0,3,38.0,25.0,12.6,1
2022-05-12,Phoenix Suns,2022-05-12 17:00:00,1,0,0,0,0,1.0,2,245.0,240.0,241.25,1
2022-05-13,Boston Celtics,2022-05-13 17:00:00,1,0,1,0,0,1.5,2,6.0,3.0,4.35,0
2022-05-13,Golden State Warriors,2022-05-13 17:00:00,3,0,1,0,0,3.5,5,40.0,25.0,34.6,1
2022-05-13,Memphis Grizzlies,2022-05-13 17:00:00,3,0,0,0,0,3.0,4,18.0,7.0,14.25,0
2022-05-13,Milwaukee Bucks,2022-05-13 17:00:00,1,0,0,0,0,1.0,1,12.0,12.0,12.0,0
2022-05-15,Boston Celtics,2022-05-15 17:00:00,1,0,0,0,1,1.0,2,6.0,3.0,3.0,0
2022-05-15,Dallas Mavericks,2022-05-15 17:00:00,1,0,0,0,0,1.0,1,45.0,45.0,45.0,1
2022-05-15,Milwaukee Bucks,2022-05-15 17:00:00,1,0,0,0,0,1.0,1,12.0,12.0,12.0,0
2022-05-15,Phoenix Suns,2022-05-15 17:00:00,1,0,0,0,0,1.0,1,240.0,240.0,240.0,1
2022-05-17,Boston Celtics,2022-05-17 17:00:00,1,0,1,0,0,1.5,2,6.0,3.0,4.35,0
2022-05-17,Miami Heat,2022-05-17 17:00:00,1,0,4,0,0,3.0,5,62.0,14.0,35.6,3
2022-05-18,Dallas Mavericks,2022-05-18 17:00:00,1,0,0,0,0,1.0,2,50.0,45.0,46.25,1
2022-05-18,Golden State Warriors,2022-05-18 17:00:00,3,0,0,0,0,3.0,3,32.0,25.0,32.0,1
2022-05-19,Boston Celtics,2022-05-19 17:00:00,2,0,0,1,1,2.25,4,14.0,5.0,6.45,0
2022-05-19,Miami Heat,2022-05-19 17:00:00,1,0,2,0,0,2.0,3,42.0,14.0,26.6,3
2022-05-20,Dallas Mavericks,2022-05-20 17:00:00,1,0,0,0,0,1.0,1,45.0,45.0,45.0,1
2022-05-20,Golden State Warriors,2022-05-20 17:00:00,3,0,0,0,0,3.0,3,32.0,25.0,32.0,1
2022-05-21,Boston Celtics,2022-05-21 17:00:00,1,0,1,0,0,1.5,2,6.0,3.0,4.35,0
2022-05-21,Miami Heat,2022-05-21 17:00:00,0,0,4,0,0,2.0,4,45.0,14.0,20.25,3
2022-05-22,Dallas Mavericks,2022-05-22 17:00:00,1,0,0,0,0,1.0,1,45.0,45.0,45.0,1
2022-05-22,Golden State Warriors,2022-05-22 17:00:00,3,0,0,1,0,3.25,5,40.0,25.0,33.7,1
2022-05-23,Boston Celtics,2022-05-23 17:00:00,1,0,2,1,0,2.25,4,19.0,10.0,9.3,0
2022-05-23,Miami Heat,2022-05-23 17:00:00,1,0,5,0,0,3.5,6,58.0,14.0,31.6,3
2022-05-24,Dallas Mavericks,2022-05-24 17:00:00,1,0,0,0,0,1.0,1,45.0,45.0,45.0,1
2022-05-24,Golden State Warriors,2022-05-24 17:00:00,4,0,0,0,0,4.0,5,40.0,25.0,36.25,1
2022-05-25,Boston Celtics,2022-05-25 17:00:00,1,0,2,0,0,2.0,3,16.0,10.0,8.85,0
2022-05-25,Miami Heat,2022-05-25 17:00:00,0,0,5,0,0,2.5,5,55.0,14.0,24.75,3
2022-05-26,Dallas Mavericks,2022-05-26 17:00:00,1,0,0,0,0,1.0,1,45.0,45.0,45.0,1
2022-05-26,Golden State Warriors,2022-05-26 17:00:00,3,0,1,0,0,3.5,5,40.0,25.0,34.6,1
2022-05-27,Boston Celtics,2022-05-27 17:00:00,1,0,2,0,0,2.0,3,16.0,10.0,8.85,0
2022-05-27,Miami Heat,2022-05-27 17:00:00,0,0,5,0,0,2.5,5,55.0,14.0,24.75,3
2022-05-29,Boston Celtics,2022-05-29 17:00:00,1,0,2,0,0,2.0,3,16.0,10.0,8.85,0
2022-05-29,Miami Heat,2022-05-29 17:00:00,0,0,5,0,0,2.5,5,55.0,14.0,24.75,3
2022-06-02,Boston Celtics,2022-06-02 17:00:00,0,0,1,0,0,0.5,1,3.0,3.0,1.35,0
2022-06-02,Golden State Warriors,2022-06-02 17:00:00,1,0,3,0,0,2.5,4,35.0,25.0,17.95,1
2022-06-05,Boston Celtics,2022-06-05 17:00:00,0,0,1,0,0,0.5,1,3.0,3.0,1.35,0
2022-06-05,Golden State Warriors,2022-06-05 17:00:00,2,0,2,0,0,3.0,4,35.0,25.0,19.6,1
2022-06-08,Boston Celtics,2022-06-08 17:00:00,0,0,1,0,0,0.5,1,3.0,3.0,1.35,0
2022-06-08,Golden State Warriors,2022-06-08 17:00:00,1,0,3,0,0,2.5,4,35.0,25.0,17.95,1
2022-06-10,Boston Celtics,2022-06-10 17:00:00,0,0,1,0,0,0.5,1,3.0,3.0,1.35,0
2022-06-10,Golden State Warriors,2022-06-10 17:00:00,1,0,2,1,0,2.25,4,13.0,4.0,7.15,0
2022-06-13,Boston Celtics,2022-06-13 17:00:00,0,0,1,0,0,0.5,1,3.0,3.0,1.35,0
2022-06-13,Golden State Warriors,2022-06-13 17:00:00,1,0,2,0,0,2.0,3,10.0,4.0,6.7,0
2022-06-16,Boston Celtics,2022-06-16 17:00:00,0,0,1,0,0,0.5,1,3.0,3.0,1.35,0
2022-06-16,Golden State Warriors,2022-06-16 17:00:00,1,0,2,0,0,2.0,3,10.0,4.0,6.7,0
2022-10-18,Boston Celtics,2022-10-18 17:00:00,2,0,0,0,0,2.0,2,285.0,240.0,285.0,2
2022-10-18,Golden State Warriors,2022-10-18 17:00:00,1,0,1,0,0,1.5,2,12.0,8.0,7.6,0
2022-10-18,Los Angeles Lakers,2022-10-18 17:00:00,3,0,0,3,0,3.75,6,23.0,8.0,15.35,0
2022-10-19,Atlanta Hawks,2022-10-19 17:00:00,1,0,0,0,0,1.0,1,7.0,7.0,7.0,0
2022-10-19,Brooklyn Nets,2022-10-19 17:00:00,3,0,0,0,0,3.0,3,17.0,7.0,17.0,0
2022-10-19,Charlotte Hornets,2022-10-19 17:00:00,1,0,0,0,0,1.0,1,10.0,10.0,10.0,0
2022-10-19,Chicago Bulls,2022-10-19 17:00:00,3,0,0,0,1,3.0,4,57.0,45.0,54.0,1
2022-10-19,Cleveland Cavaliers,2022-10-19 17:00:00,3,0,0,0,0,3.0,3,255.0,240.0,255.0,1
2022-10-19,Dallas Mavericks,2022-10-19 17:00:00,3,0,0,1,0,3.25,4,14.0,5.0,11.45,0
2022-10-19,Denver Nuggets,2022-10-19 17:00:00,1,0,0,0,0,1.0,1,25.0,25.0,25.0,1
2022-10-19,Detroit Pistons,2022-10-19 17:00:00,3,0,0,0,0,3.0,3,40.0,25.0,40.0,1
2022-10-19,Houston Rockets,2022-10-19 17:00:00,2,0,0,1,0,2.25,3,18.0,12.0,15.45,0
2022-10-19,Indiana Pacers,2022-10-19 17:00:00,1,0,2,0,0,2.0,3,9.0,3.0,5.7,0
2022-10-19,Memphis Grizzlies,2022-10-19 17:00:00,3,1,0,0,0,3.75,5,101.0,45.0,96.5,2
2022-10-19,Miami Heat,2022-10-19 17:00:00,2,0,0,0,0,2.0,2,6.0,3.0,6.0,0
2022-10-19,Minnesota Timberwolves,2022-10-19 17:00:00,1,0,0,0,0,1.0,2,8.0,5.0,4.25,0
2022-10-19,New Orleans Pelicans,2022-10-19 17:00:00,2,0,1,0,0,2.5,3,483.0,240.0,481.35,2
2022-10-19,New York Knicks,2022-10-19 17:00:00,1,0,0,0,0,1.0,2,8.0,5.0,4.25,0
2022-10-19,Oklahoma City Thunder,2022-10-19 17:00:00,1,0,0,0,0,1.0,2,50.0,45.0,46.25,1
2022-10-19,Orlando Magic,2022-10-19 17:00:00,4,0,0,0,0,4.0,4,42.0,25.0,42.0,1
2022-10-19,Phoenix Suns,2022-10-19 17:00:00,2,0,0,0,0,2.0,2,8.0,5.0,8.0,0
2022-10-19,Portland Trail Blazers,2022-10-19 17:00:00,3,0,0,0,0,3.0,4,18.0,7.0,14.25,0
2022-10-19,Sacramento Kings,2022-10-19 17:00:00,1,0,1,0,0,1.5,3,13.0,5.0,7.6,0
2022-10-19,Toronto Raptors,2022-10-19 17:00:00,1,2,0,0,0,2.5,3,31.0,14.0,26.75,2
2022-10-19,Utah Jazz,2022-10-19 17:00:00,1,0,0,0,0,1.0,2,50.0,45.0,46.25,1
2022-10-19,Washington Wizards,2022-10-19 17:00:00,2,0,0,0,0,2.0,2,16.0,10.0,16.0,0
2022-10-20,LA Clippers,2022-10-20 17:00:00,0,0,0,1,0,0.25,2,8.0,5.0,1.7,0
2022-10-20,Los Angeles Lakers,2022-10-20 17:00:00,4,0,0,2,0,4.5,7,23.0,5.0,14.15,0
2022-10-20,Milwaukee Bucks,2022-10-20 17:00:00,3,0,0,0,0,3.0,3,295.0,240.0,295.0,2
2022-10-21,Atlanta Hawks,2022-10-21 17:00:00,1,0,0,0,0,1.0,1,7.0,7.0,7.0,0
2022-10-21,Boston Celtics,2022-10-21 17:00:00,2,0,0,0,0,2.0,2,285.0,240.0,285.0,2
2022-10-21,Brooklyn Nets,2022-10-21 17:00:00,2,0,0,0,1,2.0,3,17.0,7.0,14.0,0
2022-10-21,Charlotte Hornets,2022-10-21 17:00:00,1,1,0,0,0,1.75,2,13.0,10.0,12.25,0
2022-10-21,Chicago Bulls,2022-10-21 17:00:00,3,0,0,0,0,3.0,3,54.0,45.0,54.0,1
2022-10-21,Denver Nuggets,2022-10-21 17:00:00,1,0,1,1,0,1.75,4,37.0,25.0,28.5,1
2022-10-21,Detroit Pistons,2022-10-21 17:00:00,3,0,0,0,0,3.0,3,40.0,25.0,40.0,1
2022-10-21,Golden State Warriors,2022-10-21 17:00:00,2,0,0,0,0,2.0,2,12.0,8.0,12.0,0
2022-10-21,Houston Rockets,2022-10-21 17:00:00,2,0,1,0,0,2.5,3,18.0,12.0,16.35,0
2022-10-21,Indiana Pacers,2022-10-21 17:00:00,2,0,2,0,0,3.0,4,19.0,10.0,15.7,0
2022-10-21,Memphis Grizzlies,2022-10-21 17:00:00,3,1,0,0,0,3.75,5,101.0,45.0,96.5,2
2022-10-21,Miami Heat,2022-10-21 17:00:00,2,0,0,0,0,2.0,2,6.0,3.0,6.0,0
2022-10-21,Minnesota Timberwolves,2022-10-20 17:00:00,0,0,0,0,0,0.0,1,5.0,5.0,1.25,0
2022-10-21,New Orleans Pelicans,2022-10-21 17:00:00,2,0,1,0,0,2.5,3,483.0,240.0,481.35,2
2022-10-21,New York Knicks,2022-10-21 17:00:00,1,0,0,0,0,1.0,1,3.0,3.0,3.0,0
2022-10-21,Orlando Magic,2022-10-21 17:00:00,4,0,1,0,0,4.5,5,45.0,25.0,43.35,1
2022-10-21,Phoenix Suns,2022-10-21 17:00:00,2,0,0,0,0,2.0,3,13.0,5.0,9.25,0
2022-10-21,Portland Trail Blazers,2022-10-21 17:00:00,3,0,0,0,0,3.0,4,18.0,7.0,14.25,0
2022-10-21,Toronto Raptors,2022-10-21 17:00:00,1,0,2,0,0,2.0,3,31.0,14.0,21.65,2
2022-10-21,Utah Jazz,2022-10-21 17:00:00,1,0,0,0,0,1.0,2,50.0,45.0,46.25,1
2022-10-21,Washington Wizards,2022-10-21 17:00:00,2,0,0,0,1,2.0,3,26.0,10.0,16.0,0
2022-10-22,Boston Celtics,2022-10-22 17:00:00,3,0,0,0,0,3.0,4,293.0,240.0,289.25,2
2022-10-22,Chicago Bulls,2022-10-22 17:00:00,1,0,0,0,0,1.0,2,50.0,45.0,46.25,1
2022-10-22,Cleveland Cavaliers,2022-10-22 17:00:00,3,0,0,0,0,3.0,4,258.0,240.0,254.25,1
2022-10-22,Dallas Mavericks,2022-10-22 17:00:00,2,0,0,0,0,2.0,2,6.0,3.0,6.0,0
2022-10-22,Denver Nuggets,2022-10-22 17:00:00,1,0,1,0,0,1.5,3,34.0,25.0,28.05,1
2022-10-22,Detroit Pistons,2022-10-22 17:00:00,2,0,0,0,0,2.0,3,42.0,25.0,38.25,1
2022-10-22,Houston Rockets,2022-10-22 17:00:00,4,0,0,0,0,4.0,5,26.0,12.0,22.25,0
2022-10-22,Indiana Pacers,2022-10-22 17:00:00,2,0,2,0,0,3.0,5,24.0,10.0,16.95,0
2022-10-22,LA Clippers,2022-10-22 17:00:00,2,0,0,0,0,2.0,3,13.0,5.0,9.25,0
2022-10-22,Memphis Grizzlies,2022-10-22 17:00:00,3,0,1,0,0,3.5,5,101.0,45.0,95.6,2
2022-10-22,Miami Heat,2022-10-22 17:00:00,2,0,0,0,0,2.0,3,11.0,5.0,7.25,0
2022-10-22,Milwaukee Bucks,2022-10-22 17:00:00,3,0,0,0,0,3.0,3,295.0,240.0,295.0,2
2022-10-22,Oklahoma City Thunder,2022-10-22 17:00:00,2,0,0,0,0,2.0,2,70.0,45.0,70.0,2
2022-10-22,Orlando Magic,2022-10-22 17:00:00,5,0,0,0,0,5.0,6,57.0,25.0,53.25,1
2022-10-22,Sacramento Kings,2022-10-21 17:00:00,0,0,0,0,0,0.0,1,5.0,5.0,1.25,0
2022-10-22,San Antonio Spurs,2022-10-22 17:00:00,1,0,0,0,0,1.0,2,10.0,5.0,6.25,0
2022-10-22,Toronto Raptors,2022-10-22 17:00:00,2,0,0,0,0,2.0,3,33.0,14.0,29.25,2
2022-10-23,Atlanta Hawks,2022-10-23 17:00:00,1,0,0,0,0,1.0,1,7.0,7.0,7.0,0
2022-10-23,Charlotte Hornets,2022-10-23 17:00:00,1,2,0,0,0,2.5,3,23.0,10.0,19.75,0
2022-10-23,Cleveland Cavaliers,2022-10-23 17:00:00,4,0,0,0,0,4.0,5,263.0,240.0,259.25,1
2022-10-23,Golden State Warriors,2022-10-23 17:00:00,1,0,0,1,0,1.25,3,17.0,8.0,6.45,0
2022-10-23,LA Clippers,2022-10-22 17:00:00,0,0,0,0,0,0.0,1,5.0,5.0,1.25,0
2022-10-23,Los Angeles Lakers,2022-10-23 17:00:00,3,0,0,0,3,3.0,7,23.0,5.0,10.25,0
2022-10-23,Minnesota Timberwolves,2022-10-23 17:00:00,3,0,0,0,0,3.0,4,18.0,5.0,14.25,0
2022-10-23,New Orleans Pelicans,2022-10-23 17:00:00,2,0,0,0,1,2.0,3,483.0,240.0,480.0,2
2022-10-23,Oklahoma City Thunder,2022-10-23 17:00:00,2,0,1,0,0,2.5,4,78.0,45.0,72.6,2
2022-10-23,Phoenix Suns,2022-10-23 17:00:00,1,0,1,1,0,1.75,4,14.0,5.0,6.05,0
2022-10-23,Portland Trail Blazers,2022-10-23 17:00:00,3,0,0,0,0,3.0,4,18.0,7.0,14.25,0
2022-10-23,Sacramento Kings,2022-10-22 17:00:00,0,0,0,0,0,0.0,1,5.0,5.0,1.25,0
2022-10-23,Utah Jazz,2022-10-23 17:00:00,3,0,0,0,0,3.0,3,55.0,45.0,55.0,1
2022-10-23,Washington Wizards,2022-10-23 17:00:00,1,0,0,0,1,1.0,2,16.0,10.0,10.0,0
2022-10-24,Boston Celtics,2022-10-24 17:00:00,2,0,0,0,0,2.0,3,290.0,240.0,286.25,2
2022-10-24,Brooklyn Nets,2022-10-24 17:00:00,3,0,0,0,0,3.0,3,17.0,7.0,17.0,0
2022-10-24,Chicago Bulls,2022-10-24 17:00:00,1,0,0,1,0,1.25,3,53.0,45.0,46.7,1
2022-10-24,Denver Nuggets,2022-10-24 17:00:00,1,0,0,0,0,1.0,1,25.0,25.0,25.0,1
2022-10-24,Houston Rockets,2022-10-24 17:00:00,3,0,1,0,0,3.5,4,21.0,12.0,19.35,0
2022-10-24,Indiana Pacers,2022-10-24 17:00:00,2,0,0,0,0,2.0,2,13.0,10.0,13.0,0
2022-10-24,Memphis Grizzlies,2022-10-24 17:00:00,3,0,1,0,0,3.5,5,101.0,45.0,95.6,2
2022-10-24,Miami Heat,2022-10-24 17:00:00,4,0,0,0,0,4.0,4,16.0,5.0,16.0,0
2022-10-24,Minnesota Timberwolves,2022-10-24 17:00:00,4,0,0,0,0,4.0,5,21.0,5.0,17.25,0
2022-10-24,New York Knicks,2022-10-24 17:00:00,3,0,0,0,0,3.0,3,13.0,5.0,13.0,0
2022-10-24,Orlando Magic,2022-10-24 17:00:00,5,0,0,0,0,5.0,5,52.0,25.0,52.0,1
2022-10-24,Portland Trail Blazers,2022-10-24 17:00:00,3,0,1,0,0,3.5,5,28.0,10.0,18.75,0
2022-10-24,San Antonio Spurs,2022-10-24 17:00:00,4,0,0,0,0,4.0,4,20.0,5.0,20.0,0
2022-10-24,Toronto Raptors,2022-10-24 17:00:00,1,0,1,0,1,1.5,3,38.0,14.0,18.5,1
2022-10-24,Utah Jazz,2022-10-24 17:00:00,3,0,0,0,0,3.0,4,60.0,45.0,56.25,1
2022-10-25,Dallas Mavericks,2022-10-25 17:00:00,2,1,0,0,0,2.75,3,9.0,3.0,8.25,0
2022-10-25,Detroit Pistons,2022-10-25 17:00:00,4,0,0,0,0,4.0,4,47.0,25.0,47.0,1
2022-10-25,Golden State Warriors,2022-10-25 17:00:00,5,0,0,0,0,5.0,5,33.0,14.0,33.0,1
2022-10-25,LA Clippers,2022-10-25 17:00:00,4,0,0,0,0,4.0,5,21.0,5.0,17.25,0
2022-10-25,New Orleans Pelicans,2022-10-25 17:00:00,5,0,0,0,0,5.0,5,492.0,240.0,492.0,2
2022-10-25,Oklahoma City Thunder,2022-10-25 17:00:00,3,0,1,0,0,3.5,5,88.0,45.0,82.6,2
2022-10-25,Phoenix Suns,2022-10-25 17:00:00,2,0,0,0,0,2.0,3,13.0,5.0,9.25,0
2022-10-25,Washington Wizards,2022-10-25 17:00:00,1,0,0,0,0,1.0,1,10.0,10.0,10.0,0
2022-10-26,Atlanta Hawks,2022-10-26 17:00:00,1,0,0,0,1,1.0,2,10.0,7.0,7.0,0
2022-10-26,Brooklyn Nets,2022-10-26 17:00:00,3,0,0,0,0,3.0,3,17.0,7.0,17.0,0
2022-10-26,Charlotte Hornets,2022-10-26 17:00:00,1,2,0,0,0,2.5,3,23.0,10.0,19.75,0
2022-10-26,Chicago Bulls,2022-10-26 17:00:00,1,0,0,0,0,1.0,1,45.0,45.0,45.0,1
2022-10-26,Cleveland Cavaliers,2022-10-26 17:00:00,4,0,0,0,0,4.0,4,258.0,240.0,258.0,1
2022-10-26,Denver Nuggets,2022-10-26 17:00:00,1,0,1,1,0,1.75,3,32.0,25.0,27.25,1
2022-10-26,Detroit Pistons,2022-10-26 17:00:00,4,0,0,0,0,4.0,5,52.0,25.0,48.25,1
2022-10-26,Houston Rockets,2022-10-26 17:00:00,4,0,1,0,0,4.5,6,31.0,12.0,25.6,0
2022-10-26,Indiana Pacers,2022-10-26 17:00:00,1,0,1,0,0,1.5,2,13.0,10.0,7.5,0
2022-10-26,Los Angeles Lakers,2022-10-26 17:00:00,4,1,0,2,0,5.25,8,30.0,5.0,20.4,0
2022-10-26,Miami Heat,2022-10-26 17:00:00,2,0,0,0,0,2.0,3,13.0,5.0,9.25,0
2022-10-26,Milwaukee Bucks,2022-10-26 17:00:00,4,0,0,0,0,4.0,5,305.0,240.0,301.25,2
2022-10-26,Minnesota Timberwolves,2022-10-26 17:00:00,3,0,1,0,0,3.5,5,21.0,5.0,15.6,0
2022-10-26,New York Knicks,2022-10-26 17:00:00,1,0,0,0,0,1.0,1,3.0,3.0,3.0,0
2022-10-26,Orlando Magic,2022-10-26 17:00:00,5,0,0,0,0,5.0,5,52.0,25.0,52.0,1
2022-10-26,Philadelphia 76ers,2022-10-26 17:00:00,2,0,1,0,0,2.5,3,13.0,5.0,11.35,0
2022-10-26,Portland Trail Blazers,2022-10-26 17:00:00,3,0,1,0,0,3.5,5,28.0,10.0,18.75,0
2022-10-26,San Antonio Spurs,2022-10-26 17:00:00,5,0,0,0,0,5.0,5,23.0,5.0,23.0,0
2022-10-26,Toronto Raptors,2022-10-26 17:00:00,3,1,1,0,0,4.25,5,39.0,14.0,30.0,1
2022-10-26,Utah Jazz,2022-10-26 17:00:00,1,0,0,0,0,1.0,2,50.0,45.0,46.25,1
2022-10-27,Brooklyn Nets,2022-10-27 17:00:00,4,0,0,0,0,4.0,5,26.0,7.0,22.25,0
2022-10-27,Dallas Mavericks,2022-10-27 17:00:00,2,0,1,0,0,2.5,3,9.0,3.0,7.35,0
2022-10-27,Golden State Warriors,2022-10-27 17:00:00,2,0,0,0,0,2.0,3,23.0,14.0,19.25,1
2022-10-27,LA Clippers,2022-10-27 17:00:00,3,0,1,0,0,3.5,5,20.0,5.0,14.6,0
2022-10-27,Memphis Grizzlies,2022-10-27 17:00:00,3,0,1,0,0,3.5,5,101.0,45.0,95.6,2
2022-10-27,Miami Heat,2022-10-27 17:00:00,2,0,0,0,0,2.0,3,15.0,5.0,11.25,0
2022-10-27,Oklahoma City Thunder,2022-10-27 17:00:00,3,0,0,0,0,3.0,3,80.0,45.0,80.0,2
2022-10-27,Sacramento Kings,2022-10-26 17:00:00,0,0,0,0,0,0.0,1,5.0,5.0,1.25,0
2022-10-28,Atlanta Hawks,2022-10-28 17:00:00,1,0,0,0,0,1.0,1,7.0,7.0,7.0,0
2022-10-28,Boston Celtics,2022-10-28 17:00:00,5,0,0,0,0,5.0,5,300.0,240.0,300.0,2
2022-10-28,Charlotte Hornets,2022-10-28 17:00:00,1,2,0,0,0,2.5,3,23.0,10.0,19.75,0
2022-10-28,Chicago Bulls,2022-10-28 17:00:00,3,0,1,0,0,3.5,4,59.0,45.0,56.8,1
2022-10-28,Cleveland Cavaliers,2022-10-28 17:00:00,4,0,0,0,0,4.0,4,258.0,240.0,258.0,1
2022-10-28,Denver Nuggets,2022-10-28 17:00:00,1,0,3,0,0,2.5,4,42.0,25.0,32.65,1
2022-10-28,Detroit Pistons,2022-10-28 17:00:00,4,0,1,0,0,4.5,5,50.0,25.0,48.35,1
2022-10-28,Houston Rockets,2022-10-28 17:00:00,3,0,0,2,0,3.5,6,31.0,12.0,22.15,0
2022-10-28,Indiana Pacers,2022-10-28 17:00:00,3,0,0,0,0,3.0,3,13.0,5.0,13.0,0
2022-10-28,Los Angeles Lakers,2022-10-28 17:00:00,5,0,1,2,0,6.0,8,35.0,10.0,28.25,0
2022-10-28,Milwaukee Bucks,2022-10-28 17:00:00,4,0,0,0,0,4.0,5,305.0,240.0,301.25,2
2022-10-28,Minnesota Timberwolves,2022-10-28 17:00:00,3,0,1,0,0,3.5,4,18.0,5.0,16.35,0
2022-10-28,New Orleans Pelicans,2022-10-28 17:00:00,3,0,5,0,0,5.5,9,513.0,240.0,497.15,2
2022-10-28,New York Knicks,2022-10-28 17:00:00,3,0,0,0,0,3.0,3,13.0,5.0,13.0,0
2022-10-28,Orlando Magic,2022-10-28 17:00:00,6,0,0,0,0,6.0,6,55.0,25.0,55.0,1
2022-10-28,Philadelphia 76ers,2022-10-28 17:00:00,2,0,1,0,0,2.5,3,17.0,7.0,13.15,0
2022-10-28,Phoenix Suns,2022-10-28 17:00:00,1,1,0,0,0,1.75,3,13.0,5.0,8.5,0
2022-10-28,Portland Trail Blazers,2022-10-28 17:00:00,4,0,0,0,0,4.0,5,28.0,10.0,24.25,0
2022-10-28,San Antonio Spurs,2022-10-28 17:00:00,4,0,0,0,0,4.0,5,21.0,5.0,17.25,0
2022-10-28,Toronto Raptors,2022-10-28 17:00:00,3,0,0,0,0,3.0,3,13.0,5.0,13.0,0
2022-10-28,Utah Jazz,2022-10-28 17:00:00,3,0,2,0,0,4.0,6,26.0,5.0,18.95,0
2022-10-28,Washington Wizards,2022-10-28 17:00:00,2,0,0,0,0,2.0,2,24.0,14.0,24.0,1
2022-10-29,Atlanta Hawks,2022-10-29 17:00:00,1,0,0,0,0,1.0,2,12.0,7.0,8.25,0
2022-10-29,Brooklyn Nets,2022-10-29 17:00:00,1,0,1,0,0,1.5,2,14.0,7.0,10.15,0
2022-10-29,Charlotte Hornets,2022-10-29 17:00:00,1,2,0,0,0,2.5,4,28.0,10.0,21.0,0
2022-10-29,Chicago Bulls,2022-10-29 17:00:00,3,0,1,2,0,4.0,7,77.0,45.0,61.8,1
2022-10-29,Dallas Mavericks,2022-10-29 17:00:00,2,0,0,0,0,2.0,2,6.0,3.0,6.0,0
2022-10-29,Golden State Warriors,2022-10-29 17:00:00,2,0,0,0,0,2.0,2,18.0,14.0,18.0,1
2022-10-29,Indiana Pacers,2022-10-29 17:00:00,5,0,0,0,0,5.0,6,25.0,5.0,21.25,0
2022-10-29,Memphis Grizzlies,2022-10-29 17:00:00,3,2,1,0,0,5.0,7,107.0,45.0,100.1,2
2022-10-29,Miami Heat,2022-10-29 17:00:00,3,0,0,0,0,3.0,4,18.0,5.0,14.25,0
2022-10-29,Milwaukee Bucks,2022-10-29 17:00:00,4,0,0,0,0,4.0,5,325.0,240.0,321.25,3
2022-10-29,Oklahoma City Thunder,2022-10-29 17:00:00,5,0,0,0,1,5.0,6,75.0,45.0,70.0,1
2022-10-29,Philadelphia 76ers,2022-10-29 17:00:00,2,0,0,0,0,2.0,3,15.0,5.0,11.25,0
2022-10-29,Sacramento Kings,2022-10-29 17:00:00,0,0,0,0,1,0.0,2,10.0,5.0,1.25,0
2022-10-29,Utah Jazz,2022-10-29 17:00:00,4,0,0,0,0,4.0,5,23.0,5.0,19.25,0
2022-10-30,Boston Celtics,2022-10-30 17:00:00,4,0,0,0,1,4.0,5,298.0,240.0,295.0,2
2022-10-30,Cleveland Cavaliers,2022-10-30 17:00:00,4,0,0,0,0,4.0,4,258.0,240.0,258.0,1
2022-10-30,Dallas Mavericks,2022-10-30 17:00:00,2,0,0,0,0,2.0,3,11.0,5.0,7.25,0
2022-10-30,Denver Nuggets,2022-10-30 17:00:00,2,0,2,0,0,3.0,4,43.0,25.0,35.85,1
2022-10-30,Detroit Pistons,2022-10-30 17:00:00,3,0,0,0,0,3.0,3,42.0,25.0,42.0,1
2022-10-30,Golden State Warriors,2022-10-30 17:00:00,3,0,0,0,1,3.0,5,37.0,14.0,23.25,1
2022-10-30,Houston Rockets,2022-10-30 17:00:00,4,0,1,0,0,4.5,6,38.0,12.0,28.75,0
2022-10-30,LA Clippers,2022-10-30 17:00:00,5,0,0,0,0,5.0,6,29.0,5.0,25.25,0
2022-10-30,Los Angeles Lakers,2022-10-30 17:00:00,4,0,1,1,1,4.75,8,37.0,10.0,24.05,0
2022-10-30,Minnesota Timberwolves,2022-10-30 17:00:00,3,0,2,0,0,4.0,6,26.0,5.0,18.95,0
2022-10-30,New Orleans Pelicans,2022-10-30 17:00:00,5,0,0,0,1,5.0,7,274.0,240.0,267.25,1
2022-10-30,New York Knicks,2022-10-30 17:00:00,3,0,0,0,0,3.0,3,13.0,5.0,13.0,0
2022-10-30,Orlando Magic,2022-10-30 17:00:00,6,0,0,0,0,6.0,6,55.0,25.0,55.0,1
2022-10-30,Phoenix Suns,2022-10-30 17:00:00,3,0,0,0,0,3.0,4,23.0,10.0,19.25,0
2022-10-30,San Antonio Spurs,2022-10-30 17:00:00,5,0,0,0,0,5.0,5,19.0,5.0,19.0,0
2022-10-30,Washington Wizards,2022-10-30 17:00:00,2,0,0,0,0,2.0,2,24.0,14.0,24.0,1
2022-10-31,Atlanta Hawks,2022-10-31 17:00:00,1,0,0,0,0,1.0,1,7.0,7.0,7.0,0
2022-10-31,Brooklyn Nets,2022-10-31 17:00:00,2,0,1,0,0,2.5,3,14.0,7.0,12.35,0
2022-10-31,Charlotte Hornets,2022-10-31 17:00:00,1,2,0,0,0,2.5,3,23.0,10.0,19.75,0
2022-10-31,Detroit Pistons,2022-10-31 17:00:00,4,0,0,0,0,4.0,5,57.0,25.0,53.25,1
2022-10-31,Houston Rockets,2022-10-31 17:00:00,4,0,0,0,0,4.0,5,28.0,12.0,24.25,0
2022-10-31,Indiana Pacers,2022-10-31 17:00:00,3,0,2,0,0,4.0,5,19.0,5.0,15.7,0
2022-10-31,LA Clippers,2022-10-31 17:00:00,3,0,0,0,0,3.0,4,18.0,5.0,14.25,0
2022-10-31,Memphis Grizzlies,2022-10-31 17:00:00,3,0,3,0,0,4.5,7,107.0,45.0,98.3,2
2022-10-31,Milwaukee Bucks,2022-10-31 17:00:00,4,0,0,1,0,4.25,6,328.0,240.0,321.7,3
2022-10-31,Philadelphia 76ers,2022-10-31 17:00:00,3,0,0,0,0,3.0,3,13.0,5.0,13.0,0
2022-10-31,Sacramento Kings,2022-10-31 17:00:00,3,0,0,0,0,3.0,3,15.0,5.0,15.0,0
2022-10-31,Toronto Raptors,2022-10-31 17:00:00,1,0,1,0,0,1.5,2,6.0,3.0,4.35,0
2022-10-31,Utah Jazz,2022-10-31 17:00:00,5,0,0,0,1,5.0,7,33.0,5.0,24.25,0
2022-10-31,Washington Wizards,2022-10-31 17:00:00,2,0,0,0,0,2.0,3,29.0,14.0,25.25,1
2022-11-01,Brooklyn Nets,2022-11-01 17:00:00,3,0,0,0,0,3.0,4,19.0,7.0,15.25,0
2022-11-01,Chicago Bulls,2022-11-01 17:00:00,3,0,3,0,0,4.5,6,63.0,45.0,57.5,1
2022-11-01,Golden State Warriors,2022-11-01 17:00:00,2,0,0,0,0,2.0,2,18.0,14.0,18.0,1
2022-11-01,Miami Heat,2022-11-01 17:00:00,3,0,0,0,0,3.0,3,11.0,5.0,11.0,0
2022-11-01,Minnesota Timberwolves,2022-11-01 17:00:00,3,0,2,0,0,4.0,6,26.0,5.0,18.95,0
2022-11-01,Oklahoma City Thunder,2022-11-01 17:00:00,1,0,1,0,3,1.5,6,75.0,45.0,50.75,1
2022-11-01,Orlando Magic,2022-11-01 17:00:00,5,0,0,0,1,5.0,6,55.0,25.0,45.0,1
2022-11-01,Phoenix Suns,2022-11-01 17:00:00,3,0,1,0,0,3.5,5,26.0,10.0,20.6,0
2022-11-02,Atlanta Hawks,2022-11-02 17:00:00,1,0,1,0,0,1.5,2,10.0,7.0,8.35,0
2022-11-02,Boston Celtics,2022-11-02 17:00:00,4,0,0,0,0,4.0,4,295.0,240.0,295.0,2
2022-11-02,Charlotte Hornets,2022-11-02 17:00:00,3,2,0,0,0,4.5,5,33.0,10.0,29.75,0
2022-11-02,Chicago Bulls,2022-11-02 17:00:00,2,0,3,0,0,3.5,6,65.0,45.0,55.75,1
2022-11-02,Cleveland Cavaliers,2022-11-02 17:00:00,2,1,2,0,0,3.75,5,268.0,240.0,258.35,1
2022-11-02,Dallas Mavericks,2022-11-02 17:00:00,2,0,0,1,0,2.25,3,9.0,3.0,6.45,0
2022-11-02,Detroit Pistons,2022-11-02 17:00:00,4,0,0,0,0,4.0,5,57.0,25.0,53.25,1
2022-11-02,Houston Rockets,2022-11-02 17:00:00,5,0,0,0,0,5.0,6,33.0,12.0,29.25,0
2022-11-02,LA Clippers,2022-11-02 17:00:00,4,0,0,0,0,4.0,5,24.0,5.0,20.25,0
2022-11-02,Los Angeles Lakers,2022-11-02 17:00:00,3,0,1,2,0,4.0,7,32.0,10.0,15.55,0
2022-11-02,Memphis Grizzlies,2022-11-02 17:00:00,3,0,3,0,0,4.5,7,107.0,45.0,98.3,2
2022-11-02,Miami Heat,2022-11-02 17:00:00,3,0,0,0,0,3.0,4,16.0,5.0,12.25,0
2022-11-02,Milwaukee Bucks,2022-11-02 17:00:00,5,0,0,1,0,5.25,7,354.0,240.0,347.7,3
2022-11-02,New Orleans Pelicans,2022-11-02 17:00:00,3,0,1,1,0,3.75,6,504.0,240.0,490.1,2
2022-11-02,New York Knicks,2022-11-02 17:00:00,0,0,2,0,0,1.0,2,6.0,3.0,2.7,0
2022-11-02,Philadelphia 76ers,2022-11-02 17:00:00,5,0,0,0,0,5.0,5,21.0,5.0,21.0,0
2022-11-02,Portland Trail Blazers,2022-11-02 17:00:00,4,0,1,0,0,4.5,6,34.0,10.0,26.95,0
2022-11-02,Sacramento Kings,2022-11-02 17:00:00,1,0,0,0,1,1.0,2,8.0,5.0,3.0,0
2022-11-02,San Antonio Spurs,2022-11-02 17:00:00,4,0,0,0,1,4.0,6,20.0,5.0,13.25,0
2022-11-02,Toronto Raptors,2022-11-02 17:00:00,2,0,1,1,1,2.75,5,21.0,5.0,11.8,0
2022-11-02,Utah Jazz,2022-11-02 17:00:00,4,0,0,0,0,4.0,5,25.0,5.0,21.25,0
2022-11-02,Washington Wizards,2022-11-02 17:00:00,5,0,0,0,0,5.0,5,39.0,14.0,39.0,1
2022-11-03,Denver Nuggets,2022-11-03 17:00:00,3,0,2,0,0,4.0,5,48.0,25.0,40.85,1
2022-11-03,Golden State Warriors,2022-11-03 17:00:00,2,0,0,0,0,2.0,2,18.0,14.0,18.0,1
2022-11-03,Oklahoma City Thunder,2022-11-03 17:00:00,4,0,0,0,0,4.0,4,60.0,45.0,60.0,1
2022-11-03,Orlando Magic,2022-11-03 17:00:00,6,0,0,0,0,6.0,6,48.0,25.0,48.0,1
2022-11-04,Boston Celtics,2022-11-04 17:00:00,4,0,0,0,0,4.0,4,295.0,240.0,295.0,2
2022-11-04,Brooklyn Nets,2022-11-04 17:00:00,5,0,0,0,0,5.0,6,29.0,7.0,25.25,0
2022-11-04,Charlotte Hornets,2022-11-04 17:00:00,3,2,0,0,1,4.5,7,41.0,10.0,29.0,0
2022-11-04,Chicago Bulls,2022-11-04 17:00:00,5,0,0,0,0,5.0,5,61.0,45.0,61.0,1
2022-11-04,Cleveland Cavaliers,2022-11-04 17:00:00,3,0,3,0,0,4.5,6,287.0,240.0,269.4,1
2022-11-04,Dallas Mavericks,2022-11-04 17:00:00,5,0,0,0,0,5.0,5,21.0,5.0,21.0,0
2022-11-04,Detroit Pistons,2022-11-04 17:00:00,4,0,1,0,0,4.5,5,57.0,25.0,51.5,1
2022-11-04,Golden State Warriors,2022-11-04 17:00:00,6,0,0,0,0,6.0,7,37.0,14.0,33.25,1
2022-11-04,Indiana Pacers,2022-11-04 17:00:00,1,0,1,0,0,1.5,2,6.0,3.0,4.35,0
2022-11-04,LA Clippers,2022-11-04 17:00:00,4,0,0,0,0,4.0,5,26.0,7.0,22.25,0
2022-11-04,Los Angeles Lakers,2022-11-04 17:00:00,4,0,1,1,0,4.75,7,27.0,5.0,19.05,0
2022-11-04,Memphis Grizzlies,2022-11-04 17:00:00,3,0,0,0,0,3.0,4,98.0,45.0,94.25,2
2022-11-04,Miami Heat,2022-11-04 17:00:00,4,0,2,0,1,5.0,7,23.0,5.0,14.7,0
2022-11-04,Milwaukee Bucks,2022-11-04 17:00:00,5,0,0,1,0,5.25,7,354.0,240.0,347.7,3
2022-11-04,Minnesota Timberwolves,2022-11-04 17:00:00,3,0,2,0,0,4.0,6,26.0,5.0,18.95,0
2022-11-04,New Orleans Pelicans,2022-11-04 17:00:00,3,0,0,2,0,3.5,5,494.0,240.0,486.35,2
2022-11-04,New York Knicks,2022-11-04 17:00:00,2,0,0,0,0,2.0,2,10.0,5.0,10.0,0
2022-11-04,Philadelphia 76ers,2022-11-04 17:00:00,4,0,3,0,0,5.5,7,52.0,21.0,43.2,1
2022-11-04,Phoenix Suns,2022-11-04 17:00:00,3,0,0,2,0,3.5,6,29.0,10.0,14.2,0
2022-11-04,Portland Trail Blazers,2022-11-04 17:00:00,5,0,0,0,0,5.0,6,31.0,10.0,27.25,0
2022-11-04,San Antonio Spurs,2022-11-04 17:00:00,5,0,0,0,1,5.0,6,22.0,5.0,19.0,0
2022-11-04,Toronto Raptors,2022-11-04 17:00:00,2,0,2,0,0,3.0,4,16.0,5.0,12.7,0
2022-11-04,Utah Jazz,2022-11-04 17:00:00,2,0,0,0,1,2.0,4,22.0,7.0,11.25,0
2022-11-04,Washington Wizards,2022-11-04 17:00:00,4,0,0,0,0,4.0,4,29.0,14.0,29.0,1
2022-11-05,Atlanta Hawks,2022-11-05 17:00:00,1,0,1,0,3,1.5,5,25.0,7.0,8.35,0
2022-11-05,Boston Celtics,2022-11-05 17:00:00,5,0,0,0,0,5.0,6,303.0,240.0,299.25,2
2022-11-05,Brooklyn Nets,2022-11-05 17:00:00,5,0,0,0,0,5.0,6,30.0,7.0,26.25,0
2022-11-05,Charlotte Hornets,2022-11-05 17:00:00,4,0,0,0,1,4.0,6,36.0,10.0,22.25,0
2022-11-05,Denver Nuggets,2022-11-05 17:00:00,4,0,2,0,0,5.0,6,58.0,25.0,50.85,1
2022-11-05,Houston Rockets,2022-11-05 17:00:00,6,0,0,0,0,6.0,7,36.0,12.0,32.25,0
2022-11-05,Milwaukee Bucks,2022-11-05 17:00:00,5,0,1,0,0,5.5,7,354.0,240.0,348.6,3
2022-11-05,Minnesota Timberwolves,2022-11-05 17:00:00,4,0,0,0,0,4.0,5,25.0,5.0,21.25,0
2022-11-05,New Orleans Pelicans,2022-11-05 17:00:00,3,0,0,0,0,3.0,4,490.0,240.0,486.25,2
2022-11-05,New York Knicks,2022-11-05 17:00:00,2,1,1,0,0,3.25,5,21.0,5.0,14.85,0
2022-11-05,Oklahoma City Thunder,2022-11-05 17:00:00,2,0,0,0,3,2.0,6,68.0,45.0,49.25,1
2022-11-05,Orlando Magic,2022-11-05 17:00:00,5,0,0,0,1,5.0,6,48.0,25.0,45.0,1
2022-11-05,Phoenix Suns,2022-11-05 17:00:00,4,0,0,0,1,4.0,6,22.0,5.0,15.25,0
2022-11-05,Portland Trail Blazers,2022-11-05 17:00:00,4,0,0,2,0,4.5,7,41.0,10.0,26.2,0
2022-11-05,Sacramento Kings,2022-11-05 17:00:00,3,0,0,0,1,3.0,4,20.0,5.0,15.0,0
2022-11-05,San Antonio Spurs,2022-11-05 17:00:00,4,0,2,0,0,5.0,7,27.0,5.0,19.95,0
2022-11-06,Chicago Bulls,2022-11-06 17:00:00,6,0,0,0,1,6.0,7,73.0,45.0,65.0,1
2022-11-06,Cleveland Cavaliers,2022-11-06 17:00:00,3,0,0,0,2,3.0,6,282.0,240.0,256.25,1
2022-11-06,LA Clippers,2022-11-06 17:00:00,4,0,1,0,0,4.5,6,29.0,7.0,21.4,0
2022-11-06,Los Angeles Lakers,2022-11-06 17:00:00,5,0,0,0,3,5.0,9,33.0,5.0,20.25,0
2022-11-06,Memphis Grizzlies,2022-11-06 17:00:00,4,0,0,0,0,4.0,5,103.0,45.0,99.25,2
2022-11-06,Toronto Raptors,2022-11-06 17:00:00,5,0,0,0,1,5.0,6,31.0,10.0,28.0,0
2022-11-06,Utah Jazz,2022-11-06 17:00:00,3,0,1,0,0,3.5,5,25.0,7.0,19.6,0
2022-11-06,Washington Wizards,2022-11-06 17:00:00,6,0,0,0,0,6.0,7,44.0,14.0,40.25,1
2022-11-07,Atlanta Hawks,2022-11-07 17:00:00,1,0,1,0,0,1.5,2,10.0,7.0,8.35,0
2022-11-07,Boston Celtics,2022-11-07 17:00:00,4,0,0,0,0,4.0,5,298.0,240.0,294.25,2
2022-11-07,Brooklyn Nets,2022-11-07 17:00:00,4,0,0,0,1,4.0,5,25.0,7.0,22.0,0
2022-11-07,Charlotte Hornets,2022-11-07 17:00:00,2,1,1,0,1,3.25,5,31.0,10.0,19.75,0
2022-11-07,Chicago Bulls,2022-11-07 17:00:00,4,1,1,1,0,5.5,8,78.0,45.0,64.5,1
2022-11-07,Cleveland Cavaliers,2022-11-07 17:00:00,3,0,0,0,0,3.0,4,260.0,240.0,256.25,1
2022-11-07,Dallas Mavericks,2022-11-07 17:00:00,1,0,1,0,0,1.5,2,6.0,3.0,4.35,0
2022-11-07,Denver Nuggets,2022-11-07 17:00:00,3,2,0,1,0,4.75,6,58.0,25.0,50.45,1
2022-11-07,Detroit Pistons,2022-11-07 17:00:00,4,0,0,0,1,4.0,5,57.0,25.0,47.0,1
2022-11-07,Golden State Warriors,2022-11-07 17:00:00,2,0,0,0,0,2.0,3,23.0,14.0,19.25,1
2022-11-07,Houston Rockets,2022-11-07 17:00:00,4,0,2,2,0,5.5,8,37.0,12.0,23.65,0
2022-11-07,Indiana Pacers,2022-11-07 17:00:00,2,0,3,0,0,3.5,5,24.0,10.0,17.95,0
2022-11-07,LA Clippers,2022-11-07 17:00:00,3,0,2,0,0,4.0,6,24.0,5.0,16.95,0
2022-11-07,Los Angeles Lakers,2022-11-07 17:00:00,6,0,0,1,0,6.25,8,28.0,5.0,21.7,0
2022-11-07,Memphis Grizzlies,2022-11-07 17:00:00,4,0,2,0,0,5.0,7,109.0,45.0,101.95,2
2022-11-07,Miami Heat,2022-11-07 17:00:00,4,1,0,0,0,4.75,5,24.0,10.0,23.25,0
2022-11-07,Milwaukee Bucks,2022-11-07 17:00:00,4,0,0,1,1,4.25,6,349.0,240.0,340.45,3
2022-11-07,Minnesota Timberwolves,2022-11-07 17:00:00,4,0,0,0,0,4.0,5,25.0,5.0,21.25,0
2022-11-07,New Orleans Pelicans,2022-11-07 17:00:00,4,0,0,0,0,4.0,4,488.0,240.0,488.0,2
2022-11-07,New York Knicks,2022-11-07 17:00:00,3,0,1,0,0,3.5,4,25.0,12.0,23.35,0
2022-11-07,Oklahoma City Thunder,2022-11-07 17:00:00,2,0,0,0,0,2.0,2,48.0,45.0,48.0,1
2022-11-07,Orlando Magic,2022-11-07 17:00:00,5,0,0,0,0,5.0,5,45.0,25.0,45.0,1
2022-11-07,Philadelphia 76ers,2022-11-07 17:00:00,3,0,2,0,1,4.0,6,42.0,21.0,33.7,1
2022-11-07,Phoenix Suns,2022-11-07 17:00:00,4,0,1,0,0,4.5,5,44.0,30.0,42.35,1
2022-11-07,Portland Trail Blazers,2022-11-07 17:00:00,2,0,2,2,0,3.5,6,43.0,10.0,18.85,0
2022-11-07,Sacramento Kings,2022-11-06 17:00:00,0,0,0,0,0,0.0,1,5.0,5.0,1.25,0
2022-11-07,San Antonio Spurs,2022-11-07 17:00:00,4,0,0,0,2,4.0,6,22.0,5.0,14.0,0
2022-11-07,Toronto Raptors,2022-11-07 17:00:00,5,0,0,0,0,5.0,6,26.0,5.0,22.25,0
2022-11-07,Utah Jazz,2022-11-07 17:00:00,0,0,1,0,0,0.5,2,8.0,5.0,2.6,0
2022-11-07,Washington Wizards,2022-11-07 17:00:00,5,0,1,0,0,5.5,7,42.0,14.0,36.6,1
2022-11-09,Atlanta Hawks,2022-11-09 17:00:00,1,0,1,0,0,1.5,2,10.0,7.0,8.35,0
2022-11-09,Boston Celtics,2022-11-09 17:00:00,3,0,0,0,0,3.0,3,290.0,240.0,290.0,2
2022-11-09,Brooklyn Nets,2022-11-09 17:00:00,3,0,0,0,0,3.0,3,22.0,10.0,22.0,0
2022-11-09,Charlotte Hornets,2022-11-09 17:00:00,3,0,0,0,0,3.0,3,16.0,10.0,16.0,0
2022-11-09,Chicago Bulls,2022-11-09 17:00:00,4,0,0,1,0,4.25,5,61.0,45.0,58.45,1
2022-11-09,Cleveland Cavaliers,2022-11-09 17:00:00,4,0,0,0,0,4.0,4,260.0,240.0,260.0,1
2022-11-09,Dallas Mavericks,2022-11-09 17:00:00,4,0,0,0,1,4.0,5,28.0,12.0,25.0,0
2022-11-09,Denver Nuggets,2022-11-09 17:00:00,4,0,1,0,0,4.5,5,55.0,25.0,49.5,1
2022-11-09,Detroit Pistons,2022-11-09 17:00:00,4,0,0,0,0,4.0,4,47.0,25.0,47.0,1
2022-11-09,Houston Rockets,2022-11-09 17:00:00,4,0,0,0,0,4.0,4,16.0,5.0,16.0,0
2022-11-09,Indiana Pacers,2022-11-09 17:00:00,2,0,3,0,0,3.5,5,26.0,10.0,18.85,0
2022-11-09,LA Clippers,2022-11-09 17:00:00,4,0,0,0,0,4.0,4,19.0,5.0,19.0,0
2022-11-09,Los Angeles Lakers,2022-11-09 17:00:00,5,0,0,2,0,5.5,7,25.0,5.0,19.9,0
2022-11-09,Memphis Grizzlies,2022-11-09 17:00:00,4,0,1,0,0,4.5,5,101.0,45.0,99.35,2
2022-11-09,Milwaukee Bucks,2022-11-09 17:00:00,6,0,0,0,0,6.0,6,353.0,240.0,353.0,3
2022-11-09,Minnesota Timberwolves,2022-11-09 17:00:00,3,0,0,0,0,3.0,3,15.0,5.0,15.0,0
2022-11-09,New Orleans Pelicans,2022-11-09 17:00:00,4,0,1,0,0,4.5,5,491.0,240.0,489.35,2
2022-11-09,New York Knicks,2022-11-09 17:00:00,3,0,1,0,0,3.5,4,25.0,12.0,23.35,0
2022-11-09,Oklahoma City Thunder,2022-11-09 17:00:00,5,0,0,0,1,5.0,6,70.0,45.0,65.0,1
2022-11-09,Orlando Magic,2022-11-09 17:00:00,7,0,0,0,0,7.0,7,58.0,25.0,58.0,1
2022-11-09,Phoenix Suns,2022-11-09 17:00:00,4,0,0,0,0,4.0,4,41.0,30.0,41.0,1
2022-11-09,Portland Trail Blazers,2022-11-09 17:00:00,2,0,3,4,0,4.5,9,52.0,10.0,21.1,0
2022-11-09,Sacramento Kings,2022-11-09 17:00:00,0,0,1,0,0,0.5,1,3.0,3.0,1.35,0
2022-11-09,San Antonio Spurs,2022-11-09 17:00:00,4,0,0,0,1,4.0,5,48.0,25.0,38.0,1
2022-11-09,Toronto Raptors,2022-11-09 17:00:00,3,0,0,0,0,3.0,3,9.0,3.0,9.0,0
2022-11-09,Utah Jazz,2022-11-09 17:00:00,4,0,1,0,0,4.5,5,23.0,5.0,21.35,0
2022-11-10,Atlanta Hawks,2022-11-10 17:00:00,1,0,1,0,0,1.5,3,15.0,7.0,9.6,0
2022-11-10,Charlotte Hornets,2022-11-10 17:00:00,3,0,0,0,0,3.0,4,21.0,10.0,17.25,0
2022-11-10,Dallas Mavericks,2022-11-10 17:00:00,4,0,0,0,0,4.0,5,30.0,12.0,26.25,0
2022-11-10,Miami Heat,2022-11-10 17:00:00,3,0,2,0,0,4.0,5,24.0,10.0,16.85,0
2022-11-10,New Orleans Pelicans,2022-11-10 17:00:00,3,0,1,0,0,3.5,5,493.0,240.0,487.6,2
2022-11-10,Philadelphia 76ers,2022-11-10 17:00:00,4,0,1,0,0,4.5,5,39.0,21.0,37.35,1
2022-11-10,Portland Trail Blazers,2022-11-10 17:00:00,3,0,2,2,0,4.5,8,45.0,10.0,23.05,0
2022-11-10,Washington Wizards,2022-11-10 17:00:00,6,0,0,0,2,6.0,8,52.0,14.0,42.0,1
2022-11-11,Boston Celtics,2022-11-11 17:00:00,3,0,0,0,0,3.0,3,288.0,240.0,288.0,2
2022-11-11,Cleveland Cavaliers,2022-11-11 17:00:00,4,0,0,0,0,4.0,5,265.0,240.0,261.25,1
2022-11-11,Denver Nuggets,2022-11-11 17:00:00,4,0,0,0,0,4.0,4,45.0,25.0,45.0,1
2022-11-11,Detroit Pistons,2022-11-11 17:00:00,4,0,0,0,2,4.0,6,53.0,25.0,25.0,0
2022-11-11,Golden State Warriors,2022-11-11 17:00:00,1,0,0,1,0,1.25,2,18.0,14.0,6.1,1
2022-11-11,Los Angeles Lakers,2022-11-11 17:00:00,5,0,1,1,0,5.75,8,30.0,5.0,22.05,0
2022-11-11,Memphis Grizzlies,2022-11-11 17:00:00,4,0,0,0,0,4.0,5,103.0,45.0,99.25,2
2022-11-11,Milwaukee Bucks,2022-11-11 17:00:00,6,0,0,0,0,6.0,7,358.0,240.0,354.25,3
2022-11-11,Minnesota Timberwolves,2022-11-11 17:00:00,3,0,0,0,1,3.0,5,23.0,5.0,14.25,0
2022-11-11,New York Knicks,2022-11-11 17:00:00,3,0,0,1,0,3.25,4,25.0,12.0,22.45,0
2022-11-11,Oklahoma City Thunder,2022-11-11 17:00:00,4,0,0,0,1,4.0,6,75.0,45.0,66.25,1
2022-11-11,Orlando Magic,2022-11-11 17:00:00,6,0,0,0,1,6.0,7,58.0,25.0,55.0,1
2022-11-11,Phoenix Suns,2022-11-11 17:00:00,5,0,0,0,0,5.0,5,47.0,30.0,47.0,1
2022-11-11,Sacramento Kings,2022-11-11 17:00:00,3,0,0,0,0,3.0,4,20.0,5.0,16.25,0
2022-11-11,San Antonio Spurs,2022-11-11 17:00:00,4,0,0,0,0,4.0,5,43.0,25.0,39.25,1
2022-11-11,Toronto Raptors,2022-11-11 17:00:00,6,0,0,0,0,6.0,7,36.0,10.0,32.25,0
2022-11-12,Atlanta Hawks,2022-11-12 17:00:00,2,0,0,0,0,2.0,2,10.0,7.0,10.0,0
2022-11-12,Boston Celtics,2022-11-12 17:00:00,6,0,1,0,0,6.5,8,309.0,240.0,303.6,2
2022-11-12,Brooklyn Nets,2022-11-12 17:00:00,4,0,0,0,0,4.0,4,27.0,10.0,27.0,0
2022-11-12,Charlotte Hornets,2022-11-12 17:00:00,4,0,2,0,0,5.0,6,36.0,10.0,25.0,0
2022-11-12,Dallas Mavericks,2022-11-12 17:00:00,4,0,0,1,0,4.25,5,30.0,12.0,19.8,0
2022-11-12,Detroit Pistons,2022-11-12 17:00:00,4,0,0,0,1,4.0,6,37.0,12.0,21.25,0
2022-11-12,Houston Rockets,2022-11-12 17:00:00,5,0,0,0,0,5.0,5,21.0,5.0,21.0,0
2022-11-12,Indiana Pacers,2022-11-12 17:00:00,2,0,2,0,0,3.0,4,23.0,10.0,17.5,0
2022-11-12,LA Clippers,2022-11-12 17:00:00,4,0,0,0,0,4.0,5,24.0,5.0,20.25,0
2022-11-12,Miami Heat,2022-11-12 17:00:00,3,0,2,0,0,4.0,5,24.0,10.0,16.85,0
2022-11-12,New Orleans Pelicans,2022-11-12 17:00:00,3,0,0,0,0,3.0,3,485.0,240.0,485.0,2
2022-11-12,Philadelphia 76ers,2022-11-12 17:00:00,3,0,2,0,1,4.0,6,42.0,21.0,33.7,1
2022-11-12,Portland Trail Blazers,2022-11-12 17:00:00,2,0,3,2,0,4.0,7,54.0,25.0,25.9,1
2022-11-12,Toronto Raptors,2022-11-12 17:00:00,5,0,1,0,0,5.5,7,34.0,10.0,28.6,0
2022-11-12,Utah Jazz,2022-11-12 17:00:00,4,0,0,0,0,4.0,4,20.0,5.0,20.0,0
2022-11-12,Washington Wizards,2022-11-12 17:00:00,6,0,0,0,2,6.0,8,52.0,14.0,39.0,1
2022-11-13,Brooklyn Nets,2022-11-13 17:00:00,3,0,1,0,0,3.5,5,26.0,7.0,20.05,0
2022-11-13,Chicago Bulls,2022-11-13 17:00:00,5,0,0,0,0,5.0,5,63.0,45.0,63.0,1
2022-11-13,Cleveland Cavaliers,2022-11-13 17:00:00,5,0,0,0,2,5.0,7,269.0,240.0,259.0,1
2022-11-13,Denver Nuggets,2022-11-13 17:00:00,5,0,0,0,0,5.0,5,50.0,25.0,50.0,1
2022-11-13,Golden State Warriors,2022-11-13 17:00:00,1,1,0,0,0,1.75,2,7.0,4.0,6.25,0
2022-11-13,Los Angeles Lakers,2022-11-13 17:00:00,4,1,0,1,0,5.0,7,27.0,5.0,19.95,0
2022-11-13,Memphis Grizzlies,2022-11-13 17:00:00,6,0,0,0,0,6.0,6,104.0,45.0,104.0,2
2022-11-13,Minnesota Timberwolves,2022-11-13 17:00:00,3,0,0,0,0,3.0,3,13.0,5.0,13.0,0
2022-11-13,New York Knicks,2022-11-13 17:00:00,3,0,0,0,0,3.0,3,22.0,12.0,22.0,0
2022-11-13,Oklahoma City Thunder,2022-11-13 17:00:00,4,0,0,0,0,4.0,4,65.0,45.0,65.0,1
2022-11-13,Philadelphia 76ers,2022-11-13 17:00:00,4,0,0,0,0,4.0,5,39.0,21.0,35.25,1
2022-11-13,Sacramento Kings,2022-11-13 17:00:00,3,0,0,0,0,3.0,4,20.0,5.0,16.25,0
2022-11-13,Utah Jazz,2022-11-13 17:00:00,4,0,0,0,0,4.0,5,25.0,5.0,21.25,0
2022-11-13,Washington Wizards,2022-11-13 17:00:00,3,0,0,0,0,3.0,4,29.0,14.0,25.25,1
2022-11-14,Atlanta Hawks,2022-11-14 17:00:00,1,0,0,0,0,1.0,2,12.0,7.0,8.25,0
2022-11-14,Boston Celtics,2022-11-14 17:00:00,5,0,0,0,0,5.0,5,298.0,240.0,298.0,2
2022-11-14,Charlotte Hornets,2022-11-14 17:00:00,4,1,0,0,1,4.75,6,31.0,10.0,23.5,0
2022-11-14,Detroit Pistons,2022-11-14 17:00:00,4,0,0,0,0,4.0,4,16.0,5.0,16.0,0
2022-11-14,Golden State Warriors,2022-11-14 17:00:00,3,0,0,0,0,3.0,4,16.0,5.0,12.25,0
2022-11-14,Houston Rockets,2022-11-14 17:00:00,3,0,1,0,0,3.5,5,19.0,5.0,13.6,0
2022-11-14,LA Clippers,2022-11-14 17:00:00,5,0,0,0,0,5.0,6,28.0,5.0,24.25,0
2022-11-14,Miami Heat,2022-11-14 17:00:00,3,0,0,1,0,3.25,4,19.0,10.0,16.45,0
2022-11-14,Milwaukee Bucks,2022-11-14 17:00:00,5,0,0,3,0,5.75,9,364.0,240.0,352.6,3
2022-11-14,Oklahoma City Thunder,2022-11-14 17:00:00,5,0,0,0,0,5.0,6,73.0,45.0,69.25,1
2022-11-14,Orlando Magic,2022-11-14 17:00:00,6,0,0,0,0,6.0,6,55.0,25.0,55.0,1
2022-11-14,Phoenix Suns,2022-11-14 17:00:00,3,0,1,0,0,3.5,4,44.0,30.0,42.35,1
2022-11-14,San Antonio Spurs,2022-11-14 17:00:00,6,0,0,0,0,6.0,6,51.0,25.0,51.0,1
2022-11-14,Toronto Raptors,2022-11-14 17:00:00,6,0,1,0,0,6.5,7,32.0,10.0,30.35,0
2022-11-15,Brooklyn Nets,2022-11-15 17:00:00,3,0,0,0,4,3.0,8,35.0,7.0,18.25,0
2022-11-15,Dallas Mavericks,2022-11-15 17:00:00,4,0,1,0,0,4.5,5,21.0,5.0,19.35,0
2022-11-15,LA Clippers,2022-11-15 17:00:00,4,0,0,0,0,4.0,5,24.0,5.0,20.25,0
2022-11-15,Memphis Grizzlies,2022-11-15 17:00:00,5,0,1,0,0,5.5,7,111.0,45.0,82.5,2
2022-11-15,New Orleans Pelicans,2022-11-15 17:00:00,3,0,1,0,0,3.5,4,260.0,240.0,254.5,1
2022-11-15,New York Knicks,2022-11-15 17:00:00,3,0,0,0,0,3.0,4,27.0,12.0,23.25,0
2022-11-15,Portland Trail Blazers,2022-11-15 17:00:00,2,0,3,0,0,3.5,6,24.0,7.0,15.3,0
2022-11-15,Sacramento Kings,2022-11-15 17:00:00,3,0,0,0,0,3.0,4,20.0,5.0,16.25,0
2022-11-15,San Antonio Spurs,2022-11-15 17:00:00,5,0,1,0,0,5.5,7,56.0,25.0,50.6,1
2022-11-15,Utah Jazz,2022-11-15 17:00:00,3,0,0,0,0,3.0,4,18.0,5.0,14.25,0
2022-11-16,Atlanta Hawks,2022-11-16 17:00:00,1,0,0,0,0,1.0,1,7.0,7.0,7.0,0
2022-11-16,Boston Celtics,2022-11-16 17:00:00,5,0,0,0,1,5.0,6,301.0,240.0,296.0,2
2022-11-16,Charlotte Hornets,2022-11-16 17:00:00,2,2,0,0,0,3.5,4,26.0,10.0,21.0,0
2022-11-16,Chicago Bulls,2022-11-16 17:00:00,5,0,0,0,0,5.0,5,63.0,45.0,63.0,1
2022-11-16,Cleveland Cavaliers,2022-11-16 17:00:00,3,1,1,0,0,4.25,6,264.0,240.0,257.85,1
2022-11-16,Dallas Mavericks,2022-11-16 17:00:00,6,0,0,0,0,6.0,7,31.0,5.0,27.25,0
2022-11-16,Denver Nuggets,2022-11-16 17:00:00,2,1,2,0,0,3.75,6,53.0,25.0,42.35,1
2022-11-16,Golden State Warriors,2022-11-16 17:00:00,2,0,0,0,0,2.0,3,12.0,5.0,8.25,0
2022-11-16,Houston Rockets,2022-11-16 17:00:00,5,0,0,0,0,5.0,6,26.0,5.0,22.25,0
2022-11-16,Indiana Pacers,2022-11-16 17:00:00,2,0,3,0,0,3.5,5,75.0,45.0,64.0,1
2022-11-16,Miami Heat,2022-11-16 17:00:00,5,0,1,0,0,5.5,6,67.0,45.0,65.35,1
2022-11-16,Milwaukee Bucks,2022-11-16 17:00:00,3,1,2,1,0,5.0,7,374.0,240.0,332.75,4
2022-11-16,Minnesota Timberwolves,2022-11-16 17:00:00,3,0,0,0,0,3.0,3,15.0,5.0,15.0,0
2022-11-16,New Orleans Pelicans,2022-11-16 17:00:00,4,0,0,0,0,4.0,5,258.0,240.0,254.25,1
2022-11-16,New York Knicks,2022-11-16 17:00:00,3,0,0,0,0,3.0,4,27.0,12.0,23.25,0
2022-11-16,Oklahoma City Thunder,2022-11-16 17:00:00,5,0,0,0,0,5.0,6,73.0,45.0,69.25,1
2022-11-16,Orlando Magic,2022-11-16 17:00:00,6,0,1,0,0,6.5,7,58.0,25.0,56.35,1
2022-11-16,Phoenix Suns,2022-11-16 17:00:00,3,0,1,0,0,3.5,5,49.0,30.0,43.6,1
2022-11-16,Toronto Raptors,2022-11-16 17:00:00,5,1,1,0,0,6.25,7,30.0,10.0,27.6,0
2022-11-16,Washington Wizards,2022-11-16 17:00:00,5,0,0,0,0,5.0,5,34.0,14.0,34.0,1
2022-11-17,Brooklyn Nets,2022-11-17 17:00:00,3,0,0,0,0,3.0,4,22.0,7.0,18.25,0
2022-11-17,Detroit Pistons,2022-11-17 17:00:00,3,0,0,0,1,3.0,5,19.0,5.0,12.25,0
2022-11-17,LA Clippers,2022-11-17 17:00:00,4,0,2,0,0,5.0,7,37.0,10.0,29.4,0
2022-11-17,Portland Trail Blazers,2022-11-17 17:00:00,3,0,3,0,0,4.5,7,29.0,7.0,20.3,0
2022-11-17,Sacramento Kings,2022-11-17 17:00:00,2,1,0,0,1,2.75,5,23.0,5.0,13.5,0
2022-11-17,San Antonio Spurs,2022-11-17 17:00:00,5,0,2,0,0,6.0,8,59.0,25.0,51.95,1
2022-11-18,Boston Celtics,2022-11-18 17:00:00,5,0,0,0,1,5.0,6,301.0,240.0,298.0,2
2022-11-18,Charlotte Hornets,2022-11-18 17:00:00,3,1,1,0,0,4.25,5,36.0,10.0,31.85,0
2022-11-18,Chicago Bulls,2022-11-18 17:00:00,5,0,0,2,0,5.5,7,78.0,45.0,66.95,1
2022-11-18,Cleveland Cavaliers,2022-11-18 17:00:00,4,0,1,0,0,4.5,5,261.0,240.0,259.35,1
2022-11-18,Dallas Mavericks,2022-11-18 17:00:00,4,0,1,1,0,4.75,6,24.0,5.0,19.8,0
2022-11-18,Denver Nuggets,2022-11-18 17:00:00,3,1,1,0,0,4.25,6,53.0,25.0,45.1,1
2022-11-18,Detroit Pistons,2022-11-18 17:00:00,3,0,1,0,0,3.5,5,19.0,5.0,13.6,0
2022-11-18,Golden State Warriors,2022-11-18 17:00:00,1,0,1,0,0,1.5,3,12.0,5.0,6.6,0
2022-11-18,Houston Rockets,2022-11-18 17:00:00,5,0,1,0,0,5.5,7,29.0,5.0,23.6,0
2022-11-18,Indiana Pacers,2022-11-18 17:00:00,2,0,2,0,0,3.0,5,70.0,45.0,60.75,1
2022-11-18,Los Angeles Lakers,2022-11-18 17:00:00,4,0,1,1,0,4.75,7,29.0,5.0,21.05,0
2022-11-18,Memphis Grizzlies,2022-11-18 17:00:00,5,0,0,0,2,5.0,8,76.0,45.0,62.25,1
2022-11-18,Miami Heat,2022-11-18 17:00:00,7,0,2,0,1,8.0,10,79.0,45.0,72.7,1
2022-11-18,Milwaukee Bucks,2022-11-18 17:00:00,4,0,0,2,1,4.5,7,334.0,240.0,312.0,3
2022-11-18,New Orleans Pelicans,2022-11-18 17:00:00,3,0,1,0,0,3.5,5,258.0,240.0,252.6,1
2022-11-18,New York Knicks,2022-11-18 17:00:00,2,1,0,0,0,2.75,4,27.0,12.0,20.25,0
2022-11-18,Oklahoma City Thunder,2022-11-18 17:00:00,6,0,0,0,0,6.0,6,71.0,45.0,71.0,1
2022-11-18,Orlando Magic,2022-11-18 17:00:00,5,0,0,0,2,5.0,7,58.0,25.0,48.0,1
2022-11-18,Philadelphia 76ers,2022-11-18 17:00:00,4,0,1,0,1,4.5,6,40.0,21.0,33.35,1
2022-11-18,Phoenix Suns,2022-11-18 17:00:00,4,0,1,0,0,4.5,6,52.0,30.0,46.6,1
2022-11-18,Utah Jazz,2022-11-18 17:00:00,5,0,0,0,0,5.0,6,28.0,5.0,24.25,0
2022-11-18,Washington Wizards,2022-11-18 17:00:00,6,0,0,0,0,6.0,6,37.0,14.0,37.0,1
2022-11-19,Atlanta Hawks,2022-11-19 17:00:00,3,0,0,0,1,3.0,4,22.0,7.0,17.0,0
2022-11-19,Indiana Pacers,2022-11-19 17:00:00,2,0,3,0,0,3.5,6,73.0,45.0,62.1,1
2022-11-19,LA Clippers,2022-11-19 17:00:00,4,0,0,0,0,4.0,5,30.0,10.0,26.25,0
2022-11-19,Minnesota Timberwolves,2022-11-19 17:00:00,3,0,0,0,0,3.0,3,15.0,5.0,15.0,0
2022-11-19,Orlando Magic,2022-11-19 17:00:00,5,0,2,0,0,6.0,8,60.0,25.0,52.4,1
2022-11-19,Philadelphia 76ers,2022-11-19 17:00:00,5,0,1,0,0,5.5,7,65.0,25.0,59.6,2
2022-11-19,Portland Trail Blazers,2022-11-19 17:00:00,4,0,1,0,0,4.5,6,28.0,7.0,22.6,0
2022-11-19,San Antonio Spurs,2022-11-19 17:00:00,4,0,1,0,4,4.5,10,67.0,25.0,40.6,1
2022-11-19,Toronto Raptors,2022-11-19 17:00:00,7,0,0,0,1,7.0,8,40.0,10.0,35.0,0
2022-11-19,Utah Jazz,2022-11-19 17:00:00,5,0,0,0,0,5.0,6,28.0,5.0,24.25,0
2022-11-20,Brooklyn Nets,2022-11-20 17:00:00,3,0,0,0,1,3.0,4,20.0,7.0,15.0,0
2022-11-20,Charlotte Hornets,2022-11-20 17:00:00,2,0,0,0,2,2.0,4,33.0,10.0,13.0,0
2022-11-20,Cleveland Cavaliers,2022-11-20 17:00:00,3,0,1,0,0,3.5,4,278.0,240.0,264.25,2
2022-11-20,Dallas Mavericks,2022-11-20 17:00:00,3,0,0,1,1,3.25,5,21.0,5.0,13.45,0
2022-11-20,Denver Nuggets,2022-11-20 17:00:00,3,0,2,1,0,4.25,6,51.0,25.0,41.3,1
2022-11-20,Detroit Pistons,2022-11-20 17:00:00,4,0,0,0,1,4.0,6,29.0,10.0,22.25,0
2022-11-20,Golden State Warriors,2022-11-20 17:00:00,1,0,0,0,0,1.0,1,4.0,4.0,4.0,0
2022-11-20,Houston Rockets,2022-11-20 17:00:00,5,0,2,0,0,6.0,8,32.0,5.0,24.95,0
2022-11-20,Los Angeles Lakers,2022-11-20 17:00:00,4,0,1,1,0,4.75,7,29.0,5.0,21.05,0
2022-11-20,Memphis Grizzlies,2022-11-20 17:00:00,6,0,0,0,0,6.0,6,111.0,45.0,111.0,2
2022-11-20,Miami Heat,2022-11-20 17:00:00,5,0,4,0,0,7.0,9,76.0,45.0,69.4,1
2022-11-20,New York Knicks,2022-11-20 17:00:00,3,0,0,0,1,3.0,5,30.0,12.0,14.25,0
2022-11-20,Phoenix Suns,2022-11-20 17:00:00,4,0,0,0,0,4.0,4,44.0,30.0,44.0,1
2022-11-20,Sacramento Kings,2022-11-20 17:00:00,0,0,0,0,2,0.0,3,15.0,5.0,1.25,0
2022-11-20,San Antonio Spurs,2022-11-20 17:00:00,4,0,0,0,0,4.0,5,43.0,25.0,39.25,1
2022-11-20,Washington Wizards,2022-11-20 17:00:00,3,0,0,0,1,3.0,4,23.0,14.0,20.0,1
2022-11-21,Atlanta Hawks,2022-11-21 17:00:00,4,0,1,0,0,4.5,5,25.0,7.0,23.35,0
2022-11-21,Boston Celtics,2022-11-21 17:00:00,4,0,0,0,0,4.0,5,300.0,240.0,296.25,2
2022-11-21,Chicago Bulls,2022-11-21 17:00:00,4,0,0,0,0,4.0,5,65.0,45.0,61.25,1
2022-11-21,Cleveland Cavaliers,2022-11-21 17:00:00,4,0,1,0,0,4.5,6,293.0,240.0,275.5,2
2022-11-21,Golden State Warriors,2022-11-21 17:00:00,4,0,2,0,0,5.0,7,26.0,5.0,18.95,0
2022-11-21,Indiana Pacers,2022-11-21 17:00:00,3,0,2,0,0,4.0,6,73.0,45.0,63.75,1
2022-11-21,LA Clippers,2022-11-21 17:00:00,5,0,0,0,0,5.0,6,51.0,21.0,47.25,1
2022-11-21,Miami Heat,2022-11-21 17:00:00,6,0,3,0,0,7.5,10,88.0,45.0,79.3,1
2022-11-21,Milwaukee Bucks,2022-11-21 17:00:00,3,0,0,1,0,3.25,4,302.0,240.0,299.45,3
2022-11-21,Minnesota Timberwolves,2022-11-21 17:00:00,0,0,0,0,3,0.0,3,15.0,5.0,0.0,0
2022-11-21,New Orleans Pelicans,2022-11-21 17:00:00,3,0,1,1,0,3.75,6,261.0,240.0,253.05,1
2022-11-21,New York Knicks,2022-11-21 17:00:00,2,0,2,0,0,3.0,5,21.0,5.0,13.95,0
2022-11-21,Oklahoma City Thunder,2022-11-21 17:00:00,3,0,3,0,1,4.5,7,81.0,45.0,67.2,1
2022-11-21,Orlando Magic,2022-11-21 17:00:00,6,0,0,0,0,6.0,6,51.0,25.0,51.0,1
2022-11-21,Portland Trail Blazers,2022-11-21 17:00:00,4,0,0,0,0,4.0,5,23.0,7.0,19.25,0
2022-11-21,Utah Jazz,2022-11-21 17:00:00,6,0,0,0,0,6.0,7,31.0,5.0,27.25,0
2022-11-22,Brooklyn Nets,2022-11-22 17:00:00,3,0,0,0,1,3.0,4,18.0,7.0,15.0,0
2022-11-22,Denver Nuggets,2022-11-22 17:00:00,2,2,4,0,0,5.5,8,57.0,25.0,44.05,1
2022-11-22,Detroit Pistons,2022-11-22 17:00:00,4,0,0,1,0,4.25,6,29.0,10.0,22.7,0
2022-11-22,Los Angeles Lakers,2022-11-22 17:00:00,5,0,0,1,0,5.25,7,29.0,5.0,22.7,0
2022-11-22,Memphis Grizzlies,2022-11-22 17:00:00,3,0,1,0,3,3.5,8,81.0,45.0,56.75,1
2022-11-22,Philadelphia 76ers,2022-11-22 17:00:00,4,0,0,2,1,4.5,7,45.0,25.0,34.9,1
2022-11-22,Phoenix Suns,2022-11-22 17:00:00,4,0,0,0,0,4.0,5,49.0,30.0,45.25,1
2022-11-22,Sacramento Kings,2022-11-21 17:00:00,0,0,0,0,0,0.0,1,5.0,5.0,1.25,0
2022-11-23,Atlanta Hawks,2022-11-23 17:00:00,2,0,0,1,2,2.25,5,25.0,7.0,12.45,0
2022-11-23,Boston Celtics,2022-11-23 17:00:00,3,0,1,0,0,3.5,4,305.0,240.0,299.5,2
2022-11-23,Brooklyn Nets,2022-11-23 17:00:00,3,0,0,0,0,3.0,4,19.0,7.0,15.25,0
2022-11-23,Charlotte Hornets,2022-11-23 17:00:00,2,0,0,0,0,2.0,2,13.0,10.0,13.0,0
2022-11-23,Chicago Bulls,2022-11-23 17:00:00,2,0,0,0,0,2.0,2,48.0,45.0,48.0,1
2022-11-23,Cleveland Cavaliers,2022-11-23 17:00:00,5,0,0,1,1,5.25,7,298.0,240.0,290.45,2
2022-11-23,Dallas Mavericks,2022-11-23 17:00:00,3,1,1,0,0,4.25,5,21.0,5.0,18.6,0
2022-11-23,Denver Nuggets,2022-11-23 17:00:00,4,0,4,0,0,6.0,9,66.0,25.0,47.4,1
2022-11-23,Detroit Pistons,2022-11-23 17:00:00,4,0,1,0,0,4.5,6,33.0,10.0,25.4,0
2022-11-23,Golden State Warriors,2022-11-23 17:00:00,1,0,0,0,0,1.0,2,9.0,5.0,5.25,0
2022-11-23,Indiana Pacers,2022-11-23 17:00:00,2,0,4,0,0,4.0,6,78.0,45.0,65.35,1
2022-11-23,LA Clippers,2022-11-23 17:00:00,6,0,0,0,0,6.0,7,61.0,21.0,57.25,1
2022-11-23,Miami Heat,2022-11-23 17:00:00,5,0,3,2,0,7.0,10,86.0,45.0,72.1,1
2022-11-23,Milwaukee Bucks,2022-11-23 17:00:00,2,0,0,0,0,2.0,3,290.0,240.0,286.25,2
2022-11-23,Minnesota Timberwolves,2022-11-23 17:00:00,0,0,2,0,0,1.0,2,13.0,10.0,5.85,0
2022-11-23,New Orleans Pelicans,2022-11-23 17:00:00,3,1,0,0,0,3.75,4,253.0,240.0,252.25,1
2022-11-23,Oklahoma City Thunder,2022-11-23 17:00:00,5,0,1,0,0,5.5,7,100.0,45.0,90.75,2
2022-11-23,Philadelphia 76ers,2022-11-23 17:00:00,6,0,0,0,0,6.0,7,65.0,25.0,61.25,2
2022-11-23,Portland Trail Blazers,2022-11-23 17:00:00,4,0,0,1,0,4.25,5,28.0,10.0,19.5,0
2022-11-23,Sacramento Kings,2022-11-22 17:00:00,0,0,0,0,0,0.0,1,5.0,5.0,1.25,0
2022-11-23,San Antonio Spurs,2022-11-23 17:00:00,5,0,0,0,1,5.0,7,49.0,25.0,42.25,1
2022-11-23,Toronto Raptors,2022-11-23 17:00:00,5,0,1,0,1,5.5,7,46.0,12.0,34.4,0
2022-11-23,Utah Jazz,2022-11-23 17:00:00,5,0,1,0,0,5.5,7,28.0,6.0,22.6,0
2022-11-23,Washington Wizards,2022-11-23 17:00:00,1,0,3,0,0,2.5,4,23.0,14.0,18.05,1
2022-11-25,Atlanta Hawks,2022-11-25 17:00:00,2,0,1,0,1,2.5,4,18.0,7.0,13.35,0
2022-11-25,Boston Celtics,2022-11-25 17:00:00,2,0,0,0,0,2.0,2,285.0,240.0,285.0,2
2022-11-25,Brooklyn Nets,2022-11-25 17:00:00,3,0,0,0,0,3.0,3,26.0,14.0,26.0,1
2022-11-25,Charlotte Hornets,2022-11-25 17:00:00,4,0,0,0,0,4.0,4,26.0,10.0,26.0,0
2022-11-25,Chicago Bulls,2022-11-25 17:00:00,4,0,1,0,1,4.5,6,66.0,45.0,61.35,1
2022-11-25,Cleveland Cavaliers,2022-11-25 17:00:00,4,1,0,0,0,4.75,5,288.0,240.0,287.25,2
2022-11-25,Denver Nuggets,2022-11-25 17:00:00,3,0,2,1,0,4.25,6,47.0,25.0,37.3,1
2022-11-25,Detroit Pistons,2022-11-25 17:00:00,4,0,4,0,0,6.0,8,33.0,10.0,26.4,0
2022-11-25,Golden State Warriors,2022-11-25 17:00:00,1,0,0,0,0,1.0,1,4.0,4.0,4.0,0
2022-11-25,Houston Rockets,2022-11-25 17:00:00,5,1,1,2,0,6.75,9,40.0,10.0,30.75,0
2022-11-25,Indiana Pacers,2022-11-25 17:00:00,2,0,4,0,0,4.0,6,78.0,45.0,65.35,1
2022-11-25,LA Clippers,2022-11-25 17:00:00,6,0,0,0,0,6.0,6,56.0,21.0,56.0,1
2022-11-25,Los Angeles Lakers,2022-11-25 17:00:00,3,0,1,2,0,4.0,6,24.0,5.0,17.25,0
2022-11-25,Memphis Grizzlies,2022-11-25 17:00:00,3,1,2,0,0,4.75,6,60.0,45.0,55.95,1
2022-11-25,Miami Heat,2022-11-25 17:00:00,5,0,4,2,1,7.5,12,92.0,45.0,73.45,1
2022-11-25,Milwaukee Bucks,2022-11-25 17:00:00,2,0,2,1,0,3.25,5,294.0,240.0,288.15,2
2022-11-25,Minnesota Timberwolves,2022-11-25 17:00:00,5,0,0,0,2,5.0,7,41.0,10.0,28.0,0
2022-11-25,New Orleans Pelicans,2022-11-25 17:00:00,4,0,1,0,0,4.5,5,258.0,240.0,256.35,1
2022-11-25,New York Knicks,2022-11-25 17:00:00,2,0,3,0,0,3.5,5,19.0,5.0,14.05,0
2022-11-25,Oklahoma City Thunder,2022-11-25 17:00:00,4,0,0,0,1,4.0,5,85.0,45.0,80.0,2
2022-11-25,Orlando Magic,2022-11-25 17:00:00,5,0,0,0,0,5.0,5,41.0,25.0,41.0,1
2022-11-25,Philadelphia 76ers,2022-11-25 17:00:00,6,0,0,0,0,6.0,6,60.0,25.0,60.0,2
2022-11-25,Phoenix Suns,2022-11-25 17:00:00,4,0,0,0,0,4.0,4,44.0,30.0,44.0,1
2022-11-25,Portland Trail Blazers,2022-11-25 17:00:00,4,0,1,0,0,4.5,5,21.0,7.0,19.35,0
2022-11-25,Sacramento Kings,2022-11-25 17:00:00,3,0,0,0,0,3.0,3,15.0,5.0,15.0,0
2022-11-25,San Antonio Spurs,2022-11-25 17:00:00,4,0,0,0,3,4.0,7,61.0,25.0,28.0,0
2022-11-25,Utah Jazz,2022-11-25 17:00:00,5,0,0,0,0,5.0,5,20.0,6.0,20.0,0
2022-11-25,Washington Wizards,2022-11-25 17:00:00,1,0,4,0,0,3.0,5,26.0,14.0,19.400000000000002,1
2022-11-26,Dallas Mavericks,2022-11-26 17:00:00,3,0,0,0,1,3.0,4,18.0,5.0,15.0,0
2022-11-26,Houston Rockets,2022-11-26 17:00:00,5,0,0,1,0,5.25,7,36.0,10.0,23.75,0
2022-11-26,Los Angeles Lakers,2022-11-26 17:00:00,3,0,1,1,0,3.75,6,26.0,5.0,18.05,0
2022-11-26,Oklahoma City Thunder,2022-11-26 17:00:00,5,0,0,0,0,5.0,6,90.0,45.0,86.25,2
2022-11-26,Phoenix Suns,2022-11-26 17:00:00,3,0,0,1,0,3.25,5,49.0,30.0,40.15,1
2022-11-26,San Antonio Spurs,2022-11-26 17:00:00,4,0,0,0,0,4.0,5,33.0,10.0,29.25,0
2022-11-26,Toronto Raptors,2022-11-26 17:00:00,6,0,0,0,1,6.0,7,44.0,12.0,41.0,0
2022-11-26,Utah Jazz,2022-11-26 17:00:00,5,0,0,0,0,5.0,6,25.0,6.0,21.25,0
2022-11-27,Atlanta Hawks,2022-11-27 17:00:00,3,0,0,0,0,3.0,3,15.0,7.0,15.0,0
2022-11-27,Boston Celtics,2022-11-27 17:00:00,5,0,0,0,0,5.0,5,305.0,240.0,305.0,2
2022-11-27,Brooklyn Nets,2022-11-27 17:00:00,4,0,0,0,0,4.0,4,29.0,14.0,29.0,1
2022-11-27,Cleveland Cavaliers,2022-11-27 17:00:00,4,0,2,0,0,5.0,6,96.0,45.0,88.85,2
2022-11-27,Dallas Mavericks,2022-11-27 17:00:00,4,0,0,0,0,4.0,5,25.0,5.0,21.25,0
2022-11-27,Detroit Pistons,2022-11-27 17:00:00,5,0,0,0,2,5.0,7,30.0,10.0,17.0,0
2022-11-27,Golden State Warriors,2022-11-27 17:00:00,1,0,0,0,0,1.0,1,4.0,4.0,4.0,0
2022-11-27,Indiana Pacers,2022-11-27 17:00:00,4,0,0,0,1,4.0,6,73.0,45.0,64.25,1
2022-11-27,LA Clippers,2022-11-27 17:00:00,6,0,0,0,0,6.0,7,61.0,21.0,57.25,1
2022-11-27,Memphis Grizzlies,2022-11-27 17:00:00,4,0,1,0,0,4.5,5,59.0,45.0,57.35,1
2022-11-27,Miami Heat,2022-11-27 17:00:00,5,0,0,0,7,5.0,12,94.0,45.0,66.0,1
2022-11-27,Milwaukee Bucks,2022-11-27 17:00:00,3,0,0,0,1,3.0,4,291.0,240.0,288.0,2
2022-11-27,Minnesota Timberwolves,2022-11-27 17:00:00,6,0,0,0,0,6.0,6,31.0,10.0,31.0,0
2022-11-27,New York Knicks,2022-11-27 17:00:00,2,0,0,0,3,2.0,5,19.0,5.0,10.0,0
2022-11-27,Orlando Magic,2022-11-27 17:00:00,6,0,1,1,0,6.75,8,50.0,25.0,45.8,1
2022-11-27,Philadelphia 76ers,2022-11-27 17:00:00,5,0,0,0,0,5.0,5,55.0,25.0,55.0,2
2022-11-27,Portland Trail Blazers,2022-11-27 17:00:00,4,0,0,0,2,4.0,6,24.0,7.0,18.0,0
2022-11-27,Washington Wizards,2022-11-27 17:00:00,6,0,0,0,1,6.0,7,36.0,14.0,33.0,1
2022-11-28,Atlanta Hawks,2022-11-28 17:00:00,2,0,3,0,0,3.5,6,26.0,7.0,17.3,0
2022-11-28,Boston Celtics,2022-11-28 17:00:00,4,0,1,0,0,4.5,6,301.0,240.0,295.6,2
2022-11-28,Brooklyn Nets,2022-11-28 17:00:00,4,0,0,0,0,4.0,5,34.0,14.0,30.25,1
2022-11-28,Charlotte Hornets,2022-11-28 17:00:00,6,0,0,1,0,6.25,7,61.0,25.0,58.45,1
2022-11-28,Chicago Bulls,2022-11-28 17:00:00,4,0,1,0,0,4.5,5,70.0,45.0,64.5,1
2022-11-28,Cleveland Cavaliers,2022-11-28 17:00:00,6,0,0,1,0,6.25,8,301.0,240.0,288.75,2
2022-11-28,Denver Nuggets,2022-11-28 17:00:00,3,1,1,0,0,4.25,5,39.0,25.0,36.6,1
2022-11-28,Houston Rockets,2022-11-28 17:00:00,4,0,0,0,0,4.0,5,23.0,5.0,19.25,0
2022-11-28,Indiana Pacers,2022-11-28 17:00:00,2,0,3,0,0,3.5,6,73.0,45.0,62.1,1
2022-11-28,Los Angeles Lakers,2022-11-28 17:00:00,3,0,0,2,0,3.5,6,26.0,5.0,17.15,0
2022-11-28,Minnesota Timberwolves,2022-11-28 17:00:00,5,0,0,0,0,5.0,6,31.0,10.0,27.25,0
2022-11-28,New Orleans Pelicans,2022-11-28 17:00:00,2,1,2,0,2,3.75,7,264.0,240.0,249.95,1
2022-11-28,Oklahoma City Thunder,2022-11-28 17:00:00,5,0,0,0,0,5.0,6,90.0,45.0,86.25,2
2022-11-28,Orlando Magic,2022-11-28 17:00:00,6,0,2,0,0,7.0,9,55.0,25.0,47.95,1
2022-11-28,Philadelphia 76ers,2022-11-28 17:00:00,3,0,2,1,0,4.25,7,63.0,25.0,53.4,2
2022-11-28,Phoenix Suns,2022-11-28 17:00:00,3,0,0,0,0,3.0,4,43.0,30.0,39.25,1
2022-11-28,Sacramento Kings,2022-11-28 17:00:00,3,0,1,0,0,3.5,5,21.0,5.0,15.6,0
2022-11-28,Toronto Raptors,2022-11-28 17:00:00,2,0,0,4,0,3.0,6,41.0,12.0,17.2,0
2022-11-28,Utah Jazz,2022-11-28 17:00:00,5,0,1,0,0,5.5,7,28.0,6.0,22.6,0
2022-11-28,Washington Wizards,2022-11-28 17:00:00,1,0,1,0,0,1.5,3,22.0,14.0,16.6,1
2022-11-29,Dallas Mavericks,2022-11-29 17:00:00,2,0,0,0,0,2.0,2,10.0,5.0,10.0,0
2022-11-29,Detroit Pistons,2022-11-29 17:00:00,3,0,3,0,1,4.5,7,25.0,5.0,17.05,0
2022-11-29,Golden State Warriors,2022-11-29 17:00:00,1,0,0,0,0,1.0,2,9.0,5.0,5.25,0
2022-11-29,LA Clippers,2022-11-29 17:00:00,5,0,0,0,2,5.0,8,65.0,21.0,51.25,1
2022-11-29,New York Knicks,2022-11-29 17:00:00,2,0,1,0,0,2.5,3,13.0,5.0,11.35,0
2022-11-29,Portland Trail Blazers,2022-11-29 17:00:00,3,0,0,0,0,3.0,4,18.0,7.0,14.25,0
2022-11-30,Atlanta Hawks,2022-11-30 17:00:00,2,2,1,0,0,4.0,5,23.0,7.0,18.85,0
2022-11-30,Boston Celtics,2022-11-30 17:00:00,3,0,1,0,0,3.5,4,293.0,240.0,291.35,2
2022-11-30,Brooklyn Nets,2022-11-30 17:00:00,5,0,0,0,1,5.0,6,40.0,14.0,37.0,1
2022-11-30,Chicago Bulls,2022-11-30 17:00:00,4,0,0,4,0,5.0,8,84.0,45.0,63.6,1
2022-11-30,Cleveland Cavaliers,2022-11-30 17:00:00,6,0,0,0,0,6.0,6,286.0,240.0,286.0,2
2022-11-30,Denver Nuggets,2022-11-30 17:00:00,4,0,1,0,0,4.5,5,39.0,25.0,37.35,1
2022-11-30,Houston Rockets,2022-11-30 17:00:00,4,0,0,0,0,4.0,5,23.0,5.0,19.25,0
2022-11-30,Indiana Pacers,2022-11-30 17:00:00,2,0,2,0,0,3.0,5,70.0,45.0,60.75,1
2022-11-30,LA Clippers,2022-11-30 17:00:00,3,1,1,0,0,4.25,6,59.0,21.0,51.1,1
2022-11-30,Los Angeles Lakers,2022-11-30 17:00:00,2,0,1,2,0,3.0,6,24.0,5.0,13.5,0
2022-11-30,Memphis Grizzlies,2022-11-30 17:00:00,3,1,1,0,0,4.25,6,62.0,45.0,55.85,1
2022-11-30,Miami Heat,2022-11-30 17:00:00,3,0,7,2,0,7.0,12,99.0,45.0,70.8,1
2022-11-30,Milwaukee Bucks,2022-11-30 17:00:00,5,0,0,0,0,5.0,5,296.0,240.0,296.0,2
2022-11-30,Minnesota Timberwolves,2022-11-30 17:00:00,3,0,1,0,1,3.5,6,36.0,10.0,25.6,0
2022-11-30,New Orleans Pelicans,2022-11-30 17:00:00,4,0,0,0,1,4.0,5,260.0,240.0,257.0,1
2022-11-30,New York Knicks,2022-11-30 17:00:00,3,0,0,0,0,3.0,4,25.0,10.0,21.25,0
2022-11-30,Oklahoma City Thunder,2022-11-30 17:00:00,6,0,0,0,0,6.0,7,93.0,45.0,89.25,2
2022-11-30,Orlando Magic,2022-11-30 17:00:00,5,0,0,0,0,5.0,5,19.0,7.0,19.0,0
2022-11-30,Philadelphia 76ers,2022-11-30 17:00:00,4,0,0,0,1,4.0,5,59.0,25.0,54.0,2
2022-11-30,Phoenix Suns,2022-11-30 17:00:00,3,0,0,0,0,3.0,3,38.0,30.0,38.0,1
2022-11-30,Portland Trail Blazers,2022-11-30 17:00:00,4,0,1,0,0,4.5,6,31.0,10.0,21.75,0
2022-11-30,Sacramento Kings,2022-11-30 17:00:00,4,0,0,0,0,4.0,5,23.0,5.0,19.25,0
2022-11-30,San Antonio Spurs,2022-11-30 17:00:00,5,0,0,0,2,5.0,8,42.0,10.0,25.25,0
2022-11-30,Toronto Raptors,2022-11-30 17:00:00,4,0,0,0,0,4.0,4,23.0,10.0,23.0,0
2022-11-30,Utah Jazz,2022-11-30 17:00:00,4,0,1,0,0,4.5,6,25.0,6.0,17.95,0
2022-11-30,Washington Wizards,2022-11-30 17:00:00,6,0,0,0,0,6.0,6,37.0,14.0,37.0,1
2022-12-01,Dallas Mavericks,2022-12-01 17:00:00,2,0,0,0,1,2.0,3,13.0,5.0,10.0,0
2022-12-01,Detroit Pistons,2022-12-01 17:00:00,3,0,0,0,4,3.0,7,31.0,5.0,13.0,0
2022-12-02,Atlanta Hawks,2022-12-02 17:00:00,4,0,5,0,0,6.5,9,43.0,10.0,32.55,0
2022-12-02,Boston Celtics,2022-12-02 17:00:00,3,0,0,0,0,3.0,3,290.0,240.0,290.0,2
2022-12-02,Brooklyn Nets,2022-12-02 17:00:00,3,0,0,0,0,3.0,3,27.0,14.0,27.0,1
2022-12-02,Charlotte Hornets,2022-12-02 17:00:00,6,0,0,0,0,6.0,6,58.0,25.0,58.0,1
2022-12-02,Chicago Bulls,2022-12-02 17:00:00,4,0,0,1,0,4.25,6,75.0,45.0,62.75,1
2022-12-02,Cleveland Cavaliers,2022-12-02 17:00:00,4,0,1,1,0,4.75,6,286.0,240.0,269.7,2
2022-12-02,Denver Nuggets,2022-12-02 17:00:00,2,1,2,0,0,3.75,5,48.0,25.0,37.9,2
2022-12-02,Golden State Warriors,2022-12-02 17:00:00,1,0,0,0,0,1.0,1,4.0,4.0,4.0,0
2022-12-02,Houston Rockets,2022-12-02 17:00:00,4,0,0,0,0,4.0,5,23.0,5.0,19.25,0
2022-12-02,Indiana Pacers,2022-12-02 17:00:00,2,0,3,0,0,3.5,6,73.0,45.0,62.1,1
2022-12-02,Los Angeles Lakers,2022-12-02 17:00:00,3,0,0,3,1,3.75,7,25.0,5.0,14.35,0
2022-12-02,Memphis Grizzlies,2022-12-02 17:00:00,3,1,0,0,0,3.75,5,59.0,45.0,54.5,1
2022-12-02,Miami Heat,2022-12-02 17:00:00,2,0,3,5,0,4.75,10,93.0,45.0,57.45,1
2022-12-02,Milwaukee Bucks,2022-12-02 17:00:00,3,0,0,1,0,3.25,4,291.0,240.0,252.75,2
2022-12-02,New Orleans Pelicans,2022-12-02 17:00:00,5,0,0,2,0,5.5,8,282.0,240.0,266.35,1
2022-12-02,Orlando Magic,2022-12-02 17:00:00,5,0,1,0,0,5.5,6,33.0,14.0,31.35,1
2022-12-02,Philadelphia 76ers,2022-12-02 17:00:00,4,0,1,0,0,4.5,5,57.0,25.0,55.35,2
2022-12-02,Phoenix Suns,2022-12-02 17:00:00,4,0,0,0,0,4.0,5,53.0,30.0,49.25,1
2022-12-02,San Antonio Spurs,2022-12-02 17:00:00,6,0,0,1,1,6.25,8,42.0,10.0,34.45,0
2022-12-02,Toronto Raptors,2022-12-02 17:00:00,5,0,0,0,0,5.0,5,28.0,10.0,28.0,0
2022-12-02,Utah Jazz,2022-12-02 17:00:00,4,0,0,0,0,4.0,5,19.0,5.0,15.25,0
2022-12-02,Washington Wizards,2022-12-02 17:00:00,6,0,0,0,0,6.0,6,37.0,14.0,37.0,1
2022-12-03,Charlotte Hornets,2022-12-03 17:00:00,5,0,0,0,0,5.0,6,63.0,25.0,59.25,1
2022-12-03,Dallas Mavericks,2022-12-03 17:00:00,3,0,0,0,0,3.0,3,13.0,5.0,13.0,0
2022-12-03,Golden State Warriors,2022-12-03 17:00:00,2,0,0,0,0,2.0,3,13.0,5.0,9.25,0
2022-12-03,Houston Rockets,2022-12-03 17:00:00,5,0,0,0,0,5.0,6,26.0,5.0,22.25,0
2022-12-03,LA Clippers,2022-12-03 17:00:00,4,0,0,0,0,4.0,5,56.0,21.0,52.25,1
2022-12-03,Milwaukee Bucks,2022-12-03 17:00:00,6,0,0,0,1,6.0,8,269.0,240.0,260.25,1
2022-12-03,Minnesota Timberwolves,2022-12-03 17:00:00,2,0,1,0,0,2.5,4,28.0,10.0,18.75,0
2022-12-03,New York Knicks,2022-12-03 17:00:00,3,0,0,0,0,3.0,3,20.0,10.0,20.0,0
2022-12-03,Oklahoma City Thunder,2022-12-03 17:00:00,2,0,0,0,2,2.0,4,60.0,45.0,50.0,1
2022-12-03,Orlando Magic,2022-12-03 17:00:00,6,0,0,0,0,6.0,7,38.0,14.0,34.25,1
2022-12-03,Portland Trail Blazers,2022-12-03 17:00:00,4,1,1,0,0,5.25,7,56.0,25.0,48.1,1
2022-12-03,Sacramento Kings,2022-12-03 17:00:00,3,0,0,0,0,3.0,4,20.0,5.0,16.25,0
2022-12-03,Toronto Raptors,2022-12-03 17:00:00,5,0,0,0,0,5.0,6,33.0,10.0,29.25,0
2022-12-03,Utah Jazz,2022-12-03 17:00:00,4,0,0,0,0,4.0,5,19.0,5.0,15.25,0
2022-12-04,Boston Celtics,2022-12-04 17:00:00,5,0,0,0,0,5.0,5,298.0,240.0,298.0,2
2022-12-04,Brooklyn Nets,2022-12-04 17:00:00,5,0,0,0,0,5.0,5,37.0,14.0,37.0,1
2022-12-04,Chicago Bulls,2022-12-04 17:00:00,5,0,0,0,1,5.0,7,71.0,45.0,64.25,1
2022-12-04,Cleveland Cavaliers,2022-12-04 17:00:00,5,0,0,0,0,5.0,6,266.0,240.0,262.25,1
2022-12-04,Denver Nuggets,2022-12-04 17:00:00,4,0,0,0,0,4.0,5,50.0,25.0,46.25,2
2022-12-04,Detroit Pistons,2022-12-04 17:00:00,4,0,0,0,0,4.0,4,16.0,5.0,16.0,0
2022-12-04,Indiana Pacers,2022-12-04 17:00:00,2,0,3,0,0,3.5,6,73.0,45.0,62.1,1
2022-12-04,Los Angeles Lakers,2022-12-04 17:00:00,2,0,0,0,3,2.0,5,19.0,5.0,10.0,0
2022-12-04,Memphis Grizzlies,2022-12-04 17:00:00,5,0,0,0,0,5.0,5,57.0,45.0,57.0,1
2022-12-04,New Orleans Pelicans,2022-12-04 17:00:00,5,0,0,0,0,5.0,5,263.0,240.0,263.0,1
2022-12-04,New York Knicks,2022-12-04 17:00:00,3,0,0,0,0,3.0,4,25.0,10.0,21.25,0
2022-12-04,Phoenix Suns,2022-12-04 17:00:00,4,0,0,0,1,4.0,5,51.0,30.0,48.0,1
2022-12-04,Portland Trail Blazers,2022-12-04 17:00:00,4,0,3,0,0,5.5,8,59.0,25.0,46.45,1
2022-12-04,Sacramento Kings,2022-12-04 17:00:00,3,0,0,0,0,3.0,4,18.0,5.0,14.25,0
2022-12-04,San Antonio Spurs,2022-12-04 17:00:00,6,0,0,0,1,6.0,7,37.0,10.0,34.0,0
2022-12-04,Washington Wizards,2022-12-04 17:00:00,6,0,0,0,0,6.0,6,37.0,14.0,37.0,1
2022-12-05,Atlanta Hawks,2022-12-05 17:00:00,3,0,0,0,1,3.0,4,24.0,10.0,19.0,0
2022-12-05,Boston Celtics,2022-12-05 17:00:00,5,0,1,0,0,5.5,7,306.0,240.0,300.6,2
2022-12-05,Charlotte Hornets,2022-12-05 17:00:00,6,0,0,0,0,6.0,6,63.0,25.0,63.0,1
2022-12-05,Dallas Mavericks,2022-12-05 17:00:00,2,0,1,0,0,2.5,3,13.0,5.0,11.35,0
2022-12-05,Golden State Warriors,2022-12-05 17:00:00,2,0,1,0,0,2.5,3,10.0,4.0,8.35,0
2022-12-05,Houston Rockets,2022-12-05 17:00:00,3,0,0,0,1,3.0,5,23.0,5.0,14.25,0
2022-12-05,Indiana Pacers,2022-12-05 17:00:00,3,0,4,0,0,5.0,8,79.0,45.0,66.45,1
2022-12-05,LA Clippers,2022-12-05 17:00:00,3,0,3,0,0,4.5,6,61.0,21.0,38.45,1
2022-12-05,Memphis Grizzlies,2022-12-05 17:00:00,3,4,0,0,0,6.0,8,110.0,45.0,103.25,2
2022-12-05,Miami Heat,2022-12-05 17:00:00,3,0,3,4,2,5.5,12,105.0,45.0,62.0,1
2022-12-05,Milwaukee Bucks,2022-12-05 17:00:00,3,0,2,1,0,4.25,6,261.0,240.0,250.65,1
2022-12-05,Oklahoma City Thunder,2022-12-05 17:00:00,3,0,0,0,0,3.0,3,62.0,45.0,62.0,1
2022-12-05,Orlando Magic,2022-12-05 17:00:00,6,0,0,0,0,6.0,6,33.0,14.0,33.0,1
2022-12-05,Philadelphia 76ers,2022-12-05 17:00:00,2,0,3,0,0,3.5,6,62.0,25.0,43.4,2
2022-12-05,Phoenix Suns,2022-12-05 17:00:00,5,0,0,0,0,5.0,6,56.0,30.0,52.25,1
2022-12-05,Toronto Raptors,2022-12-05 17:00:00,2,1,0,0,3,2.75,6,38.0,10.0,20.5,0
2022-12-06,Cleveland Cavaliers,2022-12-06 17:00:00,4,0,1,0,0,4.5,5,261.0,240.0,259.35,1
2022-12-06,Dallas Mavericks,2022-12-06 17:00:00,2,0,0,0,0,2.0,3,15.0,5.0,11.25,0
2022-12-06,Denver Nuggets,2022-12-06 17:00:00,2,0,3,0,0,3.5,5,48.0,25.0,37.0,2
2022-12-06,Detroit Pistons,2022-12-06 17:00:00,4,0,0,0,0,4.0,4,16.0,5.0,16.0,0
2022-12-06,Los Angeles Lakers,2022-12-06 17:00:00,4,0,0,2,0,4.5,6,24.0,5.0,18.9,0
2022-12-06,Miami Heat,2022-12-06 17:00:00,3,0,4,4,0,6.0,12,104.0,45.0,65.6,1
2022-12-07,Atlanta Hawks,2022-12-07 17:00:00,4,0,0,0,0,4.0,4,24.0,10.0,24.0,0
2022-12-07,Boston Celtics,2022-12-07 17:00:00,5,0,0,0,1,5.0,7,308.0,240.0,301.25,2
2022-12-07,Brooklyn Nets,2022-12-07 17:00:00,6,0,1,0,0,6.5,7,47.0,14.0,45.35,1
2022-12-07,Charlotte Hornets,2022-12-07 17:00:00,5,0,0,0,1,5.0,6,63.0,25.0,58.0,1
2022-12-07,Chicago Bulls,2022-12-07 17:00:00,3,1,1,0,0,4.25,5,68.0,45.0,61.75,1
2022-12-07,Detroit Pistons,2022-12-07 17:00:00,4,0,0,0,0,4.0,5,21.0,5.0,17.25,0
2022-12-07,Golden State Warriors,2022-12-07 17:00:00,4,0,0,0,0,4.0,5,18.0,5.0,14.25,0
2022-12-07,Indiana Pacers,2022-12-07 17:00:00,2,0,7,0,0,5.5,9,80.0,45.0,66.25,1
2022-12-07,LA Clippers,2022-12-07 17:00:00,6,0,0,0,0,6.0,6,31.0,10.0,31.0,0
2022-12-07,Los Angeles Lakers,2022-12-07 17:00:00,5,1,0,0,1,5.75,8,32.0,5.0,22.5,0
2022-12-07,Memphis Grizzlies,2022-12-07 17:00:00,5,1,1,0,0,6.25,8,74.0,45.0,67.85,1
2022-12-07,Milwaukee Bucks,2022-12-07 17:00:00,2,0,0,2,0,2.5,5,256.0,240.0,247.14999999999998,1
2022-12-07,Minnesota Timberwolves,2022-12-07 17:00:00,2,0,0,0,0,2.0,2,13.0,10.0,13.0,0
2022-12-07,New Orleans Pelicans,2022-12-07 17:00:00,4,1,1,0,0,5.25,7,271.0,240.0,263.1,1
2022-12-07,New York Knicks,2022-12-07 17:00:00,3,0,0,0,0,3.0,3,20.0,10.0,20.0,0
2022-12-07,Oklahoma City Thunder,2022-12-07 17:00:00,5,0,0,0,0,5.0,5,70.0,45.0,70.0,1
2022-12-07,Orlando Magic,2022-12-07 17:00:00,5,0,0,0,0,5.0,5,30.0,14.0,30.0,1
2022-12-07,Phoenix Suns,2022-12-07 17:00:00,3,0,1,0,1,3.5,6,56.0,30.0,40.6,1
2022-12-07,Sacramento Kings,2022-12-07 17:00:00,2,0,1,0,0,2.5,4,18.0,5.0,12.6,0
2022-12-07,Toronto Raptors,2022-12-07 17:00:00,3,0,0,0,0,3.0,3,23.0,10.0,23.0,0
2022-12-07,Utah Jazz,2022-12-07 17:00:00,2,0,1,0,0,2.5,4,16.0,5.0,10.6,0
2022-12-07,Washington Wizards,2022-12-07 17:00:00,7,0,0,0,0,7.0,7,51.0,14.0,51.0,2
2022-12-08,Denver Nuggets,2022-12-08 17:00:00,3,0,0,1,0,3.25,5,41.0,25.0,34.7,1
2022-12-08,Houston Rockets,2022-12-08 17:00:00,3,0,3,0,0,4.5,7,27.0,5.0,18.3,0
2022-12-08,LA Clippers,2022-12-08 17:00:00,5,0,0,0,0,5.0,6,35.0,10.0,31.25,0
2022-12-08,Miami Heat,2022-12-08 17:00:00,4,0,2,4,2,6.0,12,103.0,45.0,64.6,1
2022-12-08,Portland Trail Blazers,2022-12-08 17:00:00,2,0,0,3,0,2.75,6,53.0,25.0,35.65,1
2022-12-08,San Antonio Spurs,2022-12-08 17:00:00,5,1,0,3,0,6.5,9,43.0,10.0,22.7,0
2022-12-09,Atlanta Hawks,2022-12-09 17:00:00,2,0,2,0,0,3.0,4,29.0,10.0,24.05,0
2022-12-09,Brooklyn Nets,2022-12-09 17:00:00,2,0,0,0,0,2.0,2,17.0,14.0,17.0,1
2022-12-09,Charlotte Hornets,2022-12-09 17:00:00,5,0,0,0,0,5.0,5,58.0,25.0,58.0,1
2022-12-09,Cleveland Cavaliers,2022-12-09 17:00:00,4,0,1,0,0,4.5,5,259.0,240.0,257.35,1
2022-12-09,Dallas Mavericks,2022-12-09 17:00:00,3,0,0,0,0,3.0,3,15.0,5.0,15.0,0
2022-12-09,Detroit Pistons,2022-12-09 17:00:00,3,1,0,0,0,3.75,4,16.0,5.0,15.25,0
2022-12-09,Indiana Pacers,2022-12-09 17:00:00,2,0,5,0,0,4.5,7,74.0,45.0,63.55,1
2022-12-09,Los Angeles Lakers,2022-12-09 17:00:00,4,0,0,2,0,4.5,6,29.0,10.0,23.9,0
2022-12-09,Memphis Grizzlies,2022-12-09 17:00:00,2,1,1,0,3,3.25,8,74.0,45.0,52.85,1
2022-12-09,Milwaukee Bucks,2022-12-09 17:00:00,2,0,0,0,0,2.0,2,245.0,240.0,245.0,1
2022-12-09,Minnesota Timberwolves,2022-12-09 17:00:00,3,0,0,0,0,3.0,4,23.0,10.0,19.25,0
2022-12-09,New Orleans Pelicans,2022-12-09 17:00:00,4,0,1,0,1,4.5,6,266.0,240.0,259.35,1
2022-12-09,New York Knicks,2022-12-09 17:00:00,4,0,0,0,0,4.0,4,45.0,25.0,45.0,1
2022-12-09,Orlando Magic,2022-12-09 17:00:00,5,0,0,0,0,5.0,5,30.0,14.0,30.0,1
2022-12-09,Philadelphia 76ers,2022-12-09 17:00:00,4,0,1,0,0,4.5,5,41.0,25.0,39.35,1
2022-12-09,Phoenix Suns,2022-12-09 17:00:00,3,0,0,0,0,3.0,4,43.0,30.0,39.25,1
2022-12-09,Sacramento Kings,2022-12-09 17:00:00,2,0,2,0,0,3.0,4,16.0,5.0,12.7,0
2022-12-09,Toronto Raptors,2022-12-09 17:00:00,6,0,0,0,0,6.0,6,31.0,10.0,31.0,0
2022-12-09,Utah Jazz,2022-12-09 17:00:00,3,0,3,0,2,4.5,9,53.0,14.0,30.45,1
2022-12-09,Washington Wizards,2022-12-09 17:00:00,8,0,0,0,1,8.0,9,64.0,14.0,54.0,2
2022-12-10,Boston Celtics,2022-12-10 17:00:00,5,0,0,0,0,5.0,6,303.0,240.0,299.25,2
2022-12-10,Brooklyn Nets,2022-12-10 17:00:00,8,0,0,0,0,8.0,9,34.0,5.0,30.25,0
2022-12-10,Chicago Bulls,2022-12-10 17:00:00,4,0,2,0,0,5.0,6,66.0,45.0,62.7,1
2022-12-10,Cleveland Cavaliers,2022-12-10 17:00:00,5,0,0,0,0,5.0,6,264.0,240.0,260.25,1
2022-12-10,Dallas Mavericks,2022-12-10 17:00:00,5,0,0,0,0,5.0,6,24.0,5.0,20.25,0
2022-12-10,Denver Nuggets,2022-12-10 17:00:00,3,0,0,2,0,3.5,5,39.0,25.0,33.9,1
2022-12-10,Golden State Warriors,2022-12-10 17:00:00,2,0,0,0,0,2.0,3,12.0,5.0,8.25,0
2022-12-10,Indiana Pacers,2022-12-10 17:00:00,2,0,4,0,0,4.0,7,76.0,45.0,63.45,1
2022-12-10,LA Clippers,2022-12-10 17:00:00,3,0,1,0,0,3.5,4,26.0,10.0,22.7,0
2022-12-10,Miami Heat,2022-12-10 17:00:00,4,0,0,0,6,4.0,10,90.0,45.0,58.0,1
2022-12-10,Minnesota Timberwolves,2022-12-10 17:00:00,4,0,0,0,0,4.0,5,33.0,10.0,29.25,0
2022-12-10,Oklahoma City Thunder,2022-12-10 17:00:00,4,0,0,0,0,4.0,4,67.0,45.0,67.0,1
2022-12-10,Portland Trail Blazers,2022-12-10 17:00:00,2,0,0,3,0,2.75,6,53.0,25.0,35.65,1
2022-12-10,San Antonio Spurs,2022-12-10 17:00:00,5,0,0,0,1,5.0,6,20.0,5.0,17.0,0
2022-12-10,Utah Jazz,2022-12-10 17:00:00,6,0,0,0,0,6.0,7,44.0,14.0,40.25,1
2022-12-10,Washington Wizards,2022-12-10 17:00:00,6,0,0,0,0,6.0,7,47.0,14.0,43.25,2
2022-12-11,Atlanta Hawks,2022-12-11 17:00:00,2,0,0,0,2,2.0,4,26.0,10.0,20.0,0
2022-12-11,Charlotte Hornets,2022-12-11 17:00:00,5,0,0,0,0,5.0,5,58.0,25.0,58.0,1
2022-12-11,Chicago Bulls,2022-12-11 17:00:00,4,0,0,0,1,4.0,6,66.0,45.0,59.25,1
2022-12-11,Detroit Pistons,2022-12-11 17:00:00,4,0,0,0,0,4.0,4,16.0,5.0,16.0,0
2022-12-11,Houston Rockets,2022-12-11 17:00:00,1,0,0,0,3,1.0,5,23.0,5.0,4.25,0
2022-12-11,Los Angeles Lakers,2022-12-11 17:00:00,4,0,0,0,2,4.0,6,29.0,10.0,23.0,0
2022-12-11,Milwaukee Bucks,2022-12-11 17:00:00,2,0,0,0,0,2.0,2,245.0,240.0,245.0,1
2022-12-11,New Orleans Pelicans,2022-12-11 17:00:00,4,0,0,0,0,4.0,4,258.0,240.0,258.0,1
2022-12-11,New York Knicks,2022-12-11 17:00:00,4,0,0,0,0,4.0,4,45.0,25.0,45.0,1
2022-12-11,Orlando Magic,2022-12-11 17:00:00,5,0,0,0,0,5.0,5,30.0,14.0,30.0,1
2022-12-11,Philadelphia 76ers,2022-12-11 17:00:00,4,0,0,0,1,4.0,5,41.0,25.0,38.0,1
2022-12-11,Phoenix Suns,2022-12-11 17:00:00,4,0,0,0,0,4.0,5,46.0,30.0,42.25,1
2022-12-11,Sacramento Kings,2022-12-11 17:00:00,4,0,0,0,2,4.0,6,26.0,5.0,16.0,0
2022-12-11,Toronto Raptors,2022-12-11 17:00:00,7,0,0,0,0,7.0,7,41.0,10.0,41.0,0
2022-12-12,Atlanta Hawks,2022-12-12 17:00:00,3,0,2,0,0,4.0,6,35.0,10.0,27.95,0
2022-12-12,Boston Celtics,2022-12-12 17:00:00,4,0,0,0,0,4.0,5,298.0,240.0,294.25,2
2022-12-12,Brooklyn Nets,2022-12-12 17:00:00,4,0,1,0,0,4.5,5,21.0,5.0,19.35,0
2022-12-12,Cleveland Cavaliers,2022-12-12 17:00:00,4,0,2,0,0,5.0,7,269.0,240.0,261.95,1
2022-12-12,Dallas Mavericks,2022-12-12 17:00:00,3,0,1,0,2,3.5,6,22.0,5.0,12.35,0
2022-12-12,Indiana Pacers,2022-12-12 17:00:00,2,0,2,0,0,3.0,4,65.0,45.0,59.5,1
2022-12-12,LA Clippers,2022-12-12 17:00:00,2,0,1,0,1,2.5,5,28.0,10.0,17.6,0
2022-12-12,Memphis Grizzlies,2022-12-12 17:00:00,2,0,3,0,0,3.5,6,62.0,45.0,53.300000000000004,1
2022-12-12,Miami Heat,2022-12-12 17:00:00,5,0,1,5,0,6.75,11,96.0,45.0,68.85,1
2022-12-12,Minnesota Timberwolves,2022-12-12 17:00:00,2,1,0,0,1,2.75,5,33.0,10.0,21.75,0
2022-12-12,Oklahoma City Thunder,2022-12-12 17:00:00,5,0,0,0,0,5.0,5,72.0,45.0,72.0,1
2022-12-12,Portland Trail Blazers,2022-12-12 17:00:00,3,0,0,3,0,3.75,7,58.0,25.0,40.65,1
2022-12-12,San Antonio Spurs,2022-12-12 17:00:00,3,0,2,0,1,4.0,6,20.0,5.0,11.7,0
2022-12-12,Washington Wizards,2022-12-12 17:00:00,6,0,2,0,0,7.0,8,41.0,14.0,37.7,1
2022-12-13,Boston Celtics,2022-12-13 17:00:00,4,0,0,0,0,4.0,5,298.0,240.0,294.25,2
2022-12-13,Golden State Warriors,2022-12-13 17:00:00,2,0,0,1,0,2.25,4,22.0,10.0,9.75,0
2022-12-13,Houston Rockets,2022-12-13 17:00:00,1,0,0,0,0,1.0,2,8.0,5.0,4.25,0
2022-12-13,Los Angeles Lakers,2022-12-13 17:00:00,4,0,0,2,0,4.5,7,34.0,10.0,25.15,0
2022-12-13,Milwaukee Bucks,2022-12-13 17:00:00,1,0,1,1,0,1.75,4,258.0,240.0,244.1,1
2022-12-13,New Orleans Pelicans,2022-12-13 17:00:00,3,0,0,1,0,3.25,4,258.0,240.0,249.5,1
2022-12-13,Philadelphia 76ers,2022-12-13 17:00:00,4,0,0,1,1,4.25,6,46.0,25.0,38.45,1
2022-12-13,Phoenix Suns,2022-12-13 17:00:00,4,0,0,0,0,4.0,4,41.0,30.0,41.0,1
2022-12-13,Sacramento Kings,2022-12-13 17:00:00,2,0,1,0,0,2.5,3,11.0,5.0,9.35,0
2022-12-13,Utah Jazz,2022-12-13 17:00:00,4,0,0,0,0,4.0,5,39.0,14.0,35.25,1
2022-12-14,Atlanta Hawks,2022-12-14 17:00:00,2,0,1,0,0,2.5,3,23.0,10.0,21.35,0
2022-12-14,Charlotte Hornets,2022-12-14 17:00:00,4,0,1,0,0,4.5,5,58.0,25.0,52.5,1
2022-12-14,Chicago Bulls,2022-12-14 17:00:00,4,0,1,1,0,4.75,6,66.0,45.0,61.800000000000004,1
2022-12-14,Cleveland Cavaliers,2022-12-14 17:00:00,4,0,0,0,0,4.0,5,263.0,240.0,259.25,1
2022-12-14,Dallas Mavericks,2022-12-14 17:00:00,3,0,0,0,0,3.0,3,20.0,12.0,20.0,0
2022-12-14,Denver Nuggets,2022-12-14 17:00:00,4,0,0,0,0,4.0,4,38.0,25.0,38.0,1
2022-12-14,Detroit Pistons,2022-12-14 17:00:00,4,0,0,0,0,4.0,4,58.0,45.0,58.0,1
2022-12-14,Golden State Warriors,2022-12-14 17:00:00,3,0,0,0,2,3.0,6,22.0,5.0,12.25,0
2022-12-14,Indiana Pacers,2022-12-14 17:00:00,3,0,1,0,0,3.5,4,58.0,45.0,55.25,1
2022-12-14,LA Clippers,2022-12-14 17:00:00,3,0,0,0,0,3.0,4,24.0,10.0,20.25,0
2022-12-14,Miami Heat,2022-12-14 17:00:00,5,0,1,4,0,6.5,11,96.0,45.0,68.5,1
2022-12-14,Minnesota Timberwolves,2022-12-14 17:00:00,3,0,1,0,0,3.5,5,31.0,10.0,25.6,0
2022-12-14,New York Knicks,2022-12-14 17:00:00,3,1,1,0,0,4.25,5,48.0,25.0,43.85,1
2022-12-14,Oklahoma City Thunder,2022-12-14 17:00:00,6,0,0,0,0,6.0,6,82.0,45.0,82.0,1
2022-12-14,Orlando Magic,2022-12-14 17:00:00,6,0,0,0,0,6.0,7,40.0,14.0,36.25,1
2022-12-14,Portland Trail Blazers,2022-12-14 17:00:00,3,0,0,2,0,3.5,6,55.0,25.0,40.2,1
2022-12-14,Sacramento Kings,2022-12-14 17:00:00,2,0,1,0,0,2.5,4,18.0,5.0,12.6,0
2022-12-14,San Antonio Spurs,2022-12-14 17:00:00,4,0,0,0,2,4.0,6,32.0,10.0,26.0,0
2022-12-14,Toronto Raptors,2022-12-14 17:00:00,6,0,0,1,0,6.25,7,41.0,10.0,32.5,0
2022-12-14,Washington Wizards,2022-12-14 17:00:00,7,0,1,0,1,7.5,10,60.0,14.0,51.6,2
2022-12-15,Houston Rockets,2022-12-15 17:00:00,1,0,1,0,0,1.5,3,11.0,5.0,5.6,0
2022-12-15,LA Clippers,2022-12-15 17:00:00,4,0,2,0,0,5.0,7,31.0,10.0,23.95,0
2022-12-15,Memphis Grizzlies,2022-12-15 17:00:00,2,0,1,0,0,2.5,4,56.0,45.0,50.6,1
2022-12-15,Miami Heat,2022-12-15 17:00:00,5,0,3,4,0,7.5,13,108.0,45.0,72.5,1
2022-12-15,Milwaukee Bucks,2022-12-15 17:00:00,3,0,0,1,1,3.25,6,283.0,240.0,253.0,2
2022-12-15,New Orleans Pelicans,2022-12-15 17:00:00,4,0,0,0,0,4.0,4,251.0,240.0,251.0,1
2022-12-15,Phoenix Suns,2022-12-15 17:00:00,5,0,0,0,1,5.0,7,59.0,30.0,52.25,1
2022-12-15,Utah Jazz,2022-12-15 17:00:00,4,0,0,0,0,4.0,5,39.0,14.0,35.25,1
2022-12-16,Atlanta Hawks,2022-12-16 17:00:00,3,0,0,0,0,3.0,3,30.0,10.0,30.0,0
2022-12-16,Boston Celtics,2022-12-16 17:00:00,1,0,2,0,1,2.0,4,291.0,240.0,261.6,2
2022-12-16,Brooklyn Nets,2022-12-16 17:00:00,5,0,1,0,0,5.5,6,26.0,5.0,24.35,0
2022-12-16,Charlotte Hornets,2022-12-16 17:00:00,4,0,1,0,0,4.5,5,51.0,25.0,37.25,1
2022-12-16,Chicago Bulls,2022-12-16 17:00:00,4,0,1,0,0,4.5,5,63.0,45.0,61.35,1
2022-12-16,Cleveland Cavaliers,2022-12-16 17:00:00,5,0,0,0,0,5.0,5,263.0,240.0,263.0,1
2022-12-16,Dallas Mavericks,2022-12-16 17:00:00,4,0,1,0,0,4.5,5,19.0,5.0,17.35,0
2022-12-16,Denver Nuggets,2022-12-16 17:00:00,4,0,0,0,0,4.0,4,38.0,25.0,38.0,1
2022-12-16,Detroit Pistons,2022-12-16 17:00:00,4,0,0,0,0,4.0,4,58.0,45.0,58.0,1
2022-12-16,Golden State Warriors,2022-12-16 17:00:00,4,0,1,0,0,4.5,5,16.0,4.0,14.35,0
2022-12-16,Indiana Pacers,2022-12-16 17:00:00,3,0,1,0,0,3.5,4,58.0,45.0,55.25,1
2022-12-16,Los Angeles Lakers,2022-12-16 17:00:00,4,0,0,2,0,4.5,7,34.0,10.0,25.15,0
2022-12-16,Minnesota Timberwolves,2022-12-16 17:00:00,3,0,2,0,0,4.0,5,36.0,10.0,28.85,0
2022-12-16,New York Knicks,2022-12-16 17:00:00,3,0,1,0,0,3.5,4,45.0,25.0,39.5,1
2022-12-16,Oklahoma City Thunder,2022-12-16 17:00:00,5,0,0,0,1,5.0,7,105.0,45.0,96.25,2
2022-12-16,Orlando Magic,2022-12-16 17:00:00,6,0,0,0,0,6.0,6,35.0,14.0,35.0,1
2022-12-16,Philadelphia 76ers,2022-12-16 17:00:00,4,0,1,1,0,4.75,6,46.0,25.0,41.8,1
2022-12-16,Portland Trail Blazers,2022-12-16 17:00:00,2,0,0,3,1,2.75,7,58.0,25.0,35.65,1
2022-12-16,Sacramento Kings,2022-12-16 17:00:00,3,0,1,0,0,3.5,4,14.0,5.0,12.35,0
2022-12-16,Toronto Raptors,2022-12-16 17:00:00,6,0,0,0,0,6.0,6,31.0,10.0,31.0,0
2022-12-17,Cleveland Cavaliers,2022-12-17 17:00:00,5,1,0,0,0,5.75,7,271.0,240.0,266.5,1
2022-12-17,Dallas Mavericks,2022-12-17 17:00:00,7,0,1,0,0,7.5,9,37.0,7.0,31.6,0
2022-12-17,Houston Rockets,2022-12-17 17:00:00,4,0,0,2,0,4.5,7,43.0,10.0,22.25,0
2022-12-17,LA Clippers,2022-12-17 17:00:00,4,0,0,0,0,4.0,5,24.0,10.0,20.25,0
2022-12-17,Memphis Grizzlies,2022-12-17 17:00:00,4,1,0,0,0,4.75,6,66.0,45.0,61.5,1
2022-12-17,Miami Heat,2022-12-17 17:00:00,6,0,0,0,10,6.0,16,122.0,45.0,69.0,1
2022-12-17,Milwaukee Bucks,2022-12-17 17:00:00,2,0,1,2,0,3.0,6,257.0,240.0,246.5,1
2022-12-17,New Orleans Pelicans,2022-12-17 17:00:00,3,0,0,1,0,3.25,5,256.0,240.0,249.7,1
2022-12-17,Oklahoma City Thunder,2022-12-17 17:00:00,4,0,3,0,0,5.5,8,106.0,45.0,92.35,2
2022-12-17,Phoenix Suns,2022-12-17 17:00:00,5,0,0,0,0,5.0,6,56.0,30.0,52.25,1
2022-12-17,Portland Trail Blazers,2022-12-17 17:00:00,2,0,1,2,0,3.0,6,53.0,25.0,36.55,1
2022-12-17,San Antonio Spurs,2022-12-17 17:00:00,4,0,0,0,3,4.0,7,41.0,10.0,23.0,0
2022-12-17,Utah Jazz,2022-12-17 17:00:00,2,0,0,0,1,2.0,3,29.0,14.0,19.0,1
2022-12-17,Washington Wizards,2022-12-17 17:00:00,4,0,0,0,0,4.0,5,41.0,14.0,37.25,2
2022-12-18,Boston Celtics,2022-12-18 17:00:00,4,0,0,0,0,4.0,4,253.0,240.0,253.0,1
2022-12-18,Brooklyn Nets,2022-12-18 17:00:00,5,0,0,0,0,5.0,5,23.0,5.0,23.0,0
2022-12-18,Charlotte Hornets,2022-12-18 17:00:00,3,0,0,0,0,3.0,4,28.0,10.0,24.25,0
2022-12-18,Chicago Bulls,2022-12-18 17:00:00,5,0,1,0,1,5.5,7,71.0,45.0,66.35,1
2022-12-18,Denver Nuggets,2022-12-18 17:00:00,4,0,0,2,0,4.5,6,51.0,25.0,39.95,1
2022-12-18,Detroit Pistons,2022-12-18 17:00:00,4,0,0,0,0,4.0,4,58.0,45.0,58.0,1
2022-12-18,Golden State Warriors,2022-12-18 17:00:00,3,0,0,0,2,3.0,5,16.0,4.0,10.0,0
2022-12-18,Indiana Pacers,2022-12-18 17:00:00,3,0,0,0,1,3.0,4,63.0,45.0,53.0,1
2022-12-18,Los Angeles Lakers,2022-12-18 17:00:00,4,1,0,1,1,5.0,8,37.0,10.0,24.95,0
2022-12-18,Minnesota Timberwolves,2022-12-18 17:00:00,4,0,1,0,0,4.5,5,36.0,10.0,34.35,0
2022-12-18,New York Knicks,2022-12-18 17:00:00,3,0,0,0,0,3.0,3,35.0,25.0,35.0,1
2022-12-18,Orlando Magic,2022-12-18 17:00:00,5,0,0,0,1,5.0,6,35.0,14.0,30.0,1
2022-12-18,Toronto Raptors,2022-12-18 17:00:00,7,0,0,0,0,7.0,7,34.0,10.0,34.0,0
2022-12-18,Washington Wizards,2022-12-18 17:00:00,3,0,1,0,0,3.5,5,41.0,14.0,29.55,2
2022-12-19,Atlanta Hawks,2022-12-19 17:00:00,2,0,2,0,0,3.0,4,35.0,10.0,24.0,0
2022-12-19,Charlotte Hornets,2022-12-19 17:00:00,4,1,0,0,0,4.75,6,31.0,10.0,26.5,0
2022-12-19,Cleveland Cavaliers,2022-12-19 17:00:00,6,0,0,0,0,6.0,6,266.0,240.0,266.0,1
2022-12-19,Dallas Mavericks,2022-12-19 17:00:00,5,0,2,0,2,6.0,9,33.0,5.0,23.7,0
2022-12-19,Houston Rockets,2022-12-19 17:00:00,5,0,0,0,0,5.0,6,26.0,5.0,22.25,0
2022-12-19,Los Angeles Lakers,2022-12-19 17:00:00,5,0,1,0,0,5.5,7,39.0,10.0,33.6,0
2022-12-19,Milwaukee Bucks,2022-12-19 17:00:00,2,0,0,0,0,2.0,3,13.0,5.0,9.25,0
2022-12-19,Minnesota Timberwolves,2022-12-19 17:00:00,3,0,1,2,0,4.0,7,44.0,10.0,29.65,0
2022-12-19,New Orleans Pelicans,2022-12-19 17:00:00,3,1,0,0,0,3.75,4,251.0,240.0,250.25,1
2022-12-19,Oklahoma City Thunder,2022-12-19 17:00:00,7,0,0,0,1,7.0,8,101.0,45.0,96.0,2
2022-12-19,Orlando Magic,2022-12-19 17:00:00,5,0,0,0,0,5.0,6,35.0,14.0,31.25,1
2022-12-19,Philadelphia 76ers,2022-12-19 17:00:00,4,0,0,0,0,4.0,4,38.0,25.0,38.0,1
2022-12-19,Phoenix Suns,2022-12-19 17:00:00,6,0,1,0,0,6.5,8,65.0,30.0,55.75,1
2022-12-19,Portland Trail Blazers,2022-12-19 17:00:00,2,0,2,1,0,3.25,5,48.0,25.0,36.2,1
2022-12-19,Sacramento Kings,2022-12-19 17:00:00,1,0,0,0,0,1.0,2,10.0,5.0,6.25,0
2022-12-19,San Antonio Spurs,2022-12-19 17:00:00,3,0,2,0,0,4.0,6,24.0,5.0,16.95,0
2022-12-19,Toronto Raptors,2022-12-19 17:00:00,5,0,2,0,0,6.0,8,39.0,10.0,31.95,0
2022-12-19,Utah Jazz,2022-12-19 17:00:00,3,0,0,0,0,3.0,3,29.0,14.0,29.0,1
2022-12-20,Chicago Bulls,2022-12-20 17:00:00,5,0,1,0,0,5.5,6,68.0,45.0,66.35,1
2022-12-20,Denver Nuggets,2022-12-20 17:00:00,3,1,3,1,0,5.5,8,51.0,25.0,42.2,1
2022-12-20,Detroit Pistons,2022-12-20 17:00:00,4,0,0,0,0,4.0,4,58.0,45.0,58.0,1
2022-12-20,Golden State Warriors,2022-12-20 17:00:00,5,0,0,1,1,5.25,7,24.0,5.0,18.45,0
2022-12-20,Memphis Grizzlies,2022-12-20 17:00:00,3,0,0,0,0,3.0,4,58.0,45.0,54.25,1
2022-12-20,Miami Heat,2022-12-20 17:00:00,4,1,1,1,1,5.5,8,75.0,45.0,65.05,1
2022-12-20,New York Knicks,2022-12-20 17:00:00,3,0,0,0,0,3.0,3,35.0,25.0,35.0,1
2022-12-20,Phoenix Suns,2022-12-20 17:00:00,6,0,0,0,0,6.0,7,55.0,30.0,51.25,1
2022-12-20,Utah Jazz,2022-12-20 17:00:00,3,0,0,0,0,3.0,4,34.0,14.0,30.25,1
2022-12-20,Washington Wizards,2022-12-20 17:00:00,6,0,1,0,0,6.5,8,45.0,14.0,39.6,1
2022-12-21,Atlanta Hawks,2022-12-21 17:00:00,2,0,0,0,0,2.0,2,15.0,10.0,15.0,0
2022-12-21,Boston Celtics,2022-12-21 17:00:00,3,0,1,0,1,3.5,6,261.0,240.0,252.6,1
2022-12-21,Brooklyn Nets,2022-12-21 17:00:00,4,0,0,0,0,4.0,4,20.0,5.0,20.0,0
2022-12-21,Charlotte Hornets,2022-12-21 17:00:00,4,1,0,0,0,4.75,6,31.0,10.0,26.5,0
2022-12-21,Chicago Bulls,2022-12-21 17:00:00,5,1,1,0,0,6.25,8,79.0,45.0,72.85,1
2022-12-21,Cleveland Cavaliers,2022-12-21 17:00:00,4,1,0,0,0,4.75,5,261.0,240.0,260.25,1
2022-12-21,Dallas Mavericks,2022-12-21 17:00:00,6,0,0,0,1,6.0,7,27.0,5.0,24.0,0
2022-12-21,Detroit Pistons,2022-12-21 17:00:00,4,0,1,0,0,4.5,6,66.0,45.0,60.6,1
2022-12-21,Golden State Warriors,2022-12-21 17:00:00,6,0,0,0,1,6.0,8,35.0,8.0,23.25,0
2022-12-21,Houston Rockets,2022-12-21 17:00:00,5,0,0,0,0,5.0,6,26.0,5.0,22.25,0
2022-12-21,Indiana Pacers,2022-12-21 17:00:00,2,0,2,0,0,3.0,4,58.0,45.0,52.5,1
2022-12-21,LA Clippers,2022-12-21 17:00:00,3,0,4,0,0,5.0,8,39.0,10.0,24.8,0
2022-12-21,Los Angeles Lakers,2022-12-21 17:00:00,5,1,0,1,0,6.0,8,44.0,10.0,35.2,0
2022-12-21,Milwaukee Bucks,2022-12-21 17:00:00,2,1,0,0,0,2.75,3,13.0,5.0,12.25,0
2022-12-21,Minnesota Timberwolves,2022-12-21 17:00:00,3,0,2,0,0,4.0,6,41.0,10.0,30.1,0
2022-12-21,New York Knicks,2022-12-21 17:00:00,3,1,0,0,0,3.75,5,50.0,25.0,43.75,1
2022-12-21,Oklahoma City Thunder,2022-12-21 17:00:00,5,0,0,0,2,5.0,8,105.0,45.0,91.25,2
2022-12-21,Orlando Magic,2022-12-21 17:00:00,5,0,1,0,0,5.5,6,82.0,45.0,76.5,2
2022-12-21,Philadelphia 76ers,2022-12-21 17:00:00,4,0,1,0,0,4.5,5,43.0,25.0,41.35,1
2022-12-21,Portland Trail Blazers,2022-12-21 17:00:00,2,0,1,4,0,3.5,8,59.0,25.0,37.45,1
2022-12-21,Sacramento Kings,2022-12-21 17:00:00,2,0,2,0,0,3.0,5,21.0,5.0,13.95,0
2022-12-21,Toronto Raptors,2022-12-21 17:00:00,5,0,2,0,0,6.0,7,34.0,10.0,30.7,0
2022-12-22,New Orleans Pelicans,2022-12-22 17:00:00,5,0,1,0,0,5.5,7,266.0,240.0,260.6,1
2022-12-22,San Antonio Spurs,2022-12-22 17:00:00,3,0,0,0,3,3.0,7,29.0,5.0,14.25,0
2022-12-22,Utah Jazz,2022-12-22 17:00:00,1,0,1,0,1,1.5,4,34.0,14.0,17.55,1
2022-12-22,Washington Wizards,2022-12-22 17:00:00,3,0,2,0,0,4.0,6,35.0,14.0,27.95,1
2022-12-23,Atlanta Hawks,2022-12-23 17:00:00,0,0,1,0,0,0.5,1,10.0,10.0,4.5,0
2022-12-23,Boston Celtics,2022-12-23 17:00:00,1,0,1,1,0,1.75,3,246.0,240.0,241.8,1
2022-12-23,Brooklyn Nets,2022-12-23 17:00:00,2,0,1,0,3,2.5,6,26.0,5.0,11.35,0
2022-12-23,Charlotte Hornets,2022-12-23 17:00:00,1,0,2,0,0,2.0,4,21.0,10.0,10.1,0
2022-12-23,Chicago Bulls,2022-12-23 17:00:00,3,1,0,1,0,4.0,5,67.0,45.0,63.7,1
2022-12-23,Cleveland Cavaliers,2022-12-23 17:00:00,4,0,2,0,0,5.0,6,264.0,240.0,260.7,1
2022-12-23,Dallas Mavericks,2022-12-23 17:00:00,5,0,1,0,2,5.5,8,32.0,7.0,20.35,0
2022-12-23,Denver Nuggets,2022-12-23 17:00:00,1,0,3,1,1,2.75,6,50.0,25.0,33.1,1
2022-12-23,Detroit Pistons,2022-12-23 17:00:00,4,0,0,0,0,4.0,4,58.0,45.0,58.0,1
2022-12-23,Houston Rockets,2022-12-23 17:00:00,3,0,1,0,0,3.5,5,19.0,5.0,13.6,0
2022-12-23,Indiana Pacers,2022-12-23 17:00:00,2,0,4,0,0,4.0,6,71.0,45.0,58.35,1
2022-12-23,LA Clippers,2022-12-23 17:00:00,3,0,1,0,0,3.5,4,25.0,10.0,19.5,0
2022-12-23,Los Angeles Lakers,2022-12-23 17:00:00,2,0,1,2,0,3.0,6,34.0,10.0,19.65,0
2022-12-23,Memphis Grizzlies,2022-12-23 17:00:00,1,0,1,0,4,1.5,7,73.0,45.0,47.6,1
2022-12-23,Miami Heat,2022-12-23 17:00:00,1,0,3,2,0,3.0,6,68.0,45.0,53.25,1
2022-12-23,Milwaukee Bucks,2022-12-23 17:00:00,0,1,0,1,0,1.0,2,6.0,3.0,2.7,0
2022-12-23,Minnesota Timberwolves,2022-12-23 17:00:00,3,0,2,0,0,4.0,5,36.0,10.0,28.85,0
2022-12-23,New Orleans Pelicans,2022-12-23 17:00:00,4,0,2,0,0,5.0,7,264.0,240.0,256.95,1
2022-12-23,New York Knicks,2022-12-23 17:00:00,3,0,1,0,0,3.5,4,45.0,25.0,39.5,1
2022-12-23,Oklahoma City Thunder,2022-12-23 17:00:00,4,0,0,0,1,4.0,5,91.0,45.0,86.0,2
2022-12-23,Orlando Magic,2022-12-23 17:00:00,3,0,0,0,2,3.0,5,72.0,45.0,55.0,1
2022-12-23,Philadelphia 76ers,2022-12-23 17:00:00,3,0,0,0,0,3.0,3,35.0,25.0,35.0,1
2022-12-23,Phoenix Suns,2022-12-23 17:00:00,4,0,2,0,0,5.0,7,55.0,30.0,46.3,1
2022-12-23,Portland Trail Blazers,2022-12-23 17:00:00,3,0,0,4,0,4.0,8,66.0,25.0,46.1,1
2022-12-23,Sacramento Kings,2022-12-23 17:00:00,0,0,1,0,0,0.5,2,8.0,5.0,2.6,0
2022-12-23,San Antonio Spurs,2022-12-23 17:00:00,1,0,0,0,0,1.0,2,10.0,5.0,6.25,0
2022-12-23,Toronto Raptors,2022-12-23 17:00:00,2,0,2,0,0,3.0,4,19.0,10.0,15.7,0
2022-12-23,Washington Wizards,2022-12-23 17:00:00,2,0,2,0,0,3.0,5,21.0,5.0,13.95,0
2022-12-25,Boston Celtics,2022-12-25 17:00:00,1,0,0,0,1,1.0,2,243.0,240.0,240.0,1
2022-12-25,Dallas Mavericks,2022-12-25 17:00:00,5,0,0,0,1,5.0,6,22.0,7.0,19.0,0
2022-12-25,Denver Nuggets,2022-12-25 17:00:00,2,0,0,2,0,2.5,4,56.0,25.0,50.9,2
2022-12-25,Golden State Warriors,2022-12-25 17:00:00,4,0,1,0,0,4.5,5,18.0,5.0,16.35,0
2022-12-25,Los Angeles Lakers,2022-12-25 17:00:00,4,0,0,0,1,4.0,5,26.0,10.0,23.0,0
2022-12-25,Memphis Grizzlies,2022-12-25 17:00:00,1,0,0,1,0,1.25,2,70.0,45.0,48.75,2
2022-12-25,Milwaukee Bucks,2022-12-25 17:00:00,1,0,0,0,0,1.0,1,3.0,3.0,3.0,0
2022-12-25,New York Knicks,2022-12-25 17:00:00,3,0,0,0,0,3.0,3,35.0,25.0,35.0,1
2022-12-25,Philadelphia 76ers,2022-12-25 17:00:00,3,0,0,0,0,3.0,3,35.0,25.0,35.0,1
2022-12-25,Phoenix Suns,2022-12-25 17:00:00,3,0,1,0,0,3.5,4,41.0,30.0,39.35,1
2022-12-26,Brooklyn Nets,2022-12-26 17:00:00,6,0,0,0,0,6.0,6,26.0,5.0,26.0,0
2022-12-26,Charlotte Hornets,2022-12-26 17:00:00,1,1,1,0,0,2.25,4,28.0,10.0,16.25,0
2022-12-26,Chicago Bulls,2022-12-26 17:00:00,2,1,1,0,0,3.25,5,69.0,45.0,61.1,1
2022-12-26,Cleveland Cavaliers,2022-12-26 17:00:00,4,0,0,0,0,4.0,4,258.0,240.0,258.0,1
2022-12-26,Detroit Pistons,2022-12-26 17:00:00,5,0,0,0,0,5.0,5,61.0,45.0,61.0,1
2022-12-26,Houston Rockets,2022-12-26 17:00:00,2,0,0,0,1,2.0,4,16.0,5.0,9.25,0
2022-12-26,Indiana Pacers,2022-12-26 17:00:00,2,0,3,0,0,3.5,6,78.0,45.0,60.5,1
2022-12-26,LA Clippers,2022-12-26 17:00:00,4,0,1,0,0,4.5,5,29.0,10.0,23.5,0
2022-12-26,Miami Heat,2022-12-26 17:00:00,4,0,1,1,1,4.75,7,77.0,45.0,63.85,1
2022-12-26,Minnesota Timberwolves,2022-12-26 17:00:00,3,0,1,0,0,3.5,4,26.0,10.0,24.35,0
2022-12-26,New Orleans Pelicans,2022-12-26 17:00:00,4,1,3,0,0,6.25,9,274.0,240.0,263.55,1
2022-12-26,Portland Trail Blazers,2022-12-26 17:00:00,3,0,0,2,0,3.5,6,60.0,25.0,45.2,1
2022-12-26,San Antonio Spurs,2022-12-26 17:00:00,1,0,0,0,0,1.0,1,5.0,5.0,5.0,0
2022-12-26,Utah Jazz,2022-12-26 17:00:00,3,0,0,0,0,3.0,4,25.0,10.0,21.25,0
2022-12-27,Atlanta Hawks,2022-12-27 17:00:00,2,0,2,0,0,3.0,4,33.0,10.0,22.0,0
2022-12-27,Boston Celtics,2022-12-27 17:00:00,1,0,2,0,0,2.0,3,246.0,240.0,242.7,1
2022-12-27,Charlotte Hornets,2022-12-27 17:00:00,2,0,1,1,0,2.75,5,31.0,10.0,13.25,0
2022-12-27,Dallas Mavericks,2022-12-27 17:00:00,3,0,0,2,0,3.5,5,19.0,7.0,10.5,0
2022-12-27,Denver Nuggets,2022-12-27 17:00:00,4,0,1,1,0,4.75,7,78.0,25.0,66.2,2
2022-12-27,Golden State Warriors,2022-12-27 17:00:00,4,0,0,1,0,4.25,6,23.0,5.0,16.7,0
2022-12-27,Houston Rockets,2022-12-27 17:00:00,4,0,0,0,0,4.0,5,21.0,5.0,17.25,0
2022-12-27,Indiana Pacers,2022-12-27 17:00:00,2,0,2,0,0,3.0,5,61.0,45.0,52.85,1
2022-12-27,LA Clippers,2022-12-27 17:00:00,4,0,0,0,0,4.0,5,24.0,5.0,20.25,0
2022-12-27,Los Angeles Lakers,2022-12-27 17:00:00,4,0,0,2,0,4.5,6,29.0,10.0,23.9,0
2022-12-27,Memphis Grizzlies,2022-12-27 17:00:00,1,0,0,0,1,1.0,3,75.0,45.0,46.25,1
2022-12-27,New York Knicks,2022-12-27 17:00:00,3,0,1,0,0,3.5,5,43.0,25.0,37.6,1
2022-12-27,Oklahoma City Thunder,2022-12-27 17:00:00,6,0,0,0,0,6.0,7,100.0,45.0,96.25,2
2022-12-27,Orlando Magic,2022-12-27 17:00:00,3,0,0,0,0,3.0,3,55.0,45.0,55.0,1
2022-12-27,Philadelphia 76ers,2022-12-27 17:00:00,4,0,0,0,0,4.0,4,40.0,25.0,40.0,1
2022-12-27,Phoenix Suns,2022-12-27 17:00:00,5,0,0,0,0,5.0,6,56.0,30.0,52.25,1
2022-12-27,Sacramento Kings,2022-12-27 17:00:00,0,0,1,0,0,0.5,2,30.0,25.0,12.5,1
2022-12-27,San Antonio Spurs,2022-12-27 17:00:00,2,0,2,0,0,3.0,5,21.0,5.0,13.95,0
2022-12-27,Toronto Raptors,2022-12-27 17:00:00,1,1,0,0,0,1.75,2,13.0,10.0,10.5,0
2022-12-27,Washington Wizards,2022-12-27 17:00:00,4,0,1,0,0,4.5,5,23.0,5.0,21.35,0
2022-12-28,Atlanta Hawks,2022-12-28 17:00:00,1,0,4,0,0,3.0,6,35.0,10.0,20.25,0
2022-12-28,Brooklyn Nets,2022-12-28 17:00:00,5,0,0,0,1,5.0,6,26.0,5.0,23.0,0
2022-12-28,Chicago Bulls,2022-12-28 17:00:00,3,1,2,0,0,4.75,6,74.0,45.0,66.55,1
2022-12-28,Denver Nuggets,2022-12-28 17:00:00,3,0,3,0,0,4.5,7,84.0,25.0,67.05,2
2022-12-28,Detroit Pistons,2022-12-28 17:00:00,5,0,0,0,0,5.0,5,61.0,45.0,61.0,1
2022-12-28,Golden State Warriors,2022-12-28 17:00:00,5,0,2,0,0,6.0,8,30.0,5.0,22.95,0
2022-12-28,Los Angeles Lakers,2022-12-28 17:00:00,3,0,1,2,0,4.0,7,27.0,5.0,16.5,0
2022-12-28,Miami Heat,2022-12-28 17:00:00,2,0,2,1,2,3.25,7,77.0,45.0,54.3,1
2022-12-28,Milwaukee Bucks,2022-12-28 17:00:00,2,0,0,0,0,2.0,2,6.0,3.0,6.0,0
2022-12-28,Minnesota Timberwolves,2022-12-28 17:00:00,3,0,1,0,0,3.5,4,26.0,10.0,24.35,0
2022-12-28,New Orleans Pelicans,2022-12-28 17:00:00,3,0,0,0,3,3.0,6,261.0,240.0,248.0,1
2022-12-28,Orlando Magic,2022-12-28 17:00:00,3,0,0,0,0,3.0,4,60.0,45.0,56.25,1
2022-12-28,Phoenix Suns,2022-12-28 17:00:00,5,0,1,0,0,5.5,7,59.0,30.0,53.6,1
2022-12-28,Sacramento Kings,2022-12-28 17:00:00,2,0,1,0,0,2.5,4,40.0,25.0,22.5,1
2022-12-28,Utah Jazz,2022-12-28 17:00:00,2,0,0,0,1,2.0,4,25.0,10.0,11.25,0
2022-12-28,Washington Wizards,2022-12-28 17:00:00,2,0,1,0,2,2.5,6,28.0,5.0,12.6,0
2022-12-29,Boston Celtics,2022-12-29 17:00:00,3,0,2,0,0,4.0,5,256.0,240.0,252.7,1
2022-12-29,Charlotte Hornets,2022-12-29 17:00:00,1,1,2,0,0,2.75,4,26.0,10.0,14.25,0
2022-12-29,Cleveland Cavaliers,2022-12-29 17:00:00,6,0,1,0,0,6.5,7,269.0,240.0,267.35,1
2022-12-29,Dallas Mavericks,2022-12-29 17:00:00,3,0,1,0,0,3.5,4,12.0,3.0,10.35,0
2022-12-29,Houston Rockets,2022-12-29 17:00:00,3,0,0,0,0,3.0,4,18.0,5.0,14.25,0
2022-12-29,Indiana Pacers,2022-12-29 17:00:00,2,0,2,0,0,3.0,4,56.0,45.0,51.6,1
2022-12-29,LA Clippers,2022-12-29 17:00:00,3,0,0,0,0,3.0,3,15.0,5.0,15.0,0
2022-12-29,Memphis Grizzlies,2022-12-29 17:00:00,5,0,0,0,1,5.0,6,90.0,45.0,65.0,1
2022-12-29,New York Knicks,2022-12-29 17:00:00,4,0,1,0,0,4.5,6,46.0,25.0,40.6,1
2022-12-29,Oklahoma City Thunder,2022-12-29 17:00:00,5,0,0,0,0,5.0,5,110.0,45.0,110.0,3
2022-12-29,San Antonio Spurs,2022-12-29 17:00:00,4,0,0,0,2,4.0,6,24.0,5.0,18.0,0
2022-12-29,Toronto Raptors,2022-12-29 17:00:00,3,0,3,0,0,4.5,6,29.0,10.0,20.2,0
2022-12-30,Atlanta Hawks,2022-12-30 17:00:00,3,0,1,1,1,3.75,6,38.0,10.0,24.95,0
2022-12-30,Chicago Bulls,2022-12-30 17:00:00,3,0,2,3,0,4.75,8,77.0,45.0,62.2,1
2022-12-30,Denver Nuggets,2022-12-30 17:00:00,3,0,3,0,0,4.5,6,79.0,25.0,65.8,2
2022-12-30,Detroit Pistons,2022-12-30 17:00:00,6,0,0,0,1,6.0,7,71.0,45.0,68.0,1
2022-12-30,Golden State Warriors,2022-12-30 17:00:00,4,0,1,2,0,5.0,8,34.0,10.0,19.65,0
2022-12-30,Los Angeles Lakers,2022-12-30 17:00:00,4,0,1,2,1,5.0,8,30.0,5.0,20.25,0
2022-12-30,Miami Heat,2022-12-30 17:00:00,3,0,2,2,0,4.5,7,68.0,45.0,58.75,1
2022-12-30,Milwaukee Bucks,2022-12-30 17:00:00,2,1,0,0,0,2.75,3,9.0,3.0,8.25,0
2022-12-30,Minnesota Timberwolves,2022-12-30 17:00:00,3,0,2,0,0,4.0,6,34.0,10.0,26.95,0
2022-12-30,New Orleans Pelicans,2022-12-30 17:00:00,3,1,1,0,0,4.25,5,258.0,240.0,253.4,1
2022-12-30,Orlando Magic,2022-12-30 17:00:00,9,0,0,0,0,9.0,9,85.0,45.0,85.0,1
2022-12-30,Philadelphia 76ers,2022-12-30 17:00:00,3,0,0,1,0,3.25,4,40.0,25.0,18.75,1
2022-12-30,Phoenix Suns,2022-12-30 17:00:00,5,0,0,0,0,5.0,5,51.0,30.0,51.0,1
2022-12-30,Portland Trail Blazers,2022-12-30 17:00:00,5,0,1,0,0,5.5,7,56.0,25.0,50.6,1
2022-12-30,Sacramento Kings,2022-12-30 17:00:00,2,0,1,0,0,2.5,4,18.0,5.0,12.6,0
2022-12-30,Toronto Raptors,2022-12-30 17:00:00,4,0,2,0,0,5.0,7,36.0,10.0,25.1,0
2022-12-30,Utah Jazz,2022-12-30 17:00:00,2,0,0,0,0,2.0,3,15.0,5.0,11.25,0
2022-12-30,Washington Wizards,2022-12-30 17:00:00,4,0,2,0,0,5.0,6,26.0,5.0,22.7,0
2022-12-31,Brooklyn Nets,2022-12-31 17:00:00,4,0,2,0,0,5.0,6,24.0,5.0,20.7,0
2022-12-31,Charlotte Hornets,2022-12-31 17:00:00,2,0,1,0,0,2.5,3,16.0,10.0,10.5,0
2022-12-31,Chicago Bulls,2022-12-31 17:00:00,4,0,0,0,4,4.0,9,84.0,45.0,61.25,1
2022-12-31,Cleveland Cavaliers,2022-12-31 17:00:00,3,0,3,1,0,4.75,8,275.0,240.0,261.0,1
2022-12-31,Dallas Mavericks,2022-12-31 17:00:00,3,0,0,1,0,3.25,4,12.0,3.0,9.45,0
2022-12-31,Detroit Pistons,2022-12-31 17:00:00,5,0,1,0,0,5.5,7,71.0,45.0,65.6,1
2022-12-31,Houston Rockets,2022-12-31 17:00:00,3,0,0,0,0,3.0,4,18.0,5.0,14.25,0
2022-12-31,Indiana Pacers,2022-12-31 17:00:00,3,0,0,0,0,3.0,3,53.0,45.0,53.0,1
2022-12-31,LA Clippers,2022-12-31 17:00:00,4,0,0,0,1,4.0,5,28.0,10.0,25.0,0
2022-12-31,Memphis Grizzlies,2022-12-31 17:00:00,1,0,1,0,5,1.5,8,98.0,45.0,47.6,1
2022-12-31,Miami Heat,2022-12-31 17:00:00,4,0,2,1,0,5.25,8,74.0,45.0,63.55,1
2022-12-31,Minnesota Timberwolves,2022-12-31 17:00:00,3,0,3,0,0,4.5,7,37.0,10.0,28.3,0
2022-12-31,New Orleans Pelicans,2022-12-31 17:00:00,4,0,1,0,0,4.5,6,266.0,240.0,256.75,1
2022-12-31,New York Knicks,2022-12-31 17:00:00,4,0,1,0,0,4.5,6,46.0,25.0,40.6,1
2022-12-31,Oklahoma City Thunder,2022-12-31 17:00:00,4,0,0,0,1,4.0,5,110.0,45.0,105.0,3
2022-12-31,Philadelphia 76ers,2022-12-31 17:00:00,3,0,2,0,0,4.0,6,65.0,25.0,47.5,2
2022-12-31,San Antonio Spurs,2022-12-31 17:00:00,4,0,0,0,1,4.0,5,21.0,5.0,16.0,0
2022-12-31,Utah Jazz,2022-12-31 17:00:00,2,0,0,0,0,2.0,3,15.0,5.0,11.25,0
2023-01-01,Boston Celtics,2023-01-01 17:00:00,3,0,1,0,0,3.5,4,253.0,240.0,251.35,1
2023-01-01,Denver Nuggets,2023-01-01 17:00:00,3,0,1,2,0,4.0,6,79.0,25.0,59.8,2
2023-01-01,Memphis Grizzlies,2023-01-01 17:00:00,2,3,0,0,1,4.25,7,88.0,45.0,57.0,1
2023-01-01,Milwaukee Bucks,2023-01-01 17:00:00,2,0,2,0,0,3.0,4,12.0,3.0,8.7,0
2023-01-01,Sacramento Kings,2023-01-01 17:00:00,2,0,1,0,0,2.5,4,18.0,5.0,12.6,0
2023-01-01,Washington Wizards,2023-01-01 17:00:00,2,0,2,0,0,3.0,4,16.0,5.0,12.7,0
2023-01-02,Atlanta Hawks,2023-01-02 17:00:00,3,0,1,0,0,3.5,5,35.0,10.0,25.75,0
2023-01-02,Brooklyn Nets,2023-01-02 17:00:00,3,0,1,0,1,3.5,5,21.0,5.0,16.35,0
2023-01-02,Charlotte Hornets,2023-01-02 17:00:00,2,0,1,0,0,2.5,3,16.0,10.0,10.5,0
2023-01-02,Chicago Bulls,2023-01-02 17:00:00,5,0,0,0,2,5.0,7,74.0,45.0,61.0,1
2023-01-02,Cleveland Cavaliers,2023-01-02 17:00:00,3,1,1,0,0,4.25,5,264.0,240.0,260.35,1
2023-01-02,Dallas Mavericks,2023-01-02 17:00:00,3,0,0,0,0,3.0,3,9.0,3.0,9.0,0
2023-01-02,Denver Nuggets,2023-01-02 17:00:00,3,0,0,0,0,3.0,4,60.0,25.0,56.25,2
2023-01-02,Detroit Pistons,2023-01-02 17:00:00,5,0,0,0,0,5.0,6,68.0,45.0,64.25,1
2023-01-02,Golden State Warriors,2023-01-02 17:00:00,6,0,0,0,0,6.0,7,31.0,10.0,27.25,0
2023-01-02,Houston Rockets,2023-01-02 17:00:00,3,0,1,0,0,3.5,5,21.0,5.0,15.6,0
2023-01-02,Indiana Pacers,2023-01-02 17:00:00,2,0,1,0,0,2.5,3,53.0,45.0,50.25,1
2023-01-02,LA Clippers,2023-01-02 17:00:00,3,0,2,0,0,4.0,6,33.0,10.0,22.1,0
2023-01-02,Los Angeles Lakers,2023-01-02 17:00:00,4,0,0,1,0,4.25,5,19.0,5.0,16.45,0
2023-01-02,Miami Heat,2023-01-02 17:00:00,3,0,4,1,0,5.25,9,85.0,45.0,65.2,2
2023-01-02,Minnesota Timberwolves,2023-01-02 17:00:00,3,0,1,0,0,3.5,4,26.0,10.0,24.35,0
2023-01-02,New Orleans Pelicans,2023-01-02 17:00:00,4,0,0,0,0,4.0,4,251.0,240.0,251.0,1
2023-01-02,New York Knicks,2023-01-02 17:00:00,5,0,0,0,1,5.0,6,44.0,25.0,41.0,1
2023-01-02,Philadelphia 76ers,2023-01-02 17:00:00,2,0,1,0,0,2.5,3,13.0,5.0,11.35,0
2023-01-02,Phoenix Suns,2023-01-02 17:00:00,3,0,0,0,2,3.0,5,51.0,30.0,45.0,1
2023-01-02,Portland Trail Blazers,2023-01-02 17:00:00,2,0,3,0,0,3.5,6,49.0,25.0,40.3,1
2023-01-02,San Antonio Spurs,2023-01-02 17:00:00,4,0,0,0,1,4.0,5,21.0,5.0,18.0,0
2023-01-02,Toronto Raptors,2023-01-02 17:00:00,3,0,2,0,0,4.0,5,26.0,10.0,18.85,0
2023-01-03,Boston Celtics,2023-01-03 17:00:00,3,0,1,0,0,3.5,5,259.0,240.0,253.05,1
2023-01-03,Milwaukee Bucks,2023-01-03 17:00:00,2,0,0,0,2,2.0,4,12.0,3.0,6.0,0
2023-01-03,Oklahoma City Thunder,2023-01-03 17:00:00,6,0,0,0,0,6.0,6,115.0,45.0,115.0,3
2023-01-03,Sacramento Kings,2023-01-03 17:00:00,0,0,2,0,0,1.0,3,11.0,5.0,3.95,0
2023-01-03,Utah Jazz,2023-01-03 17:00:00,3,0,0,0,0,3.0,4,18.0,5.0,14.25,0
2023-01-03,Washington Wizards,2023-01-03 17:00:00,4,0,1,0,0,4.5,5,21.0,5.0,19.35,0
2023-01-04,Atlanta Hawks,2023-01-04 17:00:00,3,0,0,0,0,3.0,4,25.0,10.0,21.25,0
2023-01-04,Brooklyn Nets,2023-01-04 17:00:00,4,0,0,0,2,4.0,6,26.0,5.0,20.0,0
2023-01-04,Charlotte Hornets,2023-01-04 17:00:00,1,1,1,0,0,2.25,3,9.0,3.0,6.6,0
2023-01-04,Chicago Bulls,2023-01-04 17:00:00,5,0,2,1,0,6.25,8,70.0,45.0,64.15,1
2023-01-04,Cleveland Cavaliers,2023-01-04 17:00:00,4,1,1,0,1,5.25,7,274.0,240.0,265.35,1
2023-01-04,Detroit Pistons,2023-01-04 17:00:00,5,0,0,0,0,5.0,6,88.0,45.0,84.25,2
2023-01-04,Golden State Warriors,2023-01-04 17:00:00,6,0,0,1,0,6.25,8,34.0,10.0,27.7,0
2023-01-04,Houston Rockets,2023-01-04 17:00:00,3,0,0,0,0,3.0,4,18.0,5.0,14.25,0
2023-01-04,Indiana Pacers,2023-01-04 17:00:00,2,0,3,0,0,3.5,5,61.0,45.0,53.85,1
2023-01-04,Los Angeles Lakers,2023-01-04 17:00:00,5,0,0,1,1,5.25,8,32.0,5.0,20.7,0
2023-01-04,Memphis Grizzlies,2023-01-04 17:00:00,6,0,3,0,0,7.5,9,77.0,45.0,72.05,1
2023-01-04,Miami Heat,2023-01-04 17:00:00,3,0,2,2,0,4.5,8,68.0,45.0,55.85,1
2023-01-04,Milwaukee Bucks,2023-01-04 17:00:00,4,0,0,0,0,4.0,5,18.0,5.0,14.25,0
2023-01-04,Minnesota Timberwolves,2023-01-04 17:00:00,2,0,3,0,0,3.5,5,29.0,10.0,24.05,0
2023-01-04,New Orleans Pelicans,2023-01-04 17:00:00,5,0,0,0,0,5.0,6,270.0,240.0,266.25,2
2023-01-04,New York Knicks,2023-01-04 17:00:00,3,0,2,0,0,4.0,5,41.0,25.0,25.6,1
2023-01-04,Oklahoma City Thunder,2023-01-04 17:00:00,5,0,0,0,0,5.0,6,115.0,45.0,111.25,3
2023-01-04,Orlando Magic,2023-01-04 17:00:00,8,0,0,0,0,8.0,8,80.0,45.0,80.0,1
2023-01-04,Philadelphia 76ers,2023-01-04 17:00:00,3,0,0,0,0,3.0,3,13.0,5.0,13.0,0
2023-01-04,Phoenix Suns,2023-01-04 17:00:00,3,0,0,0,0,3.0,3,45.0,30.0,45.0,1
2023-01-04,Portland Trail Blazers,2023-01-04 17:00:00,2,0,1,1,0,2.75,5,53.0,25.0,41.2,1
2023-01-04,Sacramento Kings,2023-01-04 17:00:00,3,0,0,0,0,3.0,4,20.0,5.0,16.25,0
2023-01-04,San Antonio Spurs,2023-01-04 17:00:00,4,0,1,0,0,4.5,5,21.0,5.0,19.35,0
2023-01-04,Toronto Raptors,2023-01-04 17:00:00,3,0,0,0,0,3.0,3,13.0,5.0,13.0,0
2023-01-05,Boston Celtics,2023-01-05 17:00:00,3,0,0,0,0,3.0,4,255.0,240.0,251.25,1
2023-01-05,Dallas Mavericks,2023-01-05 17:00:00,3,0,0,0,0,3.0,3,9.0,3.0,9.0,0
2023-01-05,Denver Nuggets,2023-01-05 17:00:00,4,0,0,0,0,4.0,4,58.0,25.0,58.0,2
2023-01-05,Houston Rockets,2023-01-05 17:00:00,2,0,0,1,0,2.25,4,18.0,5.0,11.7,0
2023-01-05,LA Clippers,2023-01-05 17:00:00,2,0,1,0,2,2.5,6,33.0,10.0,17.6,0
2023-01-05,Memphis Grizzlies,2023-01-05 17:00:00,5,0,0,0,1,5.0,7,92.0,45.0,63.25,1
2023-01-05,Orlando Magic,2023-01-05 17:00:00,6,0,1,0,0,6.5,8,80.0,45.0,74.6,1
2023-01-05,Utah Jazz,2023-01-05 17:00:00,4,0,0,0,0,4.0,5,23.0,5.0,19.25,0
2023-01-06,Atlanta Hawks,2023-01-06 17:00:00,3,0,0,0,0,3.0,4,25.0,10.0,21.25,0
2023-01-06,Brooklyn Nets,2023-01-06 17:00:00,4,0,1,0,0,4.5,5,23.0,5.0,21.35,0
2023-01-06,Charlotte Hornets,2023-01-06 17:00:00,4,1,0,0,0,4.75,6,68.0,45.0,63.5,1
2023-01-06,Chicago Bulls,2023-01-06 17:00:00,3,0,2,0,0,4.0,5,68.0,45.0,60.85,1
2023-01-06,Cleveland Cavaliers,2023-01-06 17:00:00,5,0,1,0,0,5.5,7,276.0,240.0,267.85,1
2023-01-06,Denver Nuggets,2023-01-06 17:00:00,4,0,0,1,0,4.25,6,67.0,25.0,59.85,2
2023-01-06,Detroit Pistons,2023-01-06 17:00:00,5,0,0,0,0,5.0,5,83.0,45.0,83.0,2
2023-01-06,Indiana Pacers,2023-01-06 17:00:00,2,0,2,0,0,3.0,4,58.0,45.0,52.5,1
2023-01-06,LA Clippers,2023-01-06 17:00:00,2,0,2,0,0,3.0,5,27.0,10.0,19.4,0
2023-01-06,Los Angeles Lakers,2023-01-06 17:00:00,4,0,1,2,0,5.0,8,37.0,14.0,26.5,1
2023-01-06,Miami Heat,2023-01-06 17:00:00,4,1,2,1,0,6.0,9,115.0,45.0,104.65,2
2023-01-06,Milwaukee Bucks,2023-01-06 17:00:00,1,0,0,4,0,2.0,5,15.0,3.0,4.8,0
2023-01-06,Minnesota Timberwolves,2023-01-06 17:00:00,2,0,2,0,0,3.0,5,31.0,10.0,23.95,0
2023-01-06,New Orleans Pelicans,2023-01-06 17:00:00,3,0,2,0,0,4.0,5,270.0,240.0,262.85,2
2023-01-06,New York Knicks,2023-01-06 17:00:00,3,0,0,0,0,3.0,3,13.0,5.0,13.0,0
2023-01-06,Oklahoma City Thunder,2023-01-06 17:00:00,5,0,0,0,1,5.0,6,120.0,45.0,115.0,3
2023-01-06,Philadelphia 76ers,2023-01-06 17:00:00,4,0,0,0,0,4.0,4,18.0,5.0,18.0,0
2023-01-06,Phoenix Suns,2023-01-06 17:00:00,4,0,0,0,0,4.0,5,53.0,30.0,49.25,1
2023-01-06,Portland Trail Blazers,2023-01-06 17:00:00,2,0,2,1,0,3.25,5,51.0,25.0,41.3,1
2023-01-06,San Antonio Spurs,2023-01-06 17:00:00,4,0,0,0,2,4.0,7,29.0,5.0,19.25,0
2023-01-06,Toronto Raptors,2023-01-06 17:00:00,3,0,0,0,1,3.0,4,18.0,5.0,13.0,0
2023-01-06,Washington Wizards,2023-01-06 17:00:00,4,0,1,0,0,4.5,6,37.0,14.0,31.6,1
2023-01-07,Boston Celtics,2023-01-07 17:00:00,3,0,0,0,0,3.0,3,250.0,240.0,250.0,1
2023-01-07,Chicago Bulls,2023-01-07 17:00:00,4,0,2,1,0,5.25,8,81.0,45.0,67.55,1
2023-01-07,Dallas Mavericks,2023-01-07 17:00:00,3,0,0,0,1,3.0,4,12.0,3.0,9.0,0
2023-01-07,Golden State Warriors,2023-01-07 17:00:00,4,0,0,2,0,4.5,6,26.0,10.0,20.05,0
2023-01-07,Los Angeles Lakers,2023-01-07 17:00:00,3,0,2,2,0,4.5,8,37.0,14.0,24.85,1
2023-01-07,New Orleans Pelicans,2023-01-07 17:00:00,5,0,1,0,0,5.5,7,273.0,240.0,267.6,2
2023-01-07,Orlando Magic,2023-01-07 17:00:00,6,0,0,0,0,6.0,6,72.0,45.0,72.0,1
2023-01-07,Sacramento Kings,2023-01-07 17:00:00,3,0,1,0,0,3.5,5,23.0,5.0,17.6,0
2023-01-07,San Antonio Spurs,2023-01-07 17:00:00,4,0,0,0,0,4.0,5,19.0,5.0,15.25,0
2023-01-07,Utah Jazz,2023-01-07 17:00:00,4,0,0,0,0,4.0,4,18.0,5.0,18.0,0
2023-01-08,Atlanta Hawks,2023-01-08 17:00:00,3,0,0,0,0,3.0,4,25.0,10.0,21.25,0
2023-01-08,Brooklyn Nets,2023-01-08 17:00:00,4,0,0,0,0,4.0,4,20.0,5.0,20.0,0
2023-01-08,Charlotte Hornets,2023-01-08 17:00:00,5,0,0,0,0,5.0,5,63.0,45.0,63.0,1
2023-01-08,Cleveland Cavaliers,2023-01-08 17:00:00,4,0,1,0,0,4.5,6,271.0,240.0,262.85,1
2023-01-08,Dallas Mavericks,2023-01-08 17:00:00,4,0,0,0,0,4.0,5,17.0,5.0,13.25,0
2023-01-08,Detroit Pistons,2023-01-08 17:00:00,7,0,0,0,0,7.0,7,89.0,45.0,89.0,2
2023-01-08,Houston Rockets,2023-01-08 17:00:00,3,0,0,0,0,3.0,4,20.0,5.0,16.25,0
2023-01-08,Indiana Pacers,2023-01-08 17:00:00,3,0,0,0,2,3.0,5,59.0,45.0,53.0,1
2023-01-08,LA Clippers,2023-01-08 17:00:00,1,0,3,0,0,2.5,5,26.0,10.0,13.45,0
2023-01-08,Memphis Grizzlies,2023-01-08 17:00:00,6,0,0,0,2,6.0,9,99.0,45.0,65.25,1
2023-01-08,Miami Heat,2023-01-08 17:00:00,4,0,0,0,6,4.0,10,116.0,45.0,96.0,2
2023-01-08,Minnesota Timberwolves,2023-01-08 17:00:00,2,0,3,0,0,3.5,5,29.0,10.0,24.05,0
2023-01-08,Oklahoma City Thunder,2023-01-08 17:00:00,4,0,0,0,1,4.0,6,115.0,45.0,106.25,3
2023-01-08,Philadelphia 76ers,2023-01-08 17:00:00,5,0,0,0,0,5.0,5,21.0,5.0,21.0,0
2023-01-08,Phoenix Suns,2023-01-08 17:00:00,5,0,0,0,0,5.0,6,56.0,30.0,52.25,1
2023-01-08,Portland Trail Blazers,2023-01-08 17:00:00,4,0,0,0,1,4.0,5,53.0,25.0,50.0,1
2023-01-08,Toronto Raptors,2023-01-08 17:00:00,3,0,0,0,0,3.0,3,13.0,5.0,13.0,0
2023-01-08,Utah Jazz,2023-01-08 17:00:00,5,0,0,0,0,5.0,6,31.0,10.0,27.25,0
2023-01-09,Boston Celtics,2023-01-09 17:00:00,4,0,0,0,0,4.0,4,253.0,240.0,253.0,1
2023-01-09,Chicago Bulls,2023-01-09 17:00:00,4,0,1,1,0,4.75,6,73.0,45.0,62.85,1
2023-01-09,Denver Nuggets,2023-01-09 17:00:00,4,0,0,0,0,4.0,4,58.0,25.0,58.0,2
2023-01-09,Los Angeles Lakers,2023-01-09 17:00:00,5,0,0,1,0,5.25,7,34.0,14.0,27.7,1
2023-01-09,Memphis Grizzlies,2023-01-09 17:00:00,3,0,3,0,1,4.5,8,92.0,45.0,58.300000000000004,1
2023-01-09,Milwaukee Bucks,2023-01-09 17:00:00,2,0,0,0,0,2.0,2,6.0,3.0,6.0,0
2023-01-09,New Orleans Pelicans,2023-01-09 17:00:00,3,0,0,1,0,3.25,4,260.0,240.0,257.45,2
2023-01-09,New York Knicks,2023-01-09 17:00:00,2,1,0,0,0,2.75,3,13.0,5.0,12.25,0
2023-01-09,Orlando Magic,2023-01-09 17:00:00,5,0,0,0,0,5.0,5,67.0,45.0,67.0,1
2023-01-09,Sacramento Kings,2023-01-09 17:00:00,2,0,0,0,0,2.0,3,15.0,5.0,11.25,0
2023-01-09,San Antonio Spurs,2023-01-09 17:00:00,3,0,1,0,1,3.5,6,22.0,5.0,13.6,0
2023-01-09,Washington Wizards,2023-01-09 17:00:00,5,0,0,0,0,5.0,5,32.0,14.0,32.0,1
2023-01-10,Charlotte Hornets,2023-01-10 17:00:00,2,1,0,0,0,2.75,3,53.0,45.0,52.25,1
2023-01-10,Cleveland Cavaliers,2023-01-10 17:00:00,4,0,0,0,0,4.0,4,258.0,240.0,258.0,1
2023-01-10,Dallas Mavericks,2023-01-10 17:00:00,3,0,0,1,0,3.25,4,12.0,3.0,9.45,0
2023-01-10,Detroit Pistons,2023-01-10 17:00:00,6,0,0,0,1,6.0,7,89.0,45.0,84.0,2
2023-01-10,Golden State Warriors,2023-01-10 17:00:00,3,0,1,2,0,4.0,6,26.0,10.0,18.4,0
2023-01-10,LA Clippers,2023-01-10 17:00:00,5,0,0,0,0,5.0,6,26.0,5.0,22.25,0
2023-01-10,Miami Heat,2023-01-10 17:00:00,7,0,1,0,2,7.5,10,114.0,45.0,106.35,2
2023-01-10,Oklahoma City Thunder,2023-01-10 17:00:00,4,0,0,0,0,4.0,4,105.0,45.0,105.0,3
2023-01-10,Orlando Magic,2023-01-10 17:00:00,4,0,0,0,0,4.0,5,65.0,45.0,61.25,1
2023-01-10,Philadelphia 76ers,2023-01-10 17:00:00,2,0,1,1,1,2.75,5,21.0,5.0,11.8,0
2023-01-10,Phoenix Suns,2023-01-10 17:00:00,5,0,3,0,0,6.5,9,79.0,30.0,62.6,1
2023-01-10,Portland Trail Blazers,2023-01-10 17:00:00,2,0,0,2,0,2.5,5,53.0,25.0,38.2,1
2023-01-10,Toronto Raptors,2023-01-10 17:00:00,3,0,0,0,0,3.0,3,13.0,5.0,13.0,0
2023-01-10,Utah Jazz,2023-01-10 17:00:00,4,0,1,0,2,4.5,8,46.0,10.0,30.6,0
2023-01-11,Atlanta Hawks,2023-01-11 17:00:00,3,0,0,0,0,3.0,3,18.0,10.0,18.0,0
2023-01-11,Boston Celtics,2023-01-11 17:00:00,3,0,2,0,0,4.0,5,256.0,240.0,252.7,1
2023-01-11,Chicago Bulls,2023-01-11 17:00:00,6,0,0,0,1,6.0,7,76.0,45.0,66.0,1
2023-01-11,Denver Nuggets,2023-01-11 17:00:00,3,0,0,3,0,3.75,6,67.0,25.0,55.1,2
2023-01-11,Detroit Pistons,2023-01-11 17:00:00,6,0,0,0,2,6.0,9,97.0,45.0,87.25,2
2023-01-11,Houston Rockets,2023-01-11 17:00:00,3,0,0,0,0,3.0,3,15.0,5.0,15.0,0
2023-01-11,Indiana Pacers,2023-01-11 17:00:00,2,0,3,0,0,3.5,5,59.0,45.0,52.95,1
2023-01-11,Memphis Grizzlies,2023-01-11 17:00:00,4,0,0,0,1,4.0,6,88.0,45.0,59.25,1
2023-01-11,Milwaukee Bucks,2023-01-11 17:00:00,2,0,0,0,0,2.0,2,6.0,3.0,6.0,0
2023-01-11,Minnesota Timberwolves,2023-01-11 17:00:00,4,0,2,0,1,5.0,7,41.0,10.0,32.7,0
2023-01-11,New Orleans Pelicans,2023-01-11 17:00:00,3,1,0,0,0,3.75,4,260.0,240.0,259.25,2
2023-01-11,New York Knicks,2023-01-11 17:00:00,2,0,1,0,0,2.5,3,13.0,5.0,11.35,0
2023-01-11,Phoenix Suns,2023-01-11 17:00:00,7,0,0,0,0,7.0,8,69.0,30.0,65.25,1
2023-01-11,Sacramento Kings,2023-01-11 17:00:00,0,0,1,0,0,0.5,2,8.0,5.0,2.6,0
2023-01-11,San Antonio Spurs,2023-01-11 17:00:00,3,0,2,0,0,4.0,6,31.0,10.0,20.1,0
2023-01-11,Washington Wizards,2023-01-11 17:00:00,4,0,2,0,1,5.0,7,41.0,14.0,32.7,1
2023-01-12,Boston Celtics,2023-01-12 17:00:00,4,0,1,0,0,4.5,6,261.0,240.0,255.6,1
2023-01-12,Brooklyn Nets,2023-01-12 17:00:00,1,0,0,0,4,1.0,5,30.0,12.0,12.0,0
2023-01-12,Charlotte Hornets,2023-01-12 17:00:00,2,1,0,0,0,2.75,3,53.0,45.0,52.25,1
2023-01-12,Cleveland Cavaliers,2023-01-12 17:00:00,3,0,1,1,0,3.75,6,266.0,240.0,127.7,1
2023-01-12,Dallas Mavericks,2023-01-12 17:00:00,3,0,1,0,0,3.5,4,12.0,3.0,10.35,0
2023-01-12,Los Angeles Lakers,2023-01-12 17:00:00,4,0,0,2,0,4.5,7,34.0,14.0,25.15,1
2023-01-12,Miami Heat,2023-01-12 17:00:00,7,0,0,1,2,7.25,10,116.0,45.0,107.45,2
2023-01-12,Milwaukee Bucks,2023-01-12 17:00:00,5,0,0,0,0,5.0,6,28.0,10.0,24.25,0
2023-01-12,Oklahoma City Thunder,2023-01-12 17:00:00,4,0,0,0,0,4.0,4,105.0,45.0,105.0,3
2023-01-12,Philadelphia 76ers,2023-01-12 17:00:00,3,0,0,0,0,3.0,3,15.0,5.0,15.0,0
2023-01-12,Portland Trail Blazers,2023-01-12 17:00:00,2,0,1,1,0,2.75,5,60.0,25.0,42.25,1
2023-01-12,Toronto Raptors,2023-01-12 17:00:00,3,0,0,0,0,3.0,3,55.0,45.0,55.0,1
2023-01-13,Atlanta Hawks,2023-01-13 17:00:00,3,0,0,0,0,3.0,3,20.0,10.0,20.0,0
2023-01-13,Chicago Bulls,2023-01-13 17:00:00,5,1,0,1,0,6.0,7,113.0,45.0,109.7,2
2023-01-13,Denver Nuggets,2023-01-13 17:00:00,4,0,0,2,0,4.5,6,70.0,25.0,58.95,2
2023-01-13,Detroit Pistons,2023-01-13 17:00:00,7,0,0,0,0,7.0,7,89.0,45.0,89.0,2
2023-01-13,Golden State Warriors,2023-01-13 17:00:00,3,0,0,0,0,3.0,3,16.0,10.0,16.0,0
2023-01-13,Houston Rockets,2023-01-13 17:00:00,4,0,0,0,0,4.0,5,23.0,5.0,19.25,0
2023-01-13,Indiana Pacers,2023-01-13 17:00:00,3,0,4,0,0,5.0,7,74.0,45.0,66.3,1
2023-01-13,LA Clippers,2023-01-13 17:00:00,5,0,0,0,0,5.0,6,26.0,5.0,22.25,0
2023-01-13,Minnesota Timberwolves,2023-01-13 17:00:00,3,0,3,0,0,4.5,7,46.0,10.0,33.45,0
2023-01-13,New Orleans Pelicans,2023-01-13 17:00:00,3,0,1,0,0,3.5,4,260.0,240.0,258.35,2
2023-01-13,New York Knicks,2023-01-13 17:00:00,2,0,0,0,0,2.0,2,10.0,5.0,10.0,0
2023-01-13,Oklahoma City Thunder,2023-01-13 17:00:00,4,0,0,0,0,4.0,5,110.0,45.0,106.25,3
2023-01-13,Orlando Magic,2023-01-13 17:00:00,4,0,1,0,0,4.5,5,63.0,45.0,61.35,1
2023-01-13,Phoenix Suns,2023-01-13 17:00:00,6,0,1,0,0,6.5,8,69.0,30.0,59.75,1
2023-01-13,Sacramento Kings,2023-01-13 17:00:00,1,0,1,0,0,1.5,3,13.0,5.0,7.6,0
2023-01-13,San Antonio Spurs,2023-01-13 17:00:00,3,0,0,0,0,3.0,4,18.0,5.0,14.25,0
2023-01-13,Utah Jazz,2023-01-13 17:00:00,4,0,2,0,0,5.0,6,38.0,10.0,30.85,0
2023-01-13,Washington Wizards,2023-01-13 17:00:00,5,0,0,0,2,5.0,7,43.0,14.0,30.0,1
2023-01-14,Atlanta Hawks,2023-01-14 17:00:00,3,0,1,0,0,3.5,5,28.0,10.0,22.6,0
2023-01-14,Boston Celtics,2023-01-14 17:00:00,3,0,0,0,2,3.0,5,256.0,240.0,248.0,1
2023-01-14,Charlotte Hornets,2023-01-14 17:00:00,2,1,0,0,0,2.75,3,53.0,45.0,52.25,1
2023-01-14,Cleveland Cavaliers,2023-01-14 17:00:00,3,0,1,0,0,3.5,4,21.0,10.0,19.35,0
2023-01-14,Dallas Mavericks,2023-01-14 17:00:00,3,0,1,0,0,3.5,5,24.0,10.0,14.75,0
2023-01-14,Indiana Pacers,2023-01-14 17:00:00,3,0,4,0,0,5.0,8,79.0,45.0,67.55,1
2023-01-14,Memphis Grizzlies,2023-01-14 17:00:00,3,0,2,0,1,4.0,6,84.0,45.0,55.7,1
2023-01-14,Miami Heat,2023-01-14 17:00:00,6,0,0,0,1,6.0,7,105.0,45.0,102.0,2
2023-01-14,Milwaukee Bucks,2023-01-14 17:00:00,3,0,0,0,0,3.0,3,9.0,3.0,9.0,0
2023-01-14,Minnesota Timberwolves,2023-01-14 17:00:00,3,0,3,0,0,4.5,7,46.0,10.0,33.45,0
2023-01-14,Philadelphia 76ers,2023-01-14 17:00:00,2,0,2,0,0,3.0,5,21.0,5.0,13.95,0
2023-01-14,Portland Trail Blazers,2023-01-14 17:00:00,2,0,1,1,0,2.75,5,60.0,25.0,42.25,1
2023-01-14,Toronto Raptors,2023-01-14 17:00:00,4,0,0,0,0,4.0,4,60.0,45.0,60.0,1
2023-01-14,Utah Jazz,2023-01-14 17:00:00,4,0,1,0,0,4.5,6,29.0,10.0,23.6,0
2023-01-15,Brooklyn Nets,2023-01-15 17:00:00,1,0,1,0,0,1.5,2,15.0,12.0,13.35,0
2023-01-15,Chicago Bulls,2023-01-15 17:00:00,3,0,0,0,2,3.0,5,101.0,45.0,93.0,2
2023-01-15,Dallas Mavericks,2023-01-15 17:00:00,4,0,2,0,0,5.0,7,37.0,10.0,26.1,0
2023-01-15,Denver Nuggets,2023-01-15 17:00:00,3,0,0,2,0,3.5,5,66.0,25.0,54.95,2
2023-01-15,Detroit Pistons,2023-01-15 17:00:00,7,0,0,0,1,7.0,8,92.0,45.0,89.0,2
2023-01-15,Golden State Warriors,2023-01-15 17:00:00,4,0,0,0,0,4.0,4,19.0,10.0,19.0,0
2023-01-15,Houston Rockets,2023-01-15 17:00:00,5,0,0,0,0,5.0,6,28.0,5.0,24.25,0
2023-01-15,LA Clippers,2023-01-15 17:00:00,5,0,0,0,1,5.0,7,25.0,5.0,16.25,0
2023-01-15,Los Angeles Lakers,2023-01-15 17:00:00,4,0,0,1,1,4.25,6,31.0,14.0,23.45,1
2023-01-15,New York Knicks,2023-01-15 17:00:00,2,0,0,0,0,2.0,2,10.0,5.0,10.0,0
2023-01-15,Oklahoma City Thunder,2023-01-15 17:00:00,5,0,0,0,0,5.0,5,108.0,45.0,108.0,3
2023-01-15,Orlando Magic,2023-01-15 17:00:00,5,0,1,0,0,5.5,6,68.0,45.0,66.35,1
2023-01-15,Philadelphia 76ers,2023-01-15 17:00:00,2,0,2,0,0,3.0,5,21.0,5.0,13.95,0
2023-01-15,Portland Trail Blazers,2023-01-15 17:00:00,1,0,0,2,0,1.5,4,43.0,25.0,15.45,1
2023-01-15,Sacramento Kings,2023-01-15 17:00:00,1,0,0,0,2,1.0,4,20.0,5.0,6.25,0
2023-01-15,San Antonio Spurs,2023-01-15 17:00:00,3,0,1,0,0,3.5,4,16.0,5.0,14.35,0
2023-01-16,Atlanta Hawks,2023-01-16 17:00:00,1,0,0,0,2,1.0,3,18.0,10.0,5.0,0
2023-01-16,Boston Celtics,2023-01-16 17:00:00,3,0,0,0,1,3.0,4,251.0,240.0,248.0,1
2023-01-16,Charlotte Hornets,2023-01-16 17:00:00,3,0,0,0,0,3.0,3,51.0,45.0,51.0,1
2023-01-16,Cleveland Cavaliers,2023-01-16 17:00:00,3,0,0,0,0,3.0,3,18.0,10.0,18.0,0
2023-01-16,Golden State Warriors,2023-01-16 17:00:00,5,0,0,0,0,5.0,6,28.0,10.0,24.25,0
2023-01-16,Houston Rockets,2023-01-16 17:00:00,3,0,0,0,0,3.0,4,18.0,5.0,14.25,0
2023-01-16,Indiana Pacers,2023-01-16 17:00:00,3,0,0,0,3,3.0,6,71.0,45.0,60.0,1
2023-01-16,Los Angeles Lakers,2023-01-16 17:00:00,3,0,1,1,0,3.75,6,31.0,14.0,23.05,1
2023-01-16,Memphis Grizzlies,2023-01-16 17:00:00,4,0,0,0,2,4.0,7,91.0,45.0,59.25,1
2023-01-16,Miami Heat,2023-01-16 17:00:00,4,0,0,0,2,4.0,6,102.0,45.0,96.0,2
2023-01-16,Milwaukee Bucks,2023-01-16 17:00:00,4,0,0,0,2,4.0,6,26.0,10.0,13.0,0
2023-01-16,Minnesota Timberwolves,2023-01-16 17:00:00,2,0,0,0,4,2.0,6,41.0,10.0,20.0,0
2023-01-16,New Orleans Pelicans,2023-01-16 17:00:00,5,0,0,0,0,5.0,5,265.0,240.0,265.0,2
2023-01-16,New York Knicks,2023-01-16 17:00:00,2,0,0,0,0,2.0,3,15.0,5.0,11.25,0
2023-01-16,Phoenix Suns,2023-01-16 17:00:00,5,0,0,0,1,5.0,6,54.0,30.0,51.0,1
2023-01-16,Toronto Raptors,2023-01-16 17:00:00,3,0,0,0,1,3.0,4,58.0,45.0,55.0,1
2023-01-16,Utah Jazz,2023-01-16 17:00:00,3,0,0,0,1,3.0,5,26.0,10.0,19.25,0
2023-01-16,Washington Wizards,2023-01-16 17:00:00,4,0,0,0,0,4.0,4,29.0,14.0,29.0,1
2023-01-17,Brooklyn Nets,2023-01-17 17:00:00,4,0,1,0,0,4.5,5,30.0,12.0,28.35,0
2023-01-17,Denver Nuggets,2023-01-17 17:00:00,3,0,3,0,0,4.5,6,69.0,25.0,60.2,2
2023-01-17,LA Clippers,2023-01-17 17:00:00,5,0,1,0,0,5.5,7,29.0,5.0,23.6,0
2023-01-17,Milwaukee Bucks,2023-01-17 17:00:00,3,0,0,0,0,3.0,4,14.0,5.0,10.25,0
2023-01-17,Philadelphia 76ers,2023-01-17 17:00:00,2,0,0,1,0,2.25,3,13.0,5.0,10.45,0
2023-01-17,Portland Trail Blazers,2023-01-17 17:00:00,1,0,0,1,0,1.25,3,18.0,10.0,11.7,0
2023-01-17,San Antonio Spurs,2023-01-17 17:00:00,4,0,1,0,0,4.5,5,21.0,5.0,19.35,0
2023-01-17,Toronto Raptors,2023-01-17 17:00:00,2,0,0,0,0,2.0,3,53.0,45.0,49.25,1
2023-01-18,Atlanta Hawks,2023-01-18 17:00:00,1,0,0,0,0,1.0,2,10.0,5.0,6.25,0
2023-01-18,Charlotte Hornets,2023-01-18 17:00:00,4,2,0,0,0,5.5,7,71.0,45.0,65.75,1
2023-01-18,Cleveland Cavaliers,2023-01-18 17:00:00,4,0,0,0,0,4.0,5,33.0,10.0,29.25,0
2023-01-18,Dallas Mavericks,2023-01-18 17:00:00,3,0,2,1,0,4.25,7,30.0,10.0,20.4,0
2023-01-18,Denver Nuggets,2023-01-18 17:00:00,2,1,0,2,0,3.25,6,71.0,25.0,49.95,2
2023-01-18,Houston Rockets,2023-01-18 17:00:00,2,0,1,0,0,2.5,4,18.0,5.0,12.6,0
2023-01-18,Indiana Pacers,2023-01-18 17:00:00,3,0,1,0,0,3.5,4,65.0,45.0,62.25,1
2023-01-18,LA Clippers,2023-01-18 17:00:00,4,0,2,0,0,5.0,7,27.0,5.0,18.85,0
2023-01-18,Los Angeles Lakers,2023-01-18 17:00:00,4,0,1,0,0,4.5,6,33.0,14.0,27.6,1
2023-01-18,Memphis Grizzlies,2023-01-18 17:00:00,4,0,0,0,3,4.0,8,100.0,45.0,61.25,1
2023-01-18,Miami Heat,2023-01-18 17:00:00,4,0,0,1,2,4.25,8,112.0,45.0,99.7,2
2023-01-18,Minnesota Timberwolves,2023-01-18 17:00:00,3,0,3,0,0,4.5,7,44.0,10.0,31.45,0
2023-01-18,New Orleans Pelicans,2023-01-18 17:00:00,4,1,0,0,0,4.75,6,270.0,240.0,265.5,2
2023-01-18,New York Knicks,2023-01-18 17:00:00,2,0,0,0,0,2.0,2,10.0,5.0,10.0,0
2023-01-18,Oklahoma City Thunder,2023-01-18 17:00:00,6,0,0,0,0,6.0,7,120.0,45.0,116.25,3
2023-01-18,Sacramento Kings,2023-01-18 17:00:00,2,0,0,0,0,2.0,3,15.0,5.0,11.25,0
2023-01-18,Utah Jazz,2023-01-18 17:00:00,3,0,0,0,1,3.0,4,23.0,10.0,20.0,0
2023-01-18,Washington Wizards,2023-01-18 17:00:00,3,0,0,0,1,3.0,4,29.0,14.0,15.0,0
2023-01-19,Boston Celtics,2023-01-19 17:00:00,3,0,1,0,0,3.5,4,253.0,240.0,251.35,1
2023-01-19,Brooklyn Nets,2023-01-19 17:00:00,4,0,0,0,1,4.0,5,30.0,12.0,27.0,0
2023-01-19,Chicago Bulls,2023-01-19 17:00:00,2,0,0,0,0,2.0,2,90.0,45.0,90.0,2
2023-01-19,Detroit Pistons,2023-01-19 17:00:00,5,0,0,0,3,5.0,8,92.0,45.0,83.0,2
2023-01-19,Golden State Warriors,2023-01-19 17:00:00,4,0,0,0,0,4.0,4,19.0,10.0,19.0,0
2023-01-19,Minnesota Timberwolves,2023-01-19 17:00:00,2,0,4,0,0,4.0,7,44.0,10.0,29.799999999999997,0
2023-01-19,Philadelphia 76ers,2023-01-19 17:00:00,2,0,0,0,0,2.0,3,15.0,5.0,11.25,0
2023-01-19,Phoenix Suns,2023-01-19 17:00:00,6,0,0,0,1,6.0,8,84.0,30.0,50.25,1
2023-01-19,Portland Trail Blazers,2023-01-19 17:00:00,1,0,0,2,0,1.5,4,21.0,10.0,12.149999999999999,0
2023-01-19,Toronto Raptors,2023-01-19 17:00:00,1,0,1,0,0,1.5,2,48.0,45.0,46.35,1
2023-01-20,Atlanta Hawks,2023-01-20 17:00:00,1,0,1,1,0,1.75,3,11.0,5.0,6.8,0
2023-01-20,Brooklyn Nets,2023-01-20 17:00:00,2,0,0,0,0,2.0,3,22.0,12.0,18.25,0
2023-01-20,Cleveland Cavaliers,2023-01-20 17:00:00,4,0,0,0,0,4.0,4,263.0,240.0,263.0,1
2023-01-20,Dallas Mavericks,2023-01-20 17:00:00,3,0,0,1,0,3.25,4,41.0,25.0,32.5,1
2023-01-20,Denver Nuggets,2023-01-20 17:00:00,3,0,3,1,0,4.75,8,72.0,25.0,48.65,2
2023-01-20,Golden State Warriors,2023-01-20 17:00:00,6,0,0,2,0,6.5,9,37.0,10.0,28.15,0
2023-01-20,Indiana Pacers,2023-01-20 17:00:00,3,0,1,0,0,3.5,5,70.0,45.0,63.5,1
2023-01-20,LA Clippers,2023-01-20 17:00:00,5,0,0,0,0,5.0,6,26.0,5.0,22.25,0
2023-01-20,Los Angeles Lakers,2023-01-20 17:00:00,5,0,1,0,0,5.5,7,38.0,14.0,32.6,1
2023-01-20,Memphis Grizzlies,2023-01-20 17:00:00,1,0,1,0,1,1.5,4,78.0,45.0,47.6,1
2023-01-20,Miami Heat,2023-01-20 17:00:00,3,0,0,1,1,3.25,5,101.0,45.0,93.45,2
2023-01-20,New Orleans Pelicans,2023-01-20 17:00:00,4,0,2,0,0,5.0,6,268.0,240.0,264.7,2
2023-01-20,New York Knicks,2023-01-20 17:00:00,3,0,0,0,0,3.0,3,55.0,45.0,55.0,1
2023-01-20,Oklahoma City Thunder,2023-01-20 17:00:00,5,0,0,0,0,5.0,6,95.0,45.0,91.25,2
2023-01-20,Orlando Magic,2023-01-20 17:00:00,4,0,0,0,1,4.0,5,72.0,45.0,62.0,1
2023-01-20,Sacramento Kings,2023-01-20 17:00:00,1,0,1,0,3,1.5,6,28.0,5.0,7.6,0
2023-01-20,San Antonio Spurs,2023-01-20 17:00:00,4,0,0,0,0,4.0,4,18.0,5.0,18.0,0
2023-01-20,Utah Jazz,2023-01-20 17:00:00,3,0,0,0,0,3.0,4,25.0,10.0,21.25,0
2023-01-21,Atlanta Hawks,2023-01-21 17:00:00,2,0,0,0,0,2.0,3,14.0,5.0,10.25,0
2023-01-21,Boston Celtics,2023-01-21 17:00:00,4,0,0,0,0,4.0,4,253.0,240.0,253.0,1
2023-01-21,Charlotte Hornets,2023-01-21 17:00:00,4,2,0,1,0,5.75,7,69.0,45.0,64.95,1
2023-01-21,Cleveland Cavaliers,2023-01-21 17:00:00,2,0,0,1,0,2.25,4,28.0,10.0,21.7,0
2023-01-21,Houston Rockets,2023-01-21 17:00:00,2,2,0,0,0,3.5,5,28.0,10.0,21.0,0
2023-01-21,Indiana Pacers,2023-01-21 17:00:00,3,0,2,0,0,4.0,6,75.0,45.0,66.85,1
2023-01-21,Milwaukee Bucks,2023-01-21 17:00:00,3,0,0,0,0,3.0,3,11.0,5.0,11.0,0
2023-01-21,Minnesota Timberwolves,2023-01-21 17:00:00,4,0,3,0,0,5.5,8,44.0,10.0,35.3,0
2023-01-21,Orlando Magic,2023-01-21 17:00:00,5,0,0,0,0,5.0,6,32.0,7.0,28.25,0
2023-01-21,Philadelphia 76ers,2023-01-21 17:00:00,2,0,2,0,0,3.0,5,43.0,21.0,23.85,1
2023-01-21,Phoenix Suns,2023-01-21 17:00:00,6,0,2,0,0,7.0,9,61.0,25.0,41.85,1
2023-01-21,Sacramento Kings,2023-01-21 17:00:00,2,0,0,0,0,2.0,3,15.0,5.0,11.25,0
2023-01-21,Toronto Raptors,2023-01-21 17:00:00,6,0,0,0,0,6.0,6,66.0,45.0,66.0,1
2023-01-21,Washington Wizards,2023-01-21 17:00:00,4,0,0,0,0,4.0,4,20.0,5.0,20.0,0
2023-01-22,Brooklyn Nets,2023-01-22 17:00:00,2,0,0,1,0,2.25,4,25.0,12.0,18.7,0
2023-01-22,Dallas Mavericks,2023-01-22 17:00:00,2,0,0,0,1,2.0,4,36.0,25.0,29.25,1
2023-01-22,Denver Nuggets,2023-01-22 17:00:00,3,0,4,0,0,5.0,7,45.0,25.0,38.4,1
2023-01-22,Golden State Warriors,2023-01-22 17:00:00,2,0,0,0,1,2.0,4,21.0,10.0,14.25,0
2023-01-22,LA Clippers,2023-01-22 17:00:00,3,0,0,0,2,3.0,5,21.0,5.0,11.0,0
2023-01-22,Los Angeles Lakers,2023-01-22 17:00:00,5,0,1,0,0,5.5,7,38.0,14.0,32.6,1
2023-01-22,Memphis Grizzlies,2023-01-22 17:00:00,1,0,0,0,1,1.0,3,75.0,45.0,46.25,1
2023-01-22,Miami Heat,2023-01-22 17:00:00,3,0,0,0,1,3.0,4,96.0,45.0,93.0,2
2023-01-22,New Orleans Pelicans,2023-01-22 17:00:00,5,0,0,0,0,5.0,5,265.0,240.0,265.0,2
2023-01-22,New York Knicks,2023-01-22 17:00:00,4,0,0,0,0,4.0,4,58.0,45.0,58.0,1
2023-01-22,Oklahoma City Thunder,2023-01-22 17:00:00,4,0,0,0,1,4.0,6,95.0,45.0,86.25,2
2023-01-22,Phoenix Suns,2023-01-22 17:00:00,5,0,0,1,1,5.25,8,57.0,25.0,25.7,0
2023-01-22,Portland Trail Blazers,2023-01-22 17:00:00,1,0,0,1,0,1.25,3,18.0,10.0,11.7,0
2023-01-22,Toronto Raptors,2023-01-22 17:00:00,3,0,0,0,1,3.0,5,59.0,45.0,52.25,1
2023-01-23,Atlanta Hawks,2023-01-23 17:00:00,1,0,1,0,0,1.5,3,13.0,5.0,7.6,0
2023-01-23,Boston Celtics,2023-01-23 17:00:00,4,0,0,0,0,4.0,4,257.0,240.0,257.0,1
2023-01-23,Charlotte Hornets,2023-01-23 17:00:00,1,1,1,0,0,2.25,4,56.0,45.0,49.85,1
2023-01-23,Chicago Bulls,2023-01-23 17:00:00,2,0,1,0,0,2.5,4,98.0,45.0,92.6,2
2023-01-23,Detroit Pistons,2023-01-23 17:00:00,6,0,0,0,0,6.0,6,86.0,45.0,86.0,2
2023-01-23,Houston Rockets,2023-01-23 17:00:00,3,0,1,0,0,3.5,5,28.0,10.0,18.75,0
2023-01-23,Memphis Grizzlies,2023-01-23 17:00:00,1,0,2,0,1,2.0,5,81.0,45.0,48.95,1
2023-01-23,Milwaukee Bucks,2023-01-23 17:00:00,2,0,0,2,0,2.5,4,16.0,5.0,10.9,0
2023-01-23,Minnesota Timberwolves,2023-01-23 17:00:00,3,0,3,0,1,4.5,7,46.0,10.0,32.2,0
2023-01-23,Orlando Magic,2023-01-23 17:00:00,4,0,0,0,1,4.0,5,67.0,45.0,60.0,1
2023-01-23,Portland Trail Blazers,2023-01-23 17:00:00,1,0,0,0,0,1.0,2,15.0,10.0,11.25,0
2023-01-23,Sacramento Kings,2023-01-23 17:00:00,0,0,1,0,0,0.5,2,8.0,5.0,2.6,0
2023-01-23,San Antonio Spurs,2023-01-23 17:00:00,4,0,0,0,0,4.0,5,23.0,5.0,19.25,0
2023-01-23,Utah Jazz,2023-01-23 17:00:00,3,0,0,0,0,3.0,4,25.0,10.0,21.25,0
2023-01-24,Boston Celtics,2023-01-24 17:00:00,5,0,0,0,0,5.0,6,265.0,240.0,261.25,1
2023-01-24,Charlotte Hornets,2023-01-24 17:00:00,2,1,1,0,0,3.25,5,70.0,45.0,63.85,2
2023-01-24,Chicago Bulls,2023-01-24 17:00:00,5,0,0,0,0,5.0,6,106.0,45.0,102.25,2
2023-01-24,Cleveland Cavaliers,2023-01-24 17:00:00,3,0,0,1,0,3.25,4,30.0,10.0,21.5,0
2023-01-24,Dallas Mavericks,2023-01-24 17:00:00,2,0,0,0,0,2.0,2,28.0,25.0,28.0,1
2023-01-24,Denver Nuggets,2023-01-24 17:00:00,2,0,4,0,0,4.0,7,45.0,25.0,34.65,1
2023-01-24,Indiana Pacers,2023-01-24 17:00:00,3,0,2,0,0,4.0,5,70.0,45.0,65.6,1
2023-01-24,LA Clippers,2023-01-24 17:00:00,5,0,0,0,0,5.0,6,26.0,5.0,22.25,0
2023-01-24,Los Angeles Lakers,2023-01-24 17:00:00,4,0,1,0,0,4.5,6,33.0,14.0,27.6,1
2023-01-24,Miami Heat,2023-01-24 17:00:00,3,0,0,0,0,3.0,3,93.0,45.0,93.0,2
2023-01-24,New Orleans Pelicans,2023-01-24 17:00:00,4,1,1,0,0,5.25,7,275.0,240.0,268.85,2
2023-01-24,New York Knicks,2023-01-24 17:00:00,4,0,1,0,0,4.5,5,61.0,45.0,59.35,1
2023-01-24,Phoenix Suns,2023-01-24 17:00:00,4,1,0,0,1,4.75,7,54.0,25.0,24.5,0
2023-01-24,Washington Wizards,2023-01-24 17:00:00,3,0,0,0,0,3.0,3,20.0,10.0,20.0,0
2023-01-25,Atlanta Hawks,2023-01-25 17:00:00,1,0,2,0,0,2.0,4,16.0,5.0,8.95,0
2023-01-25,Brooklyn Nets,2023-01-25 17:00:00,2,0,1,0,0,2.5,3,20.0,12.0,18.35,0
2023-01-25,Denver Nuggets,2023-01-25 17:00:00,1,0,5,0,0,3.5,7,46.0,25.0,33.45,1
2023-01-25,Golden State Warriors,2023-01-25 17:00:00,1,0,0,1,0,1.25,2,13.0,10.0,4.5,0
2023-01-25,Houston Rockets,2023-01-25 17:00:00,3,0,1,0,0,3.5,5,28.0,10.0,18.75,0
2023-01-25,Indiana Pacers,2023-01-25 17:00:00,3,0,3,0,0,4.5,7,78.0,45.0,68.2,1
2023-01-25,Los Angeles Lakers,2023-01-25 17:00:00,3,0,3,0,0,4.5,7,38.0,14.0,29.3,1
2023-01-25,Memphis Grizzlies,2023-01-25 17:00:00,4,0,0,0,1,4.0,6,98.0,45.0,69.25,1
2023-01-25,Milwaukee Bucks,2023-01-25 17:00:00,2,0,0,1,0,2.25,4,25.0,12.0,18.7,0
2023-01-25,Minnesota Timberwolves,2023-01-25 17:00:00,4,0,1,0,0,4.5,6,43.0,10.0,37.6,0
2023-01-25,New Orleans Pelicans,2023-01-25 17:00:00,5,0,0,2,0,5.5,8,285.0,240.0,276.15,2
2023-01-25,Oklahoma City Thunder,2023-01-25 17:00:00,5,0,0,0,0,5.0,6,95.0,45.0,91.25,2
2023-01-25,Orlando Magic,2023-01-25 17:00:00,1,0,0,0,2,1.0,3,55.0,45.0,45.0,1
2023-01-25,Philadelphia 76ers,2023-01-25 17:00:00,3,0,1,0,1,3.5,5,21.0,5.0,14.35,0
2023-01-25,Portland Trail Blazers,2023-01-25 17:00:00,2,0,0,0,0,2.0,3,18.0,10.0,14.25,0
2023-01-25,Sacramento Kings,2023-01-25 17:00:00,0,0,1,0,0,0.5,2,8.0,5.0,2.6,0
2023-01-25,San Antonio Spurs,2023-01-25 17:00:00,5,0,0,0,0,5.0,6,26.0,5.0,22.25,0
2023-01-25,Toronto Raptors,2023-01-25 17:00:00,4,0,2,0,0,5.0,6,66.0,45.0,62.7,1
2023-01-25,Utah Jazz,2023-01-25 17:00:00,3,0,0,0,0,3.0,4,25.0,10.0,21.25,0
2023-01-25,Washington Wizards,2023-01-25 17:00:00,3,0,1,0,0,3.5,5,28.0,10.0,22.6,0
2023-01-26,Boston Celtics,2023-01-26 17:00:00,4,0,0,0,0,4.0,4,260.0,240.0,260.0,1
2023-01-26,Brooklyn Nets,2023-01-26 17:00:00,2,0,1,1,0,2.75,5,26.0,12.0,18.05,0
2023-01-26,Charlotte Hornets,2023-01-26 17:00:00,2,0,2,1,0,3.25,5,68.0,45.0,56.1,2
2023-01-26,Chicago Bulls,2023-01-26 17:00:00,5,0,0,0,0,5.0,5,101.0,45.0,101.0,2
2023-01-26,Cleveland Cavaliers,2023-01-26 17:00:00,2,0,2,0,0,3.0,4,28.0,10.0,20.85,0
2023-01-26,Dallas Mavericks,2023-01-26 17:00:00,2,0,0,0,0,2.0,2,28.0,25.0,28.0,1
2023-01-26,Detroit Pistons,2023-01-26 17:00:00,5,0,2,0,0,6.0,7,96.0,45.0,88.85,2
2023-01-26,Houston Rockets,2023-01-26 17:00:00,5,0,0,0,0,5.0,6,25.0,5.0,21.25,0
2023-01-26,LA Clippers,2023-01-26 17:00:00,2,0,2,0,2,3.0,7,29.0,5.0,11.95,0
2023-01-26,New York Knicks,2023-01-26 17:00:00,4,0,0,0,0,4.0,4,58.0,45.0,58.0,1
2023-01-26,Phoenix Suns,2023-01-26 17:00:00,4,0,0,1,0,4.25,5,24.0,10.0,21.45,0
2023-01-26,San Antonio Spurs,2023-01-26 17:00:00,4,1,2,0,0,5.75,8,30.0,5.0,22.2,0
2023-01-27,Cleveland Cavaliers,2023-01-27 17:00:00,4,1,0,0,0,4.75,6,273.0,240.0,266.75,1
2023-01-27,Golden State Warriors,2023-01-27 17:00:00,1,0,1,0,0,1.5,2,6.0,3.0,4.35,0
2023-01-27,Indiana Pacers,2023-01-27 17:00:00,3,0,4,0,0,5.0,7,83.0,45.0,71.45,1
2023-01-27,Memphis Grizzlies,2023-01-27 17:00:00,4,0,1,0,1,4.5,7,101.0,45.0,70.6,1
2023-01-27,Miami Heat,2023-01-27 17:00:00,3,0,0,1,2,3.25,6,102.0,45.0,93.45,2
2023-01-27,Milwaukee Bucks,2023-01-27 17:00:00,2,0,2,1,0,3.25,5,26.0,12.0,20.15,0
2023-01-27,Minnesota Timberwolves,2023-01-27 17:00:00,4,0,1,0,1,4.5,7,48.0,10.0,37.6,0
2023-01-27,Oklahoma City Thunder,2023-01-27 17:00:00,6,0,0,0,0,6.0,7,109.0,45.0,105.25,3
2023-01-27,Orlando Magic,2023-01-27 17:00:00,5,0,0,0,0,5.0,5,64.0,45.0,64.0,1
2023-01-27,Toronto Raptors,2023-01-27 17:00:00,1,0,1,0,0,1.5,2,48.0,45.0,46.35,1
2023-01-28,Atlanta Hawks,2023-01-28 17:00:00,3,0,0,0,0,3.0,3,15.0,5.0,15.0,0
2023-01-28,Boston Celtics,2023-01-28 17:00:00,4,0,1,0,0,4.5,5,270.0,240.0,264.5,1
2023-01-28,Brooklyn Nets,2023-01-28 17:00:00,4,0,0,0,2,4.0,6,29.0,12.0,23.0,0
2023-01-28,Chicago Bulls,2023-01-28 17:00:00,4,0,0,0,1,4.0,5,101.0,45.0,98.0,2
2023-01-28,Dallas Mavericks,2023-01-28 17:00:00,3,0,0,0,0,3.0,4,43.0,25.0,39.25,1
2023-01-28,Denver Nuggets,2023-01-28 17:00:00,2,0,0,0,5,2.0,7,43.0,25.0,28.0,1
2023-01-28,Detroit Pistons,2023-01-28 17:00:00,5,0,0,0,0,5.0,5,83.0,45.0,83.0,2
2023-01-28,Houston Rockets,2023-01-28 17:00:00,4,0,1,0,0,4.5,5,19.0,5.0,17.35,0
2023-01-28,LA Clippers,2023-01-28 17:00:00,2,0,1,0,0,2.5,3,9.0,3.0,7.35,0
2023-01-28,Los Angeles Lakers,2023-01-28 17:00:00,3,0,2,1,0,4.25,6,33.0,14.0,27.150000000000002,1
2023-01-28,Minnesota Timberwolves,2023-01-28 17:00:00,4,0,2,0,0,5.0,7,46.0,10.0,38.95,0
2023-01-28,New Orleans Pelicans,2023-01-28 17:00:00,4,0,0,0,0,4.0,4,269.0,240.0,269.0,2
2023-01-28,New York Knicks,2023-01-28 17:00:00,3,0,0,0,0,3.0,3,55.0,45.0,55.0,1
2023-01-28,Orlando Magic,2023-01-28 17:00:00,4,0,0,0,0,4.0,5,65.0,45.0,61.25,1
2023-01-28,Philadelphia 76ers,2023-01-28 17:00:00,2,0,0,0,1,2.0,3,13.0,5.0,10.0,0
2023-01-28,Phoenix Suns,2023-01-28 17:00:00,4,0,0,0,1,4.0,6,51.0,25.0,22.25,0
2023-01-28,Portland Trail Blazers,2023-01-28 17:00:00,3,0,2,0,0,4.0,6,29.0,10.0,21.95,0
2023-01-28,Sacramento Kings,2023-01-28 17:00:00,2,0,0,0,0,2.0,3,15.0,5.0,11.25,0
2023-01-28,San Antonio Spurs,2023-01-28 17:00:00,3,0,3,0,0,4.5,6,22.0,5.0,17.05,0
2023-01-28,Toronto Raptors,2023-01-28 17:00:00,3,0,0,0,0,3.0,4,56.0,45.0,52.25,1
2023-01-28,Utah Jazz,2023-01-28 17:00:00,2,0,0,0,1,2.0,4,25.0,10.0,11.25,0
2023-01-28,Washington Wizards,2023-01-28 17:00:00,3,1,0,0,0,3.75,4,25.0,10.0,22.5,0
2023-01-29,Charlotte Hornets,2023-01-29 17:00:00,2,0,0,0,3,2.0,5,61.0,45.0,48.0,1
2023-01-29,Cleveland Cavaliers,2023-01-29 17:00:00,3,0,2,0,0,4.0,5,33.0,10.0,25.85,0
2023-01-29,Indiana Pacers,2023-01-29 17:00:00,3,0,0,0,1,3.0,4,67.0,45.0,62.0,1
2023-01-29,LA Clippers,2023-01-29 17:00:00,6,0,0,0,2,6.0,9,33.0,5.0,20.25,0
2023-01-29,Memphis Grizzlies,2023-01-29 17:00:00,4,0,0,0,1,4.0,6,96.0,45.0,67.25,1
2023-01-29,Miami Heat,2023-01-29 17:00:00,4,0,0,0,1,4.0,5,101.0,45.0,98.0,2
2023-01-29,Milwaukee Bucks,2023-01-29 17:00:00,3,0,0,2,0,3.5,6,33.0,12.0,24.15,0
2023-01-29,New Orleans Pelicans,2023-01-29 17:00:00,5,0,0,0,0,5.0,6,284.0,240.0,280.25,2
2023-01-30,Atlanta Hawks,2023-01-30 17:00:00,2,0,1,0,0,2.5,4,18.0,5.0,12.6,0
2023-01-30,Brooklyn Nets,2023-01-30 17:00:00,6,0,0,0,0,6.0,6,33.0,12.0,33.0,0
2023-01-30,Dallas Mavericks,2023-01-30 17:00:00,2,0,1,0,0,2.5,4,43.0,25.0,33.75,1
2023-01-30,Detroit Pistons,2023-01-30 17:00:00,6,0,0,0,0,6.0,6,86.0,45.0,86.0,2
2023-01-30,Golden State Warriors,2023-01-30 17:00:00,1,0,0,0,0,1.0,1,3.0,3.0,3.0,0
2023-01-30,Los Angeles Lakers,2023-01-30 17:00:00,5,0,0,1,0,5.25,6,33.0,14.0,30.45,1
2023-01-30,Minnesota Timberwolves,2023-01-30 17:00:00,2,0,2,0,4,3.0,9,58.0,10.0,27.1,0
2023-01-30,Oklahoma City Thunder,2023-01-30 17:00:00,6,0,0,0,0,6.0,6,104.0,45.0,104.0,3
2023-01-30,Orlando Magic,2023-01-30 17:00:00,1,0,0,0,0,1.0,1,45.0,45.0,45.0,1
2023-01-30,Philadelphia 76ers,2023-01-30 17:00:00,2,0,1,0,0,2.5,3,13.0,5.0,11.35,0
2023-01-30,Phoenix Suns,2023-01-30 17:00:00,4,0,0,0,1,4.0,5,46.0,25.0,21.0,0
2023-01-30,Portland Trail Blazers,2023-01-30 17:00:00,3,0,2,0,0,4.0,6,29.0,10.0,21.95,0
2023-01-30,Sacramento Kings,2023-01-29 17:00:00,0,0,0,0,0,0.0,1,5.0,5.0,1.25,0
2023-01-30,San Antonio Spurs,2023-01-30 17:00:00,4,0,0,1,0,4.25,5,19.0,5.0,16.45,0
2023-01-30,Toronto Raptors,2023-01-30 17:00:00,2,0,1,0,0,2.5,3,51.0,45.0,49.35,1
2023-01-30,Washington Wizards,2023-01-30 17:00:00,4,0,1,0,0,4.5,5,23.0,5.0,21.35,0
2023-01-31,Charlotte Hornets,2023-01-31 17:00:00,5,0,0,0,0,5.0,6,68.0,45.0,64.25,1
2023-01-31,Chicago Bulls,2023-01-31 17:00:00,2,0,0,2,0,2.5,4,103.0,45.0,91.95,2
2023-01-31,Cleveland Cavaliers,2023-01-31 17:00:00,1,0,0,1,0,1.25,2,13.0,10.0,10.45,0
2023-01-31,Denver Nuggets,2023-01-31 17:00:00,2,0,1,0,0,2.5,3,32.0,25.0,29.8,1
2023-01-31,LA Clippers,2023-01-31 17:00:00,1,0,3,0,0,2.5,5,17.0,5.0,8.3,0
2023-01-31,Los Angeles Lakers,2023-01-31 17:00:00,4,0,1,1,0,4.75,7,38.0,14.0,30.05,1
2023-01-31,Miami Heat,2023-01-31 17:00:00,4,0,1,0,1,4.5,6,104.0,45.0,99.35,2
2023-01-31,Milwaukee Bucks,2023-01-31 17:00:00,3,0,0,2,0,3.5,5,28.0,12.0,22.9,0
2023-01-31,New Orleans Pelicans,2023-01-31 17:00:00,4,0,0,0,0,4.0,5,274.0,240.0,270.25,2
2023-01-31,New York Knicks,2023-01-31 17:00:00,3,0,0,0,0,3.0,3,55.0,45.0,55.0,1
2023-02-01,Atlanta Hawks,2023-02-01 17:00:00,2,0,0,1,0,2.25,4,18.0,5.0,11.7,0
2023-02-01,Boston Celtics,2023-02-01 17:00:00,4,0,1,0,0,4.5,5,270.0,240.0,264.5,1
2023-02-01,Brooklyn Nets,2023-02-01 17:00:00,6,0,0,0,1,6.0,7,36.0,12.0,33.0,0
2023-02-01,Detroit Pistons,2023-01-31 17:00:00,5,0,0,1,0,5.25,6,86.0,45.0,83.45,2
2023-02-01,Golden State Warriors,2023-02-01 17:00:00,1,0,0,0,0,1.0,1,3.0,3.0,3.0,0
2023-02-01,Houston Rockets,2023-02-01 17:00:00,4,0,0,0,0,4.0,5,21.0,5.0,17.25,0
2023-02-01,Memphis Grizzlies,2023-02-01 17:00:00,1,0,3,0,1,2.5,6,96.0,45.0,37.55,1
2023-02-01,Minnesota Timberwolves,2023-02-01 17:00:00,2,0,3,0,0,3.5,5,43.0,10.0,30.35,0
2023-02-01,Oklahoma City Thunder,2023-02-01 17:00:00,6,0,0,0,0,6.0,6,104.0,45.0,104.0,3
2023-02-01,Orlando Magic,2023-02-01 17:00:00,2,0,1,0,0,2.5,3,52.0,45.0,50.35,1
2023-02-01,Philadelphia 76ers,2023-02-01 17:00:00,3,0,1,0,0,3.5,4,18.0,5.0,16.35,0
2023-02-01,Phoenix Suns,2023-02-01 17:00:00,4,0,0,0,1,4.0,5,46.0,25.0,21.0,0
2023-02-01,Portland Trail Blazers,2023-02-01 17:00:00,3,0,0,2,0,3.5,6,29.0,10.0,20.15,0
2023-02-01,Sacramento Kings,2023-01-31 17:00:00,0,0,0,0,0,0.0,1,5.0,5.0,1.25,0
2023-02-01,San Antonio Spurs,2023-02-01 17:00:00,3,0,1,1,0,3.75,6,24.0,5.0,16.05,0
2023-02-01,Toronto Raptors,2023-02-01 17:00:00,4,0,0,0,0,4.0,5,63.0,45.0,59.25,1
2023-02-01,Utah Jazz,2023-02-01 17:00:00,3,0,0,0,0,3.0,4,18.0,5.0,14.25,0
2023-02-01,Washington Wizards,2023-01-31 17:00:00,3,0,1,0,0,3.5,4,18.0,5.0,16.35,0
2023-02-02,Charlotte Hornets,2023-02-02 17:00:00,5,0,0,0,0,5.0,6,68.0,45.0,64.25,1
2023-02-02,Chicago Bulls,2023-02-02 17:00:00,5,0,0,0,1,5.0,6,110.0,45.0,105.0,2
2023-02-02,Cleveland Cavaliers,2023-02-02 17:00:00,2,0,1,0,0,2.5,3,18.0,10.0,16.35,0
2023-02-02,Dallas Mavericks,2023-02-02 17:00:00,2,0,0,0,0,2.0,2,28.0,25.0,28.0,1
2023-02-02,Denver Nuggets,2023-02-02 17:00:00,2,0,1,0,0,2.5,3,38.0,25.0,32.5,1
2023-02-02,Golden State Warriors,2023-02-02 17:00:00,2,0,2,0,0,3.0,5,18.0,5.0,10.95,0
2023-02-02,Indiana Pacers,2023-02-02 17:00:00,0,0,4,0,0,2.0,4,67.0,45.0,30.15,1
2023-02-02,LA Clippers,2023-02-02 17:00:00,1,0,1,0,0,1.5,3,11.0,5.0,5.6,0
2023-02-02,Los Angeles Lakers,2023-02-02 17:00:00,3,0,1,2,0,4.0,6,33.0,14.0,26.25,1
2023-02-02,Memphis Grizzlies,2023-02-02 17:00:00,5,1,1,0,0,6.25,8,83.0,45.0,76.85,1
2023-02-02,Miami Heat,2023-02-02 17:00:00,6,0,0,1,0,6.25,7,136.0,45.0,133.45,3
2023-02-02,Milwaukee Bucks,2023-02-02 17:00:00,3,0,0,2,0,3.5,5,28.0,12.0,22.9,0
2023-02-02,New Orleans Pelicans,2023-02-02 17:00:00,4,0,0,0,0,4.0,4,269.0,240.0,269.0,2
2023-02-02,New York Knicks,2023-02-02 17:00:00,3,0,0,0,0,3.0,3,55.0,45.0,55.0,1
2023-02-03,Atlanta Hawks,2023-02-03 17:00:00,2,0,0,0,0,2.0,3,15.0,5.0,11.25,0
2023-02-03,Boston Celtics,2023-02-03 17:00:00,4,0,0,0,0,4.0,4,260.0,240.0,260.0,1
2023-02-03,Charlotte Hornets,2023-02-03 17:00:00,5,0,0,1,0,5.25,7,71.0,45.0,64.7,1
2023-02-03,Detroit Pistons,2023-02-03 17:00:00,5,0,0,0,0,5.0,5,83.0,45.0,83.0,2
2023-02-03,Houston Rockets,2023-02-03 17:00:00,4,0,1,0,1,4.5,7,28.0,5.0,18.6,0
2023-02-03,Indiana Pacers,2023-02-03 17:00:00,0,0,4,0,0,2.0,5,72.0,45.0,31.4,1
2023-02-03,Minnesota Timberwolves,2023-02-03 17:00:00,2,0,3,0,0,3.5,6,48.0,10.0,31.6,0
2023-02-03,Orlando Magic,2023-02-03 17:00:00,1,0,0,0,0,1.0,1,45.0,45.0,45.0,1
2023-02-03,Philadelphia 76ers,2023-02-03 17:00:00,3,0,1,0,0,3.5,4,18.0,5.0,16.35,0
2023-02-03,Phoenix Suns,2023-02-03 17:00:00,5,0,0,0,1,5.0,6,50.0,25.0,25.0,0
2023-02-03,Portland Trail Blazers,2023-02-03 17:00:00,4,0,1,0,1,4.5,6,37.0,10.0,29.35,0
2023-02-03,Sacramento Kings,2023-02-03 17:00:00,3,0,0,0,0,3.0,3,13.0,5.0,13.0,0
2023-02-03,San Antonio Spurs,2023-02-03 17:00:00,5,0,0,0,2,5.0,8,32.0,5.0,18.25,0
2023-02-03,Toronto Raptors,2023-02-03 17:00:00,4,0,0,0,0,4.0,4,58.0,45.0,58.0,1
2023-02-03,Utah Jazz,2023-02-03 17:00:00,2,0,0,0,1,2.0,4,18.0,5.0,11.25,0
2023-02-03,Washington Wizards,2023-02-03 17:00:00,4,0,0,0,0,4.0,4,20.0,5.0,20.0,0
2023-02-04,Atlanta Hawks,2023-02-04 17:00:00,2,0,1,0,0,2.5,4,18.0,5.0,12.6,0
2023-02-04,Brooklyn Nets,2023-02-04 17:00:00,7,0,0,0,0,7.0,7,36.0,12.0,36.0,0
2023-02-04,Chicago Bulls,2023-02-04 17:00:00,5,0,2,1,0,6.25,8,121.0,45.0,111.3,2
2023-02-04,Dallas Mavericks,2023-02-04 17:00:00,4,0,0,0,1,4.0,5,48.0,25.0,41.0,1
2023-02-04,Denver Nuggets,2023-02-04 17:00:00,2,0,2,1,0,3.25,5,44.0,25.0,34.3,1
2023-02-04,Detroit Pistons,2023-02-04 17:00:00,5,0,0,0,0,5.0,6,88.0,45.0,84.25,2
2023-02-04,Golden State Warriors,2023-02-04 17:00:00,1,0,2,2,0,2.5,6,20.0,5.0,7.85,0
2023-02-04,Houston Rockets,2023-02-04 17:00:00,4,0,1,0,0,4.5,6,23.0,5.0,17.6,0
2023-02-04,LA Clippers,2023-02-04 17:00:00,1,0,0,0,0,1.0,1,3.0,3.0,3.0,0
2023-02-04,Los Angeles Lakers,2023-02-04 17:00:00,3,0,0,0,3,3.0,7,38.0,14.0,25.25,1
2023-02-04,Miami Heat,2023-02-04 17:00:00,6,1,1,0,0,7.25,9,144.0,45.0,136.1,3
2023-02-04,Milwaukee Bucks,2023-02-04 17:00:00,2,0,0,2,1,2.5,6,33.0,12.0,19.15,0
2023-02-04,New Orleans Pelicans,2023-02-04 17:00:00,4,0,0,0,0,4.0,5,274.0,240.0,270.25,2
2023-02-04,New York Knicks,2023-02-04 17:00:00,3,0,2,0,0,4.0,5,61.0,45.0,57.7,1
2023-02-04,Oklahoma City Thunder,2023-02-04 17:00:00,6,0,0,0,0,6.0,7,104.0,45.0,100.25,3
2023-02-04,Phoenix Suns,2023-02-04 17:00:00,4,0,0,0,1,4.0,6,51.0,25.0,22.25,0
2023-02-04,Portland Trail Blazers,2023-02-04 17:00:00,4,0,0,1,0,4.25,6,36.0,10.0,29.7,0
2023-02-04,Washington Wizards,2023-02-04 17:00:00,5,0,0,0,0,5.0,6,28.0,5.0,24.25,0
2023-02-05,Charlotte Hornets,2023-02-05 17:00:00,5,0,0,0,0,5.0,5,63.0,45.0,63.0,1
2023-02-05,Cleveland Cavaliers,2023-02-05 17:00:00,3,0,0,0,0,3.0,3,18.0,10.0,18.0,0
2023-02-05,Denver Nuggets,2023-02-05 17:00:00,5,0,1,0,0,5.5,7,60.0,25.0,54.6,1
2023-02-05,Indiana Pacers,2023-02-05 17:00:00,3,0,0,0,1,3.0,4,17.0,5.0,13.0,0
2023-02-05,Memphis Grizzlies,2023-02-05 17:00:00,3,0,0,0,5,3.0,9,68.0,25.0,21.25,0
2023-02-05,Minnesota Timberwolves,2023-02-05 17:00:00,2,0,3,0,0,3.5,6,36.0,10.0,23.45,0
2023-02-05,New Orleans Pelicans,2023-02-05 17:00:00,5,1,0,0,0,5.75,7,280.0,240.0,275.5,2
2023-02-05,New York Knicks,2023-02-05 17:00:00,3,0,0,0,0,3.0,4,60.0,45.0,56.25,1
2023-02-05,Orlando Magic,2023-02-05 17:00:00,4,0,0,0,0,4.0,4,60.0,45.0,60.0,1
2023-02-05,Philadelphia 76ers,2023-02-05 17:00:00,3,0,0,0,1,3.0,4,18.0,5.0,15.0,0
2023-02-05,Sacramento Kings,2023-02-05 17:00:00,3,0,0,0,0,3.0,4,18.0,5.0,14.25,0
2023-02-05,Toronto Raptors,2023-02-05 17:00:00,4,0,0,0,0,4.0,4,58.0,45.0,58.0,1
2023-02-06,Boston Celtics,2023-02-06 17:00:00,4,0,1,0,0,4.5,5,268.0,240.0,266.35,1
2023-02-06,Brooklyn Nets,2023-02-06 17:00:00,4,0,1,1,0,4.75,6,31.0,12.0,26.8,0
2023-02-06,Chicago Bulls,2023-02-06 17:00:00,5,0,1,1,0,5.75,7,118.0,45.0,107.85,2
2023-02-06,Cleveland Cavaliers,2023-02-06 17:00:00,3,0,1,0,0,3.5,5,263.0,240.0,257.6,1
2023-02-06,Dallas Mavericks,2023-02-06 17:00:00,5,0,1,0,1,5.5,8,59.0,25.0,28.6,0
2023-02-06,Detroit Pistons,2023-02-06 17:00:00,4,0,1,0,0,4.5,5,83.0,45.0,81.35,2
2023-02-06,Golden State Warriors,2023-02-06 17:00:00,2,0,0,0,0,2.0,2,6.0,3.0,6.0,0
2023-02-06,Houston Rockets,2023-02-06 17:00:00,1,0,1,0,0,1.5,3,11.0,5.0,5.6,0
2023-02-06,LA Clippers,2023-02-06 17:00:00,1,0,0,0,0,1.0,1,3.0,3.0,3.0,0
2023-02-06,Milwaukee Bucks,2023-02-06 17:00:00,3,0,0,1,0,3.25,5,30.0,12.0,23.7,0
2023-02-06,Oklahoma City Thunder,2023-02-06 17:00:00,5,0,0,0,0,5.0,5,94.0,45.0,94.0,3
2023-02-06,Portland Trail Blazers,2023-02-06 17:00:00,3,1,0,2,1,4.25,8,49.0,10.0,32.65,0
2023-02-06,Sacramento Kings,2023-02-06 17:00:00,2,0,0,0,0,2.0,3,15.0,5.0,11.25,0
2023-02-06,San Antonio Spurs,2023-02-06 17:00:00,5,0,1,0,2,5.5,8,30.0,5.0,18.35,0
2023-02-06,Utah Jazz,2023-02-06 17:00:00,2,0,1,0,0,2.5,4,18.0,5.0,12.6,0
2023-02-06,Washington Wizards,2023-02-06 17:00:00,3,0,1,0,1,3.5,5,30.0,10.0,21.35,0
2023-02-07,Atlanta Hawks,2023-02-07 17:00:00,2,0,1,0,0,2.5,4,18.0,5.0,12.6,0
2023-02-07,Brooklyn Nets,2023-02-07 17:00:00,5,0,0,0,0,5.0,6,33.0,12.0,29.25,0
2023-02-07,Chicago Bulls,2023-02-07 17:00:00,5,0,2,1,0,6.25,9,126.0,45.0,110.45,2
2023-02-07,Denver Nuggets,2023-02-07 17:00:00,1,0,2,4,0,3.0,8,62.0,25.0,32.85,1
2023-02-07,Los Angeles Lakers,2023-02-07 17:00:00,2,0,1,2,0,3.0,6,35.0,14.0,15.15,1
2023-02-07,Memphis Grizzlies,2023-02-07 17:00:00,6,0,0,0,0,6.0,7,42.0,12.0,38.25,0
2023-02-07,Minnesota Timberwolves,2023-02-07 17:00:00,2,0,3,0,0,3.5,6,36.0,10.0,23.45,0
2023-02-07,New Orleans Pelicans,2023-02-07 17:00:00,4,0,0,2,0,4.5,7,280.0,240.0,271.15,2
2023-02-07,New York Knicks,2023-02-07 17:00:00,3,0,1,0,0,3.5,4,58.0,45.0,56.35,1
2023-02-07,Oklahoma City Thunder,2023-02-07 17:00:00,5,0,0,0,0,5.0,6,99.0,45.0,95.25,3
2023-02-07,Orlando Magic,2023-02-07 17:00:00,2,0,0,0,0,2.0,2,12.0,7.0,12.0,0
2023-02-07,Phoenix Suns,2023-02-07 17:00:00,3,0,0,1,1,3.25,5,46.0,25.0,12.5,0
2023-02-08,Boston Celtics,2023-02-08 17:00:00,3,0,2,0,3,4.0,8,286.0,240.0,260.85,1
2023-02-08,Charlotte Hornets,2023-02-08 17:00:00,5,0,0,0,0,5.0,5,63.0,45.0,63.0,1
2023-02-08,Cleveland Cavaliers,2023-02-08 17:00:00,2,0,2,0,0,3.0,4,21.0,10.0,17.7,0
2023-02-08,Dallas Mavericks,2023-02-08 17:00:00,3,0,1,0,0,3.5,5,24.0,10.0,18.6,0
2023-02-08,Detroit Pistons,2023-02-08 17:00:00,2,0,0,0,0,2.0,2,70.0,45.0,70.0,2
2023-02-08,Golden State Warriors,2023-02-08 17:00:00,2,0,0,0,0,2.0,2,6.0,3.0,6.0,0
2023-02-08,Houston Rockets,2023-02-08 17:00:00,1,0,1,0,0,1.5,3,11.0,5.0,5.6,0
2023-02-08,Indiana Pacers,2023-02-08 17:00:00,0,0,3,0,0,1.5,3,13.0,5.0,5.85,0
2023-02-08,LA Clippers,2023-02-08 17:00:00,1,0,0,0,0,1.0,2,8.0,5.0,4.25,0
2023-02-08,Miami Heat,2023-02-08 17:00:00,5,0,0,2,1,5.5,8,139.0,45.0,110.2,3
2023-02-08,Minnesota Timberwolves,2023-02-08 17:00:00,2,0,3,0,0,3.5,6,36.0,10.0,23.45,0
2023-02-08,Philadelphia 76ers,2023-02-08 17:00:00,3,0,1,0,0,3.5,4,18.0,5.0,16.35,0
2023-02-08,Portland Trail Blazers,2023-02-08 17:00:00,3,0,1,1,0,3.75,6,41.0,10.0,29.2,0
2023-02-08,Sacramento Kings,2023-02-08 17:00:00,2,0,0,0,0,2.0,3,15.0,5.0,11.25,0
2023-02-08,San Antonio Spurs,2023-02-08 17:00:00,7,0,1,0,0,7.5,8,30.0,5.0,28.35,0
2023-02-08,Toronto Raptors,2023-02-08 17:00:00,2,0,0,0,0,2.0,2,48.0,45.0,48.0,1
2023-02-08,Utah Jazz,2023-02-08 17:00:00,2,0,1,0,0,2.5,4,18.0,5.0,12.6,0
2023-02-08,Washington Wizards,2023-02-08 17:00:00,2,0,3,0,0,3.5,5,26.0,10.0,17.2,0
2023-02-09,Atlanta Hawks,2023-02-09 17:00:00,2,0,0,0,0,2.0,2,10.0,5.0,10.0,0
2023-02-09,Brooklyn Nets,2023-02-09 17:00:00,3,0,0,0,2,3.0,5,19.0,5.0,13.0,0
2023-02-09,Chicago Bulls,2023-02-09 17:00:00,5,0,1,2,0,6.0,8,121.0,45.0,108.3,2
2023-02-09,Denver Nuggets,2023-02-09 17:00:00,1,1,1,0,0,2.25,3,31.0,25.0,28.6,1
2023-02-09,Los Angeles Lakers,2023-02-09 17:00:00,3,0,0,1,0,3.25,5,21.0,5.0,14.7,0
2023-02-09,Milwaukee Bucks,2023-02-09 17:00:00,3,0,0,2,0,3.5,6,32.0,12.0,23.15,0
2023-02-09,Orlando Magic,2023-02-09 17:00:00,3,0,0,0,0,3.0,3,15.0,7.0,15.0,0
2023-02-09,Phoenix Suns,2023-02-09 17:00:00,4,0,0,0,1,4.0,5,40.0,25.0,15.0,0
2023-02-10,Boston Celtics,2023-02-10 17:00:00,5,0,1,2,1,6.0,9,304.0,240.0,287.25,2
2023-02-10,Charlotte Hornets,2023-02-10 17:00:00,7,0,0,0,0,7.0,7,73.0,45.0,73.0,1
2023-02-10,Cleveland Cavaliers,2023-02-10 17:00:00,3,0,0,0,0,3.0,4,260.0,240.0,256.25,1
2023-02-10,Dallas Mavericks,2023-02-10 17:00:00,3,0,0,0,0,3.0,4,21.0,10.0,17.25,0
2023-02-10,Detroit Pistons,2023-02-10 17:00:00,7,0,0,0,0,7.0,7,95.0,45.0,95.0,2
2023-02-10,Houston Rockets,2023-02-10 17:00:00,4,0,0,0,2,4.0,6,28.0,5.0,18.0,0
2023-02-10,Indiana Pacers,2023-02-10 17:00:00,6,0,2,0,0,7.0,8,40.0,5.0,34.5,0
2023-02-10,LA Clippers,2023-02-10 17:00:00,5,0,0,0,0,5.0,6,29.0,5.0,25.25,0
2023-02-10,Memphis Grizzlies,2023-02-10 17:00:00,2,0,0,0,0,2.0,3,22.0,12.0,18.25,0
2023-02-10,Miami Heat,2023-02-10 17:00:00,5,0,0,2,0,5.5,7,112.0,45.0,106.9,2
2023-02-10,Milwaukee Bucks,2023-02-10 17:00:00,3,0,0,1,0,3.25,5,29.0,12.0,22.7,0
2023-02-10,Minnesota Timberwolves,2023-02-10 17:00:00,1,0,2,0,2,2.0,6,31.0,10.0,13.95,0
2023-02-10,New Orleans Pelicans,2023-02-10 17:00:00,5,0,0,0,0,5.0,6,279.0,240.0,275.25,2
2023-02-10,New York Knicks,2023-02-10 17:00:00,5,0,0,0,0,5.0,5,65.0,45.0,65.0,1
2023-02-10,Oklahoma City Thunder,2023-02-10 17:00:00,6,0,1,0,0,6.5,8,109.0,45.0,97.55,3
2023-02-10,Philadelphia 76ers,2023-02-10 17:00:00,2,0,1,0,2,2.5,5,23.0,5.0,11.35,0
2023-02-10,Phoenix Suns,2023-02-10 17:00:00,5,0,0,0,1,5.0,7,51.0,25.0,22.25,0
2023-02-10,Portland Trail Blazers,2023-02-10 17:00:00,6,0,1,0,0,6.5,8,53.0,10.0,43.75,0
2023-02-10,Sacramento Kings,2023-02-10 17:00:00,2,0,0,0,0,2.0,3,15.0,5.0,11.25,0
2023-02-10,San Antonio Spurs,2023-02-10 17:00:00,8,0,0,0,0,8.0,8,30.0,5.0,30.0,0
2023-02-10,Toronto Raptors,2023-02-10 17:00:00,2,0,0,0,1,2.0,3,53.0,45.0,48.0,1
2023-02-10,Utah Jazz,2023-02-10 17:00:00,5,0,1,0,0,5.5,6,28.0,5.0,26.35,0
2023-02-11,Atlanta Hawks,2023-02-11 17:00:00,3,0,1,1,0,3.75,5,23.0,5.0,17.7,0
2023-02-11,Brooklyn Nets,2023-02-11 17:00:00,1,0,0,0,3,1.0,4,16.0,5.0,3.0,0
2023-02-11,Charlotte Hornets,2023-02-11 17:00:00,5,1,0,0,0,5.75,7,78.0,45.0,71.75,1
2023-02-11,Chicago Bulls,2023-02-11 17:00:00,5,0,0,3,0,5.75,8,121.0,45.0,107.4,2
2023-02-11,Cleveland Cavaliers,2023-02-11 17:00:00,1,0,1,0,0,1.5,3,20.0,10.0,10.75,0
2023-02-11,Dallas Mavericks,2023-02-11 17:00:00,2,0,0,1,0,2.25,4,21.0,10.0,14.7,0
2023-02-11,Denver Nuggets,2023-02-11 17:00:00,2,0,2,0,1,3.0,5,39.0,25.0,30.7,1
2023-02-11,Golden State Warriors,2023-02-11 17:00:00,4,0,0,0,0,4.0,5,61.0,45.0,57.25,1
2023-02-11,Indiana Pacers,2023-02-11 17:00:00,4,0,2,0,0,5.0,7,34.0,5.0,24.75,0
2023-02-11,Los Angeles Lakers,2023-02-11 17:00:00,4,0,0,1,0,4.25,6,26.0,5.0,19.7,0
2023-02-11,Miami Heat,2023-02-11 17:00:00,6,0,0,3,0,6.75,10,125.0,45.0,113.6,2
2023-02-11,New York Knicks,2023-02-11 17:00:00,1,0,0,0,0,1.0,2,50.0,45.0,46.25,1
2023-02-11,Orlando Magic,2023-02-11 17:00:00,5,0,0,0,2,5.0,7,33.0,5.0,25.0,0
2023-02-11,Philadelphia 76ers,2023-02-11 17:00:00,3,0,0,0,1,3.0,5,23.0,5.0,16.25,0
2023-02-11,Sacramento Kings,2023-02-11 17:00:00,3,0,1,0,0,3.5,5,26.0,10.0,20.6,0
2023-02-11,San Antonio Spurs,2023-02-11 17:00:00,5,0,1,0,0,5.5,7,27.0,5.0,21.6,0
2023-02-11,Utah Jazz,2023-02-11 17:00:00,2,0,1,0,0,2.5,4,18.0,5.0,12.6,0
2023-02-11,Washington Wizards,2023-02-11 17:00:00,3,0,0,0,0,3.0,3,20.0,10.0,20.0,0
2023-02-12,Boston Celtics,2023-02-12 17:00:00,4,0,0,0,2,4.0,6,288.0,240.0,278.0,2
2023-02-12,Detroit Pistons,2023-02-12 17:00:00,6,0,0,0,0,6.0,6,90.0,45.0,90.0,2
2023-02-12,Memphis Grizzlies,2023-02-12 17:00:00,5,0,0,0,0,5.0,5,32.0,12.0,32.0,0
2023-02-12,Toronto Raptors,2023-02-12 17:00:00,6,0,0,0,0,6.0,6,73.0,45.0,73.0,1
2023-02-13,Atlanta Hawks,2023-02-13 17:00:00,2,0,2,0,2,3.0,6,24.0,5.0,12.7,0
2023-02-13,Brooklyn Nets,2023-02-13 17:00:00,1,0,0,0,0,1.0,1,3.0,3.0,3.0,0
2023-02-13,Charlotte Hornets,2023-02-13 17:00:00,5,1,0,0,0,5.75,6,73.0,45.0,70.5,1
2023-02-13,Chicago Bulls,2023-02-13 17:00:00,5,0,1,0,0,5.5,7,113.0,45.0,107.6,2
2023-02-13,Cleveland Cavaliers,2023-02-13 17:00:00,1,0,0,0,0,1.0,2,10.0,5.0,6.25,0
2023-02-13,Dallas Mavericks,2023-02-13 17:00:00,2,0,1,0,0,2.5,3,16.0,10.0,14.35,0
2023-02-13,Denver Nuggets,2023-02-13 17:00:00,2,0,2,0,0,3.0,5,39.0,25.0,31.95,1
2023-02-13,Golden State Warriors,2023-02-13 17:00:00,4,0,0,0,1,4.0,6,69.0,45.0,55.25,1
2023-02-13,Houston Rockets,2023-02-13 17:00:00,3,0,0,0,0,3.0,3,13.0,5.0,13.0,0
2023-02-13,Indiana Pacers,2023-02-13 17:00:00,0,0,4,0,0,2.0,4,16.0,5.0,7.2,0
2023-02-13,Los Angeles Lakers,2023-02-13 17:00:00,4,0,0,1,0,4.25,6,26.0,5.0,19.7,0
2023-02-13,Miami Heat,2023-02-13 17:00:00,6,0,0,0,5,6.0,11,124.0,45.0,109.0,2
2023-02-13,Minnesota Timberwolves,2023-02-13 17:00:00,1,0,2,0,0,2.0,4,21.0,10.0,13.95,0
2023-02-13,New Orleans Pelicans,2023-02-13 17:00:00,3,0,1,0,0,3.5,5,279.0,240.0,269.75,2
2023-02-13,New York Knicks,2023-02-13 17:00:00,3,0,0,0,0,3.0,3,55.0,45.0,55.0,1
2023-02-13,Oklahoma City Thunder,2023-02-13 17:00:00,6,0,0,0,1,6.0,8,105.0,45.0,96.25,2
2023-02-13,Orlando Magic,2023-02-13 17:00:00,3,0,0,0,0,3.0,3,15.0,5.0,15.0,0
2023-02-13,Philadelphia 76ers,2023-02-13 17:00:00,4,0,1,1,0,4.75,6,24.0,5.0,19.8,0
2023-02-13,Portland Trail Blazers,2023-02-13 17:00:00,4,0,0,2,1,4.5,8,59.0,10.0,33.25,0
2023-02-13,San Antonio Spurs,2023-02-13 17:00:00,4,0,2,2,0,5.5,8,26.0,5.0,17.6,0
2023-02-13,Utah Jazz,2023-02-13 17:00:00,2,0,0,0,0,2.0,2,10.0,5.0,10.0,0
2023-02-13,Washington Wizards,2023-02-13 17:00:00,3,0,0,0,0,3.0,4,25.0,10.0,21.25,0
2023-02-14,Boston Celtics,2023-02-14 17:00:00,4,0,2,0,2,5.0,9,295.0,240.0,281.95,2
2023-02-14,Golden State Warriors,2023-02-14 17:00:00,5,0,0,0,0,5.0,6,62.0,45.0,58.25,1
2023-02-14,LA Clippers,2023-02-13 17:00:00,0,0,0,0,0,0.0,1,5.0,5.0,1.25,0
2023-02-14,Milwaukee Bucks,2023-02-14 17:00:00,2,0,0,0,2,2.0,5,30.0,12.0,20.25,0
2023-02-14,Orlando Magic,2023-02-14 17:00:00,4,0,0,0,0,4.0,5,22.0,5.0,18.25,0
2023-02-14,Phoenix Suns,2023-02-14 17:00:00,3,0,0,0,0,3.0,4,23.0,12.0,19.25,0
2023-02-14,Portland Trail Blazers,2023-02-14 17:00:00,4,0,0,0,0,4.0,5,34.0,10.0,30.25,0
2023-02-14,Sacramento Kings,2023-02-14 17:00:00,2,0,0,0,1,2.0,4,23.0,10.0,14.25,0
2023-02-14,Toronto Raptors,2023-02-14 17:00:00,2,0,2,0,0,3.0,4,68.0,45.0,57.0,1
2023-02-14,Washington Wizards,2023-02-14 17:00:00,2,0,0,0,0,2.0,3,15.0,5.0,11.25,0
2023-02-15,Atlanta Hawks,2023-02-15 17:00:00,1,0,1,1,1,1.75,4,16.0,5.0,6.8,0
2023-02-15,Boston Celtics,2023-02-15 17:00:00,4,0,1,1,0,4.75,7,283.0,240.0,275.05,2
2023-02-15,Charlotte Hornets,2023-02-15 17:00:00,3,2,0,0,1,4.5,6,71.0,45.0,62.75,1
2023-02-15,Chicago Bulls,2023-02-15 17:00:00,5,0,2,0,0,6.0,7,107.0,45.0,103.7,2
2023-02-15,Cleveland Cavaliers,2023-02-15 17:00:00,3,0,2,0,0,4.0,5,21.0,5.0,17.7,0
2023-02-15,Dallas Mavericks,2023-02-15 17:00:00,3,0,1,2,0,4.0,7,30.0,10.0,19.5,0
2023-02-15,Denver Nuggets,2023-02-15 17:00:00,2,0,2,0,0,3.0,4,34.0,25.0,30.7,1
2023-02-15,Detroit Pistons,2023-02-15 17:00:00,5,0,0,0,0,5.0,5,85.0,45.0,85.0,2
2023-02-15,Houston Rockets,2023-02-15 17:00:00,1,0,0,0,0,1.0,1,3.0,3.0,3.0,0
2023-02-15,Indiana Pacers,2023-02-15 17:00:00,1,0,2,0,1,2.0,4,21.0,8.0,12.5,0
2023-02-15,Los Angeles Lakers,2023-02-15 17:00:00,3,0,1,1,0,3.75,6,26.0,5.0,18.05,0
2023-02-15,Memphis Grizzlies,2023-02-15 17:00:00,5,0,0,0,0,5.0,6,37.0,12.0,33.25,0
2023-02-15,Miami Heat,2023-02-15 17:00:00,5,0,0,0,1,5.0,6,109.0,45.0,64.0,1
2023-02-15,New Orleans Pelicans,2023-02-15 17:00:00,3,0,2,0,0,4.0,6,282.0,240.0,271.1,2
2023-02-15,New York Knicks,2023-02-15 17:00:00,3,0,0,0,0,3.0,4,60.0,45.0,56.25,1
2023-02-15,Oklahoma City Thunder,2023-02-15 17:00:00,3,0,0,0,3,3.0,7,95.0,45.0,76.25,2
2023-02-15,Philadelphia 76ers,2023-02-15 17:00:00,4,0,1,1,0,4.75,6,24.0,5.0,19.8,0
2023-02-15,San Antonio Spurs,2023-02-15 17:00:00,5,0,1,0,0,5.5,6,27.0,10.0,25.35,0
2023-02-15,Utah Jazz,2023-02-15 17:00:00,2,0,2,0,0,3.0,5,21.0,5.0,13.95,0
2023-02-16,Chicago Bulls,2023-02-16 17:00:00,6,0,0,0,0,6.0,7,107.0,45.0,103.25,2
2023-02-16,LA Clippers,2023-02-16 17:00:00,1,0,0,0,0,1.0,2,9.0,5.0,5.25,0
2023-02-16,Milwaukee Bucks,2023-02-16 17:00:00,4,0,0,0,1,4.0,6,33.0,12.0,26.25,0
2023-02-16,Minnesota Timberwolves,2023-02-16 17:00:00,1,0,2,0,0,2.0,3,16.0,10.0,12.7,0
2023-02-16,Phoenix Suns,2023-02-16 17:00:00,3,0,0,0,1,3.0,5,48.0,25.0,19.25,0
2023-02-16,Washington Wizards,2023-02-16 17:00:00,2,0,0,0,0,2.0,2,10.0,5.0,10.0,0
2023-02-23,Boston Celtics,2023-02-23 17:00:00,3,0,0,0,0,3.0,3,250.0,240.0,250.0,1
2023-02-23,Cleveland Cavaliers,2023-02-23 17:00:00,3,0,0,0,0,3.0,3,250.0,240.0,250.0,1
2023-02-23,Dallas Mavericks,2023-02-23 17:00:00,2,0,0,0,0,2.0,2,13.0,10.0,13.0,0
2023-02-23,Denver Nuggets,2023-02-23 17:00:00,3,0,2,0,0,4.0,5,39.0,25.0,34.6,1
2023-02-23,Detroit Pistons,2023-02-23 17:00:00,4,1,0,0,0,4.75,5,85.0,45.0,78.75,2
2023-02-23,Golden State Warriors,2023-02-23 17:00:00,5,0,0,0,0,5.0,5,57.0,45.0,57.0,1
2023-02-23,Indiana Pacers,2023-02-23 17:00:00,0,0,2,0,0,1.0,2,10.0,5.0,4.5,0
2023-02-23,Los Angeles Lakers,2023-02-23 17:00:00,3,0,0,2,0,3.5,5,21.0,5.0,15.9,0
2023-02-23,Memphis Grizzlies,2023-02-23 17:00:00,5,0,0,0,0,5.0,5,30.0,12.0,30.0,0
2023-02-23,New Orleans Pelicans,2023-02-23 17:00:00,3,0,1,0,1,3.5,5,272.0,240.0,263.5,2
2023-02-23,Oklahoma City Thunder,2023-02-23 17:00:00,3,0,0,0,0,3.0,3,75.0,45.0,75.0,2
2023-02-23,Orlando Magic,2023-02-23 17:00:00,2,0,0,0,0,2.0,2,10.0,5.0,10.0,0
2023-02-23,Philadelphia 76ers,2023-02-23 17:00:00,2,0,1,0,1,2.5,4,18.0,5.0,11.35,0
2023-02-23,Portland Trail Blazers,2023-02-23 17:00:00,6,0,0,0,0,6.0,6,43.0,10.0,43.0,0
2023-02-23,Sacramento Kings,2023-02-23 17:00:00,3,0,0,0,0,3.0,3,13.0,5.0,13.0,0
2023-02-23,San Antonio Spurs,2023-02-23 17:00:00,5,1,1,0,0,6.25,7,30.0,10.0,27.6,0
2023-02-23,Toronto Raptors,2023-02-23 17:00:00,3,0,2,0,0,4.0,5,70.0,45.0,61.75,1
2023-02-23,Utah Jazz,2023-02-23 17:00:00,2,0,0,0,0,2.0,2,19.0,14.0,19.0,1
2023-02-24,Atlanta Hawks,2023-02-24 17:00:00,3,0,0,0,0,3.0,3,16.0,6.0,16.0,0
2023-02-24,Brooklyn Nets,2023-02-24 17:00:00,2,0,1,0,0,2.5,4,18.0,5.0,12.6,0
2023-02-24,Charlotte Hornets,2023-02-24 17:00:00,5,0,0,2,0,5.5,8,76.0,45.0,31.45,1
2023-02-24,Chicago Bulls,2023-02-24 17:00:00,4,0,1,0,0,4.5,5,103.0,45.0,101.35,2
2023-02-24,Cleveland Cavaliers,2023-02-24 17:00:00,3,0,1,0,0,3.5,5,23.0,5.0,17.6,0
2023-02-24,Golden State Warriors,2023-02-24 17:00:00,5,0,1,0,0,5.5,7,65.0,45.0,59.6,1
2023-02-24,Houston Rockets,2023-02-24 17:00:00,2,0,0,0,0,2.0,3,18.0,10.0,14.25,0
2023-02-24,LA Clippers,2023-02-24 17:00:00,3,0,0,0,0,3.0,4,25.0,10.0,21.25,0
2023-02-24,Miami Heat,2023-02-24 17:00:00,3,0,0,0,1,3.0,4,54.0,45.0,51.0,1
2023-02-24,Milwaukee Bucks,2023-02-24 17:00:00,1,1,1,0,0,2.25,3,16.0,10.0,13.6,0
2023-02-24,Minnesota Timberwolves,2023-02-24 17:00:00,2,0,1,0,1,2.5,5,28.0,10.0,17.6,0
2023-02-24,New York Knicks,2023-02-24 17:00:00,2,0,1,0,0,2.5,3,53.0,45.0,28.25,1
2023-02-24,Oklahoma City Thunder,2023-02-24 17:00:00,3,0,1,0,0,3.5,5,83.0,45.0,77.6,2
2023-02-24,Phoenix Suns,2023-02-24 17:00:00,2,0,1,0,1,2.5,5,48.0,25.0,17.6,0
2023-02-24,Sacramento Kings,2023-02-24 17:00:00,1,0,0,0,0,1.0,2,8.0,5.0,4.25,0
2023-02-24,Washington Wizards,2023-02-24 17:00:00,1,0,0,0,1,1.0,2,8.0,5.0,5.0,0
2023-02-25,Boston Celtics,2023-02-25 17:00:00,3,0,0,0,0,3.0,3,250.0,240.0,250.0,1
2023-02-25,Charlotte Hornets,2023-02-25 17:00:00,4,1,0,0,0,4.75,6,26.0,5.0,21.5,0
2023-02-25,Denver Nuggets,2023-02-25 17:00:00,3,0,0,0,0,3.0,4,36.0,25.0,32.25,1
2023-02-25,Detroit Pistons,2023-02-25 17:00:00,5,0,0,0,1,5.0,6,88.0,45.0,63.0,1
2023-02-25,Indiana Pacers,2023-02-25 17:00:00,0,0,2,0,0,1.0,2,10.0,5.0,4.5,0
2023-02-25,Memphis Grizzlies,2023-02-25 17:00:00,6,0,0,0,0,6.0,7,42.0,12.0,38.25,0
2023-02-25,Miami Heat,2023-02-25 17:00:00,3,0,0,1,0,3.25,5,59.0,45.0,52.7,1
2023-02-25,New Orleans Pelicans,2023-02-25 17:00:00,3,0,1,0,0,3.5,4,269.0,240.0,263.5,2
2023-02-25,New York Knicks,2023-02-25 17:00:00,2,0,0,0,1,2.0,4,18.0,5.0,11.25,0
2023-02-25,Orlando Magic,2023-02-25 17:00:00,2,0,0,0,0,2.0,2,10.0,5.0,10.0,0
2023-02-25,Philadelphia 76ers,2023-02-25 17:00:00,4,0,0,0,0,4.0,4,18.0,5.0,18.0,0
2023-02-25,San Antonio Spurs,2023-02-25 17:00:00,6,0,1,1,0,6.75,9,38.0,10.0,30.049999999999997,0
2023-02-25,Toronto Raptors,2023-02-25 17:00:00,4,0,0,0,0,4.0,4,58.0,45.0,58.0,1
2023-02-25,Utah Jazz,2023-02-25 17:00:00,2,0,1,0,1,2.5,5,59.0,25.0,24.75,1
2023-02-26,Atlanta Hawks,2023-02-26 17:00:00,2,0,0,0,1,2.0,3,13.0,5.0,10.0,0
2023-02-26,Brooklyn Nets,2023-02-26 17:00:00,3,0,0,0,0,3.0,3,13.0,5.0,13.0,0
2023-02-26,Chicago Bulls,2023-02-26 17:00:00,6,0,0,0,0,6.0,6,108.0,45.0,108.0,2
2023-02-26,Cleveland Cavaliers,2023-02-26 17:00:00,2,0,0,0,1,2.0,3,15.0,5.0,10.0,0
2023-02-26,Dallas Mavericks,2023-02-26 17:00:00,2,0,0,0,0,2.0,2,13.0,10.0,13.0,0
2023-02-26,Denver Nuggets,2023-02-26 17:00:00,3,0,0,3,0,3.75,7,51.0,25.0,34.5,1
2023-02-26,Golden State Warriors,2023-02-26 17:00:00,6,0,0,0,0,6.0,7,65.0,45.0,61.25,1
2023-02-26,Houston Rockets,2023-02-26 17:00:00,2,0,0,0,0,2.0,3,18.0,10.0,14.25,0
2023-02-26,LA Clippers,2023-02-26 17:00:00,3,0,0,0,0,3.0,4,25.0,10.0,21.25,0
2023-02-26,Los Angeles Lakers,2023-02-26 17:00:00,4,0,0,0,2,4.0,6,31.0,10.0,25.0,0
2023-02-26,Milwaukee Bucks,2023-02-26 17:00:00,2,0,0,0,0,2.0,2,13.0,10.0,13.0,0
2023-02-26,Minnesota Timberwolves,2023-02-26 17:00:00,2,0,3,0,0,3.5,6,29.0,10.0,20.3,0
2023-02-26,Oklahoma City Thunder,2023-02-26 17:00:00,5,0,0,0,2,5.0,7,93.0,45.0,83.0,2
2023-02-26,Phoenix Suns,2023-02-26 17:00:00,2,0,0,0,1,2.0,4,45.0,25.0,16.25,0
2023-02-26,Portland Trail Blazers,2023-02-26 17:00:00,6,0,0,0,0,6.0,7,46.0,10.0,42.25,0
2023-02-26,Sacramento Kings,2023-02-26 17:00:00,1,0,0,0,0,1.0,2,10.0,5.0,6.25,0
2023-02-26,Toronto Raptors,2023-02-26 17:00:00,2,0,0,0,0,2.0,3,53.0,45.0,49.25,1
2023-02-26,Washington Wizards,2023-02-26 17:00:00,5,0,0,0,1,5.0,6,26.0,5.0,21.0,0
2023-02-27,Boston Celtics,2023-02-27 17:00:00,4,0,0,1,0,4.25,5,263.0,240.0,254.5,1
2023-02-27,Charlotte Hornets,2023-02-27 17:00:00,3,1,0,0,0,3.75,4,16.0,5.0,15.25,0
2023-02-27,Detroit Pistons,2023-02-27 17:00:00,8,0,0,0,0,8.0,8,72.0,45.0,72.0,1
2023-02-27,Miami Heat,2023-02-27 17:00:00,4,0,0,0,2,4.0,6,62.0,45.0,56.0,1
2023-02-27,New Orleans Pelicans,2023-02-27 17:00:00,4,0,0,0,0,4.0,5,274.0,240.0,270.25,2
2023-02-27,New York Knicks,2023-02-27 17:00:00,1,0,0,0,1,1.0,2,10.0,5.0,5.0,0
2023-02-27,Orlando Magic,2023-02-27 17:00:00,3,0,0,0,0,3.0,3,24.0,14.0,24.0,1
2023-02-27,Philadelphia 76ers,2023-02-27 17:00:00,4,0,0,0,0,4.0,4,18.0,5.0,18.0,0
2023-02-28,Atlanta Hawks,2023-02-28 17:00:00,1,0,0,0,0,1.0,1,5.0,5.0,5.0,0
2023-02-28,Brooklyn Nets,2023-02-28 17:00:00,2,0,0,0,0,2.0,2,6.0,3.0,6.0,0
2023-02-28,Chicago Bulls,2023-02-28 17:00:00,6,0,0,0,0,6.0,6,110.0,45.0,110.0,2
2023-02-28,Dallas Mavericks,2023-02-28 17:00:00,1,0,1,0,0,1.5,2,13.0,10.0,11.35,0
2023-02-28,Denver Nuggets,2023-02-28 17:00:00,3,0,1,1,0,3.75,5,39.0,25.0,34.8,1
2023-02-28,Golden State Warriors,2023-02-28 17:00:00,5,0,0,1,0,5.25,6,18.0,3.0,15.45,0
2023-02-28,Houston Rockets,2023-02-28 17:00:00,3,0,1,0,0,3.5,5,22.0,5.0,16.6,0
2023-02-28,Indiana Pacers,2023-02-28 17:00:00,1,0,1,0,0,1.5,3,55.0,45.0,48.5,1
2023-02-28,LA Clippers,2023-02-28 17:00:00,2,0,1,0,0,2.5,4,25.0,10.0,15.75,0
2023-02-28,Los Angeles Lakers,2023-02-28 17:00:00,3,1,0,1,0,4.0,6,31.0,10.0,22.2,0
2023-02-28,Memphis Grizzlies,2023-02-28 17:00:00,1,0,1,0,0,1.5,3,20.0,12.0,14.6,0
2023-02-28,Milwaukee Bucks,2023-02-28 17:00:00,1,0,0,1,0,1.25,2,13.0,10.0,10.45,0
2023-02-28,Minnesota Timberwolves,2023-02-28 17:00:00,3,0,1,1,0,3.75,6,31.0,10.0,23.05,0
2023-02-28,Oklahoma City Thunder,2023-02-28 17:00:00,6,0,0,0,0,6.0,7,93.0,45.0,89.25,2
2023-02-28,Portland Trail Blazers,2023-02-28 17:00:00,6,0,0,0,0,6.0,7,46.0,10.0,42.25,0
2023-02-28,Sacramento Kings,2023-02-28 17:00:00,2,0,1,0,0,2.5,4,18.0,5.0,12.6,0
2023-02-28,San Antonio Spurs,2023-02-28 17:00:00,5,0,1,0,0,5.5,7,32.0,10.0,26.6,0
2023-02-28,Toronto Raptors,2023-02-28 17:00:00,3,0,0,1,0,3.25,4,68.0,45.0,59.5,1
2023-02-28,Utah Jazz,2023-02-28 17:00:00,4,0,0,0,0,4.0,5,37.0,14.0,33.25,1
2023-02-28,Washington Wizards,2023-02-28 17:00:00,6,0,0,0,0,6.0,6,26.0,5.0,26.0,0
2023-03-01,Boston Celtics,2023-03-01 17:00:00,3,0,1,0,0,3.5,4,253.0,240.0,251.35,1
2023-03-01,Brooklyn Nets,2023-03-01 17:00:00,2,0,1,0,0,2.5,4,14.0,5.0,8.6,0
2023-03-01,Charlotte Hornets,2023-03-01 17:00:00,4,1,0,0,0,4.75,5,41.0,25.0,40.25,1
2023-03-01,Chicago Bulls,2023-03-01 17:00:00,5,0,0,1,0,5.25,7,120.0,45.0,107.75,2
2023-03-01,Cleveland Cavaliers,2023-03-01 17:00:00,3,0,0,0,0,3.0,3,15.0,5.0,15.0,0
2023-03-01,Detroit Pistons,2023-03-01 17:00:00,5,0,0,0,1,5.0,6,69.0,45.0,66.0,1
2023-03-01,Houston Rockets,2023-03-01 17:00:00,2,0,1,0,0,2.5,4,18.0,5.0,12.6,0
2023-03-01,Los Angeles Lakers,2023-03-01 17:00:00,5,0,0,0,0,5.0,6,31.0,10.0,27.25,0
2023-03-01,Memphis Grizzlies,2023-03-01 17:00:00,1,0,1,0,0,1.5,3,20.0,12.0,14.6,0
2023-03-01,Miami Heat,2023-03-01 17:00:00,4,0,0,2,0,4.5,6,22.0,5.0,16.9,0
2023-03-01,Milwaukee Bucks,2023-03-01 17:00:00,2,0,0,0,0,2.0,3,19.0,10.0,15.25,0
2023-03-01,New Orleans Pelicans,2023-03-01 17:00:00,5,0,2,0,0,6.0,8,283.0,240.0,275.95,2
2023-03-01,New York Knicks,2023-03-01 17:00:00,2,0,0,0,2,2.0,4,20.0,5.0,10.0,0
2023-03-01,Oklahoma City Thunder,2023-03-01 17:00:00,5,0,0,0,0,5.0,6,86.0,45.0,82.25,2
2023-03-01,Orlando Magic,2023-03-01 17:00:00,1,0,0,0,0,1.0,1,14.0,14.0,14.0,1
2023-03-01,Philadelphia 76ers,2023-03-01 17:00:00,4,0,1,0,0,4.5,5,21.0,5.0,19.35,0
2023-03-01,Phoenix Suns,2023-03-01 17:00:00,2,0,0,1,1,2.25,4,43.0,25.0,7.8,0
2023-03-01,Portland Trail Blazers,2023-03-01 17:00:00,5,0,1,0,0,5.5,7,46.0,10.0,36.75,0
2023-03-02,Dallas Mavericks,2023-03-02 17:00:00,3,0,0,0,0,3.0,3,20.0,10.0,20.0,0
2023-03-02,Golden State Warriors,2023-03-02 17:00:00,5,0,0,0,1,5.0,7,65.0,45.0,58.25,1
2023-03-02,Indiana Pacers,2023-03-02 17:00:00,1,0,2,0,0,2.0,4,58.0,45.0,49.85,1
2023-03-02,LA Clippers,2023-03-02 17:00:00,4,0,2,0,0,5.0,7,31.0,5.0,23.95,0
2023-03-02,Philadelphia 76ers,2023-03-02 17:00:00,4,0,0,1,0,4.25,6,26.0,5.0,19.7,0
2023-03-02,San Antonio Spurs,2023-03-02 17:00:00,5,0,1,0,2,5.5,9,42.0,10.0,26.6,0
2023-03-02,Toronto Raptors,2023-03-02 17:00:00,6,0,0,0,0,6.0,6,70.0,45.0,70.0,1
2023-03-02,Washington Wizards,2023-03-02 17:00:00,5,0,0,0,0,5.0,5,23.0,5.0,23.0,0
2023-03-03,Atlanta Hawks,2023-03-03 17:00:00,2,0,0,1,0,2.25,3,13.0,5.0,10.45,0
2023-03-03,Boston Celtics,2023-03-03 17:00:00,3,0,0,1,1,3.25,5,278.0,240.0,250.45,1
2023-03-03,Brooklyn Nets,2023-03-03 17:00:00,3,0,0,0,0,3.0,3,9.0,3.0,9.0,0
2023-03-03,Charlotte Hornets,2023-03-03 17:00:00,4,1,0,0,0,4.75,5,61.0,45.0,60.25,1
2023-03-03,Chicago Bulls,2023-03-03 17:00:00,4,0,0,0,0,4.0,4,100.0,45.0,100.0,2
2023-03-03,Denver Nuggets,2023-03-03 17:00:00,4,0,1,2,0,5.0,7,48.0,25.0,40.4,1
2023-03-03,Golden State Warriors,2023-03-03 17:00:00,5,0,0,0,0,5.0,6,62.0,45.0,58.25,1
2023-03-03,LA Clippers,2023-03-03 17:00:00,7,0,1,0,0,7.5,9,38.0,5.0,32.6,0
2023-03-03,Los Angeles Lakers,2023-03-03 17:00:00,4,0,0,2,0,4.5,7,41.0,10.0,26.2,0
2023-03-03,Memphis Grizzlies,2023-03-03 17:00:00,2,0,0,0,1,2.0,4,47.0,25.0,18.25,0
2023-03-03,Miami Heat,2023-03-03 17:00:00,4,0,2,0,0,5.0,6,22.0,5.0,18.7,0
2023-03-03,Minnesota Timberwolves,2023-03-03 17:00:00,2,0,1,0,0,2.5,4,23.0,10.0,17.6,0
2023-03-03,New Orleans Pelicans,2023-03-03 17:00:00,6,1,0,0,0,6.75,8,283.0,240.0,278.5,2
2023-03-03,New York Knicks,2023-03-03 17:00:00,3,0,0,0,0,3.0,3,15.0,5.0,15.0,0
2023-03-03,Oklahoma City Thunder,2023-03-03 17:00:00,5,0,0,0,1,5.0,7,91.0,45.0,82.25,2
2023-03-03,Orlando Magic,2023-03-03 17:00:00,1,0,0,0,0,1.0,1,45.0,45.0,45.0,1
2023-03-03,Phoenix Suns,2023-03-03 17:00:00,1,0,1,0,1,1.5,3,31.0,25.0,4.35,0
2023-03-03,Portland Trail Blazers,2023-03-03 17:00:00,6,0,0,0,0,6.0,7,46.0,10.0,42.25,0
2023-03-03,Sacramento Kings,2023-03-03 17:00:00,1,0,0,0,1,1.0,3,13.0,5.0,4.25,0
2023-03-03,Utah Jazz,2023-03-03 17:00:00,3,0,0,0,0,3.0,3,27.0,14.0,27.0,1
2023-03-04,Atlanta Hawks,2023-03-04 17:00:00,2,0,0,0,0,2.0,3,15.0,5.0,11.25,0
2023-03-04,Cleveland Cavaliers,2023-03-04 17:00:00,3,0,0,0,0,3.0,3,15.0,5.0,15.0,0
2023-03-04,Detroit Pistons,2023-03-04 17:00:00,5,0,0,2,0,5.5,7,70.0,45.0,58.95,1
2023-03-04,Houston Rockets,2023-03-04 17:00:00,3,0,0,0,1,3.0,5,21.0,5.0,14.25,0
2023-03-04,Miami Heat,2023-03-04 17:00:00,4,0,1,0,0,4.5,6,24.0,5.0,18.6,0
2023-03-04,Milwaukee Bucks,2023-03-04 17:00:00,1,0,0,0,0,1.0,1,10.0,10.0,10.0,0
2023-03-04,Minnesota Timberwolves,2023-03-04 17:00:00,2,0,1,0,0,2.5,4,23.0,10.0,17.6,0
2023-03-04,Philadelphia 76ers,2023-03-04 17:00:00,3,0,1,0,0,3.5,5,23.0,5.0,17.6,0
2023-03-04,Sacramento Kings,2023-03-04 17:00:00,3,0,0,0,0,3.0,4,18.0,5.0,14.25,0
2023-03-04,San Antonio Spurs,2023-03-04 17:00:00,6,0,0,0,2,6.0,8,41.0,10.0,31.0,0
2023-03-04,Toronto Raptors,2023-03-04 17:00:00,6,0,0,0,0,6.0,6,70.0,45.0,70.0,1
2023-03-04,Washington Wizards,2023-03-04 17:00:00,5,0,0,0,0,5.0,5,23.0,5.0,23.0,0
2023-03-05,Boston Celtics,2023-03-05 17:00:00,4,0,1,0,1,4.5,7,297.0,240.0,266.6,2
2023-03-05,Brooklyn Nets,2023-03-05 17:00:00,2,0,0,0,1,2.0,3,9.0,3.0,6.0,0
2023-03-05,Charlotte Hornets,2023-03-05 17:00:00,4,0,0,0,1,4.0,5,61.0,45.0,58.0,1
2023-03-05,Chicago Bulls,2023-03-05 17:00:00,4,0,0,0,0,4.0,4,100.0,45.0,100.0,2
2023-03-05,Dallas Mavericks,2023-03-05 17:00:00,3,0,0,0,1,3.0,4,23.0,10.0,13.0,0
2023-03-05,Golden State Warriors,2023-03-05 17:00:00,3,0,0,0,3,3.0,6,60.0,45.0,51.0,1
2023-03-05,Houston Rockets,2023-03-05 17:00:00,2,0,0,0,0,2.0,3,15.0,5.0,11.25,0
2023-03-05,Indiana Pacers,2023-03-05 17:00:00,3,0,0,0,1,3.0,4,56.0,45.0,53.0,1
2023-03-05,LA Clippers,2023-03-05 17:00:00,5,0,1,0,0,5.5,7,31.0,5.0,25.6,0
2023-03-05,Los Angeles Lakers,2023-03-05 17:00:00,4,0,0,0,2,4.0,7,36.0,10.0,24.25,0
2023-03-05,Memphis Grizzlies,2023-03-05 17:00:00,4,2,0,0,0,5.5,7,36.0,12.0,30.75,0
2023-03-05,Milwaukee Bucks,2023-03-05 17:00:00,2,0,0,0,0,2.0,3,23.0,14.0,19.25,1
2023-03-05,New York Knicks,2023-03-05 17:00:00,3,0,1,0,0,3.5,4,18.0,5.0,16.35,0
2023-03-05,Oklahoma City Thunder,2023-03-05 17:00:00,3,0,0,0,1,3.0,5,83.0,45.0,74.25,2
2023-03-05,Orlando Magic,2023-03-05 17:00:00,4,0,0,0,1,4.0,5,66.0,45.0,56.0,1
2023-03-05,Phoenix Suns,2023-03-05 17:00:00,1,0,0,0,3,1.0,4,34.0,25.0,3.0,0
2023-03-05,Portland Trail Blazers,2023-03-05 17:00:00,6,0,0,0,0,6.0,6,41.0,10.0,41.0,0
2023-03-05,San Antonio Spurs,2023-03-05 17:00:00,6,0,0,0,0,6.0,7,29.0,8.0,25.25,0
2023-03-05,Utah Jazz,2023-03-05 17:00:00,3,0,0,0,0,3.0,4,27.0,14.0,23.25,1
2023-03-05,Washington Wizards,2023-03-05 17:00:00,6,0,1,0,0,6.5,8,34.0,5.0,28.6,0
2023-03-06,Atlanta Hawks,2023-03-06 17:00:00,3,0,0,0,0,3.0,3,15.0,5.0,15.0,0
2023-03-06,Boston Celtics,2023-03-06 17:00:00,6,0,0,0,1,6.0,8,300.0,240.0,271.25,2
2023-03-06,Cleveland Cavaliers,2023-03-06 17:00:00,2,0,1,0,0,2.5,3,13.0,5.0,11.35,0
2023-03-06,Denver Nuggets,2023-03-06 17:00:00,3,0,2,1,1,4.25,7,54.0,25.0,37.2,1
2023-03-06,Detroit Pistons,2023-03-06 17:00:00,4,0,3,0,0,5.5,7,70.0,45.0,61.2,1
2023-03-06,Indiana Pacers,2023-03-06 17:00:00,1,0,4,0,0,3.0,6,64.0,45.0,52.55,1
2023-03-06,Miami Heat,2023-03-06 17:00:00,3,0,0,0,2,3.0,5,21.0,5.0,11.0,0
2023-03-06,New Orleans Pelicans,2023-03-06 17:00:00,6,0,1,0,0,6.5,8,283.0,240.0,277.6,2
2023-03-06,Philadelphia 76ers,2023-03-06 17:00:00,3,0,2,0,0,4.0,5,21.0,5.0,17.7,0
2023-03-06,Portland Trail Blazers,2023-03-06 17:00:00,6,0,0,0,0,6.0,7,46.0,10.0,42.25,0
2023-03-06,Sacramento Kings,2023-03-06 17:00:00,0,0,2,0,0,1.0,3,11.0,5.0,3.95,0
2023-03-06,Toronto Raptors,2023-03-06 17:00:00,6,0,0,0,0,6.0,6,70.0,45.0,70.0,1
2023-03-07,Brooklyn Nets,2023-03-07 17:00:00,3,0,0,0,0,3.0,3,13.0,5.0,13.0,0
2023-03-07,Charlotte Hornets,2023-03-07 17:00:00,4,0,0,0,0,4.0,4,38.0,25.0,38.0,1
2023-03-07,Dallas Mavericks,2023-03-07 17:00:00,2,1,1,0,0,3.25,4,23.0,10.0,18.85,0
2023-03-07,Detroit Pistons,2023-03-07 17:00:00,7,0,0,0,0,7.0,7,70.0,45.0,70.0,1
2023-03-07,Golden State Warriors,2023-03-07 17:00:00,3,0,1,2,0,4.0,7,23.0,5.0,12.5,0
2023-03-07,Houston Rockets,2023-03-07 17:00:00,2,0,0,0,0,2.0,3,15.0,5.0,11.25,0
2023-03-07,Los Angeles Lakers,2023-03-07 17:00:00,4,0,1,1,0,4.75,7,41.0,10.0,29.2,0
2023-03-07,Memphis Grizzlies,2023-03-07 17:00:00,4,0,1,0,0,4.5,6,31.0,12.0,25.6,0
2023-03-07,Milwaukee Bucks,2023-03-07 17:00:00,4,0,0,0,0,4.0,4,19.0,10.0,19.0,0
2023-03-07,Minnesota Timberwolves,2023-03-07 17:00:00,2,0,0,1,0,2.25,4,21.0,10.0,14.7,0
2023-03-07,New York Knicks,2023-03-07 17:00:00,2,0,1,0,0,2.5,3,13.0,5.0,11.35,0
2023-03-07,Oklahoma City Thunder,2023-03-07 17:00:00,4,0,0,0,0,4.0,5,81.0,45.0,77.25,2
2023-03-07,Orlando Magic,2023-03-07 17:00:00,5,0,0,0,0,5.0,5,62.0,45.0,62.0,1
2023-03-07,Philadelphia 76ers,2023-03-07 17:00:00,3,0,3,0,0,4.5,7,29.0,5.0,20.3,0
2023-03-07,Utah Jazz,2023-03-07 17:00:00,1,0,2,0,1,2.0,4,25.0,14.0,16.7,1
2023-03-07,Washington Wizards,2023-03-07 17:00:00,5,0,1,0,0,5.5,6,26.0,5.0,24.35,0
2023-03-08,Atlanta Hawks,2023-03-08 17:00:00,3,0,0,0,0,3.0,3,15.0,5.0,15.0,0
2023-03-08,Boston Celtics,2023-03-08 17:00:00,4,0,1,0,1,4.5,6,292.0,240.0,265.35,2
2023-03-08,Chicago Bulls,2023-03-08 17:00:00,6,0,0,0,0,6.0,6,345.0,240.0,345.0,3
2023-03-08,Cleveland Cavaliers,2023-03-08 17:00:00,3,0,0,0,0,3.0,4,20.0,5.0,16.25,0
2023-03-08,Dallas Mavericks,2023-03-08 17:00:00,4,1,0,0,0,4.75,6,35.0,10.0,30.5,0
2023-03-08,Denver Nuggets,2023-03-08 17:00:00,3,0,1,1,0,3.75,5,39.0,25.0,34.8,1
2023-03-08,LA Clippers,2023-03-08 17:00:00,5,0,0,0,0,5.0,6,26.0,5.0,22.25,0
2023-03-08,Miami Heat,2023-03-08 17:00:00,2,0,0,1,0,2.25,3,11.0,5.0,8.45,0
2023-03-08,New Orleans Pelicans,2023-03-08 17:00:00,5,0,0,0,0,5.0,5,272.0,240.0,272.0,2
2023-03-08,Oklahoma City Thunder,2023-03-08 17:00:00,5,0,0,0,0,5.0,6,127.0,45.0,123.25,3
2023-03-08,Phoenix Suns,2023-03-08 17:00:00,1,0,0,0,1,1.0,3,33.0,25.0,4.25,0
2023-03-08,Portland Trail Blazers,2023-03-08 17:00:00,5,0,1,0,0,5.5,6,83.0,45.0,77.5,1
2023-03-08,Toronto Raptors,2023-03-08 17:00:00,6,0,1,0,0,6.5,7,73.0,45.0,71.35,1
2023-03-08,Washington Wizards,2023-03-08 17:00:00,2,0,0,0,1,2.0,4,18.0,5.0,11.25,0
2023-03-09,Brooklyn Nets,2023-03-09 17:00:00,5,0,0,0,0,5.0,6,27.0,8.0,23.25,0
2023-03-09,Charlotte Hornets,2023-03-09 17:00:00,4,0,0,0,0,4.0,4,38.0,25.0,38.0,1
2023-03-09,Detroit Pistons,2023-03-09 17:00:00,7,0,0,2,0,7.5,9,80.0,45.0,74.9,1
2023-03-09,Golden State Warriors,2023-03-09 17:00:00,3,0,0,3,0,3.75,7,72.0,45.0,54.65,1
2023-03-09,Houston Rockets,2023-03-09 17:00:00,4,0,0,0,0,4.0,4,18.0,5.0,18.0,0
2023-03-09,Indiana Pacers,2023-03-09 17:00:00,1,0,2,0,0,2.0,3,53.0,45.0,48.6,1
2023-03-09,Memphis Grizzlies,2023-03-09 17:00:00,4,0,1,0,0,4.5,6,31.0,12.0,25.6,0
2023-03-09,Milwaukee Bucks,2023-03-09 17:00:00,3,0,0,0,2,3.0,5,26.0,14.0,20.0,1
2023-03-09,New York Knicks,2023-03-09 17:00:00,3,0,1,0,0,3.5,5,23.0,5.0,17.6,0
2023-03-09,Orlando Magic,2023-03-09 17:00:00,3,0,0,0,1,3.0,4,59.0,45.0,53.0,1
2023-03-09,Sacramento Kings,2023-03-09 17:00:00,2,0,0,0,0,2.0,3,15.0,5.0,11.25,0
2023-03-09,Utah Jazz,2023-03-09 17:00:00,3,0,0,0,1,3.0,4,25.0,14.0,22.0,1
2023-03-10,Atlanta Hawks,2023-03-10 17:00:00,3,0,0,0,0,3.0,3,15.0,5.0,15.0,0
2023-03-10,Brooklyn Nets,2023-03-10 17:00:00,1,0,0,0,0,1.0,2,8.0,5.0,4.25,0
2023-03-10,Cleveland Cavaliers,2023-03-10 17:00:00,3,0,1,0,0,3.5,4,18.0,5.0,16.35,0
2023-03-10,Denver Nuggets,2023-03-10 17:00:00,3,0,1,0,0,3.5,4,36.0,25.0,34.35,1
2023-03-10,Los Angeles Lakers,2023-03-10 17:00:00,4,0,0,2,0,4.5,7,41.0,10.0,26.2,0
2023-03-10,Miami Heat,2023-03-10 17:00:00,3,0,0,1,0,3.25,4,14.0,5.0,11.45,0
2023-03-10,Minnesota Timberwolves,2023-03-10 17:00:00,4,0,1,0,0,4.5,5,26.0,10.0,24.35,0
2023-03-10,Philadelphia 76ers,2023-03-10 17:00:00,3,0,0,0,0,3.0,3,15.0,5.0,15.0,0
2023-03-10,Portland Trail Blazers,2023-03-10 17:00:00,4,0,1,0,0,4.5,5,73.0,45.0,67.5,1
2023-03-10,San Antonio Spurs,2023-03-10 17:00:00,1,0,0,3,0,1.75,5,22.0,8.0,6.35,0
2023-03-10,Toronto Raptors,2023-03-10 17:00:00,6,0,0,1,0,6.25,7,73.0,45.0,70.45,1
2023-03-10,Washington Wizards,2023-03-10 17:00:00,2,0,0,0,0,2.0,2,10.0,5.0,10.0,0
2023-03-11,Atlanta Hawks,2023-03-11 17:00:00,4,0,1,0,0,4.5,6,33.0,10.0,23.75,0
2023-03-11,Boston Celtics,2023-03-11 17:00:00,4,0,0,0,0,4.0,4,262.0,240.0,262.0,2
2023-03-11,Charlotte Hornets,2023-03-11 17:00:00,2,0,1,1,2,2.75,6,69.0,45.0,52.05,1
2023-03-11,Chicago Bulls,2023-03-11 17:00:00,4,0,0,0,0,4.0,4,335.0,240.0,335.0,3
2023-03-11,Dallas Mavericks,2023-03-11 17:00:00,2,0,1,2,0,3.0,6,29.0,10.0,12.55,0
2023-03-11,Detroit Pistons,2023-03-11 17:00:00,6,0,0,0,1,6.0,7,72.0,45.0,69.0,1
2023-03-11,Golden State Warriors,2023-03-11 17:00:00,4,0,0,2,0,4.5,7,72.0,45.0,63.15,1
2023-03-11,Houston Rockets,2023-03-11 17:00:00,2,0,0,1,0,2.25,4,18.0,5.0,11.7,0
2023-03-11,Indiana Pacers,2023-03-11 17:00:00,3,0,3,0,0,4.5,6,69.0,45.0,64.05,1
2023-03-11,LA Clippers,2023-03-11 17:00:00,5,0,0,0,0,5.0,6,26.0,5.0,22.25,0
2023-03-11,Memphis Grizzlies,2023-03-11 17:00:00,7,0,0,0,0,7.0,8,43.0,12.0,39.25,0
2023-03-11,Miami Heat,2023-03-11 17:00:00,4,0,0,0,1,4.0,6,26.0,5.0,19.25,0
2023-03-11,Milwaukee Bucks,2023-03-11 17:00:00,2,0,0,0,1,2.0,3,16.0,10.0,13.0,0
2023-03-11,New Orleans Pelicans,2023-03-11 17:00:00,5,0,1,0,0,5.5,7,287.0,240.0,277.75,2
2023-03-11,New York Knicks,2023-03-11 17:00:00,3,0,0,0,1,3.0,5,21.0,5.0,14.25,0
2023-03-11,Oklahoma City Thunder,2023-03-11 17:00:00,4,0,0,0,0,4.0,5,105.0,45.0,101.25,2
2023-03-11,Orlando Magic,2023-03-11 17:00:00,2,0,0,0,0,2.0,2,50.0,45.0,50.0,1
2023-03-11,Phoenix Suns,2023-03-11 17:00:00,2,0,0,0,1,2.0,4,43.0,25.0,14.25,0
2023-03-11,Sacramento Kings,2023-03-11 17:00:00,2,0,0,0,0,2.0,3,15.0,5.0,11.25,0
2023-03-11,Utah Jazz,2023-03-11 17:00:00,3,0,0,0,0,3.0,4,27.0,14.0,23.25,1
2023-03-12,Brooklyn Nets,2023-03-12 17:00:00,1,0,0,0,0,1.0,1,3.0,3.0,3.0,0
2023-03-12,Charlotte Hornets,2023-03-12 17:00:00,5,0,0,0,0,5.0,6,74.0,45.0,70.25,1
2023-03-12,Cleveland Cavaliers,2023-03-12 17:00:00,2,0,0,0,1,2.0,3,11.0,5.0,8.0,0
2023-03-12,Denver Nuggets,2023-03-12 17:00:00,4,0,0,0,1,4.0,5,41.0,25.0,38.0,1
2023-03-12,Los Angeles Lakers,2023-03-12 17:00:00,4,0,0,1,0,4.25,5,26.0,10.0,23.45,0
2023-03-12,New Orleans Pelicans,2023-03-12 17:00:00,5,0,1,0,0,5.5,7,287.0,240.0,277.75,2
2023-03-12,New York Knicks,2023-03-12 17:00:00,3,0,0,0,0,3.0,4,18.0,5.0,14.25,0
2023-03-12,Oklahoma City Thunder,2023-03-12 17:00:00,4,0,0,0,0,4.0,5,104.0,45.0,100.25,2
2023-03-12,Philadelphia 76ers,2023-03-12 17:00:00,2,0,0,0,1,2.0,3,15.0,5.0,10.0,0
2023-03-12,Portland Trail Blazers,2023-03-12 17:00:00,3,0,1,1,0,3.75,5,66.0,45.0,61.8,1
2023-03-12,San Antonio Spurs,2023-03-12 17:00:00,3,0,2,0,0,4.0,5,17.0,5.0,13.7,0
2023-03-12,Washington Wizards,2023-03-12 17:00:00,3,0,0,0,0,3.0,3,15.0,5.0,15.0,0
2023-03-13,Atlanta Hawks,2023-03-13 17:00:00,2,0,1,0,0,2.5,3,13.0,5.0,11.35,0
2023-03-13,Boston Celtics,2023-03-13 17:00:00,4,0,0,0,0,4.0,5,267.0,240.0,263.25,2
2023-03-13,Dallas Mavericks,2023-03-13 17:00:00,2,0,1,0,0,2.5,4,16.0,5.0,10.6,0
2023-03-13,Detroit Pistons,2023-03-13 17:00:00,7,0,0,0,0,7.0,7,72.0,45.0,72.0,1
2023-03-13,Golden State Warriors,2023-03-13 17:00:00,3,0,1,2,0,4.0,6,74.0,45.0,57.45,1
2023-03-13,Houston Rockets,2023-03-13 17:00:00,2,0,0,1,0,2.25,4,25.0,10.0,12.75,0
2023-03-13,Indiana Pacers,2023-03-13 17:00:00,5,0,2,0,0,6.0,7,72.0,45.0,67.6,1
2023-03-13,Memphis Grizzlies,2023-03-13 17:00:00,5,0,0,0,0,5.0,6,31.0,12.0,27.25,0
2023-03-13,Miami Heat,2023-03-13 17:00:00,3,0,1,1,1,3.75,6,46.0,25.0,37.7,1
2023-03-13,Milwaukee Bucks,2023-03-13 17:00:00,1,0,1,1,0,1.75,4,22.0,10.0,8.1,0
2023-03-13,Minnesota Timberwolves,2023-03-13 17:00:00,3,0,2,0,0,4.0,5,31.0,10.0,23.85,0
2023-03-13,Phoenix Suns,2023-03-13 17:00:00,2,0,0,0,1,2.0,4,43.0,25.0,14.25,0
2023-03-13,Sacramento Kings,2023-03-13 17:00:00,2,0,0,0,0,2.0,3,15.0,5.0,11.25,0
2023-03-13,Utah Jazz,2023-03-13 17:00:00,3,0,0,0,0,3.0,3,22.0,14.0,22.0,1
2023-03-14,Brooklyn Nets,2023-03-14 17:00:00,3,0,0,0,0,3.0,4,18.0,5.0,14.25,0
2023-03-14,Charlotte Hornets,2023-03-14 17:00:00,5,0,0,1,0,5.25,6,69.0,45.0,66.45,1
2023-03-14,Cleveland Cavaliers,2023-03-14 17:00:00,2,0,0,0,0,2.0,2,7.0,4.0,7.0,0
2023-03-14,Denver Nuggets,2023-03-14 17:00:00,4,0,1,1,0,4.75,6,45.0,25.0,40.25,1
2023-03-14,Detroit Pistons,2023-03-14 17:00:00,8,0,1,0,0,8.5,10,83.0,45.0,77.6,1
2023-03-14,Los Angeles Lakers,2023-03-14 17:00:00,4,0,0,1,0,4.25,5,26.0,10.0,23.45,0
2023-03-14,Milwaukee Bucks,2023-03-14 17:00:00,3,0,0,0,0,3.0,4,15.0,5.0,11.25,0
2023-03-14,New Orleans Pelicans,2023-03-14 17:00:00,4,0,1,0,0,4.5,6,277.0,240.0,267.75,2
2023-03-14,New York Knicks,2023-03-14 17:00:00,2,1,0,0,0,2.75,4,18.0,5.0,13.5,0
2023-03-14,Oklahoma City Thunder,2023-03-14 17:00:00,5,0,0,0,0,5.0,6,110.0,45.0,106.25,2
2023-03-14,Orlando Magic,2023-03-14 17:00:00,1,0,1,0,0,1.5,2,55.0,45.0,49.5,1
2023-03-14,Phoenix Suns,2023-03-14 17:00:00,2,0,0,1,1,2.25,5,46.0,25.0,14.7,0
2023-03-14,Portland Trail Blazers,2023-03-14 17:00:00,2,0,2,0,1,3.0,6,71.0,45.0,58.95,1
2023-03-14,San Antonio Spurs,2023-03-14 17:00:00,4,0,2,0,0,5.0,7,24.0,5.0,16.95,0
2023-03-14,Toronto Raptors,2023-03-14 17:00:00,4,1,0,0,0,4.75,5,68.0,45.0,66.0,1
2023-03-14,Washington Wizards,2023-03-14 17:00:00,3,0,2,0,0,4.0,5,19.0,5.0,15.7,0
2023-03-15,Boston Celtics,2023-03-15 17:00:00,4,0,0,0,1,4.0,5,287.0,240.0,262.0,2
2023-03-15,Chicago Bulls,2023-03-15 17:00:00,5,0,1,0,1,5.5,7,348.0,240.0,341.35,3
2023-03-15,Cleveland Cavaliers,2023-03-15 17:00:00,2,0,0,0,1,2.0,4,253.0,240.0,9.25,0
2023-03-15,Dallas Mavericks,2023-03-15 17:00:00,2,1,3,0,0,4.25,6,20.0,5.0,14.3,0
2023-03-15,Golden State Warriors,2023-03-15 17:00:00,4,0,0,1,0,4.25,6,69.0,45.0,56.75,1
2023-03-15,Houston Rockets,2023-03-15 17:00:00,2,0,1,0,0,2.5,4,25.0,10.0,15.75,0
2023-03-15,LA Clippers,2023-03-15 17:00:00,5,0,0,0,0,5.0,6,26.0,5.0,22.25,0
2023-03-15,Los Angeles Lakers,2023-03-15 17:00:00,5,0,0,0,0,5.0,6,31.0,10.0,27.25,0
2023-03-15,Memphis Grizzlies,2023-03-15 17:00:00,5,0,0,0,0,5.0,5,26.0,12.0,26.0,0
2023-03-15,Miami Heat,2023-03-15 17:00:00,4,0,1,0,0,4.5,5,43.0,25.0,41.35,1
2023-03-15,Minnesota Timberwolves,2023-03-15 17:00:00,3,0,3,0,0,4.5,7,39.0,10.0,26.45,0
2023-03-15,Philadelphia 76ers,2023-03-15 17:00:00,3,0,1,0,0,3.5,4,18.0,5.0,16.35,0
2023-03-15,Sacramento Kings,2023-03-15 17:00:00,3,0,0,0,0,3.0,4,18.0,5.0,14.25,0
2023-03-15,San Antonio Spurs,2023-03-15 17:00:00,6,0,1,0,0,6.5,8,53.0,25.0,47.6,1
2023-03-16,Brooklyn Nets,2023-03-16 17:00:00,3,0,0,0,0,3.0,3,13.0,5.0,13.0,0
2023-03-16,Denver Nuggets,2023-03-16 17:00:00,3,0,0,1,0,3.25,4,37.0,25.0,33.6,1
2023-03-16,Detroit Pistons,2023-03-16 17:00:00,7,0,0,1,0,7.25,8,75.0,45.0,70.75,1
2023-03-16,Indiana Pacers,2023-03-16 17:00:00,3,0,5,0,0,5.5,8,82.0,45.0,68.8,1
2023-03-16,Milwaukee Bucks,2023-03-16 17:00:00,2,0,3,0,0,3.5,5,17.0,5.0,12.05,0
2023-03-16,Oklahoma City Thunder,2023-03-16 17:00:00,4,0,0,0,0,4.0,4,100.0,45.0,100.0,2
2023-03-16,Orlando Magic,2023-03-16 17:00:00,1,0,1,0,0,1.5,3,53.0,45.0,47.6,1
2023-03-16,Phoenix Suns,2023-03-16 17:00:00,2,0,0,1,1,2.25,4,41.0,25.0,13.45,0
2023-03-16,Sacramento Kings,2023-03-16 17:00:00,2,0,0,0,0,2.0,3,13.0,5.0,9.25,0
2023-03-16,Toronto Raptors,2023-03-16 17:00:00,2,0,0,0,0,2.0,2,53.0,45.0,53.0,1
2023-03-17,Atlanta Hawks,2023-03-17 17:00:00,4,0,0,0,0,4.0,4,18.0,5.0,18.0,0
2023-03-17,Boston Celtics,2023-03-17 17:00:00,4,0,2,1,1,5.25,9,301.0,240.0,266.4,2
2023-03-17,Charlotte Hornets,2023-03-17 17:00:00,5,0,0,0,1,5.0,6,71.0,45.0,66.0,1
2023-03-17,Chicago Bulls,2023-03-17 17:00:00,2,1,1,0,0,3.25,4,333.0,240.0,320.1,3
2023-03-17,Cleveland Cavaliers,2023-03-17 17:00:00,3,0,0,0,0,3.0,3,13.0,5.0,13.0,0
2023-03-17,Dallas Mavericks,2023-03-17 17:00:00,2,0,4,0,0,4.0,7,32.0,10.0,17.8,0
2023-03-17,Golden State Warriors,2023-03-17 17:00:00,5,0,1,1,0,5.75,7,87.0,45.0,82.8,2
2023-03-17,Houston Rockets,2023-03-17 17:00:00,3,0,0,0,0,3.0,4,20.0,5.0,16.25,0
2023-03-17,Los Angeles Lakers,2023-03-17 17:00:00,4,0,0,1,0,4.25,6,31.0,10.0,24.7,0
2023-03-17,Memphis Grizzlies,2023-03-17 17:00:00,4,0,1,0,0,4.5,6,31.0,12.0,25.6,0
2023-03-17,Minnesota Timberwolves,2023-03-17 17:00:00,3,0,3,0,0,4.5,6,34.0,10.0,25.2,0
2023-03-17,New Orleans Pelicans,2023-03-17 17:00:00,4,0,0,0,0,4.0,4,262.0,240.0,262.0,2
2023-03-17,Philadelphia 76ers,2023-03-17 17:00:00,2,0,1,0,0,2.5,3,13.0,5.0,11.35,0
2023-03-17,Portland Trail Blazers,2023-03-17 17:00:00,2,0,1,1,0,2.75,5,66.0,45.0,58.05,1
2023-03-17,San Antonio Spurs,2023-03-17 17:00:00,5,1,1,0,0,6.25,7,46.0,25.0,43.6,1
2023-03-17,Washington Wizards,2023-03-17 17:00:00,3,0,0,0,0,3.0,3,15.0,5.0,15.0,0
2023-03-18,Boston Celtics,2023-03-18 17:00:00,6,0,0,0,1,6.0,8,298.0,240.0,269.25,2
2023-03-18,Chicago Bulls,2023-03-18 17:00:00,4,0,1,1,0,4.75,7,348.0,240.0,316.95,3
2023-03-18,Denver Nuggets,2023-03-18 17:00:00,2,0,0,0,1,2.0,3,33.0,25.0,30.0,1
2023-03-18,Golden State Warriors,2023-03-18 17:00:00,4,0,0,1,0,4.25,6,84.0,45.0,77.7,2
2023-03-18,Indiana Pacers,2023-03-18 17:00:00,4,0,1,0,0,4.5,5,73.0,45.0,70.25,1
2023-03-18,LA Clippers,2023-03-18 17:00:00,4,0,0,0,2,4.0,7,30.0,5.0,16.25,0
2023-03-18,Memphis Grizzlies,2023-03-18 17:00:00,5,0,0,0,0,5.0,6,33.0,12.0,29.25,0
2023-03-18,Miami Heat,2023-03-18 17:00:00,5,0,0,0,0,5.0,5,43.0,25.0,43.0,1
2023-03-18,Minnesota Timberwolves,2023-03-18 17:00:00,1,1,4,0,0,3.75,7,44.0,10.0,25.2,0
2023-03-18,New York Knicks,2023-03-18 17:00:00,2,0,0,0,1,2.0,3,13.0,5.0,10.0,0
2023-03-18,Orlando Magic,2023-03-18 17:00:00,2,0,0,0,0,2.0,2,51.0,45.0,51.0,1
2023-03-18,Philadelphia 76ers,2023-03-18 17:00:00,4,0,0,0,1,4.0,6,28.0,7.0,21.25,0
2023-03-18,Sacramento Kings,2023-03-18 17:00:00,3,0,1,0,0,3.5,4,14.0,5.0,12.35,0
2023-03-18,Toronto Raptors,2023-03-18 17:00:00,3,0,0,0,1,3.0,4,83.0,45.0,58.0,1
2023-03-18,Utah Jazz,2023-03-18 17:00:00,3,0,0,0,0,3.0,4,27.0,14.0,23.25,1
2023-03-18,Washington Wizards,2023-03-18 17:00:00,3,0,0,0,0,3.0,4,18.0,5.0,14.25,0
2023-03-19,Atlanta Hawks,2023-03-19 17:00:00,4,0,0,0,1,4.0,6,26.0,5.0,19.25,0
2023-03-19,Brooklyn Nets,2023-03-19 17:00:00,3,0,0,0,0,3.0,3,13.0,5.0,13.0,0
2023-03-19,Denver Nuggets,2023-03-19 17:00:00,2,0,0,0,0,2.0,3,35.0,25.0,31.25,1
2023-03-19,Detroit Pistons,2023-03-19 17:00:00,7,0,0,0,0,7.0,7,70.0,45.0,70.0,1
2023-03-19,Houston Rockets,2023-03-19 17:00:00,3,0,0,0,0,3.0,4,20.0,5.0,16.25,0
2023-03-19,LA Clippers,2023-03-19 17:00:00,4,0,0,0,0,4.0,5,21.0,5.0,17.25,0
2023-03-19,Los Angeles Lakers,2023-03-19 17:00:00,4,0,0,1,0,4.25,6,31.0,10.0,24.7,0
2023-03-19,Miami Heat,2023-03-19 17:00:00,2,0,0,0,2,2.0,5,48.0,25.0,31.25,1
2023-03-19,Milwaukee Bucks,2023-03-19 17:00:00,3,0,0,2,0,3.5,6,22.0,5.0,13.15,0
2023-03-19,New Orleans Pelicans,2023-03-19 17:00:00,4,0,0,0,0,4.0,5,267.0,240.0,263.25,2
2023-03-19,Oklahoma City Thunder,2023-03-19 17:00:00,4,0,0,0,0,4.0,5,105.0,45.0,101.25,2
2023-03-19,Orlando Magic,2023-03-19 17:00:00,2,0,0,0,0,2.0,3,56.0,45.0,52.25,1
2023-03-19,Phoenix Suns,2023-03-19 17:00:00,2,0,0,0,1,2.0,4,21.0,10.0,14.25,0
2023-03-19,Portland Trail Blazers,2023-03-19 17:00:00,3,0,1,0,0,3.5,5,66.0,45.0,60.6,1
2023-03-19,San Antonio Spurs,2023-03-19 17:00:00,5,0,0,0,4,5.0,10,58.0,25.0,38.25,1
2023-03-19,Toronto Raptors,2023-03-19 17:00:00,5,0,0,0,0,5.0,6,73.0,45.0,69.25,1
2023-03-20,Charlotte Hornets,2023-03-20 17:00:00,5,0,0,0,0,5.0,5,66.0,45.0,66.0,1
2023-03-20,Chicago Bulls,2023-03-20 17:00:00,6,0,0,0,1,6.0,7,348.0,240.0,303.0,2
2023-03-20,Dallas Mavericks,2023-03-20 17:00:00,3,0,2,0,0,4.0,6,22.0,5.0,14.95,0
2023-03-20,Golden State Warriors,2023-03-20 17:00:00,4,0,1,0,0,4.5,5,79.0,45.0,77.35,2
2023-03-20,Houston Rockets,2023-03-20 17:00:00,3,0,2,0,0,4.0,6,25.0,5.0,17.95,0
2023-03-20,Indiana Pacers,2023-03-20 17:00:00,2,0,4,0,0,4.0,6,76.0,45.0,64.45,1
2023-03-20,Memphis Grizzlies,2023-03-20 17:00:00,5,0,1,0,0,5.5,7,38.0,12.0,32.6,0
2023-03-20,Minnesota Timberwolves,2023-03-20 17:00:00,1,1,4,0,0,3.75,6,39.0,10.0,23.95,0
2023-03-20,New York Knicks,2023-03-20 17:00:00,2,0,0,0,0,2.0,2,10.0,5.0,10.0,0
2023-03-20,Philadelphia 76ers,2023-03-20 17:00:00,3,0,0,0,0,3.0,3,13.0,5.0,13.0,0
2023-03-20,Sacramento Kings,2023-03-20 17:00:00,1,0,2,0,0,2.0,4,16.0,5.0,8.95,0
2023-03-20,Utah Jazz,2023-03-20 17:00:00,3,0,0,0,1,3.0,4,25.0,14.0,20.0,1
2023-03-21,Atlanta Hawks,2023-03-21 17:00:00,4,0,0,0,0,4.0,4,27.0,14.0,27.0,1
2023-03-21,Boston Celtics,2023-03-21 17:00:00,3,0,0,0,1,3.0,5,278.0,240.0,249.25,1
2023-03-21,Brooklyn Nets,2023-03-21 17:00:00,3,0,0,0,1,3.0,4,16.0,5.0,13.0,0
2023-03-21,Cleveland Cavaliers,2023-03-21 17:00:00,3,0,1,0,0,3.5,4,18.0,5.0,16.35,0
2023-03-21,Detroit Pistons,2023-03-21 17:00:00,7,0,0,0,1,7.0,8,73.0,45.0,70.0,1
2023-03-21,LA Clippers,2023-03-21 17:00:00,5,0,0,0,0,5.0,6,26.0,5.0,22.25,0
2023-03-21,New Orleans Pelicans,2023-03-21 17:00:00,4,0,0,0,0,4.0,5,267.0,240.0,263.25,2
2023-03-21,Oklahoma City Thunder,2023-03-21 17:00:00,4,0,0,0,0,4.0,5,105.0,45.0,101.25,2
2023-03-21,Orlando Magic,2023-03-21 17:00:00,2,0,0,0,0,2.0,2,9.0,6.0,9.0,0
2023-03-21,Sacramento Kings,2023-03-21 17:00:00,0,0,1,0,0,0.5,2,8.0,5.0,2.6,0
2023-03-21,San Antonio Spurs,2023-03-21 17:00:00,6,0,0,0,3,6.0,9,56.0,25.0,43.0,1
2023-03-21,Washington Wizards,2023-03-21 17:00:00,4,0,0,0,0,4.0,4,25.0,10.0,25.0,0
2023-03-22,Atlanta Hawks,2023-03-22 17:00:00,4,0,1,0,0,4.5,6,36.0,14.0,30.05,1
2023-03-22,Chicago Bulls,2023-03-22 17:00:00,5,0,1,1,0,5.75,7,348.0,240.0,308.1,3
2023-03-22,Dallas Mavericks,2023-03-22 17:00:00,2,0,2,1,0,3.25,5,17.0,5.0,11.15,0
2023-03-22,Denver Nuggets,2023-03-22 17:00:00,2,0,0,0,0,2.0,2,30.0,25.0,30.0,1
2023-03-22,Golden State Warriors,2023-03-22 17:00:00,4,0,0,2,0,4.5,6,102.0,45.0,96.9,2
2023-03-22,Houston Rockets,2023-03-22 17:00:00,4,0,0,0,0,4.0,5,23.0,5.0,19.25,0
2023-03-22,Indiana Pacers,2023-03-22 17:00:00,1,0,3,0,0,2.5,4,63.0,45.0,53.1,1
2023-03-22,Los Angeles Lakers,2023-03-22 17:00:00,4,0,0,1,0,4.25,6,31.0,10.0,24.7,0
2023-03-22,Memphis Grizzlies,2023-03-22 17:00:00,5,0,0,0,1,5.0,7,56.0,25.0,27.25,0
2023-03-22,Miami Heat,2023-03-22 17:00:00,1,0,2,0,0,2.0,3,31.0,25.0,27.700000000000003,1
2023-03-22,Milwaukee Bucks,2023-03-22 17:00:00,3,0,0,0,1,3.0,4,14.0,5.0,9.0,0
2023-03-22,Minnesota Timberwolves,2023-03-22 17:00:00,2,0,4,0,0,4.0,6,36.0,10.0,21.7,0
2023-03-22,New York Knicks,2023-03-22 17:00:00,2,0,0,0,0,2.0,2,10.0,5.0,10.0,0
2023-03-22,Philadelphia 76ers,2023-03-22 17:00:00,2,0,3,0,0,3.5,5,19.0,5.0,14.05,0
2023-03-22,Phoenix Suns,2023-03-22 17:00:00,2,0,0,0,0,2.0,3,18.0,10.0,14.25,0
2023-03-22,Portland Trail Blazers,2023-03-22 17:00:00,5,0,0,0,0,5.0,6,72.0,45.0,68.25,1
2023-03-22,San Antonio Spurs,2023-03-22 17:00:00,6,0,2,0,0,7.0,9,55.0,25.0,47.95,1
2023-03-22,Toronto Raptors,2023-03-22 17:00:00,2,0,3,0,0,3.5,5,62.0,45.0,57.05,1
2023-03-22,Utah Jazz,2023-03-22 17:00:00,3,0,0,0,1,3.0,5,30.0,14.0,23.25,1
2023-03-22,Washington Wizards,2023-03-22 17:00:00,3,0,0,0,0,3.0,4,23.0,10.0,19.25,0
2023-03-23,Brooklyn Nets,2023-03-23 17:00:00,3,0,0,0,0,3.0,3,13.0,5.0,13.0,0
2023-03-23,Charlotte Hornets,2023-03-23 17:00:00,5,0,0,0,0,5.0,6,71.0,45.0,67.25,1
2023-03-23,Cleveland Cavaliers,2023-03-23 17:00:00,3,0,0,0,0,3.0,3,15.0,5.0,15.0,0
2023-03-23,LA Clippers,2023-03-23 17:00:00,6,0,0,0,0,6.0,7,38.0,12.0,34.25,0
2023-03-23,New Orleans Pelicans,2023-03-23 17:00:00,4,0,0,0,0,4.0,5,267.0,240.0,263.25,2
2023-03-23,New York Knicks,2023-03-23 17:00:00,2,0,2,0,0,3.0,5,21.0,5.0,13.95,0
2023-03-23,Oklahoma City Thunder,2023-03-23 17:00:00,3,0,0,0,1,3.0,5,105.0,45.0,96.25,2
2023-03-23,Orlando Magic,2023-03-23 17:00:00,2,0,0,0,0,2.0,2,51.0,45.0,51.0,1
2023-03-24,Boston Celtics,2023-03-24 17:00:00,3,0,0,0,2,3.0,5,278.0,240.0,248.0,1
2023-03-24,Charlotte Hornets,2023-03-24 17:00:00,2,1,1,2,0,3.75,7,77.0,45.0,57.65,1
2023-03-24,Chicago Bulls,2023-03-24 17:00:00,6,0,2,0,0,7.0,8,351.0,240.0,324.6,3
2023-03-24,Dallas Mavericks,2023-03-24 17:00:00,1,0,2,0,0,2.0,3,11.0,5.0,7.7,0
2023-03-24,Detroit Pistons,2023-03-24 17:00:00,8,0,0,0,1,8.0,9,78.0,45.0,75.0,1
2023-03-24,Golden State Warriors,2023-03-24 17:00:00,4,0,0,0,0,4.0,5,101.0,45.0,97.25,2
2023-03-24,Houston Rockets,2023-03-24 17:00:00,4,0,1,0,0,4.5,6,26.0,5.0,20.6,0
2023-03-24,Indiana Pacers,2023-03-24 17:00:00,1,0,3,0,0,2.5,4,63.0,45.0,53.1,1
2023-03-24,Los Angeles Lakers,2023-03-24 17:00:00,4,0,1,1,0,4.75,7,34.0,10.0,26.05,0
2023-03-24,Memphis Grizzlies,2023-03-24 17:00:00,5,0,0,0,1,5.0,7,56.0,25.0,27.25,0
2023-03-24,Milwaukee Bucks,2023-03-24 17:00:00,4,0,0,0,0,4.0,4,13.0,4.0,13.0,0
2023-03-24,Oklahoma City Thunder,2023-03-24 17:00:00,2,0,1,0,0,2.5,4,98.0,45.0,92.6,2
2023-03-24,Philadelphia 76ers,2023-03-24 17:00:00,2,0,3,0,0,3.5,6,24.0,5.0,15.3,0
2023-03-24,Phoenix Suns,2023-03-24 17:00:00,2,0,0,0,0,2.0,3,18.0,10.0,14.25,0
2023-03-24,Portland Trail Blazers,2023-03-24 17:00:00,4,1,1,1,0,5.5,8,78.0,45.0,66.75,1
2023-03-24,Sacramento Kings,2023-03-24 17:00:00,0,0,1,0,0,0.5,2,8.0,5.0,2.6,0
2023-03-24,San Antonio Spurs,2023-03-24 17:00:00,6,0,0,0,4,6.0,11,68.0,25.0,44.25,1
2023-03-24,Toronto Raptors,2023-03-24 17:00:00,3,0,4,0,0,5.0,7,81.0,45.0,68.35,2
2023-03-24,Utah Jazz,2023-03-24 17:00:00,4,0,1,0,0,4.5,6,31.0,14.0,25.6,1
2023-03-24,Washington Wizards,2023-03-24 17:00:00,3,0,0,0,0,3.0,3,18.0,10.0,18.0,0
2023-03-25,Atlanta Hawks,2023-03-25 17:00:00,4,0,0,0,1,4.0,5,30.0,14.0,27.0,1
2023-03-25,Brooklyn Nets,2023-03-25 17:00:00,2,0,0,0,0,2.0,2,6.0,3.0,6.0,0
2023-03-25,Denver Nuggets,2023-03-25 17:00:00,1,0,0,0,0,1.0,1,25.0,25.0,25.0,1
2023-03-25,Indiana Pacers,2023-03-25 17:00:00,3,0,0,0,3,3.0,7,81.0,45.0,54.25,1
2023-03-25,LA Clippers,2023-03-25 17:00:00,5,0,0,0,0,5.0,6,33.0,12.0,29.25,0
2023-03-25,Miami Heat,2023-03-25 17:00:00,4,0,2,0,0,5.0,6,44.0,25.0,40.7,1
2023-03-25,Milwaukee Bucks,2023-03-25 17:00:00,3,0,0,0,0,3.0,4,14.0,5.0,10.25,0
2023-03-25,New Orleans Pelicans,2023-03-25 17:00:00,4,0,1,0,0,4.5,6,270.0,240.0,264.6,2
2023-03-25,Philadelphia 76ers,2023-03-25 17:00:00,2,0,4,0,0,4.0,7,27.0,5.0,16.65,0
2023-03-25,Phoenix Suns,2023-03-25 17:00:00,2,0,0,0,0,2.0,3,18.0,10.0,14.25,0
2023-03-25,Sacramento Kings,2023-03-25 17:00:00,0,0,1,0,0,0.5,2,8.0,5.0,2.6,0
2023-03-25,Utah Jazz,2023-03-25 17:00:00,4,0,0,0,0,4.0,5,28.0,14.0,24.25,1
2023-03-26,Atlanta Hawks,2023-03-26 17:00:00,1,0,0,0,2,1.0,4,25.0,14.0,15.25,1
2023-03-26,Boston Celtics,2023-03-26 17:00:00,3,0,0,0,3,3.0,6,281.0,240.0,246.0,1
2023-03-26,Brooklyn Nets,2023-03-26 17:00:00,4,0,0,0,0,4.0,5,17.0,5.0,13.25,0
2023-03-26,Charlotte Hornets,2023-03-26 17:00:00,4,0,0,0,0,4.0,4,61.0,45.0,61.0,1
2023-03-26,Chicago Bulls,2023-03-26 17:00:00,6,0,0,0,1,6.0,8,353.0,240.0,346.25,3
2023-03-26,Cleveland Cavaliers,2023-03-26 17:00:00,3,0,0,0,2,3.0,5,30.0,14.0,20.0,1
2023-03-26,Dallas Mavericks,2023-03-26 17:00:00,2,0,0,0,1,2.0,3,13.0,5.0,10.0,0
2023-03-26,Golden State Warriors,2023-03-26 17:00:00,3,0,0,1,0,3.25,4,96.0,45.0,93.45,2
2023-03-26,Houston Rockets,2023-03-26 17:00:00,4,0,0,0,0,4.0,4,18.0,5.0,18.0,0
2023-03-26,Los Angeles Lakers,2023-03-26 17:00:00,4,0,0,0,2,4.0,7,34.0,10.0,24.25,0
2023-03-26,Memphis Grizzlies,2023-03-26 17:00:00,5,0,0,0,1,5.0,6,51.0,25.0,26.0,0
2023-03-26,Minnesota Timberwolves,2023-03-26 17:00:00,1,0,3,0,1,2.5,6,36.0,10.0,14.6,0
2023-03-26,Oklahoma City Thunder,2023-03-26 17:00:00,4,0,0,0,0,4.0,5,105.0,45.0,101.25,2
2023-03-26,Orlando Magic,2023-03-26 17:00:00,2,0,0,0,2,2.0,4,66.0,45.0,50.0,1
2023-03-26,Portland Trail Blazers,2023-03-26 17:00:00,6,0,0,0,0,6.0,7,72.0,45.0,68.25,1
2023-03-26,San Antonio Spurs,2023-03-26 17:00:00,3,0,3,0,0,4.5,6,41.0,25.0,35.5,1
2023-03-26,Toronto Raptors,2023-03-26 17:00:00,4,0,0,0,2,4.0,6,76.0,45.0,70.0,2
2023-03-26,Washington Wizards,2023-03-26 17:00:00,6,0,0,0,0,6.0,6,31.0,10.0,31.0,0
2023-03-27,Chicago Bulls,2023-03-27 17:00:00,6,0,1,0,0,6.5,8,353.0,240.0,347.6,3
2023-03-27,Dallas Mavericks,2023-03-27 17:00:00,0,0,1,0,0,0.5,2,12.0,7.0,4.4,0
2023-03-27,Denver Nuggets,2023-03-27 17:00:00,2,0,1,0,0,2.5,3,34.0,25.0,31.8,1
2023-03-27,Detroit Pistons,2023-03-27 17:00:00,5,0,2,0,0,6.0,7,70.0,45.0,66.7,1
2023-03-27,Houston Rockets,2023-03-27 17:00:00,4,0,0,0,0,4.0,5,23.0,5.0,19.25,0
2023-03-27,Indiana Pacers,2023-03-27 17:00:00,3,0,3,0,0,4.5,6,70.0,45.0,59.55,1
2023-03-27,LA Clippers,2023-03-27 17:00:00,4,0,0,1,0,4.25,6,29.0,12.0,22.7,0
2023-03-27,Milwaukee Bucks,2023-03-27 17:00:00,3,0,0,2,0,3.5,5,15.0,3.0,9.9,0
2023-03-27,Minnesota Timberwolves,2023-03-27 17:00:00,2,0,2,0,0,3.0,5,31.0,10.0,20.1,0
2023-03-27,New Orleans Pelicans,2023-03-27 17:00:00,3,0,0,0,0,3.0,4,262.0,240.0,258.25,2
2023-03-27,New York Knicks,2023-03-27 17:00:00,2,0,1,0,0,2.5,3,9.0,3.0,7.35,0
2023-03-27,Philadelphia 76ers,2023-03-27 17:00:00,3,0,2,0,0,4.0,6,24.0,5.0,16.95,0
2023-03-27,Phoenix Suns,2023-03-27 17:00:00,1,0,0,1,0,1.25,3,18.0,10.0,11.7,0
2023-03-27,Portland Trail Blazers,2023-03-27 17:00:00,6,1,0,1,0,7.0,9,85.0,45.0,76.2,1
2023-03-27,Sacramento Kings,2023-03-27 17:00:00,0,0,1,0,0,0.5,2,8.0,5.0,2.6,0
2023-03-27,Utah Jazz,2023-03-27 17:00:00,4,0,1,0,0,4.5,6,31.0,14.0,25.6,1
2023-03-28,Atlanta Hawks,2023-03-28 17:00:00,1,0,0,0,0,1.0,1,14.0,14.0,14.0,1
2023-03-28,Boston Celtics,2023-03-28 17:00:00,3,0,1,1,1,3.75,6,281.0,240.0,251.8,1
2023-03-28,Charlotte Hornets,2023-03-28 17:00:00,3,1,1,0,0,4.25,6,74.0,45.0,62.75,1
2023-03-28,Cleveland Cavaliers,2023-03-28 17:00:00,7,0,1,0,0,7.5,8,50.0,14.0,48.35,1
2023-03-28,Golden State Warriors,2023-03-28 17:00:00,3,0,1,2,0,4.0,7,107.0,45.0,96.5,2
2023-03-28,Memphis Grizzlies,2023-03-28 17:00:00,4,1,0,0,1,4.75,7,34.0,12.0,24.5,0
2023-03-28,Miami Heat,2023-03-28 17:00:00,4,0,0,0,1,4.0,5,19.0,5.0,16.0,0
2023-03-28,New Orleans Pelicans,2023-03-28 17:00:00,3,0,0,0,0,3.0,4,262.0,240.0,258.25,2
2023-03-28,Oklahoma City Thunder,2023-03-28 17:00:00,4,0,0,0,0,4.0,5,108.0,45.0,104.25,2
2023-03-28,Orlando Magic,2023-03-28 17:00:00,2,0,0,0,0,2.0,2,48.0,45.0,48.0,1
2023-03-28,Toronto Raptors,2023-03-28 17:00:00,4,1,0,0,0,4.75,5,80.0,45.0,79.25,2
2023-03-28,Washington Wizards,2023-03-28 17:00:00,6,0,0,0,1,6.0,7,34.0,10.0,31.0,0
2023-03-29,Brooklyn Nets,2023-03-29 17:00:00,3,0,1,0,0,3.5,4,16.0,5.0,14.35,0
2023-03-29,Chicago Bulls,2023-03-29 17:00:00,2,0,3,0,0,3.5,5,336.0,240.0,307.95,3
2023-03-29,Dallas Mavericks,2023-03-29 17:00:00,1,0,1,0,0,1.5,2,19.0,12.0,15.15,0
2023-03-29,Detroit Pistons,2023-03-29 17:00:00,6,0,0,0,0,6.0,7,72.0,45.0,68.25,1
2023-03-29,Houston Rockets,2023-03-29 17:00:00,4,0,0,0,0,4.0,4,18.0,5.0,18.0,0
2023-03-29,Indiana Pacers,2023-03-29 17:00:00,4,0,2,0,0,5.0,7,74.0,45.0,65.85,1
2023-03-29,LA Clippers,2023-03-29 17:00:00,3,0,1,0,0,3.5,5,28.0,12.0,22.6,0
2023-03-29,Los Angeles Lakers,2023-03-29 17:00:00,4,0,1,2,0,5.0,7,34.0,10.0,27.25,0
2023-03-29,Memphis Grizzlies,2023-03-29 17:00:00,4,3,2,0,1,7.25,11,68.0,25.0,33.7,0
2023-03-29,Miami Heat,2023-03-29 17:00:00,3,0,2,1,0,4.25,7,27.0,5.0,17.4,0
2023-03-29,Milwaukee Bucks,2023-03-29 17:00:00,2,0,2,2,0,3.5,6,21.0,4.0,11.5,0
2023-03-29,Minnesota Timberwolves,2023-03-29 17:00:00,1,0,2,2,0,2.5,6,34.0,10.0,9.95,0
2023-03-29,New York Knicks,2023-03-29 17:00:00,2,0,2,0,0,3.0,5,24.0,10.0,16.95,0
2023-03-29,Oklahoma City Thunder,2023-03-29 17:00:00,4,0,0,0,0,4.0,5,108.0,45.0,104.25,2
2023-03-29,Philadelphia 76ers,2023-03-29 17:00:00,2,0,2,0,0,3.0,4,16.0,5.0,12.7,0
2023-03-29,Phoenix Suns,2023-03-29 17:00:00,0,0,1,0,0,0.5,2,15.0,10.0,5.75,0
2023-03-29,Portland Trail Blazers,2023-03-29 17:00:00,6,2,0,0,0,7.5,9,85.0,45.0,78.0,1
2023-03-29,Sacramento Kings,2023-03-29 17:00:00,2,0,0,0,0,2.0,3,15.0,5.0,11.25,0
2023-03-29,San Antonio Spurs,2023-03-29 17:00:00,5,0,0,0,0,5.0,6,44.0,25.0,40.25,1
2023-03-29,Utah Jazz,2023-03-29 17:00:00,4,0,0,0,2,4.0,7,36.0,14.0,24.25,1
2023-03-30,Boston Celtics,2023-03-30 17:00:00,3,0,3,0,0,4.5,7,265.0,240.0,255.75,1
2023-03-30,Denver Nuggets,2023-03-30 17:00:00,2,0,3,0,0,3.5,5,46.0,25.0,37.2,1
2023-03-30,Milwaukee Bucks,2023-03-30 17:00:00,1,0,0,0,0,1.0,2,8.0,5.0,4.25,0
2023-03-30,New Orleans Pelicans,2023-03-30 17:00:00,3,0,0,0,0,3.0,4,262.0,240.0,258.25,2
2023-03-31,Atlanta Hawks,2023-03-31 17:00:00,1,0,0,0,1,1.0,2,17.0,14.0,3.0,0
2023-03-31,Boston Celtics,2023-03-31 17:00:00,1,1,4,0,0,3.75,7,261.0,240.0,249.65,1
2023-03-31,Brooklyn Nets,2023-03-31 17:00:00,3,0,0,1,0,3.25,4,23.0,10.0,14.5,0
2023-03-31,Charlotte Hornets,2023-03-31 17:00:00,3,1,2,0,0,4.75,6,65.0,45.0,59.7,1
2023-03-31,Chicago Bulls,2023-03-31 17:00:00,2,0,3,0,0,3.5,5,336.0,240.0,307.95,3
2023-03-31,Cleveland Cavaliers,2023-03-31 17:00:00,5,1,1,1,0,6.5,8,50.0,14.0,37.25,1
2023-03-31,Denver Nuggets,2023-03-31 17:00:00,1,0,4,2,0,3.5,8,59.0,25.0,34.8,1
2023-03-31,Detroit Pistons,2023-03-31 17:00:00,6,0,0,0,0,6.0,7,72.0,45.0,68.25,1
2023-03-31,Golden State Warriors,2023-03-31 17:00:00,3,0,0,0,0,3.0,4,98.0,45.0,94.25,2
2023-03-31,Houston Rockets,2023-03-31 17:00:00,4,0,1,0,0,4.5,6,26.0,5.0,20.6,0
2023-03-31,Indiana Pacers,2023-03-31 17:00:00,3,0,2,0,0,4.0,5,24.0,10.0,19.6,0
2023-03-31,LA Clippers,2023-03-31 17:00:00,3,0,1,0,0,3.5,5,28.0,12.0,22.6,0
2023-03-31,Los Angeles Lakers,2023-03-31 17:00:00,3,0,1,1,0,3.75,6,31.0,10.0,23.049999999999997,0
2023-03-31,Memphis Grizzlies,2023-03-31 17:00:00,6,0,1,0,0,6.5,8,41.0,12.0,35.6,0
2023-03-31,Minnesota Timberwolves,2023-03-31 17:00:00,1,0,5,2,0,4.0,9,51.0,25.0,33.9,1
2023-03-31,New York Knicks,2023-03-31 17:00:00,4,0,0,0,0,4.0,4,26.0,10.0,26.0,0
2023-03-31,Oklahoma City Thunder,2023-03-31 17:00:00,2,0,0,0,2,2.0,4,100.0,45.0,90.0,2
2023-03-31,Orlando Magic,2023-03-31 17:00:00,2,0,0,0,0,2.0,2,48.0,45.0,48.0,1
2023-03-31,Philadelphia 76ers,2023-03-31 17:00:00,3,0,0,0,1,3.0,4,18.0,5.0,13.0,0
2023-03-31,Phoenix Suns,2023-03-30 17:00:00,0,0,0,0,0,0.0,1,5.0,5.0,1.25,0
2023-03-31,Portland Trail Blazers,2023-03-31 17:00:00,7,2,1,0,0,9.0,11,148.0,45.0,137.25,3
2023-03-31,Sacramento Kings,2023-03-31 17:00:00,3,0,0,0,0,3.0,4,18.0,5.0,14.25,0
2023-03-31,San Antonio Spurs,2023-03-31 17:00:00,4,0,4,0,0,6.0,9,54.0,25.0,42.55,1
2023-03-31,Toronto Raptors,2023-03-31 17:00:00,1,2,1,1,0,3.25,5,80.0,45.0,61.95,2
2023-03-31,Utah Jazz,2023-03-31 17:00:00,4,0,0,0,1,4.0,5,26.0,14.0,23.0,1
2023-03-31,Washington Wizards,2023-03-31 17:00:00,2,0,2,0,1,3.0,5,24.0,10.0,15.7,0
2023-04-01,Dallas Mavericks,2023-04-01 17:00:00,0,0,1,0,0,0.5,1,12.0,12.0,5.4,0
2023-04-01,LA Clippers,2023-04-01 17:00:00,2,0,1,0,0,2.5,4,25.0,12.0,19.6,0
2023-04-01,Miami Heat,2023-04-01 17:00:00,4,0,1,0,0,4.5,5,19.0,5.0,17.35,0
2023-04-01,New Orleans Pelicans,2023-04-01 17:00:00,3,0,0,0,0,3.0,4,262.0,240.0,258.25,2
2023-04-02,Atlanta Hawks,2023-04-02 17:00:00,1,0,0,0,0,1.0,1,3.0,3.0,3.0,0
2023-04-02,Brooklyn Nets,2023-04-02 17:00:00,3,0,0,0,0,3.0,3,13.0,5.0,13.0,0
2023-04-02,Charlotte Hornets,2023-04-02 17:00:00,7,0,0,0,0,7.0,7,68.0,45.0,68.0,1
2023-04-02,Chicago Bulls,2023-04-02 17:00:00,2,0,0,0,2,2.0,4,333.0,240.0,285.0,2
2023-04-02,Cleveland Cavaliers,2023-04-02 17:00:00,2,0,1,0,0,2.5,3,16.0,10.0,10.5,0
2023-04-02,Dallas Mavericks,2023-04-02 17:00:00,0,0,0,0,1,0.0,2,17.0,12.0,1.25,0
2023-04-02,Denver Nuggets,2023-04-02 17:00:00,1,0,2,3,0,2.75,7,56.0,25.0,34.65,1
2023-04-02,Detroit Pistons,2023-04-02 17:00:00,6,0,0,0,0,6.0,6,67.0,45.0,67.0,1
2023-04-02,Golden State Warriors,2023-04-02 17:00:00,3,0,0,0,0,3.0,4,98.0,45.0,94.25,2
2023-04-02,Houston Rockets,2023-04-02 17:00:00,4,0,0,0,0,4.0,5,23.0,5.0,19.25,0
2023-04-02,Indiana Pacers,2023-04-02 17:00:00,3,0,2,0,0,4.0,5,24.0,10.0,19.6,0
2023-04-02,Los Angeles Lakers,2023-04-02 17:00:00,2,0,1,1,0,2.75,5,26.0,10.0,18.049999999999997,0
2023-04-02,Memphis Grizzlies,2023-04-02 17:00:00,3,0,0,0,2,3.0,6,29.0,12.0,19.25,0
2023-04-02,Milwaukee Bucks,2023-04-02 17:00:00,2,0,1,0,0,2.5,3,11.0,5.0,9.35,0
2023-04-02,Minnesota Timberwolves,2023-04-02 17:00:00,3,0,0,0,2,3.0,6,49.0,25.0,32.25,1
2023-04-02,New York Knicks,2023-04-02 17:00:00,5,0,0,0,0,5.0,5,29.0,10.0,29.0,0
2023-04-02,Oklahoma City Thunder,2023-04-02 17:00:00,2,0,0,0,0,2.0,3,95.0,45.0,91.25,2
2023-04-02,Orlando Magic,2023-04-02 17:00:00,2,0,0,0,0,2.0,2,48.0,45.0,48.0,1
2023-04-02,Philadelphia 76ers,2023-04-02 17:00:00,3,0,0,0,0,3.0,3,15.0,5.0,15.0,0
2023-04-02,Portland Trail Blazers,2023-04-02 17:00:00,9,0,0,0,2,9.0,12,160.0,45.0,141.25,3
2023-04-02,Sacramento Kings,2023-04-02 17:00:00,1,0,0,0,0,1.0,2,30.0,25.0,26.25,1
2023-04-02,San Antonio Spurs,2023-04-02 17:00:00,5,0,0,0,3,5.0,9,58.0,25.0,39.25,1
2023-04-02,Toronto Raptors,2023-04-02 17:00:00,3,0,0,0,1,3.0,4,66.0,45.0,58.0,1
2023-04-02,Utah Jazz,2023-04-02 17:00:00,3,0,0,0,1,3.0,4,23.0,14.0,20.0,1
2023-04-02,Washington Wizards,2023-04-02 17:00:00,4,0,0,0,0,4.0,4,19.0,10.0,19.0,0
2023-04-04,Atlanta Hawks,2023-04-04 17:00:00,2,0,0,0,0,2.0,2,6.0,3.0,6.0,0
2023-04-04,Boston Celtics,2023-04-04 17:00:00,2,0,2,0,0,3.0,4,250.0,240.0,246.7,1
2023-04-04,Brooklyn Nets,2023-04-04 17:00:00,1,0,0,0,0,1.0,1,3.0,3.0,3.0,0
2023-04-04,Charlotte Hornets,2023-04-04 17:00:00,6,1,1,0,0,7.25,8,78.0,45.0,73.85,1
2023-04-04,Chicago Bulls,2023-04-04 17:00:00,2,0,0,2,0,2.5,4,333.0,240.0,292.2,3
2023-04-04,Cleveland Cavaliers,2023-04-04 17:00:00,2,0,0,0,0,2.0,2,6.0,3.0,6.0,0
2023-04-04,Denver Nuggets,2023-04-04 17:00:00,1,0,2,1,0,2.25,4,48.0,25.0,32.95,1
2023-04-04,Detroit Pistons,2023-04-04 17:00:00,7,0,0,0,0,7.0,7,73.0,45.0,73.0,1
2023-04-04,Golden State Warriors,2023-04-04 17:00:00,3,0,0,0,0,3.0,3,93.0,45.0,93.0,2
2023-04-04,Houston Rockets,2023-04-04 17:00:00,4,0,0,0,0,4.0,4,18.0,5.0,18.0,0
2023-04-04,Los Angeles Lakers,2023-04-04 17:00:00,1,1,2,1,0,3.0,5,24.0,10.0,15.65,0
2023-04-04,Memphis Grizzlies,2023-04-04 17:00:00,3,0,1,0,0,3.5,4,21.0,12.0,19.35,0
2023-04-04,Miami Heat,2023-04-04 17:00:00,1,0,1,1,2,1.75,5,19.0,5.0,4.8,0
2023-04-04,Milwaukee Bucks,2023-04-04 17:00:00,3,0,0,1,0,3.25,4,20.0,10.0,17.45,0
2023-04-04,Minnesota Timberwolves,2023-04-04 17:00:00,1,0,3,0,0,2.5,4,41.0,25.0,32.2,1
2023-04-04,New Orleans Pelicans,2023-04-04 17:00:00,3,0,0,0,0,3.0,3,257.0,240.0,257.0,2
2023-04-04,Oklahoma City Thunder,2023-04-04 17:00:00,2,0,0,0,0,2.0,2,90.0,45.0,90.0,2
2023-04-04,Orlando Magic,2023-04-04 17:00:00,1,0,0,0,1,1.0,2,55.0,45.0,45.0,1
2023-04-04,Philadelphia 76ers,2023-04-04 17:00:00,3,0,0,0,0,3.0,3,15.0,5.0,15.0,0
2023-04-04,Portland Trail Blazers,2023-04-04 17:00:00,8,0,5,0,0,10.5,13,159.0,45.0,146.9,3
2023-04-04,Sacramento Kings,2023-04-04 17:00:00,1,0,1,0,0,1.5,2,28.0,25.0,26.35,1
2023-04-04,San Antonio Spurs,2023-04-04 17:00:00,7,0,0,0,0,7.0,7,45.0,25.0,45.0,1
2023-04-04,Toronto Raptors,2023-04-04 17:00:00,1,0,2,1,2,2.25,6,76.0,45.0,51.3,1
2023-04-04,Utah Jazz,2023-04-04 17:00:00,4,0,0,0,1,4.0,5,29.0,14.0,15.0,0
2023-04-04,Washington Wizards,2023-04-04 17:00:00,5,0,1,0,0,5.5,6,25.0,10.0,23.35,0
2023-04-05,Atlanta Hawks,2023-04-05 17:00:00,1,0,2,0,0,2.0,4,15.0,5.0,7.4,0
2023-04-05,Boston Celtics,2023-04-05 17:00:00,2,0,3,0,0,3.5,6,257.0,240.0,248.3,1
2023-04-05,Brooklyn Nets,2023-04-05 17:00:00,1,0,1,0,0,1.5,3,11.0,5.0,5.6,0
2023-04-05,Chicago Bulls,2023-04-05 17:00:00,3,0,0,0,0,3.0,4,294.0,240.0,290.25,2
2023-04-05,Dallas Mavericks,2023-04-05 17:00:00,0,0,0,2,0,0.5,2,14.0,7.0,2.1,0
2023-04-05,Detroit Pistons,2023-04-05 17:00:00,7,1,0,0,0,7.75,9,88.0,45.0,81.75,1
2023-04-05,Indiana Pacers,2023-04-05 17:00:00,3,0,2,0,0,4.0,5,66.0,45.0,61.6,1
2023-04-05,LA Clippers,2023-04-05 17:00:00,1,0,2,0,0,2.0,4,23.0,12.0,15.95,0
2023-04-05,Los Angeles Lakers,2023-04-05 17:00:00,1,0,2,2,0,2.5,6,29.0,10.0,10.9,0
2023-04-05,Memphis Grizzlies,2023-04-05 17:00:00,4,2,1,0,0,6.0,8,35.0,12.0,28.1,0
2023-04-05,Milwaukee Bucks,2023-04-05 17:00:00,2,0,0,1,0,2.25,4,28.0,10.0,21.7,0
2023-04-05,New Orleans Pelicans,2023-04-05 17:00:00,3,0,0,0,0,3.0,4,262.0,240.0,258.25,2
2023-04-05,New York Knicks,2023-04-05 17:00:00,4,0,1,0,0,4.5,5,29.0,10.0,27.35,0
2023-04-05,Sacramento Kings,2023-04-05 17:00:00,1,0,0,0,0,1.0,2,30.0,25.0,26.25,1
2023-04-05,Toronto Raptors,2023-04-05 17:00:00,1,0,1,0,0,1.5,3,53.0,45.0,47.6,1
2023-04-05,Washington Wizards,2023-04-05 17:00:00,6,0,0,0,0,6.0,7,30.0,10.0,26.25,0
2023-04-06,Cleveland Cavaliers,2023-04-06 17:00:00,7,0,0,0,0,7.0,7,30.0,10.0,30.0,0
2023-04-06,Denver Nuggets,2023-04-06 17:00:00,3,0,4,0,0,5.0,8,63.0,25.0,47.15,1
2023-04-06,Miami Heat,2023-04-06 17:00:00,1,0,1,1,0,1.75,3,27.0,21.0,7.5,1
2023-04-06,Oklahoma City Thunder,2023-04-06 17:00:00,3,0,1,0,0,3.5,4,103.0,45.0,97.5,2
2023-04-06,Orlando Magic,2023-04-06 17:00:00,6,0,0,0,0,6.0,6,67.0,45.0,67.0,1
2023-04-06,Philadelphia 76ers,2023-04-06 17:00:00,3,0,3,0,0,4.5,6,24.0,5.0,19.05,0
2023-04-06,Phoenix Suns,2023-04-05 17:00:00,0,0,0,0,0,0.0,1,5.0,5.0,1.25,0
2023-04-06,Portland Trail Blazers,2023-04-06 17:00:00,8,1,3,2,0,10.75,15,167.0,45.0,148.6,3
2023-04-06,San Antonio Spurs,2023-04-06 17:00:00,6,0,2,1,0,7.25,10,63.0,25.0,52.85,1
2023-04-06,Utah Jazz,2023-04-06 17:00:00,5,0,0,1,0,5.25,7,26.0,6.0,19.7,0
2023-04-07,Atlanta Hawks,2023-04-07 17:00:00,0,0,1,0,0,0.5,1,3.0,3.0,1.35,0
2023-04-07,Boston Celtics,2023-04-07 17:00:00,2,0,4,0,0,4.0,6,262.0,240.0,251.54999999999998,1
2023-04-07,Brooklyn Nets,2023-04-07 17:00:00,1,0,0,0,1,1.0,2,6.0,3.0,3.0,0
2023-04-07,Charlotte Hornets,2023-04-07 17:00:00,6,0,1,1,0,6.75,8,85.0,45.0,74.85,1
2023-04-07,Chicago Bulls,2023-04-07 17:00:00,5,0,1,0,0,5.5,6,303.0,240.0,300.8,2
2023-04-07,Dallas Mavericks,2023-04-07 17:00:00,5,0,0,2,2,5.5,9,54.0,10.0,29.55,0
2023-04-07,Detroit Pistons,2023-04-07 17:00:00,8,0,0,0,1,8.0,9,93.0,45.0,87.0,1
2023-04-07,Golden State Warriors,2023-04-07 17:00:00,3,0,0,0,0,3.0,3,97.0,45.0,97.0,2
2023-04-07,Houston Rockets,2023-04-07 17:00:00,4,0,0,0,0,4.0,4,18.0,5.0,18.0,0
2023-04-07,Indiana Pacers,2023-04-07 17:00:00,6,0,0,0,1,6.0,7,72.0,45.0,67.0,1
2023-04-07,Los Angeles Lakers,2023-04-07 17:00:00,0,0,2,1,0,1.25,4,14.0,5.0,4.4,0
2023-04-07,Memphis Grizzlies,2023-04-07 17:00:00,4,1,0,0,0,4.75,6,29.0,12.0,24.5,0
2023-04-07,Miami Heat,2023-04-07 17:00:00,5,0,2,0,0,6.0,8,44.0,21.0,36.95,1
2023-04-07,Milwaukee Bucks,2023-04-07 17:00:00,6,0,0,0,0,6.0,7,41.0,10.0,37.25,0
2023-04-07,New Orleans Pelicans,2023-04-07 17:00:00,4,0,0,0,0,4.0,5,267.0,240.0,263.25,2
2023-04-07,New York Knicks,2023-04-07 17:00:00,5,0,1,0,0,5.5,6,34.0,10.0,32.35,0
2023-04-07,Orlando Magic,2023-04-07 17:00:00,4,0,4,0,0,6.0,9,87.0,45.0,72.8,1
2023-04-07,Philadelphia 76ers,2023-04-07 17:00:00,4,1,2,0,0,5.75,8,45.0,10.0,31.15,0
2023-04-07,Phoenix Suns,2023-04-07 17:00:00,5,0,0,0,0,5.0,6,27.0,5.0,23.25,0
2023-04-07,Sacramento Kings,2023-04-07 17:00:00,1,0,7,0,0,4.5,9,72.0,45.0,56.15,1
2023-04-07,Toronto Raptors,2023-04-07 17:00:00,2,0,0,0,0,2.0,2,50.0,45.0,50.0,1
2023-04-07,Washington Wizards,2023-04-07 17:00:00,5,0,0,0,0,5.0,5,22.0,10.0,22.0,0
2023-04-08,Denver Nuggets,2023-04-08 17:00:00,2,0,0,0,6,2.0,9,57.0,25.0,29.25,1
2023-04-08,LA Clippers,2023-04-08 17:00:00,2,0,0,0,0,2.0,3,20.0,12.0,16.25,0
2023-04-08,Minnesota Timberwolves,2023-04-08 17:00:00,3,0,0,0,1,3.0,5,46.0,25.0,32.25,1
2023-04-08,Portland Trail Blazers,2023-04-08 17:00:00,11,0,0,0,3,11.0,15,174.0,45.0,154.25,3
2023-04-08,San Antonio Spurs,2023-04-08 17:00:00,8,0,0,0,1,8.0,10,63.0,25.0,55.25,1
2023-04-08,Utah Jazz,2023-04-08 17:00:00,7,0,0,0,0,7.0,8,31.0,6.0,27.25,0
2023-04-09,Atlanta Hawks,2023-04-09 14:00:00,5,0,0,0,1,5.0,6,18.0,3.0,15.0,0
2023-04-09,Boston Celtics,2023-04-09 14:00:00,7,0,0,0,0,7.0,7,258.0,240.0,258.0,1
2023-04-09,Brooklyn Nets,2023-04-09 14:00:00,9,0,0,0,0,9.0,9,37.0,5.0,37.0,0
2023-04-09,Charlotte Hornets,2023-04-09 14:00:00,7,0,0,0,0,7.0,7,84.0,45.0,84.0,1
2023-04-09,Chicago Bulls,2023-04-09 14:00:00,2,0,0,0,1,2.0,3,289.0,240.0,285.0,2
2023-04-09,Cleveland Cavaliers,2023-04-09 14:00:00,5,0,0,0,1,5.0,6,25.0,10.0,15.0,0
2023-04-09,Dallas Mavericks,2023-04-09 14:00:00,6,0,0,0,0,6.0,7,39.0,7.0,35.25,0
2023-04-09,Denver Nuggets,2023-04-09 14:00:00,7,0,0,0,2,7.0,10,60.0,25.0,50.25,1
2023-04-09,Detroit Pistons,2023-04-09 14:00:00,8,0,0,0,0,8.0,9,92.0,45.0,88.25,1
2023-04-09,Golden State Warriors,2023-04-09 14:00:00,4,0,0,0,2,4.0,6,106.0,45.0,100.0,2
2023-04-09,Houston Rockets,2023-04-09 14:00:00,2,0,0,0,0,2.0,2,6.0,3.0,6.0,0
2023-04-09,Indiana Pacers,2023-04-09 14:00:00,6,0,0,0,3,6.0,9,76.0,45.0,67.0,1
2023-04-09,LA Clippers,2023-04-09 14:00:00,2,0,0,0,0,2.0,3,20.0,12.0,16.25,0
2023-04-09,Los Angeles Lakers,2023-04-09 14:00:00,1,0,2,1,0,2.25,5,17.0,5.0,7.4,0
2023-04-09,Memphis Grizzlies,2023-04-09 14:00:00,3,6,0,1,0,7.75,11,44.0,12.0,33.2,0
2023-04-09,Miami Heat,2023-04-09 14:00:00,2,0,0,0,5,2.0,7,41.0,21.0,8.0,0
2023-04-09,Milwaukee Bucks,2023-04-09 14:00:00,7,0,0,0,0,7.0,7,39.0,10.0,39.0,0
2023-04-09,Minnesota Timberwolves,2023-04-09 14:00:00,2,0,2,0,2,3.0,7,54.0,25.0,33.95,1
2023-04-09,New Orleans Pelicans,2023-04-09 14:00:00,3,0,0,0,0,3.0,4,262.0,240.0,258.25,2
2023-04-09,New York Knicks,2023-04-09 14:00:00,5,0,0,0,1,5.0,6,34.0,10.0,24.0,0
2023-04-09,Oklahoma City Thunder,2023-04-09 14:00:00,8,0,0,0,0,8.0,9,123.0,45.0,119.25,2
2023-04-09,Orlando Magic,2023-04-09 14:00:00,4,0,0,0,4,4.0,8,82.0,45.0,63.0,1
2023-04-09,Philadelphia 76ers,2023-04-09 14:00:00,7,0,0,0,0,7.0,7,33.0,7.0,33.0,0
2023-04-09,Phoenix Suns,2023-04-09 14:00:00,7,0,0,0,0,7.0,8,33.0,5.0,29.25,0
2023-04-09,Portland Trail Blazers,2023-04-09 14:00:00,11,0,0,0,3,11.0,15,174.0,45.0,154.25,3
2023-04-09,Sacramento Kings,2023-04-09 14:00:00,2,0,0,0,1,2.0,4,58.0,45.0,49.25,1
2023-04-09,San Antonio Spurs,2023-04-09 14:00:00,8,0,1,0,0,8.5,10,63.0,25.0,57.05,1
2023-04-09,Toronto Raptors,2023-04-09 14:00:00,5,0,0,0,0,5.0,5,61.0,45.0,61.0,1
2023-04-09,Utah Jazz,2023-04-09 14:00:00,6,0,0,0,0,6.0,7,26.0,6.0,22.25,0
2023-04-09,Washington Wizards,2023-04-09 14:00:00,8,0,0,0,0,8.0,8,33.0,10.0,33.0,0
2023-04-11,Atlanta Hawks,2023-04-11 17:00:00,2,0,0,0,0,2.0,2,10.0,5.0,10.0,0
2023-04-11,Los Angeles Lakers,2023-04-11 17:00:00,0,0,0,3,0,0.75,3,9.0,3.0,1.3499999999999999,0
2023-04-11,Miami Heat,2023-04-11 17:00:00,1,0,1,1,0,1.75,3,9.0,3.0,4.8,0
2023-04-11,Minnesota Timberwolves,2023-04-11 17:00:00,5,0,2,0,0,6.0,7,78.0,25.0,70.85,2
2023-04-12,Chicago Bulls,2023-04-12 17:00:00,3,0,0,0,0,3.0,3,290.0,240.0,290.0,2
2023-04-12,New Orleans Pelicans,2023-04-12 17:00:00,3,0,1,0,0,3.5,4,260.0,240.0,258.35,2
2023-04-12,Oklahoma City Thunder,2023-04-12 17:00:00,5,0,0,0,0,5.0,5,103.0,45.0,103.0,2
2023-04-12,Toronto Raptors,2023-04-12 17:00:00,3,0,0,0,0,3.0,3,55.0,45.0,55.0,1
2023-04-14,Chicago Bulls,2023-04-14 17:00:00,1,0,0,0,0,1.0,1,45.0,45.0,45.0,1
2023-04-14,Miami Heat,2023-04-14 17:00:00,1,0,0,0,2,1.0,3,9.0,3.0,3.0,0
2023-04-14,Minnesota Timberwolves,2023-04-14 17:00:00,2,0,3,0,0,3.5,5,66.0,25.0,57.2,2
2023-04-14,Oklahoma City Thunder,2023-04-14 17:00:00,3,0,0,0,0,3.0,3,93.0,45.0,93.0,2
2023-04-15,Boston Celtics,2023-04-15 17:00:00,1,0,0,0,0,1.0,1,240.0,240.0,240.0,1
2023-04-15,Brooklyn Nets,2023-04-15 17:00:00,1,0,0,0,0,1.0,1,3.0,3.0,3.0,0
2023-04-15,Cleveland Cavaliers,2023-04-15 17:00:00,1,0,0,0,1,1.0,2,6.0,3.0,3.0,0
2023-04-15,Golden State Warriors,2023-04-15 17:00:00,2,0,0,0,0,2.0,3,95.0,45.0,91.25,2
2023-04-15,New York Knicks,2023-04-15 17:00:00,1,0,0,0,1,1.0,2,20.0,10.0,10.0,0
2023-04-15,Sacramento Kings,2023-04-15 17:00:00,1,0,0,0,0,1.0,2,50.0,45.0,46.25,1
2023-04-16,Denver Nuggets,2023-04-15 17:00:00,0,0,0,0,0,0.0,1,5.0,5.0,1.25,0
2023-04-16,LA Clippers,2023-04-16 17:00:00,1,0,0,0,0,1.0,2,17.0,12.0,13.25,0
2023-04-16,Los Angeles Lakers,2023-04-16 17:00:00,0,0,0,0,3,0.0,4,14.0,5.0,1.25,0
2023-04-16,Memphis Grizzlies,2023-04-16 17:00:00,3,0,0,0,0,3.0,4,23.0,12.0,19.25,0
2023-04-16,Miami Heat,2023-04-16 17:00:00,1,0,0,0,2,1.0,3,9.0,3.0,3.0,0
2023-04-16,Milwaukee Bucks,2023-04-15 17:00:00,0,0,0,0,0,0.0,1,5.0,5.0,1.25,0
2023-04-16,Minnesota Timberwolves,2023-04-16 17:00:00,2,0,2,0,0,3.0,5,61.0,25.0,53.95,2
2023-04-16,Phoenix Suns,2023-04-16 17:00:00,0,0,1,0,0,0.5,2,8.0,5.0,2.6,0
2023-04-17,Brooklyn Nets,2023-04-17 17:00:00,1,0,0,0,0,1.0,1,3.0,3.0,3.0,0
2023-04-17,Golden State Warriors,2023-04-17 17:00:00,2,0,1,0,0,2.5,4,105.0,45.0,95.75,2
2023-04-17,Sacramento Kings,2023-04-17 17:00:00,1,0,0,0,0,1.0,2,50.0,45.0,46.25,1
2023-04-18,Boston Celtics,2023-04-18 17:00:00,1,0,0,0,0,1.0,1,240.0,240.0,240.0,1
2023-04-18,Cleveland Cavaliers,2023-04-18 17:00:00,1,0,0,0,0,1.0,1,3.0,3.0,3.0,0
2023-04-18,LA Clippers,2023-04-18 17:00:00,1,0,0,0,0,1.0,2,17.0,12.0,13.25,0
2023-04-18,New York Knicks,2023-04-18 17:00:00,1,0,1,0,0,1.5,2,20.0,10.0,14.5,0
2023-04-18,Phoenix Suns,2023-04-18 17:00:00,0,0,1,0,0,0.5,2,8.0,5.0,2.6,0
2023-04-19,Denver Nuggets,2023-04-19 17:00:00,0,0,1,0,0,0.5,1,3.0,3.0,1.35,0
2023-04-19,Los Angeles Lakers,2023-04-19 17:00:00,0,0,0,3,0,0.75,4,14.0,5.0,2.5999999999999996,0
2023-04-19,Memphis Grizzlies,2023-04-19 17:00:00,3,0,1,0,0,3.5,5,26.0,12.0,20.6,0
2023-04-19,Miami Heat,2023-04-19 17:00:00,2,0,1,0,0,2.5,3,31.0,25.0,29.35,1
2023-04-19,Milwaukee Bucks,2023-04-19 17:00:00,1,0,1,0,0,1.5,3,18.0,10.0,12.6,0
2023-04-19,Minnesota Timberwolves,2023-04-19 17:00:00,2,0,2,0,0,3.0,5,61.0,25.0,53.95,2
2023-04-20,Brooklyn Nets,2023-04-20 17:00:00,1,0,0,0,0,1.0,1,3.0,3.0,3.0,0
2023-04-20,Golden State Warriors,2023-04-20 17:00:00,3,0,3,0,0,4.5,7,116.0,45.0,103.45,2
2023-04-20,LA Clippers,2023-04-20 17:00:00,2,0,0,0,0,2.0,3,29.0,12.0,25.25,0
2023-04-20,Philadelphia 76ers,2023-04-20 17:00:00,0,0,1,0,0,0.5,1,3.0,3.0,1.35,0
2023-04-20,Phoenix Suns,2023-04-20 17:00:00,0,0,1,0,0,0.5,2,8.0,5.0,2.6,0
2023-04-20,Sacramento Kings,2023-04-20 17:00:00,1,0,1,0,0,1.5,3,53.0,45.0,47.6,1
2023-04-21,Boston Celtics,2023-04-21 17:00:00,1,0,0,0,0,1.0,1,240.0,240.0,240.0,1
2023-04-21,Cleveland Cavaliers,2023-04-21 17:00:00,1,0,1,0,0,1.5,2,13.0,10.0,7.5,0
2023-04-21,Denver Nuggets,2023-04-21 17:00:00,0,0,0,1,0,0.25,2,8.0,5.0,1.7,0
2023-04-21,Minnesota Timberwolves,2023-04-21 17:00:00,2,0,3,0,0,3.5,6,71.0,25.0,58.45,2
2023-04-21,New York Knicks,2023-04-21 17:00:00,1,0,0,0,0,1.0,1,3.0,3.0,3.0,0
2023-04-22,Brooklyn Nets,2023-04-22 17:00:00,1,0,0,0,0,1.0,1,3.0,3.0,3.0,0
2023-04-22,LA Clippers,2023-04-22 17:00:00,2,0,0,0,0,2.0,3,29.0,12.0,25.25,0
2023-04-22,Los Angeles Lakers,2023-04-22 17:00:00,0,0,0,3,0,0.75,4,14.0,5.0,2.5999999999999996,0
2023-04-22,Memphis Grizzlies,2023-04-22 17:00:00,3,0,1,0,0,3.5,5,26.0,12.0,20.6,0
2023-04-22,Miami Heat,2023-04-22 17:00:00,2,0,1,0,0,2.5,3,51.0,45.0,49.35,1
2023-04-22,Milwaukee Bucks,2023-04-22 17:00:00,1,0,1,0,0,1.5,2,13.0,10.0,11.35,0
2023-04-22,Philadelphia 76ers,2023-04-22 17:00:00,2,0,0,0,0,2.0,2,15.0,12.0,15.0,0
2023-04-22,Phoenix Suns,2023-04-22 17:00:00,1,0,0,0,0,1.0,2,8.0,5.0,4.25,0
2023-04-23,Boston Celtics,2023-04-23 17:00:00,1,0,1,0,1,1.5,3,268.0,240.0,241.35,1
2023-04-23,Cleveland Cavaliers,2023-04-23 17:00:00,1,0,0,0,0,1.0,2,8.0,5.0,4.25,0
2023-04-23,Golden State Warriors,2023-04-23 17:00:00,2,0,0,0,2,2.0,5,108.0,45.0,91.25,2
2023-04-23,Minnesota Timberwolves,2023-04-23 17:00:00,2,0,2,0,0,3.0,4,63.0,25.0,55.85,2
2023-04-23,New York Knicks,2023-04-23 17:00:00,2,0,0,0,0,2.0,2,6.0,3.0,6.0,0
2023-04-23,Sacramento Kings,2023-04-23 17:00:00,1,0,0,0,0,1.0,2,50.0,45.0,46.25,1
2023-04-24,Los Angeles Lakers,2023-04-24 17:00:00,0,0,0,3,0,0.75,3,9.0,3.0,1.3499999999999999,0
2023-04-24,Memphis Grizzlies,2023-04-24 17:00:00,3,0,0,0,0,3.0,4,23.0,12.0,19.25,0
2023-04-24,Miami Heat,2023-04-24 17:00:00,2,0,1,1,1,2.75,5,48.0,25.0,31.45,2
2023-04-24,Milwaukee Bucks,2023-04-24 17:00:00,1,0,1,0,0,1.5,2,13.0,10.0,11.35,0
2023-04-25,Atlanta Hawks,2023-04-25 17:00:00,1,0,0,0,0,1.0,1,5.0,5.0,5.0,0
2023-04-25,Boston Celtics,2023-04-25 17:00:00,1,0,0,0,0,1.0,1,240.0,240.0,240.0,1
2023-04-25,LA Clippers,2023-04-25 17:00:00,2,0,0,0,0,2.0,3,29.0,12.0,25.25,0
2023-04-25,Minnesota Timberwolves,2023-04-25 17:00:00,3,0,1,0,0,3.5,5,61.0,25.0,55.6,2
2023-04-25,Phoenix Suns,2023-04-25 17:00:00,0,0,0,1,0,0.25,2,8.0,5.0,1.7,0
2023-04-26,Cleveland Cavaliers,2023-04-26 17:00:00,1,0,0,0,0,1.0,1,3.0,3.0,3.0,0
2023-04-26,Golden State Warriors,2023-04-26 17:00:00,2,0,0,0,0,2.0,3,95.0,45.0,91.25,2
2023-04-26,Los Angeles Lakers,2023-04-26 17:00:00,0,0,0,3,0,0.75,4,14.0,5.0,2.5999999999999996,0
2023-04-26,Memphis Grizzlies,2023-04-26 17:00:00,3,0,0,0,0,3.0,4,23.0,12.0,19.25,0
2023-04-26,Miami Heat,2023-04-26 17:00:00,2,0,0,1,0,2.25,3,42.0,25.0,30.1,2
2023-04-26,Milwaukee Bucks,2023-04-26 17:00:00,0,0,0,0,1,0.0,2,8.0,5.0,1.25,0
2023-04-26,New York Knicks,2023-04-26 17:00:00,1,0,1,0,0,1.5,2,6.0,3.0,4.35,0
2023-04-26,Sacramento Kings,2023-04-26 17:00:00,1,0,1,0,0,1.5,3,75.0,45.0,57.5,2
2023-04-27,Boston Celtics,2023-04-27 17:00:00,1,0,0,0,1,1.0,2,265.0,240.0,240.0,1
2023-04-28,Golden State Warriors,2023-04-28 17:00:00,2,1,0,0,0,2.75,4,98.0,45.0,93.5,2
2023-04-28,Los Angeles Lakers,2023-04-28 17:00:00,0,0,0,3,0,0.75,4,14.0,5.0,2.5999999999999996,0
2023-04-28,Memphis Grizzlies,2023-04-28 17:00:00,3,0,1,0,0,3.5,5,26.0,12.0,20.6,0
2023-04-28,Sacramento Kings,2023-04-28 17:00:00,1,0,0,0,0,1.0,2,50.0,45.0,46.25,1
2023-04-30,Golden State Warriors,2023-04-30 17:00:00,3,0,0,0,0,3.0,4,98.0,45.0,94.25,2
2023-04-30,Miami Heat,2023-04-30 17:00:00,2,0,0,0,2,2.0,4,67.0,25.0,28.0,1
2023-04-30,New York Knicks,2023-04-30 17:00:00,2,0,0,0,1,2.0,3,58.0,45.0,55.0,1
2023-04-30,Sacramento Kings,2023-04-30 17:00:00,1,0,0,0,0,1.0,2,50.0,45.0,46.25,1
2023-05-01,Boston Celtics,2023-05-01 17:00:00,1,0,0,0,1,1.0,2,265.0,240.0,240.0,1
2023-05-01,Denver Nuggets,2023-04-30 17:00:00,0,0,0,0,0,0.0,1,5.0,5.0,1.25,0
2023-05-01,Philadelphia 76ers,2023-05-01 17:00:00,0,1,0,0,0,0.75,1,12.0,12.0,9.0,0
2023-05-02,Golden State Warriors,2023-05-01 17:00:00,0,0,0,0,0,0.0,1,5.0,5.0,1.25,0
2023-05-02,Los Angeles Lakers,2023-05-01 17:00:00,0,0,0,0,0,0.0,1,5.0,5.0,1.25,0
2023-05-02,Miami Heat,2023-05-01 17:00:00,2,0,1,1,1,2.75,5,66.0,25.0,32.95,1
2023-05-02,New York Knicks,2023-05-01 17:00:00,0,0,2,0,0,1.0,2,13.0,10.0,5.85,0
2023-05-03,Boston Celtics,2023-05-03 17:00:00,1,0,1,0,1,1.5,3,268.0,240.0,241.35,1
2023-05-03,Philadelphia 76ers,2023-05-03 17:00:00,0,1,0,0,0,0.75,1,12.0,12.0,9.0,0
2023-05-04,Golden State Warriors,2023-05-04 17:00:00,2,0,1,0,0,2.5,4,98.0,45.0,92.6,2
2023-05-04,Los Angeles Lakers,2023-05-04 17:00:00,0,0,1,2,0,1.0,4,14.0,5.0,3.5,0
2023-05-05,Boston Celtics,2023-05-05 17:00:00,2,0,0,0,1,2.0,3,268.0,240.0,243.0,1
2023-05-05,Denver Nuggets,2023-05-04 17:00:00,0,0,0,0,0,0.0,1,5.0,5.0,1.25,0
2023-05-05,Philadelphia 76ers,2023-05-05 17:00:00,0,0,1,0,0,0.5,1,12.0,12.0,5.4,0
2023-05-05,Phoenix Suns,2023-05-05 17:00:00,1,0,0,0,0,1.0,2,15.0,10.0,11.25,0
2023-05-06,Golden State Warriors,2023-05-06 17:00:00,2,0,1,0,0,2.5,3,93.0,45.0,91.35,2
2023-05-06,Los Angeles Lakers,2023-05-06 17:00:00,0,0,1,2,0,1.0,4,14.0,5.0,3.5,0
2023-05-06,Miami Heat,2023-05-06 17:00:00,3,0,0,0,4,3.0,7,72.0,25.0,31.0,1
2023-05-06,New York Knicks,2023-05-06 17:00:00,1,0,0,0,0,1.0,1,45.0,45.0,45.0,1
2023-05-07,Boston Celtics,2023-05-07 17:00:00,1,0,0,0,3,1.0,4,278.0,240.0,240.0,1
2023-05-07,Denver Nuggets,2023-05-06 17:00:00,0,0,0,0,0,0.0,1,5.0,5.0,1.25,0
2023-05-07,Philadelphia 76ers,2023-05-07 17:00:00,0,0,0,0,1,0.0,1,12.0,12.0,0.0,0
2023-05-07,Phoenix Suns,2023-05-07 17:00:00,1,0,0,0,0,1.0,2,15.0,10.0,11.25,0
2023-05-08,Golden State Warriors,2023-05-08 17:00:00,3,0,0,0,0,3.0,4,98.0,45.0,94.25,2
2023-05-08,Los Angeles Lakers,2023-05-08 17:00:00,0,0,1,2,0,1.0,4,14.0,5.0,3.5,0
2023-05-08,Miami Heat,2023-05-08 17:00:00,2,0,2,2,2,3.5,8,75.0,25.0,34.75,1
2023-05-08,New York Knicks,2023-05-08 17:00:00,1,1,0,0,0,1.75,2,55.0,45.0,52.5,1
2023-05-09,Boston Celtics,2023-05-09 17:00:00,1,0,0,0,1,1.0,2,265.0,240.0,240.0,1
2023-05-09,Denver Nuggets,2023-05-08 17:00:00,0,0,0,0,0,0.0,1,5.0,5.0,1.25,0
2023-05-09,Philadelphia 76ers,2023-05-09 17:00:00,0,0,1,0,0,0.5,1,12.0,12.0,5.4,0
2023-05-09,Phoenix Suns,2023-05-09 17:00:00,1,0,0,0,0,1.0,2,15.0,10.0,11.25,0
2023-05-10,Golden State Warriors,2023-05-10 17:00:00,2,0,1,0,0,2.5,4,98.0,45.0,92.6,2
2023-05-10,Los Angeles Lakers,2023-05-10 17:00:00,0,0,1,2,0,1.0,4,14.0,5.0,3.5,0
2023-05-10,Miami Heat,2023-05-10 17:00:00,2,0,2,1,2,3.25,7,72.0,25.0,34.3,1
2023-05-10,New York Knicks,2023-05-10 17:00:00,1,1,1,0,0,2.25,3,58.0,45.0,53.85,1
2023-05-11,Boston Celtics,2023-05-11 17:00:00,1,0,0,0,1,1.0,2,265.0,240.0,240.0,1
2023-05-11,Denver Nuggets,2023-05-11 17:00:00,0,0,1,0,0,0.5,2,8.0,5.0,2.6,0
2023-05-11,Philadelphia 76ers,2023-05-11 17:00:00,0,0,1,0,0,0.5,1,12.0,12.0,5.4,0
2023-05-11,Phoenix Suns,2023-05-11 17:00:00,1,0,1,0,0,1.5,3,18.0,10.0,12.6,0
2023-05-12,Golden State Warriors,2023-05-12 17:00:00,2,0,2,0,0,3.0,5,123.0,45.0,103.85,3
2023-05-12,Los Angeles Lakers,2023-05-12 17:00:00,0,0,1,2,0,1.0,4,14.0,5.0,3.5,0
2023-05-12,Miami Heat,2023-05-12 17:00:00,2,0,0,3,2,2.75,7,72.0,25.0,30.4,1
2023-05-12,New York Knicks,2023-05-12 17:00:00,1,1,0,0,0,1.75,2,55.0,45.0,52.5,1
2023-05-14,Boston Celtics,2023-05-14 17:00:00,1,0,0,0,1,1.0,2,265.0,240.0,240.0,1
2023-05-16,Denver Nuggets,2023-05-16 17:00:00,0,0,1,0,0,0.5,1,3.0,3.0,1.35,0
2023-05-16,Los Angeles Lakers,2023-05-16 17:00:00,1,0,0,2,0,1.5,3,9.0,3.0,3.9,0
2023-05-17,Boston Celtics,2023-05-17 17:00:00,1,0,0,0,1,1.0,2,265.0,240.0,240.0,1
2023-05-17,Miami Heat,2023-05-17 17:00:00,2,0,1,0,1,2.5,4,96.0,45.0,91.35,2
2023-05-18,Los Angeles Lakers,2023-05-18 17:00:00,1,0,0,2,0,1.5,4,14.0,5.0,5.15,0
2023-05-19,Boston Celtics,2023-05-19 17:00:00,1,0,0,1,1,1.25,3,268.0,240.0,240.45,1
2023-05-19,Miami Heat,2023-05-19 17:00:00,2,0,1,0,2,2.5,5,121.0,45.0,91.35,2
2023-05-20,Denver Nuggets,2023-05-19 17:00:00,0,0,0,0,0,0.0,1,5.0,5.0,1.25,0
2023-05-20,Los Angeles Lakers,2023-05-20 17:00:00,1,0,0,2,0,1.5,4,14.0,5.0,5.15,0
2023-05-21,Boston Celtics,2023-05-21 17:00:00,1,0,0,0,1,1.0,2,265.0,240.0,240.0,1
2023-05-21,Miami Heat,2023-05-21 17:00:00,2,0,0,0,3,2.0,5,143.0,45.0,90.0,2
2023-05-22,Denver Nuggets,2023-05-21 17:00:00,0,0,0,0,0,0.0,1,5.0,5.0,1.25,0
2023-05-22,Los Angeles Lakers,2023-05-22 17:00:00,0,0,0,2,0,0.5,3,11.0,5.0,2.15,0
2023-05-23,Boston Celtics,2023-05-23 17:00:00,1,0,0,0,0,1.0,1,240.0,240.0,240.0,1
2023-05-23,Miami Heat,2023-05-23 17:00:00,2,0,0,1,2,2.25,5,121.0,45.0,90.45,2
2023-05-25,Boston Celtics,2023-05-25 17:00:00,1,0,0,0,0,1.0,1,240.0,240.0,240.0,1
2023-05-25,Miami Heat,2023-05-25 17:00:00,3,0,0,0,2,3.0,5,128.0,45.0,100.0,2
2023-05-27,Boston Celtics,2023-05-27 17:00:00,1,0,1,0,0,1.5,2,243.0,240.0,241.35,1
2023-05-27,Miami Heat,2023-05-27 17:00:00,2,0,1,0,2,2.5,5,128.0,45.0,94.5,2
2023-05-29,Boston Celtics,2023-05-29 17:00:00,1,0,1,0,0,1.5,2,243.0,240.0,241.35,1
2023-05-29,Miami Heat,2023-05-29 17:00:00,2,0,1,0,2,2.5,5,128.0,45.0,94.5,2
2023-06-01,Miami Heat,2023-06-01 17:00:00,2,0,0,0,3,2.0,5,121.0,45.0,90.0,2
2023-06-04,Miami Heat,2023-06-04 17:00:00,2,0,1,1,2,2.75,6,102.0,45.0,91.8,2
2023-06-07,Miami Heat,2023-06-07 17:00:00,2,0,0,1,2,2.25,5,99.0,45.0,90.45,2
2023-06-09,Miami Heat,2023-06-09 17:00:00,2,0,0,0,3,2.0,5,121.0,45.0,90.0,2
2023-06-12,Miami Heat,2023-06-12 17:00:00,1,0,1,0,3,1.5,5,121.0,45.0,65.25,2
2023-10-24,Denver Nuggets,2023-10-24 17:00:00,2,0,0,1,0,2.25,3,80.0,45.0,71.5,2
2023-10-24,Golden State Warriors,2023-10-24 17:00:00,1,0,0,0,0,1.0,1,10.0,10.0,10.0,0
2023-10-24,Los Angeles Lakers,2023-10-24 17:00:00,5,0,0,0,0,5.0,5,21.0,5.0,21.0,0
2023-10-24,Phoenix Suns,2023-10-24 17:00:00,1,0,1,1,0,1.75,3,51.0,45.0,46.8,1
2023-10-25,Atlanta Hawks,2023-10-25 17:00:00,1,0,0,0,0,1.0,1,10.0,10.0,10.0,0
2023-10-25,Brooklyn Nets,2023-10-25 17:00:00,1,0,0,0,0,1.0,1,45.0,45.0,45.0,1
2023-10-25,Charlotte Hornets,2023-10-25 17:00:00,6,0,0,0,0,6.0,6,93.0,45.0,93.0,2
2023-10-25,Chicago Bulls,2023-10-25 17:00:00,1,0,0,0,0,1.0,1,45.0,45.0,45.0,1
2023-10-25,Cleveland Cavaliers,2023-10-25 17:00:00,3,0,1,0,0,3.5,4,25.0,14.0,17.3,1
2023-10-25,Dallas Mavericks,2023-10-25 17:00:00,0,0,1,2,0,1.0,3,23.0,10.0,6.45,0
2023-10-25,Detroit Pistons,2023-10-25 17:00:00,3,0,0,0,0,3.0,3,23.0,10.0,23.0,0
2023-10-25,Houston Rockets,2023-10-25 17:00:00,3,0,0,0,0,3.0,3,11.0,5.0,11.0,0
2023-10-25,Indiana Pacers,2023-10-25 17:00:00,0,0,3,0,0,1.5,3,15.0,5.0,6.75,0
2023-10-25,LA Clippers,2023-10-25 17:00:00,2,0,1,0,0,2.5,4,28.0,10.0,18.75,0
2023-10-25,Memphis Grizzlies,2023-10-25 17:00:00,4,0,0,0,0,4.0,5,212.0,180.0,208.25,1
2023-10-25,Miami Heat,2023-10-25 17:00:00,2,0,0,0,0,2.0,2,15.0,12.0,15.0,0
2023-10-25,Minnesota Timberwolves,2023-10-25 17:00:00,2,0,0,0,0,2.0,2,13.0,10.0,13.0,0
2023-10-25,New Orleans Pelicans,2023-10-25 17:00:00,3,0,0,0,0,3.0,3,16.0,10.0,16.0,0
2023-10-25,Oklahoma City Thunder,2023-10-25 17:00:00,2,0,0,0,0,2.0,2,17.0,14.0,17.0,1
2023-10-25,Orlando Magic,2023-10-25 17:00:00,1,0,1,0,0,1.5,2,6.0,3.0,4.35,0
2023-10-25,Portland Trail Blazers,2023-10-25 17:00:00,1,0,0,0,0,1.0,2,15.0,10.0,11.25,0
2023-10-25,Sacramento Kings,2023-10-25 17:00:00,1,0,1,0,0,1.5,3,18.0,10.0,12.6,0
2023-10-25,San Antonio Spurs,2023-10-25 17:00:00,1,0,1,0,0,1.5,2,8.0,5.0,6.35,0
2023-10-25,Toronto Raptors,2023-10-25 17:00:00,1,0,0,0,0,1.0,1,3.0,3.0,3.0,0
2023-10-25,Utah Jazz,2023-10-24 17:00:00,0,0,0,0,0,0.0,1,5.0,5.0,1.25,0
2023-10-25,Washington Wizards,2023-10-25 17:00:00,3,0,0,0,0,3.0,3,42.0,25.0,42.0,2
2023-10-26,Los Angeles Lakers,2023-10-26 17:00:00,3,0,0,1,0,3.25,5,19.0,5.0,12.7,0
2023-10-26,Philadelphia 76ers,2023-10-26 17:00:00,5,0,0,0,0,5.0,5,27.0,7.0,27.0,0
2023-10-26,Phoenix Suns,2023-10-26 17:00:00,3,0,0,0,0,3.0,4,56.0,45.0,52.25,1
2023-10-27,Atlanta Hawks,2023-10-27 17:00:00,1,0,0,0,0,1.0,1,10.0,10.0,10.0,0
2023-10-27,Brooklyn Nets,2023-10-27 17:00:00,2,0,1,0,0,2.5,3,58.0,45.0,56.35,1
2023-10-27,Charlotte Hornets,2023-10-27 17:00:00,4,0,1,0,0,4.5,5,88.0,45.0,82.5,2
2023-10-27,Chicago Bulls,2023-10-27 17:00:00,1,0,0,0,0,1.0,1,45.0,45.0,45.0,1
2023-10-27,Cleveland Cavaliers,2023-10-27 17:00:00,2,0,2,0,0,3.0,4,25.0,14.0,15.65,1
2023-10-27,Dallas Mavericks,2023-10-27 17:00:00,3,0,0,0,0,3.0,3,15.0,5.0,15.0,0
2023-10-27,Denver Nuggets,2023-10-27 17:00:00,2,0,0,0,0,2.0,3,75.0,45.0,71.25,2
2023-10-27,Detroit Pistons,2023-10-27 17:00:00,3,0,0,0,0,3.0,3,23.0,10.0,23.0,0
2023-10-27,Golden State Warriors,2023-10-27 17:00:00,1,0,0,0,0,1.0,2,15.0,10.0,11.25,0
2023-10-27,Houston Rockets,2023-10-27 17:00:00,4,0,0,0,0,4.0,4,22.0,10.0,22.0,0
2023-10-27,LA Clippers,2023-10-27 17:00:00,3,0,1,0,0,3.5,5,33.0,10.0,23.75,0
2023-10-27,Memphis Grizzlies,2023-10-27 17:00:00,5,0,0,0,0,5.0,6,218.0,180.0,214.25,1
2023-10-27,Miami Heat,2023-10-27 17:00:00,2,0,0,3,0,2.75,5,31.0,12.0,17.4,0
2023-10-27,Oklahoma City Thunder,2023-10-27 17:00:00,2,0,0,0,0,2.0,2,17.0,14.0,17.0,1
2023-10-27,Orlando Magic,2023-10-27 17:00:00,2,0,0,0,0,2.0,2,8.0,5.0,8.0,0
2023-10-27,Portland Trail Blazers,2023-10-27 17:00:00,1,0,1,0,0,1.5,3,23.0,10.0,14.85,0
2023-10-27,Sacramento Kings,2023-10-27 17:00:00,1,0,1,0,0,1.5,3,18.0,10.0,12.6,0
2023-10-27,San Antonio Spurs,2023-10-27 17:00:00,1,0,0,0,0,1.0,1,5.0,5.0,5.0,0
2023-10-27,Toronto Raptors,2023-10-27 17:00:00,1,0,0,0,0,1.0,1,3.0,3.0,3.0,0
2023-10-27,Utah Jazz,2023-10-26 17:00:00,0,0,0,0,0,0.0,1,5.0,5.0,1.25,0
2023-10-28,Chicago Bulls,2023-10-28 17:00:00,4,0,1,0,0,4.5,6,68.0,45.0,62.6,1
2023-10-28,Cleveland Cavaliers,2023-10-28 17:00:00,4,0,1,0,0,4.5,6,40.0,14.0,34.6,1
2023-10-28,Detroit Pistons,2023-10-28 17:00:00,3,0,0,0,0,3.0,4,28.0,10.0,24.25,0
2023-10-28,Indiana Pacers,2023-10-28 17:00:00,0,0,4,0,0,2.0,4,18.0,5.0,8.1,0
2023-10-28,Memphis Grizzlies,2023-10-28 17:00:00,5,0,0,0,0,5.0,6,218.0,180.0,214.25,1
2023-10-28,Miami Heat,2023-10-28 17:00:00,5,0,0,0,2,5.0,8,44.0,12.0,27.25,0
2023-10-28,Minnesota Timberwolves,2023-10-28 17:00:00,1,1,0,0,0,1.75,2,13.0,10.0,10.5,0
2023-10-28,New Orleans Pelicans,2023-10-28 17:00:00,3,0,0,0,0,3.0,3,16.0,10.0,16.0,0
2023-10-28,New York Knicks,2023-10-27 17:00:00,0,0,0,0,0,0.0,1,5.0,5.0,1.25,0
2023-10-28,Philadelphia 76ers,2023-10-28 17:00:00,4,0,0,0,0,4.0,4,22.0,7.0,22.0,0
2023-10-28,Phoenix Suns,2023-10-28 17:00:00,3,0,0,0,0,3.0,4,63.0,45.0,59.25,1
2023-10-28,Toronto Raptors,2023-10-28 17:00:00,1,0,1,0,0,1.5,3,11.0,5.0,5.6,0
2023-10-28,Utah Jazz,2023-10-28 17:00:00,5,0,0,1,0,5.25,7,33.0,5.0,26.7,0
2023-10-28,Washington Wizards,2023-10-28 17:00:00,2,0,0,0,0,2.0,2,28.0,25.0,28.0,1
2023-10-29,Atlanta Hawks,2023-10-29 17:00:00,3,0,0,0,0,3.0,4,25.0,10.0,21.25,0
2023-10-29,Denver Nuggets,2023-10-29 17:00:00,2,0,0,0,0,2.0,2,70.0,45.0,70.0,2
2023-10-29,Golden State Warriors,2023-10-29 17:00:00,0,0,1,2,0,1.0,3,16.0,10.0,3.3,0
2023-10-29,Houston Rockets,2023-10-29 17:00:00,3,0,0,1,0,3.25,4,22.0,10.0,13.5,0
2023-10-29,LA Clippers,2023-10-29 17:00:00,3,0,0,0,0,3.0,4,23.0,10.0,19.25,0
2023-10-29,Los Angeles Lakers,2023-10-29 17:00:00,5,0,0,1,0,5.25,7,29.0,5.0,22.7,0
2023-10-29,Milwaukee Bucks,2023-10-29 17:00:00,1,0,0,0,0,1.0,1,4.0,4.0,4.0,0
2023-10-29,Oklahoma City Thunder,2023-10-29 17:00:00,3,0,0,0,0,3.0,3,22.0,14.0,22.0,1
2023-10-29,Philadelphia 76ers,2023-10-29 17:00:00,1,0,1,0,0,1.5,3,17.0,7.0,10.5,0
2023-10-29,Portland Trail Blazers,2023-10-29 17:00:00,3,0,0,0,0,3.0,4,23.0,10.0,19.25,0
2023-10-29,Sacramento Kings,2023-10-29 17:00:00,1,0,0,0,0,1.0,2,15.0,10.0,11.25,0
2023-10-29,San Antonio Spurs,2023-10-29 17:00:00,3,0,0,0,0,3.0,4,20.0,5.0,16.25,0
2023-10-30,Atlanta Hawks,2023-10-30 17:00:00,3,0,0,0,0,3.0,4,25.0,10.0,21.25,0
2023-10-30,Boston Celtics,2023-10-30 17:00:00,3,0,0,0,0,3.0,3,13.0,5.0,13.0,0
2023-10-30,Brooklyn Nets,2023-10-30 17:00:00,6,0,0,0,0,6.0,6,40.0,10.0,40.0,0
2023-10-30,Charlotte Hornets,2023-10-30 17:00:00,4,0,0,0,0,4.0,4,82.0,45.0,82.0,2
2023-10-30,Chicago Bulls,2023-10-30 17:00:00,5,0,0,0,1,5.0,6,70.0,45.0,65.0,1
2023-10-30,Dallas Mavericks,2023-10-30 17:00:00,3,0,1,0,0,3.5,4,18.0,5.0,16.35,0
2023-10-30,Denver Nuggets,2023-10-30 17:00:00,1,0,1,0,0,1.5,3,75.0,45.0,57.5,2
2023-10-30,Detroit Pistons,2023-10-30 17:00:00,3,0,0,0,1,3.0,5,31.0,10.0,24.25,0
2023-10-30,Golden State Warriors,2023-10-30 17:00:00,0,0,2,1,0,1.25,4,21.0,10.0,5.45,0
2023-10-30,Indiana Pacers,2023-10-30 17:00:00,0,0,3,0,0,1.5,3,15.0,5.0,6.75,0
2023-10-30,Los Angeles Lakers,2023-10-30 17:00:00,5,0,0,3,0,5.75,9,35.0,5.0,23.6,0
2023-10-30,Memphis Grizzlies,2023-10-30 17:00:00,5,0,0,0,0,5.0,6,218.0,180.0,214.25,1
2023-10-30,Miami Heat,2023-10-30 17:00:00,1,1,2,1,2,3.0,8,42.0,12.0,18.65,0
2023-10-30,Milwaukee Bucks,2023-10-30 17:00:00,1,0,0,0,0,1.0,2,8.0,5.0,4.25,0
2023-10-30,Minnesota Timberwolves,2023-10-30 17:00:00,3,0,2,0,0,4.0,5,26.0,10.0,18.85,0
2023-10-30,New Orleans Pelicans,2023-10-30 17:00:00,3,0,0,0,0,3.0,3,16.0,10.0,16.0,0
2023-10-30,Oklahoma City Thunder,2023-10-30 17:00:00,2,0,0,0,0,2.0,3,22.0,14.0,18.25,1
2023-10-30,Orlando Magic,2023-10-30 17:00:00,2,0,0,0,0,2.0,3,15.0,5.0,11.25,0
2023-10-30,Portland Trail Blazers,2023-10-30 17:00:00,4,0,0,0,0,4.0,5,28.0,10.0,24.25,0
2023-10-30,Toronto Raptors,2023-10-30 17:00:00,1,1,2,0,0,2.75,4,19.0,10.0,13.2,0
2023-10-30,Utah Jazz,2023-10-30 17:00:00,5,0,0,0,1,5.0,7,33.0,5.0,26.25,0
2023-10-30,Washington Wizards,2023-10-30 17:00:00,2,0,0,0,0,2.0,2,35.0,25.0,35.0,1
2023-10-31,Cleveland Cavaliers,2023-10-31 17:00:00,4,0,2,0,0,5.0,6,38.0,14.0,34.7,1
2023-10-31,LA Clippers,2023-10-31 17:00:00,3,0,2,0,0,4.0,6,29.0,10.0,21.95,0
2023-10-31,Orlando Magic,2023-10-31 17:00:00,3,0,0,0,0,3.0,4,20.0,5.0,16.25,0
2023-10-31,Phoenix Suns,2023-10-31 17:00:00,3,0,0,0,0,3.0,4,63.0,45.0,59.25,1
2023-10-31,San Antonio Spurs,2023-10-31 17:00:00,3,0,0,0,0,3.0,4,20.0,5.0,16.25,0
2023-11-01,Atlanta Hawks,2023-11-01 17:00:00,3,0,0,0,1,3.0,4,23.0,10.0,20.0,0
2023-11-01,Boston Celtics,2023-11-01 17:00:00,3,1,0,0,0,3.75,4,18.0,5.0,17.25,0
2023-11-01,Brooklyn Nets,2023-11-01 17:00:00,5,0,1,0,0,5.5,6,43.0,10.0,41.35,0
2023-11-01,Charlotte Hornets,2023-11-01 17:00:00,5,0,0,0,0,5.0,6,94.0,45.0,90.25,2
2023-11-01,Chicago Bulls,2023-11-01 17:00:00,5,0,0,1,0,5.25,6,68.0,45.0,65.45,1
2023-11-01,Cleveland Cavaliers,2023-11-01 17:00:00,4,0,1,0,0,4.5,6,40.0,14.0,34.6,1
2023-11-01,Dallas Mavericks,2023-11-01 17:00:00,3,1,0,0,0,3.75,4,18.0,5.0,17.25,0
2023-11-01,Denver Nuggets,2023-11-01 17:00:00,1,0,0,0,0,1.0,2,50.0,45.0,46.25,1
2023-11-01,Detroit Pistons,2023-11-01 17:00:00,4,0,0,0,0,4.0,4,33.0,10.0,33.0,0
2023-11-01,Golden State Warriors,2023-11-01 17:00:00,0,0,1,2,0,1.0,4,14.0,5.0,3.5,0
2023-11-01,Houston Rockets,2023-11-01 17:00:00,2,0,0,0,0,2.0,2,6.0,3.0,6.0,0
2023-11-01,Indiana Pacers,2023-11-01 17:00:00,0,0,6,0,0,3.0,6,40.0,12.0,18.0,0
2023-11-01,LA Clippers,2023-11-01 17:00:00,3,0,0,0,0,3.0,4,25.0,10.0,21.25,0
2023-11-01,Los Angeles Lakers,2023-11-01 17:00:00,3,1,0,1,3,4.0,9,35.0,5.0,12.95,0
2023-11-01,Memphis Grizzlies,2023-11-01 17:00:00,6,0,0,0,0,6.0,7,220.0,180.0,216.25,1
2023-11-01,Miami Heat,2023-11-01 17:00:00,1,0,1,3,2,2.25,7,30.0,12.0,7.05,0
2023-11-01,Milwaukee Bucks,2023-11-01 17:00:00,3,0,0,0,1,3.0,4,18.0,5.0,15.0,0
2023-11-01,Minnesota Timberwolves,2023-11-01 17:00:00,3,0,0,2,0,3.5,5,26.0,10.0,14.95,0
2023-11-01,New Orleans Pelicans,2023-11-01 17:00:00,3,0,1,0,0,3.5,4,19.0,10.0,17.35,0
2023-11-01,New York Knicks,2023-11-01 17:00:00,0,0,1,0,0,0.5,2,8.0,5.0,2.6,0
2023-11-01,Oklahoma City Thunder,2023-11-01 17:00:00,3,0,0,0,0,3.0,3,22.0,14.0,22.0,1
2023-11-01,Portland Trail Blazers,2023-11-01 17:00:00,3,0,0,0,0,3.0,3,18.0,10.0,18.0,0
2023-11-01,Sacramento Kings,2023-11-01 17:00:00,2,0,0,0,0,2.0,3,25.0,10.0,21.25,0
2023-11-01,Toronto Raptors,2023-11-01 17:00:00,2,0,0,0,0,2.0,2,13.0,10.0,13.0,0
2023-11-01,Utah Jazz,2023-11-01 17:00:00,3,0,0,0,2,3.0,6,30.0,5.0,16.25,0
2023-11-01,Washington Wizards,2023-11-01 17:00:00,0,0,1,0,0,0.5,1,10.0,10.0,4.5,0
2023-11-02,Detroit Pistons,2023-11-02 17:00:00,3,0,2,0,0,4.0,6,41.0,10.0,30.1,0
2023-11-02,New Orleans Pelicans,2023-11-02 17:00:00,4,0,1,0,0,4.5,6,29.0,10.0,23.6,0
2023-11-02,Orlando Magic,2023-11-02 17:00:00,2,0,0,0,0,2.0,3,15.0,5.0,11.25,0
2023-11-02,Philadelphia 76ers,2023-11-02 17:00:00,4,0,0,0,0,4.0,4,18.0,5.0,18.0,0
2023-11-02,Phoenix Suns,2023-11-02 17:00:00,2,0,1,0,0,2.5,4,63.0,45.0,53.75,1
2023-11-02,San Antonio Spurs,2023-11-02 17:00:00,3,0,0,0,0,3.0,4,20.0,5.0,16.25,0
2023-11-02,Toronto Raptors,2023-11-02 17:00:00,5,1,0,0,0,5.75,7,40.0,10.0,33.75,0
2023-11-02,Utah Jazz,2023-11-02 17:00:00,3,0,0,1,0,3.25,5,23.0,5.0,16.7,0
2023-11-03,Brooklyn Nets,2023-11-03 17:00:00,5,0,0,0,2,5.0,7,48.0,10.0,35.0,0
2023-11-03,Chicago Bulls,2023-11-03 17:00:00,4,1,0,1,1,5.0,8,76.0,45.0,63.95,1
2023-11-03,Cleveland Cavaliers,2023-11-03 17:00:00,2,0,2,0,0,3.0,4,32.0,14.0,22.65,1
2023-11-03,Dallas Mavericks,2023-11-03 17:00:00,4,0,1,0,1,4.5,6,24.0,5.0,19.35,0
2023-11-03,Denver Nuggets,2023-11-03 17:00:00,1,0,0,3,0,1.75,4,54.0,45.0,46.35,1
2023-11-03,Indiana Pacers,2023-11-03 17:00:00,0,0,5,0,0,2.5,5,37.0,12.0,16.65,0
2023-11-03,Memphis Grizzlies,2023-11-03 17:00:00,5,1,0,0,0,5.75,7,220.0,180.0,213.75,1
2023-11-03,Miami Heat,2023-11-03 17:00:00,1,0,0,1,5,1.25,7,37.0,12.0,3.45,0
2023-11-03,Milwaukee Bucks,2023-11-03 17:00:00,3,0,1,0,0,3.5,5,23.0,5.0,17.6,0
2023-11-03,New York Knicks,2023-11-03 17:00:00,0,0,1,0,0,0.5,1,3.0,3.0,1.35,0
2023-11-03,Oklahoma City Thunder,2023-11-03 17:00:00,3,0,0,0,1,3.0,5,30.0,12.0,21.25,0
2023-11-03,Portland Trail Blazers,2023-11-03 17:00:00,3,0,0,1,0,3.25,5,36.0,10.0,25.45,0
2023-11-03,Washington Wizards,2023-11-03 17:00:00,1,0,0,0,1,1.0,2,20.0,10.0,10.0,0
2023-11-04,Atlanta Hawks,2023-11-04 17:00:00,4,0,0,0,0,4.0,5,50.0,25.0,46.25,1
2023-11-04,Boston Celtics,2023-11-04 17:00:00,5,0,0,0,0,5.0,5,22.0,5.0,22.0,0
2023-11-04,Brooklyn Nets,2023-11-04 17:00:00,6,0,0,0,0,6.0,7,43.0,10.0,39.25,0
2023-11-04,Charlotte Hornets,2023-11-04 17:00:00,4,0,0,0,0,4.0,4,82.0,45.0,82.0,2
2023-11-04,Chicago Bulls,2023-11-04 17:00:00,4,0,1,3,0,5.25,9,84.0,45.0,63.9,1
2023-11-04,Denver Nuggets,2023-11-04 17:00:00,1,0,0,3,0,1.75,5,59.0,45.0,47.6,1
2023-11-04,Houston Rockets,2023-11-04 17:00:00,3,0,0,0,0,3.0,4,21.0,10.0,17.25,0
2023-11-04,Indiana Pacers,2023-11-04 17:00:00,1,0,5,0,0,3.5,7,45.0,12.0,20.9,0
2023-11-04,Los Angeles Lakers,2023-11-04 17:00:00,5,0,0,0,0,5.0,5,18.0,6.0,18.0,0
2023-11-04,Minnesota Timberwolves,2023-11-04 17:00:00,3,0,0,0,0,3.0,4,18.0,5.0,14.25,0
2023-11-04,New Orleans Pelicans,2023-11-04 17:00:00,3,0,0,0,1,3.0,5,24.0,10.0,17.25,0
2023-11-04,Orlando Magic,2023-11-04 17:00:00,5,0,0,0,0,5.0,5,48.0,25.0,48.0,1
2023-11-04,Philadelphia 76ers,2023-11-04 17:00:00,4,0,0,0,0,4.0,4,18.0,5.0,18.0,0
2023-11-04,Phoenix Suns,2023-11-04 17:00:00,3,0,0,0,0,3.0,3,58.0,45.0,58.0,1
2023-11-04,Sacramento Kings,2023-11-04 17:00:00,3,0,0,0,0,3.0,4,30.0,10.0,26.25,0
2023-11-04,Utah Jazz,2023-11-04 17:00:00,5,0,0,0,0,5.0,6,30.0,5.0,26.25,0
2023-11-05,Charlotte Hornets,2023-11-05 17:00:00,4,0,1,0,0,4.5,6,97.0,45.0,87.75,2
2023-11-05,Cleveland Cavaliers,2023-11-05 17:00:00,6,0,0,0,0,6.0,6,33.0,10.0,33.0,0
2023-11-05,Dallas Mavericks,2023-11-05 17:00:00,1,0,1,1,0,1.75,4,14.0,5.0,6.05,0
2023-11-05,Detroit Pistons,2023-11-05 17:00:00,5,0,0,0,0,5.0,5,29.0,10.0,29.0,0
2023-11-05,Golden State Warriors,2023-11-05 17:00:00,0,0,0,0,1,0.0,1,3.0,3.0,0.0,0
2023-11-05,Memphis Grizzlies,2023-11-05 17:00:00,6,0,1,0,0,6.5,8,227.0,180.0,217.75,1
2023-11-05,Phoenix Suns,2023-11-05 17:00:00,3,0,0,0,0,3.0,4,63.0,45.0,59.25,1
2023-11-05,Portland Trail Blazers,2023-11-05 17:00:00,4,0,1,0,0,4.5,6,36.0,10.0,30.6,0
2023-11-05,San Antonio Spurs,2023-11-05 17:00:00,3,0,0,0,1,3.0,4,18.0,5.0,13.0,0
2023-11-05,Toronto Raptors,2023-11-05 17:00:00,5,0,0,0,0,5.0,5,28.0,10.0,28.0,0
2023-11-06,Atlanta Hawks,2023-11-06 17:00:00,4,0,0,0,1,4.0,6,53.0,25.0,46.25,1
2023-11-06,Boston Celtics,2023-11-06 17:00:00,5,0,2,0,0,6.0,7,33.0,8.0,26.95,0
2023-11-06,Brooklyn Nets,2023-11-06 17:00:00,5,0,0,1,0,5.25,6,38.0,10.0,35.45,0
2023-11-06,Chicago Bulls,2023-11-06 17:00:00,4,0,1,2,0,5.0,7,69.0,45.0,62.25,1
2023-11-06,Dallas Mavericks,2023-11-06 17:00:00,3,0,3,0,0,4.5,7,29.0,5.0,20.3,0
2023-11-06,Denver Nuggets,2023-11-06 17:00:00,2,0,0,1,0,2.25,4,67.0,45.0,60.7,2
2023-11-06,Detroit Pistons,2023-11-06 17:00:00,4,1,1,0,0,5.25,7,37.0,10.0,30.85,0
2023-11-06,Golden State Warriors,2023-11-06 17:00:00,0,0,1,0,0,0.5,2,8.0,5.0,2.6,0
2023-11-06,Houston Rockets,2023-11-06 17:00:00,3,0,0,0,0,3.0,4,21.0,10.0,17.25,0
2023-11-06,Indiana Pacers,2023-11-06 17:00:00,0,0,3,0,0,1.5,3,15.0,5.0,6.75,0
2023-11-06,LA Clippers,2023-11-06 17:00:00,2,0,0,0,0,2.0,2,13.0,10.0,13.0,0
2023-11-06,Los Angeles Lakers,2023-11-06 17:00:00,5,0,0,0,0,5.0,5,25.0,10.0,25.0,0
2023-11-06,Miami Heat,2023-11-06 17:00:00,1,1,1,2,7,2.75,12,54.0,12.0,7.5,0
2023-11-06,Milwaukee Bucks,2023-11-06 17:00:00,3,0,0,0,0,3.0,3,15.0,5.0,15.0,0
2023-11-06,Minnesota Timberwolves,2023-11-06 17:00:00,3,0,0,0,0,3.0,4,18.0,5.0,14.25,0
2023-11-06,New Orleans Pelicans,2023-11-06 17:00:00,4,0,0,0,0,4.0,5,24.0,10.0,20.25,0
2023-11-06,New York Knicks,2023-11-06 17:00:00,0,0,1,0,0,0.5,1,3.0,3.0,1.35,0
2023-11-06,Oklahoma City Thunder,2023-11-06 17:00:00,2,0,0,0,1,2.0,3,13.0,5.0,8.0,0
2023-11-06,Orlando Magic,2023-11-06 17:00:00,6,0,0,0,0,6.0,6,51.0,25.0,51.0,1
2023-11-06,Philadelphia 76ers,2023-11-06 17:00:00,3,0,0,0,0,3.0,3,15.0,5.0,15.0,0
2023-11-06,Sacramento Kings,2023-11-06 17:00:00,3,0,0,0,0,3.0,4,30.0,10.0,26.25,0
2023-11-06,San Antonio Spurs,2023-11-06 17:00:00,4,0,1,0,0,4.5,6,26.0,5.0,20.6,0
2023-11-06,Utah Jazz,2023-11-06 17:00:00,5,0,0,0,0,5.0,5,25.0,5.0,25.0,0
2023-11-06,Washington Wizards,2023-11-06 17:00:00,0,0,3,0,0,1.5,3,23.0,10.0,10.35,0
2023-11-08,Boston Celtics,2023-11-08 17:00:00,4,0,0,0,1,4.0,5,22.0,5.0,19.0,0
2023-11-08,Brooklyn Nets,2023-11-08 17:00:00,6,0,0,1,0,6.25,7,41.0,10.0,38.45,0
2023-11-08,Charlotte Hornets,2023-11-08 17:00:00,5,0,0,0,0,5.0,5,92.0,45.0,92.0,2
2023-11-08,Chicago Bulls,2023-11-08 17:00:00,4,0,0,2,0,4.5,6,66.0,45.0,60.9,1
2023-11-08,Cleveland Cavaliers,2023-11-08 17:00:00,6,0,0,0,0,6.0,6,31.0,10.0,31.0,0
2023-11-08,Dallas Mavericks,2023-11-08 17:00:00,3,0,2,0,0,4.0,5,21.0,5.0,17.7,0
2023-11-08,Denver Nuggets,2023-11-08 17:00:00,2,0,0,1,0,2.25,3,62.0,45.0,59.45,2
2023-11-08,Detroit Pistons,2023-11-08 17:00:00,6,0,1,0,0,6.5,7,35.0,10.0,33.35,0
2023-11-08,Golden State Warriors,2023-11-08 17:00:00,1,0,1,0,0,1.5,2,6.0,3.0,4.35,0
2023-11-08,Houston Rockets,2023-11-08 17:00:00,5,0,0,0,1,5.0,6,31.0,10.0,28.0,0
2023-11-08,Indiana Pacers,2023-11-08 17:00:00,0,0,3,0,0,1.5,3,15.0,5.0,6.75,0
2023-11-08,LA Clippers,2023-11-08 17:00:00,2,0,1,0,0,2.5,3,16.0,10.0,10.5,0
2023-11-08,Los Angeles Lakers,2023-11-08 17:00:00,3,0,2,0,1,4.0,6,28.0,10.0,14.85,0
2023-11-08,Memphis Grizzlies,2023-11-08 17:00:00,5,1,0,0,3,5.75,9,225.0,180.0,209.25,1
2023-11-08,Miami Heat,2023-11-08 17:00:00,5,0,0,1,7,5.25,13,59.0,12.0,19.45,0
2023-11-08,Milwaukee Bucks,2023-11-08 17:00:00,4,0,0,0,0,4.0,4,19.0,5.0,19.0,0
2023-11-08,Minnesota Timberwolves,2023-11-08 17:00:00,4,0,0,0,0,4.0,4,25.0,12.0,25.0,0
2023-11-08,New Orleans Pelicans,2023-11-08 17:00:00,5,0,1,0,0,5.5,6,25.0,10.0,23.35,0
2023-11-08,Oklahoma City Thunder,2023-11-08 17:00:00,2,0,1,0,1,2.5,4,16.0,5.0,9.35,0
2023-11-08,Philadelphia 76ers,2023-11-08 17:00:00,3,0,0,0,0,3.0,3,15.0,5.0,15.0,0
2023-11-08,Phoenix Suns,2023-11-08 17:00:00,2,0,1,0,0,2.5,3,58.0,45.0,56.35,1
2023-11-08,Portland Trail Blazers,2023-11-08 17:00:00,4,0,0,0,0,4.0,4,35.0,12.0,35.0,0
2023-11-08,Sacramento Kings,2023-11-08 17:00:00,2,0,0,0,0,2.0,2,20.0,10.0,20.0,0
2023-11-08,San Antonio Spurs,2023-11-08 17:00:00,3,1,0,1,0,4.0,5,21.0,5.0,17.7,0
2023-11-08,Toronto Raptors,2023-11-08 17:00:00,4,1,0,0,0,4.75,5,28.0,10.0,25.5,0
2023-11-08,Utah Jazz,2023-11-08 17:00:00,6,0,0,0,1,6.0,7,31.0,5.0,28.0,0
2023-11-08,Washington Wizards,2023-11-08 17:00:00,1,0,0,0,0,1.0,1,5.0,5.0,5.0,0
2023-11-09,Atlanta Hawks,2023-11-09 17:00:00,5,0,0,0,0,5.0,6,53.0,25.0,49.25,1
2023-11-09,Indiana Pacers,2023-11-09 17:00:00,0,0,3,0,0,1.5,4,20.0,5.0,8.0,0
2023-11-09,Milwaukee Bucks,2023-11-09 17:00:00,2,0,1,1,1,2.75,6,26.0,5.0,13.05,0
2023-11-09,Orlando Magic,2023-11-09 17:00:00,4,0,1,0,1,4.5,6,51.0,25.0,46.35,1
2023-11-10,Boston Celtics,2023-11-10 17:00:00,5,0,0,0,0,5.0,5,23.0,5.0,23.0,0
2023-11-10,Brooklyn Nets,2023-11-10 17:00:00,7,0,0,0,1,7.0,8,53.0,10.0,43.0,0
2023-11-10,Charlotte Hornets,2023-11-10 17:00:00,5,0,0,1,0,5.25,6,106.0,45.0,94.1,3
2023-11-10,Dallas Mavericks,2023-11-10 17:00:00,3,1,1,0,0,4.25,5,21.0,5.0,18.6,0
2023-11-10,Detroit Pistons,2023-11-10 17:00:00,6,0,0,0,0,6.0,6,32.0,10.0,32.0,0
2023-11-10,Houston Rockets,2023-11-10 17:00:00,5,0,1,0,0,5.5,7,43.0,10.0,33.75,0
2023-11-10,LA Clippers,2023-11-10 17:00:00,2,0,0,0,0,2.0,2,6.0,3.0,6.0,0
2023-11-10,Los Angeles Lakers,2023-11-10 17:00:00,3,0,0,2,0,3.5,6,27.0,10.0,12.2,0
2023-11-10,Memphis Grizzlies,2023-11-10 17:00:00,7,0,2,0,0,8.0,10,265.0,180.0,257.95,2
2023-11-10,Minnesota Timberwolves,2023-11-10 17:00:00,5,0,0,0,0,5.0,6,35.0,12.0,31.25,0
2023-11-10,New Orleans Pelicans,2023-11-10 17:00:00,5,0,1,0,1,5.5,8,35.0,10.0,26.6,0
2023-11-10,Oklahoma City Thunder,2023-11-10 17:00:00,2,0,0,0,0,2.0,2,8.0,5.0,8.0,0
2023-11-10,Philadelphia 76ers,2023-11-10 17:00:00,3,0,0,1,0,3.25,4,18.0,5.0,15.45,0
2023-11-10,Phoenix Suns,2023-11-10 17:00:00,2,0,0,1,1,2.25,5,66.0,45.0,56.7,1
2023-11-10,Sacramento Kings,2023-11-10 17:00:00,2,0,0,0,0,2.0,3,25.0,10.0,21.25,0
2023-11-10,San Antonio Spurs,2023-11-10 17:00:00,3,0,0,0,0,3.0,3,15.0,5.0,15.0,0
2023-11-10,Utah Jazz,2023-11-10 17:00:00,6,0,0,0,0,6.0,7,33.0,5.0,29.25,0
2023-11-10,Washington Wizards,2023-11-10 17:00:00,1,0,0,0,0,1.0,1,5.0,5.0,5.0,0
2023-11-11,Atlanta Hawks,2023-11-11 17:00:00,4,0,0,0,1,4.0,5,48.0,25.0,38.0,1
2023-11-11,Boston Celtics,2023-11-11 17:00:00,4,0,0,0,0,4.0,5,24.0,5.0,20.25,0
2023-11-11,Cleveland Cavaliers,2023-11-11 17:00:00,5,0,0,0,0,5.0,6,32.0,10.0,28.25,0
2023-11-11,Miami Heat,2023-11-11 17:00:00,4,0,0,2,3,4.5,9,36.0,10.0,21.9,0
2023-11-11,Milwaukee Bucks,2023-11-11 17:00:00,3,0,0,0,0,3.0,3,13.0,5.0,13.0,0
2023-11-11,Orlando Magic,2023-11-11 17:00:00,5,0,0,0,0,5.0,5,50.0,25.0,50.0,1
2023-11-11,Toronto Raptors,2023-11-11 17:00:00,4,1,0,1,0,5.0,6,31.0,10.0,21.75,0
2023-11-12,Brooklyn Nets,2023-11-12 17:00:00,6,0,0,0,0,6.0,6,33.0,10.0,33.0,0
2023-11-12,Charlotte Hornets,2023-11-12 17:00:00,5,0,0,0,1,5.0,6,106.0,45.0,92.0,2
2023-11-12,Chicago Bulls,2023-11-12 17:00:00,5,0,1,1,0,5.75,7,69.0,45.0,64.8,1
2023-11-12,Dallas Mavericks,2023-11-12 17:00:00,4,0,0,0,0,4.0,4,18.0,5.0,18.0,0
2023-11-12,Denver Nuggets,2023-11-12 17:00:00,4,0,0,0,0,4.0,4,69.0,45.0,69.0,2
2023-11-12,Detroit Pistons,2023-11-12 17:00:00,7,0,0,0,2,7.0,10,50.0,10.0,40.25,0
2023-11-12,Golden State Warriors,2023-11-12 17:00:00,0,0,1,1,0,0.75,3,11.0,5.0,3.05,0
2023-11-12,Houston Rockets,2023-11-12 17:00:00,5,0,0,0,0,5.0,6,33.0,10.0,29.25,0
2023-11-12,Indiana Pacers,2023-11-12 17:00:00,3,0,0,0,2,3.0,5,28.0,10.0,15.0,0
2023-11-12,LA Clippers,2023-11-12 17:00:00,2,0,0,0,0,2.0,3,11.0,5.0,7.25,0
2023-11-12,Los Angeles Lakers,2023-11-12 17:00:00,4,0,0,1,1,4.25,7,30.0,10.0,14.75,0
2023-11-12,Memphis Grizzlies,2023-11-12 17:00:00,7,0,0,0,0,7.0,8,259.0,180.0,255.25,2
2023-11-12,Miami Heat,2023-11-12 17:00:00,4,0,0,1,3,4.25,9,40.0,10.0,24.7,0
2023-11-12,Minnesota Timberwolves,2023-11-12 17:00:00,4,0,2,0,0,5.0,7,36.0,12.0,28.95,0
2023-11-12,New Orleans Pelicans,2023-11-12 17:00:00,4,0,2,0,0,5.0,6,27.0,10.0,23.7,0
2023-11-12,Oklahoma City Thunder,2023-11-12 17:00:00,2,0,0,0,0,2.0,3,13.0,5.0,9.25,0
2023-11-12,Philadelphia 76ers,2023-11-12 17:00:00,4,0,0,0,0,4.0,4,40.0,25.0,40.0,1
2023-11-12,Phoenix Suns,2023-11-12 17:00:00,1,1,1,1,1,2.5,6,69.0,45.0,55.55,1
2023-11-12,Portland Trail Blazers,2023-11-12 17:00:00,4,0,1,0,0,4.5,6,45.0,14.0,35.75,1
2023-11-12,San Antonio Spurs,2023-11-12 17:00:00,5,0,0,0,0,5.0,6,28.0,5.0,24.25,0
2023-11-12,Washington Wizards,2023-11-12 17:00:00,2,0,0,0,0,2.0,2,17.0,12.0,17.0,0
2023-11-13,Boston Celtics,2023-11-13 17:00:00,4,0,0,0,0,4.0,4,19.0,5.0,19.0,0
2023-11-13,Chicago Bulls,2023-11-13 17:00:00,5,1,0,1,0,6.0,8,74.0,45.0,66.95,1
2023-11-13,Cleveland Cavaliers,2023-11-13 17:00:00,4,0,1,0,0,4.5,6,32.0,10.0,26.6,0
2023-11-13,Milwaukee Bucks,2023-11-13 17:00:00,4,0,0,1,0,4.25,6,39.0,10.0,31.85,0
2023-11-13,New York Knicks,2023-11-13 17:00:00,5,0,0,0,0,5.0,6,28.0,5.0,24.25,0
2023-11-13,Sacramento Kings,2023-11-13 17:00:00,3,0,1,0,0,3.5,5,35.0,10.0,25.75,0
2023-11-13,Toronto Raptors,2023-11-13 17:00:00,3,0,2,0,0,4.0,5,19.0,5.0,15.7,0
2023-11-13,Washington Wizards,2023-11-13 17:00:00,3,0,0,0,0,3.0,4,27.0,12.0,23.25,0
2023-11-14,Atlanta Hawks,2023-11-14 17:00:00,5,0,0,0,0,5.0,5,83.0,45.0,83.0,2
2023-11-14,Brooklyn Nets,2023-11-14 17:00:00,2,0,5,0,1,4.5,8,41.0,10.0,24.25,0
2023-11-14,Charlotte Hornets,2023-11-14 17:00:00,7,0,0,0,0,7.0,7,116.0,45.0,116.0,3
2023-11-14,Dallas Mavericks,2023-11-14 17:00:00,4,0,0,0,0,4.0,4,18.0,5.0,18.0,0
2023-11-14,Denver Nuggets,2023-11-14 17:00:00,4,0,0,0,0,4.0,4,69.0,45.0,69.0,2
2023-11-14,Detroit Pistons,2023-11-14 17:00:00,8,0,0,0,0,8.0,8,44.0,10.0,44.0,0
2023-11-14,Golden State Warriors,2023-11-14 17:00:00,1,0,0,0,0,1.0,2,8.0,5.0,4.25,0
2023-11-14,Indiana Pacers,2023-11-14 17:00:00,1,0,3,0,0,2.5,4,18.0,5.0,9.75,0
2023-11-14,LA Clippers,2023-11-14 17:00:00,2,0,0,0,1,2.0,4,16.0,5.0,7.25,0
2023-11-14,Los Angeles Lakers,2023-11-14 17:00:00,3,0,1,1,0,3.75,6,20.0,5.0,12.05,0
2023-11-14,Memphis Grizzlies,2023-11-14 17:00:00,6,0,1,0,0,6.5,8,259.0,180.0,251.4,2
2023-11-14,Miami Heat,2023-11-14 17:00:00,4,0,0,1,2,4.25,7,32.0,10.0,23.45,0
2023-11-14,Minnesota Timberwolves,2023-11-14 17:00:00,4,0,0,0,0,4.0,5,30.0,12.0,26.25,0
2023-11-14,New Orleans Pelicans,2023-11-14 17:00:00,5,0,1,0,0,5.5,6,49.0,25.0,47.35,1
2023-11-14,Oklahoma City Thunder,2023-11-14 17:00:00,2,0,0,0,0,2.0,2,10.0,5.0,10.0,0
2023-11-14,Orlando Magic,2023-11-14 17:00:00,6,0,0,0,0,6.0,6,53.0,25.0,53.0,1
2023-11-14,Philadelphia 76ers,2023-11-14 17:00:00,5,0,1,0,0,5.5,6,46.0,25.0,44.35,1
2023-11-14,Portland Trail Blazers,2023-11-14 17:00:00,4,0,0,0,0,4.0,5,35.0,14.0,31.25,1
2023-11-14,San Antonio Spurs,2023-11-14 17:00:00,6,0,2,0,0,7.0,9,37.0,5.0,29.95,0
2023-11-14,Utah Jazz,2023-11-14 17:00:00,6,0,0,1,0,6.25,8,43.0,10.0,30.75,0
2023-11-15,Atlanta Hawks,2023-11-15 17:00:00,4,0,0,0,0,4.0,5,85.0,45.0,81.25,2
2023-11-15,Boston Celtics,2023-11-15 17:00:00,3,0,3,0,0,4.5,6,25.0,5.0,19.5,0
2023-11-15,Chicago Bulls,2023-11-15 17:00:00,5,0,1,1,1,5.75,8,72.0,45.0,62.8,1
2023-11-15,Cleveland Cavaliers,2023-11-15 17:00:00,5,0,0,0,0,5.0,6,32.0,10.0,28.25,0
2023-11-15,Dallas Mavericks,2023-11-15 17:00:00,4,0,1,0,0,4.5,6,26.0,5.0,20.6,0
2023-11-15,Los Angeles Lakers,2023-11-15 17:00:00,3,0,1,1,0,3.75,6,20.0,5.0,12.05,0
2023-11-15,Milwaukee Bucks,2023-11-15 17:00:00,4,0,0,0,0,4.0,4,70.0,45.0,70.0,1
2023-11-15,Minnesota Timberwolves,2023-11-15 17:00:00,4,0,0,0,0,4.0,5,30.0,12.0,26.25,0
2023-11-15,New York Knicks,2023-11-15 17:00:00,0,0,1,0,0,0.5,1,3.0,3.0,1.35,0
2023-11-15,Orlando Magic,2023-11-15 17:00:00,4,0,0,0,1,4.0,6,53.0,25.0,39.25,1
2023-11-15,Philadelphia 76ers,2023-11-15 17:00:00,5,0,1,1,0,5.75,8,54.0,25.0,46.05,1
2023-11-15,Phoenix Suns,2023-11-15 17:00:00,1,0,0,3,1,1.75,6,69.0,45.0,48.65,1
2023-11-15,Portland Trail Blazers,2023-11-15 17:00:00,4,0,0,1,0,4.25,6,38.0,14.0,31.7,1
2023-11-15,Sacramento Kings,2023-11-15 17:00:00,4,0,0,0,1,4.0,6,40.0,10.0,31.25,0
2023-11-15,Toronto Raptors,2023-11-15 17:00:00,3,2,1,0,0,5.0,6,22.0,5.0,18.85,0
2023-11-15,Washington Wizards,2023-11-15 17:00:00,1,0,0,0,0,1.0,1,12.0,12.0,12.0,0
2023-11-16,Brooklyn Nets,2023-11-16 17:00:00,7,0,0,0,0,7.0,7,38.0,10.0,38.0,0
2023-11-16,Golden State Warriors,2023-11-16 17:00:00,2,0,0,0,0,2.0,2,8.0,5.0,8.0,0
2023-11-16,Miami Heat,2023-11-16 17:00:00,3,0,0,0,4,3.0,7,39.0,12.0,27.0,0
2023-11-16,Oklahoma City Thunder,2023-11-16 17:00:00,2,0,0,0,0,2.0,2,10.0,5.0,10.0,0
2023-11-17,Atlanta Hawks,2023-11-17 17:00:00,4,0,0,0,0,4.0,4,80.0,45.0,80.0,2
2023-11-17,Boston Celtics,2023-11-17 17:00:00,3,0,0,0,3,3.0,6,24.0,5.0,15.0,0
2023-11-17,Charlotte Hornets,2023-11-17 17:00:00,6,0,0,0,2,6.0,8,121.0,45.0,97.0,2
2023-11-17,Chicago Bulls,2023-11-17 17:00:00,5,0,1,1,0,5.75,7,69.0,45.0,64.8,1
2023-11-17,Cleveland Cavaliers,2023-11-17 17:00:00,4,0,2,0,0,5.0,6,41.0,14.0,31.65,1
2023-11-17,Denver Nuggets,2023-11-17 17:00:00,4,0,0,0,0,4.0,5,74.0,45.0,70.25,2
2023-11-17,Detroit Pistons,2023-11-17 17:00:00,7,0,0,0,1,7.0,8,43.0,10.0,40.0,0
2023-11-17,Houston Rockets,2023-11-17 17:00:00,2,0,0,0,0,2.0,2,13.0,10.0,13.0,0
2023-11-17,LA Clippers,2023-11-17 17:00:00,3,0,0,0,0,3.0,4,16.0,5.0,12.25,0
2023-11-17,Los Angeles Lakers,2023-11-17 17:00:00,6,0,1,1,0,6.75,9,35.0,5.0,27.05,0
2023-11-17,Milwaukee Bucks,2023-11-17 17:00:00,2,0,1,1,0,2.75,4,69.0,45.0,60.1,1
2023-11-17,New Orleans Pelicans,2023-11-17 17:00:00,4,1,0,0,0,4.75,6,51.0,25.0,44.75,1
2023-11-17,New York Knicks,2023-11-17 17:00:00,4,0,2,0,0,5.0,6,26.0,5.0,22.7,0
2023-11-17,Orlando Magic,2023-11-17 17:00:00,3,0,1,0,0,3.5,4,36.0,25.0,34.35,1
2023-11-17,Philadelphia 76ers,2023-11-17 17:00:00,5,0,1,0,0,5.5,6,46.0,25.0,44.35,1
2023-11-17,Phoenix Suns,2023-11-17 17:00:00,2,0,0,0,3,2.0,6,69.0,45.0,49.25,1
2023-11-17,Portland Trail Blazers,2023-11-17 17:00:00,5,0,0,0,1,5.0,7,45.0,14.0,36.25,1
2023-11-17,Sacramento Kings,2023-11-17 17:00:00,4,0,0,0,0,4.0,4,30.0,10.0,30.0,0
2023-11-17,San Antonio Spurs,2023-11-17 17:00:00,2,0,0,0,2,2.0,4,25.0,14.0,17.0,1
2023-11-17,Toronto Raptors,2023-11-17 17:00:00,6,1,0,1,0,7.0,8,30.0,5.0,26.7,0
2023-11-17,Utah Jazz,2023-11-17 17:00:00,4,0,0,0,2,4.0,7,33.0,5.0,19.25,0
2023-11-17,Washington Wizards,2023-11-17 17:00:00,4,0,0,0,0,4.0,4,27.0,12.0,27.0,0
2023-11-18,Charlotte Hornets,2023-11-18 17:00:00,7,0,0,0,0,7.0,8,108.0,45.0,104.25,2
2023-11-18,Chicago Bulls,2023-11-18 17:00:00,6,0,0,1,0,6.25,8,76.0,45.0,69.7,1
2023-11-18,Dallas Mavericks,2023-11-18 17:00:00,4,0,0,0,0,4.0,4,18.0,5.0,18.0,0
2023-11-18,Golden State Warriors,2023-11-18 17:00:00,2,0,1,0,0,2.5,3,11.0,5.0,9.35,0
2023-11-18,Memphis Grizzlies,2023-11-18 17:00:00,7,0,2,0,0,8.0,10,263.0,180.0,253.75,2
2023-11-18,Miami Heat,2023-11-18 17:00:00,5,0,0,0,3,5.0,8,46.0,12.0,37.0,0
2023-11-18,Milwaukee Bucks,2023-11-18 17:00:00,4,0,0,1,1,4.25,7,83.0,45.0,70.85,1
2023-11-18,Minnesota Timberwolves,2023-11-18 17:00:00,4,0,0,0,0,4.0,4,25.0,12.0,25.0,0
2023-11-18,New Orleans Pelicans,2023-11-18 17:00:00,7,0,0,0,0,7.0,8,61.0,25.0,57.25,1
2023-11-18,New York Knicks,2023-11-18 17:00:00,6,0,1,0,0,6.5,8,34.0,5.0,28.6,0
2023-11-18,Oklahoma City Thunder,2023-11-18 17:00:00,2,0,0,0,1,2.0,4,20.0,5.0,11.25,0
2023-11-18,San Antonio Spurs,2023-11-18 17:00:00,3,0,0,0,0,3.0,4,18.0,5.0,14.25,0
2023-11-19,Boston Celtics,2023-11-19 17:00:00,3,0,1,0,0,3.5,5,23.0,5.0,17.6,0
2023-11-19,Brooklyn Nets,2023-11-19 17:00:00,8,0,0,0,0,8.0,8,41.0,10.0,41.0,0
2023-11-19,Cleveland Cavaliers,2023-11-19 17:00:00,6,0,0,0,0,6.0,6,41.0,14.0,41.0,1
2023-11-19,Dallas Mavericks,2023-11-19 17:00:00,5,0,1,0,0,5.5,7,29.0,5.0,23.6,0
2023-11-19,Denver Nuggets,2023-11-19 17:00:00,2,0,0,0,0,2.0,3,64.0,45.0,60.25,2
2023-11-19,Detroit Pistons,2023-11-19 17:00:00,8,0,0,0,0,8.0,9,48.0,10.0,44.25,0
2023-11-19,Houston Rockets,2023-11-19 17:00:00,2,0,0,0,1,2.0,4,22.0,10.0,14.25,0
2023-11-19,Indiana Pacers,2023-11-19 17:00:00,4,0,0,0,1,4.0,5,23.0,5.0,18.0,0
2023-11-19,Los Angeles Lakers,2023-11-19 17:00:00,3,0,2,1,0,4.25,7,25.0,5.0,15.4,0
2023-11-19,Memphis Grizzlies,2023-11-19 17:00:00,8,1,0,0,0,8.75,10,226.0,180.0,221.5,1
2023-11-19,Oklahoma City Thunder,2023-11-19 17:00:00,3,0,0,0,0,3.0,4,18.0,5.0,14.25,0
2023-11-19,Orlando Magic,2023-11-19 17:00:00,4,0,0,0,1,4.0,5,41.0,25.0,38.0,1
2023-11-19,Philadelphia 76ers,2023-11-19 17:00:00,4,0,0,0,0,4.0,4,40.0,25.0,40.0,1
2023-11-19,Phoenix Suns,2023-11-19 17:00:00,3,0,0,0,1,3.0,5,59.0,45.0,52.25,1
2023-11-19,Portland Trail Blazers,2023-11-19 17:00:00,5,0,0,0,4,5.0,10,67.0,14.0,43.25,1
2023-11-19,Sacramento Kings,2023-11-19 17:00:00,4,0,0,0,0,4.0,5,33.0,10.0,29.25,0
2023-11-19,Toronto Raptors,2023-11-19 17:00:00,4,0,0,0,1,4.0,5,24.0,10.0,21.0,0
2023-11-19,Utah Jazz,2023-11-19 17:00:00,4,0,0,0,2,4.0,7,33.0,5.0,19.25,0
2023-11-20,Boston Celtics,2023-11-20 17:00:00,3,0,0,0,0,3.0,4,18.0,5.0,14.25,0
2023-11-20,Charlotte Hornets,2023-11-20 17:00:00,7,0,0,0,0,7.0,7,103.0,45.0,103.0,2
2023-11-20,Chicago Bulls,2023-11-20 17:00:00,5,1,0,1,0,6.0,7,71.0,45.0,67.7,1
2023-11-20,Denver Nuggets,2023-11-20 17:00:00,2,0,0,0,0,2.0,3,64.0,45.0,60.25,2
2023-11-20,Detroit Pistons,2023-11-20 17:00:00,5,0,2,1,0,6.25,9,48.0,10.0,34.0,0
2023-11-20,Golden State Warriors,2023-11-20 17:00:00,2,0,0,1,0,2.25,4,16.0,5.0,9.7,0
2023-11-20,Houston Rockets,2023-11-20 17:00:00,3,0,1,0,0,3.5,5,25.0,10.0,19.6,0
2023-11-20,LA Clippers,2023-11-20 17:00:00,3,0,0,0,0,3.0,3,11.0,5.0,11.0,0
2023-11-20,Miami Heat,2023-11-20 17:00:00,5,0,0,0,3,5.0,8,46.0,12.0,37.0,0
2023-11-20,Milwaukee Bucks,2023-11-20 17:00:00,6,0,0,0,0,6.0,6,80.0,45.0,80.0,1
2023-11-20,Minnesota Timberwolves,2023-11-20 17:00:00,4,0,0,0,0,4.0,4,25.0,12.0,25.0,0
2023-11-20,New Orleans Pelicans,2023-11-20 17:00:00,5,0,1,1,0,5.75,8,59.0,25.0,45.1,1
2023-11-20,New York Knicks,2023-11-20 17:00:00,4,0,2,0,0,5.0,7,31.0,5.0,23.95,0
2023-11-20,Sacramento Kings,2023-11-20 17:00:00,4,0,2,0,0,5.0,7,46.0,10.0,38.95,0
2023-11-20,San Antonio Spurs,2023-11-20 17:00:00,1,0,0,0,5,1.0,6,28.0,5.0,3.0,0
2023-11-20,Washington Wizards,2023-11-20 17:00:00,1,0,0,0,1,1.0,2,15.0,12.0,12.0,0
2023-11-21,Atlanta Hawks,2023-11-21 17:00:00,5,0,0,0,0,5.0,5,83.0,45.0,83.0,2
2023-11-21,Cleveland Cavaliers,2023-11-21 17:00:00,4,0,1,0,0,4.5,5,36.0,14.0,34.35,1
2023-11-21,Indiana Pacers,2023-11-21 17:00:00,0,0,4,0,0,2.0,4,18.0,5.0,8.1,0
2023-11-21,Los Angeles Lakers,2023-11-21 17:00:00,3,0,2,1,0,4.25,7,25.0,5.0,15.4,0
2023-11-21,Orlando Magic,2023-11-21 17:00:00,4,0,0,0,0,4.0,4,38.0,25.0,38.0,1
2023-11-21,Philadelphia 76ers,2023-11-21 17:00:00,4,0,0,0,0,4.0,4,40.0,25.0,40.0,1
2023-11-21,Phoenix Suns,2023-11-21 17:00:00,3,0,0,0,1,3.0,5,59.0,45.0,52.25,1
2023-11-21,Portland Trail Blazers,2023-11-21 17:00:00,4,0,6,0,0,7.0,11,72.0,14.0,46.8,1
2023-11-21,Toronto Raptors,2023-11-21 17:00:00,5,0,0,0,0,5.0,5,21.0,5.0,21.0,0
2023-11-21,Utah Jazz,2023-11-21 17:00:00,6,0,0,0,0,6.0,7,33.0,5.0,29.25,0
2023-11-22,Atlanta Hawks,2023-11-22 17:00:00,4,0,1,0,0,4.5,6,88.0,45.0,82.6,2
2023-11-22,Boston Celtics,2023-11-22 17:00:00,4,0,1,0,0,4.5,5,23.0,5.0,21.35,0
2023-11-22,Brooklyn Nets,2023-11-22 17:00:00,7,0,0,0,0,7.0,7,36.0,10.0,36.0,0
2023-11-22,Charlotte Hornets,2023-11-22 17:00:00,7,0,0,0,0,7.0,7,103.0,45.0,103.0,2
2023-11-22,Chicago Bulls,2023-11-22 17:00:00,6,0,0,3,0,6.75,9,79.0,45.0,71.35,1
2023-11-22,Cleveland Cavaliers,2023-11-22 17:00:00,4,1,1,0,0,5.25,7,52.0,14.0,43.55,1
2023-11-22,Dallas Mavericks,2023-11-22 17:00:00,4,0,1,0,0,4.5,5,21.0,5.0,19.35,0
2023-11-22,Denver Nuggets,2023-11-22 17:00:00,2,0,0,1,0,2.25,3,69.0,45.0,60.5,2
2023-11-22,Golden State Warriors,2023-11-22 17:00:00,2,0,0,0,0,2.0,2,8.0,5.0,8.0,0
2023-11-22,Houston Rockets,2023-11-22 17:00:00,5,0,0,0,0,5.0,5,28.0,10.0,28.0,0
2023-11-22,Indiana Pacers,2023-11-22 17:00:00,0,0,5,0,0,2.5,6,26.0,5.0,10.7,0
2023-11-22,LA Clippers,2023-11-22 17:00:00,2,0,0,0,0,2.0,3,11.0,5.0,7.25,0
2023-11-22,Los Angeles Lakers,2023-11-22 17:00:00,3,0,1,2,0,4.0,7,23.0,5.0,12.5,0
2023-11-22,Memphis Grizzlies,2023-11-22 17:00:00,7,0,0,0,0,7.0,8,251.0,180.0,247.25,2
2023-11-22,Miami Heat,2023-11-22 17:00:00,6,0,0,1,0,6.25,7,43.0,12.0,40.45,0
2023-11-22,Milwaukee Bucks,2023-11-22 17:00:00,4,0,0,0,3,4.0,7,83.0,45.0,60.0,1
2023-11-22,Minnesota Timberwolves,2023-11-22 17:00:00,3,0,0,0,0,3.0,4,30.0,12.0,26.25,0
2023-11-22,New Orleans Pelicans,2023-11-22 17:00:00,4,0,1,0,1,4.5,6,51.0,25.0,32.25,1
2023-11-22,Oklahoma City Thunder,2023-11-22 17:00:00,1,0,0,0,0,1.0,2,8.0,5.0,4.25,0
2023-11-22,Orlando Magic,2023-11-22 17:00:00,5,0,0,0,0,5.0,6,48.0,25.0,44.25,1
2023-11-22,Philadelphia 76ers,2023-11-22 17:00:00,5,0,0,0,0,5.0,6,48.0,25.0,44.25,1
2023-11-22,Phoenix Suns,2023-11-22 17:00:00,3,0,0,0,1,3.0,5,59.0,45.0,52.25,1
2023-11-22,Portland Trail Blazers,2023-11-22 17:00:00,5,0,1,0,0,5.5,7,41.0,12.0,31.75,0
2023-11-22,Sacramento Kings,2023-11-22 17:00:00,3,0,4,0,0,5.0,8,49.0,10.0,34.8,0
2023-11-22,San Antonio Spurs,2023-11-22 17:00:00,1,0,0,0,1,1.0,2,10.0,5.0,5.0,0
2023-11-22,Toronto Raptors,2023-11-22 17:00:00,5,0,0,0,0,5.0,6,26.0,5.0,22.25,0
2023-11-22,Utah Jazz,2023-11-22 17:00:00,6,0,0,0,0,6.0,7,33.0,5.0,29.25,0
2023-11-22,Washington Wizards,2023-11-22 17:00:00,2,0,0,0,1,2.0,3,27.0,12.0,24.0,0
2023-11-24,Boston Celtics,2023-11-24 17:00:00,5,0,0,0,1,5.0,6,33.0,10.0,30.0,0
2023-11-24,Chicago Bulls,2023-11-24 17:00:00,4,0,2,0,0,5.0,6,66.0,45.0,62.7,1
2023-11-24,Denver Nuggets,2023-11-24 17:00:00,2,0,0,0,0,2.0,2,59.0,45.0,59.0,2
2023-11-24,Detroit Pistons,2023-11-24 17:00:00,5,0,0,0,0,5.0,5,26.0,10.0,26.0,0
2023-11-24,Golden State Warriors,2023-11-24 17:00:00,1,0,1,0,0,1.5,2,8.0,5.0,6.35,0
2023-11-24,Houston Rockets,2023-11-24 17:00:00,5,0,0,0,0,5.0,5,28.0,10.0,28.0,0
2023-11-24,Indiana Pacers,2023-11-24 17:00:00,0,0,6,0,0,3.0,6,24.0,5.0,10.8,0
2023-11-24,LA Clippers,2023-11-24 17:00:00,2,0,1,0,0,2.5,3,9.0,3.0,7.35,0
2023-11-24,Memphis Grizzlies,2023-11-24 17:00:00,7,0,0,0,1,7.0,8,249.0,180.0,246.0,2
2023-11-24,Miami Heat,2023-11-24 17:00:00,6,0,0,0,1,6.0,7,283.0,240.0,280.0,1
2023-11-24,Milwaukee Bucks,2023-11-24 17:00:00,1,0,1,0,3,1.5,5,63.0,45.0,46.35,1
2023-11-24,Minnesota Timberwolves,2023-11-24 17:00:00,4,0,0,0,0,4.0,4,30.0,12.0,30.0,0
2023-11-24,New Orleans Pelicans,2023-11-24 17:00:00,4,0,0,0,0,4.0,4,21.0,10.0,21.0,0
2023-11-24,New York Knicks,2023-11-24 17:00:00,4,0,1,0,0,4.5,5,23.0,5.0,21.35,0
2023-11-24,Orlando Magic,2023-11-24 17:00:00,5,0,0,0,0,5.0,5,43.0,25.0,43.0,1
2023-11-24,Phoenix Suns,2023-11-24 17:00:00,5,0,0,0,0,5.0,5,64.0,45.0,64.0,1
2023-11-24,Sacramento Kings,2023-11-24 17:00:00,4,0,1,0,0,4.5,5,31.0,10.0,29.35,0
2023-11-24,San Antonio Spurs,2023-11-24 17:00:00,5,0,0,0,0,5.0,5,25.0,5.0,25.0,0
2023-11-24,Toronto Raptors,2023-11-24 17:00:00,4,0,2,0,0,5.0,6,24.0,5.0,20.7,0
2023-11-24,Washington Wizards,2023-11-24 17:00:00,2,0,1,0,0,2.5,3,27.0,12.0,25.35,0
2023-11-25,Atlanta Hawks,2023-11-25 17:00:00,4,0,0,0,0,4.0,4,80.0,45.0,80.0,2
2023-11-25,Brooklyn Nets,2023-11-25 17:00:00,3,0,0,0,0,3.0,3,16.0,10.0,16.0,0
2023-11-25,Cleveland Cavaliers,2023-11-25 17:00:00,3,0,2,0,0,4.0,5,43.0,14.0,33.1,1
2023-11-25,Dallas Mavericks,2023-11-25 17:00:00,5,0,0,0,0,5.0,5,21.0,5.0,21.0,0
2023-11-25,LA Clippers,2023-11-25 17:00:00,2,0,0,0,0,2.0,3,11.0,5.0,7.25,0
2023-11-25,Los Angeles Lakers,2023-11-25 17:00:00,4,0,1,1,0,4.75,6,40.0,25.0,35.8,1
2023-11-25,Miami Heat,2023-11-25 17:00:00,7,0,0,0,0,7.0,8,293.0,240.0,289.25,1
2023-11-25,New Orleans Pelicans,2023-11-25 17:00:00,5,0,0,0,0,5.0,6,31.0,10.0,27.25,0
2023-11-25,Oklahoma City Thunder,2023-11-25 17:00:00,1,0,0,0,1,1.0,3,13.0,5.0,4.25,0
2023-11-25,Philadelphia 76ers,2023-11-25 17:00:00,5,0,0,0,1,5.0,7,51.0,25.0,44.25,1
2023-11-25,Utah Jazz,2023-11-25 17:00:00,7,0,0,1,0,7.25,9,39.0,5.0,32.7,0
2023-11-25,Washington Wizards,2023-11-25 17:00:00,4,0,1,0,0,4.5,6,40.0,12.0,34.6,0
2023-11-26,Atlanta Hawks,2023-11-26 17:00:00,5,0,0,0,0,5.0,6,110.0,45.0,106.25,3
2023-11-26,Boston Celtics,2023-11-26 17:00:00,4,0,0,0,0,4.0,4,30.0,10.0,30.0,0
2023-11-26,Brooklyn Nets,2023-11-26 17:00:00,3,0,0,1,0,3.25,5,31.0,10.0,18.75,0
2023-11-26,Charlotte Hornets,2023-11-26 17:00:00,5,0,0,0,2,5.0,7,101.0,45.0,88.0,2
2023-11-26,Chicago Bulls,2023-11-26 17:00:00,4,0,2,0,0,5.0,6,66.0,45.0,62.7,1
2023-11-26,Cleveland Cavaliers,2023-11-26 17:00:00,5,0,1,0,0,5.5,7,43.0,10.0,37.6,0
2023-11-26,Denver Nuggets,2023-11-26 17:00:00,2,0,2,3,0,3.75,7,81.0,45.0,64.1,2
2023-11-26,Memphis Grizzlies,2023-11-26 17:00:00,8,0,0,0,0,8.0,9,256.0,180.0,252.25,2
2023-11-26,Milwaukee Bucks,2023-11-26 17:00:00,2,0,0,0,1,2.0,4,56.0,45.0,49.25,1
2023-11-26,Minnesota Timberwolves,2023-11-26 17:00:00,4,0,0,0,1,4.0,6,38.0,12.0,31.25,0
2023-11-26,New York Knicks,2023-11-26 17:00:00,4,0,0,0,0,4.0,4,20.0,5.0,20.0,0
2023-11-26,Orlando Magic,2023-11-26 17:00:00,5,0,0,0,0,5.0,5,43.0,25.0,43.0,1
2023-11-26,Phoenix Suns,2023-11-26 17:00:00,4,0,0,0,2,4.0,6,67.0,45.0,54.0,1
2023-11-26,Portland Trail Blazers,2023-11-26 17:00:00,5,0,0,0,1,5.0,7,36.0,12.0,29.25,0
2023-11-26,San Antonio Spurs,2023-11-26 17:00:00,5,0,0,0,0,5.0,6,30.0,5.0,26.25,0
2023-11-26,Toronto Raptors,2023-11-26 17:00:00,5,0,0,0,0,5.0,5,23.0,5.0,23.0,0
2023-11-27,Denver Nuggets,2023-11-27 17:00:00,4,0,1,1,0,4.75,7,76.0,45.0,68.05,2
2023-11-27,Detroit Pistons,2023-11-27 17:00:00,5,0,0,0,0,5.0,5,26.0,10.0,26.0,0
2023-11-27,Indiana Pacers,2023-11-27 17:00:00,0,0,4,0,0,2.0,4,18.0,5.0,8.1,0
2023-11-27,LA Clippers,2023-11-27 17:00:00,2,0,0,0,0,2.0,3,11.0,5.0,7.25,0
2023-11-27,Los Angeles Lakers,2023-11-27 17:00:00,3,0,2,1,0,4.25,6,47.0,25.0,37.300000000000004,1
2023-11-27,New Orleans Pelicans,2023-11-27 17:00:00,4,0,0,0,0,4.0,5,26.0,10.0,22.25,0
2023-11-27,Philadelphia 76ers,2023-11-27 17:00:00,6,0,0,0,0,6.0,6,46.0,25.0,46.0,1
2023-11-27,Portland Trail Blazers,2023-11-27 17:00:00,5,0,0,0,0,5.0,6,33.0,12.0,29.25,0
2023-11-27,Utah Jazz,2023-11-27 17:00:00,4,0,0,0,1,4.0,6,37.0,14.0,30.25,1
2023-11-27,Washington Wizards,2023-11-27 17:00:00,4,0,1,0,0,4.5,5,35.0,12.0,29.5,0
2023-11-28,Atlanta Hawks,2023-11-28 17:00:00,5,0,0,0,0,5.0,5,105.0,45.0,105.0,3
2023-11-28,Boston Celtics,2023-11-28 17:00:00,4,0,1,1,1,4.75,7,43.0,10.0,29.95,0
2023-11-28,Brooklyn Nets,2023-11-28 17:00:00,5,0,1,1,1,5.75,8,42.0,10.0,27.8,0
2023-11-28,Charlotte Hornets,2023-11-28 17:00:00,5,0,0,0,1,5.0,6,91.0,45.0,46.0,1
2023-11-28,Chicago Bulls,2023-11-28 17:00:00,4,0,2,0,0,5.0,6,66.0,45.0,62.7,1
2023-11-28,Cleveland Cavaliers,2023-11-28 17:00:00,5,0,0,0,0,5.0,5,35.0,10.0,35.0,0
2023-11-28,Dallas Mavericks,2023-11-28 17:00:00,4,0,1,0,0,4.5,5,21.0,5.0,19.35,0
2023-11-28,Golden State Warriors,2023-11-28 17:00:00,1,0,0,0,0,1.0,2,8.0,5.0,4.25,0
2023-11-28,Houston Rockets,2023-11-28 17:00:00,2,0,0,0,4,2.0,7,35.0,10.0,14.25,0
2023-11-28,Miami Heat,2023-11-28 17:00:00,4,0,1,1,1,4.75,7,286.0,240.0,274.55,1
2023-11-28,Milwaukee Bucks,2023-11-28 17:00:00,4,0,1,0,0,4.5,5,63.0,45.0,61.35,1
2023-11-28,Minnesota Timberwolves,2023-11-28 17:00:00,3,0,0,0,0,3.0,3,25.0,12.0,25.0,0
2023-11-28,New York Knicks,2023-11-28 17:00:00,5,0,0,0,0,5.0,5,25.0,5.0,25.0,0
2023-11-28,Sacramento Kings,2023-11-28 17:00:00,1,1,1,0,0,2.25,4,28.0,10.0,18.0,0
2023-11-28,Toronto Raptors,2023-11-28 17:00:00,5,0,0,0,0,5.0,5,23.0,5.0,23.0,0
2023-11-29,Denver Nuggets,2023-11-29 17:00:00,2,0,4,1,2,4.25,9,86.0,45.0,60.8,2
2023-11-29,Detroit Pistons,2023-11-29 17:00:00,5,0,0,0,1,5.0,6,31.0,10.0,26.0,0
2023-11-29,Houston Rockets,2023-11-29 17:00:00,4,0,1,0,0,4.5,6,32.0,10.0,26.6,0
2023-11-29,LA Clippers,2023-11-29 17:00:00,2,0,0,0,0,2.0,3,11.0,5.0,7.25,0
2023-11-29,Los Angeles Lakers,2023-11-29 17:00:00,3,0,1,2,0,4.0,6,47.0,25.0,34.3,1
2023-11-29,Memphis Grizzlies,2023-11-29 17:00:00,8,0,0,0,0,8.0,9,256.0,180.0,252.25,2
2023-11-29,New Orleans Pelicans,2023-11-29 17:00:00,1,2,0,1,0,2.75,5,26.0,10.0,16.45,0
2023-11-29,Orlando Magic,2023-11-29 17:00:00,5,0,1,0,0,5.5,6,46.0,25.0,44.35,1
2023-11-29,Philadelphia 76ers,2023-11-29 17:00:00,6,0,0,0,0,6.0,6,46.0,25.0,46.0,1
2023-11-29,Phoenix Suns,2023-11-29 17:00:00,3,0,2,0,0,4.0,5,57.0,45.0,53.7,1
2023-11-29,Sacramento Kings,2023-11-29 17:00:00,2,0,0,0,0,2.0,3,18.0,10.0,14.25,0
2023-11-29,Toronto Raptors,2023-11-29 17:00:00,4,0,0,0,0,4.0,5,23.0,5.0,19.25,0
2023-11-29,Utah Jazz,2023-11-29 17:00:00,6,0,0,2,0,6.5,9,55.0,14.0,40.2,1
2023-11-29,Washington Wizards,2023-11-29 17:00:00,2,0,0,0,0,2.0,2,15.0,12.0,15.0,0
2023-11-30,Atlanta Hawks,2023-11-30 17:00:00,5,0,0,0,0,5.0,6,110.0,45.0,106.25,3
2023-11-30,Brooklyn Nets,2023-11-30 17:00:00,7,0,1,0,1,7.5,9,42.0,10.0,30.35,0
2023-11-30,Charlotte Hornets,2023-11-30 17:00:00,5,0,1,0,0,5.5,6,56.0,25.0,50.5,1
2023-11-30,Chicago Bulls,2023-11-30 17:00:00,2,0,5,0,0,4.5,7,76.0,45.0,61.7,1
2023-11-30,Cleveland Cavaliers,2023-11-30 17:00:00,5,0,0,0,0,5.0,5,35.0,10.0,35.0,0
2023-11-30,Detroit Pistons,2023-11-30 17:00:00,5,0,0,0,0,5.0,6,31.0,10.0,27.25,0
2023-11-30,Golden State Warriors,2023-11-30 17:00:00,4,0,0,0,0,4.0,5,24.0,10.0,20.25,0
2023-11-30,Indiana Pacers,2023-11-30 17:00:00,1,0,5,0,0,3.5,6,24.0,5.0,12.45,0
2023-11-30,LA Clippers,2023-11-30 17:00:00,2,0,1,0,0,2.5,4,14.0,5.0,8.6,0
2023-11-30,Los Angeles Lakers,2023-11-30 17:00:00,3,0,4,1,0,5.25,9,51.0,25.0,38.1,1
2023-11-30,Miami Heat,2023-11-30 17:00:00,3,0,1,0,3,3.5,7,286.0,240.0,266.5,1
2023-11-30,Milwaukee Bucks,2023-11-30 17:00:00,6,0,0,0,0,6.0,6,75.0,45.0,75.0,1
2023-11-30,Minnesota Timberwolves,2023-11-30 17:00:00,4,1,0,0,0,4.75,5,33.0,12.0,32.25,0
2023-11-30,New York Knicks,2023-11-30 17:00:00,3,0,0,1,0,3.25,4,25.0,10.0,16.5,0
2023-11-30,Oklahoma City Thunder,2023-11-30 17:00:00,2,0,0,0,0,2.0,3,15.0,5.0,11.25,0
2023-11-30,Portland Trail Blazers,2023-11-30 17:00:00,5,0,0,0,0,5.0,5,28.0,12.0,28.0,0
2023-11-30,San Antonio Spurs,2023-11-30 17:00:00,2,1,1,0,2,3.25,7,31.0,5.0,14.85,0
2023-11-30,Utah Jazz,2023-11-30 17:00:00,5,0,2,0,0,6.0,8,50.0,14.0,39.1,1
2023-12-01,Boston Celtics,2023-12-01 17:00:00,4,0,0,0,0,4.0,4,25.0,10.0,25.0,0
2023-12-01,Dallas Mavericks,2023-12-01 17:00:00,4,0,1,0,1,4.5,6,27.0,10.0,15.35,0
2023-12-01,Denver Nuggets,2023-12-01 17:00:00,4,0,2,1,0,5.25,8,81.0,45.0,67.55,1
2023-12-01,Memphis Grizzlies,2023-12-01 17:00:00,7,0,1,0,0,7.5,9,256.0,180.0,248.4,2
2023-12-01,New Orleans Pelicans,2023-12-01 17:00:00,2,1,1,1,0,3.5,6,58.0,25.0,43.7,1
2023-12-01,New York Knicks,2023-12-01 17:00:00,4,0,1,0,0,4.5,6,28.0,5.0,22.6,0
2023-12-01,Orlando Magic,2023-12-01 17:00:00,4,0,0,0,3,4.0,7,68.0,25.0,38.0,1
2023-12-01,Philadelphia 76ers,2023-12-01 17:00:00,5,0,2,2,0,6.5,9,33.0,5.0,24.6,0
2023-12-01,Phoenix Suns,2023-12-01 17:00:00,3,0,0,0,0,3.0,4,63.0,45.0,59.25,1
2023-12-01,San Antonio Spurs,2023-12-01 17:00:00,5,0,0,1,0,5.25,7,29.0,5.0,22.7,0
2023-12-01,Toronto Raptors,2023-12-01 17:00:00,5,0,0,0,0,5.0,5,21.0,5.0,21.0,0
2023-12-01,Washington Wizards,2023-12-01 17:00:00,2,0,0,0,0,2.0,2,15.0,12.0,15.0,0
2023-12-02,Atlanta Hawks,2023-12-02 17:00:00,5,0,0,0,0,5.0,6,110.0,45.0,106.25,3
2023-12-02,Brooklyn Nets,2023-12-02 17:00:00,7,0,1,0,1,7.5,9,44.0,14.0,39.35,1
2023-12-02,Charlotte Hornets,2023-12-02 17:00:00,4,0,0,0,2,4.0,6,63.0,25.0,47.0,1
2023-12-02,Chicago Bulls,2023-12-02 17:00:00,5,0,1,0,0,5.5,6,71.0,45.0,65.5,1
2023-12-02,Cleveland Cavaliers,2023-12-02 17:00:00,6,0,0,0,0,6.0,6,39.0,10.0,39.0,0
2023-12-02,Dallas Mavericks,2023-12-02 17:00:00,2,0,3,0,0,3.5,6,20.0,5.0,11.3,0
2023-12-02,Denver Nuggets,2023-12-02 17:00:00,4,0,2,1,0,5.25,8,81.0,45.0,67.55,1
2023-12-02,Detroit Pistons,2023-12-02 17:00:00,4,0,0,2,0,4.5,6,51.0,25.0,21.25,1
2023-12-02,Golden State Warriors,2023-12-02 17:00:00,4,0,0,0,0,4.0,4,19.0,10.0,19.0,0
2023-12-02,Houston Rockets,2023-12-02 17:00:00,2,0,0,0,0,2.0,3,18.0,10.0,14.25,0
2023-12-02,Indiana Pacers,2023-12-02 17:00:00,1,0,4,0,0,3.0,5,21.0,5.0,11.1,0
2023-12-02,LA Clippers,2023-12-02 17:00:00,2,0,0,0,0,2.0,3,11.0,5.0,7.25,0
2023-12-02,Los Angeles Lakers,2023-12-02 17:00:00,1,0,1,3,0,2.25,6,20.0,5.0,6.95,0
2023-12-02,Memphis Grizzlies,2023-12-02 17:00:00,7,2,0,0,0,8.5,10,262.0,180.0,255.0,2
2023-12-02,Miami Heat,2023-12-02 17:00:00,4,0,0,1,2,4.25,7,286.0,240.0,266.5,1
2023-12-02,Milwaukee Bucks,2023-12-02 17:00:00,2,0,1,0,3,2.5,6,73.0,45.0,56.35,1
2023-12-02,Minnesota Timberwolves,2023-12-02 17:00:00,5,0,0,0,1,5.0,6,36.0,12.0,33.0,0
2023-12-02,New Orleans Pelicans,2023-12-02 17:00:00,4,0,1,0,0,4.5,6,53.0,25.0,43.75,1
2023-12-02,Oklahoma City Thunder,2023-12-02 17:00:00,2,0,0,0,0,2.0,3,15.0,5.0,11.25,0
2023-12-02,Orlando Magic,2023-12-02 17:00:00,5,0,1,0,0,5.5,7,58.0,25.0,48.75,1
2023-12-02,Phoenix Suns,2023-12-02 17:00:00,2,0,2,0,0,3.0,5,66.0,45.0,55.1,1
2023-12-02,Portland Trail Blazers,2023-12-02 17:00:00,3,0,3,0,0,4.5,7,38.0,12.0,26.0,0
2023-12-02,Sacramento Kings,2023-12-02 17:00:00,3,0,0,0,2,3.0,6,33.0,10.0,19.25,0
2023-12-02,Utah Jazz,2023-12-02 17:00:00,8,0,0,0,1,8.0,10,60.0,14.0,51.25,1
2023-12-04,Boston Celtics,2023-12-04 17:00:00,2,0,0,0,0,2.0,2,15.0,10.0,15.0,0
2023-12-04,Indiana Pacers,2023-12-04 17:00:00,1,0,5,0,0,3.5,6,31.0,10.0,15.6,0
2023-12-04,New Orleans Pelicans,2023-12-04 17:00:00,2,0,0,0,0,2.0,2,28.0,25.0,28.0,1
2023-12-04,Sacramento Kings,2023-12-04 17:00:00,2,0,0,0,0,2.0,2,13.0,10.0,13.0,0
2023-12-05,Los Angeles Lakers,2023-12-05 17:00:00,1,0,1,3,0,2.25,6,42.0,25.0,10.25,1
2023-12-05,Milwaukee Bucks,2023-12-05 17:00:00,2,0,1,0,0,2.5,3,58.0,45.0,56.35,1
2023-12-05,New York Knicks,2023-12-05 17:00:00,1,0,2,0,3,2.0,6,26.0,5.0,7.7,0
2023-12-05,Phoenix Suns,2023-12-05 17:00:00,2,0,1,0,0,2.5,4,56.0,45.0,50.6,1
2023-12-06,Atlanta Hawks,2023-12-06 17:00:00,5,0,0,0,0,5.0,5,105.0,45.0,105.0,3
2023-12-06,Brooklyn Nets,2023-12-06 17:00:00,7,0,0,0,0,7.0,7,42.0,14.0,42.0,1
2023-12-06,Charlotte Hornets,2023-12-06 17:00:00,4,0,1,0,0,4.5,6,55.0,25.0,49.6,1
2023-12-06,Chicago Bulls,2023-12-06 17:00:00,5,0,1,1,0,5.75,7,68.0,45.0,63.8,1
2023-12-06,Cleveland Cavaliers,2023-12-06 17:00:00,4,0,1,0,0,4.5,5,34.0,10.0,28.5,0
2023-12-06,Dallas Mavericks,2023-12-06 17:00:00,4,0,1,0,2,4.5,7,25.0,5.0,17.35,0
2023-12-06,Denver Nuggets,2023-12-06 17:00:00,4,0,1,1,0,4.75,7,78.0,45.0,66.2,1
2023-12-06,Detroit Pistons,2023-12-06 17:00:00,5,0,0,0,1,5.0,6,24.0,5.0,21.0,0
2023-12-06,Golden State Warriors,2023-12-06 17:00:00,1,0,0,2,0,1.5,3,16.0,10.0,10.899999999999999,0
2023-12-06,Houston Rockets,2023-12-06 17:00:00,6,0,1,0,0,6.5,8,34.0,5.0,28.6,0
2023-12-06,LA Clippers,2023-12-06 17:00:00,2,0,0,0,0,2.0,3,11.0,5.0,7.25,0
2023-12-06,Memphis Grizzlies,2023-12-06 17:00:00,7,0,0,0,0,7.0,7,244.0,180.0,244.0,2
2023-12-06,Miami Heat,2023-12-06 17:00:00,6,0,0,0,1,6.0,7,276.0,240.0,273.0,1
2023-12-06,Minnesota Timberwolves,2023-12-06 17:00:00,4,0,1,0,0,4.5,5,33.0,12.0,31.35,0
2023-12-06,Oklahoma City Thunder,2023-12-06 17:00:00,3,0,0,0,0,3.0,4,20.0,5.0,16.25,0
2023-12-06,Orlando Magic,2023-12-06 17:00:00,5,0,1,0,0,5.5,6,53.0,25.0,47.5,1
2023-12-06,Philadelphia 76ers,2023-12-06 17:00:00,3,0,0,1,0,3.25,4,18.0,5.0,15.45,0
2023-12-06,Portland Trail Blazers,2023-12-06 17:00:00,3,1,1,0,0,4.25,6,32.0,12.0,25.85,0
2023-12-06,San Antonio Spurs,2023-12-06 17:00:00,5,0,0,0,2,5.0,7,35.0,5.0,25.0,0
2023-12-06,Toronto Raptors,2023-12-06 17:00:00,5,0,0,0,0,5.0,5,23.0,5.0,23.0,0
2023-12-06,Utah Jazz,2023-12-06 17:00:00,7,0,0,0,0,7.0,8,52.0,14.0,48.25,1
2023-12-06,Washington Wizards,2023-12-06 17:00:00,3,0,3,0,1,4.5,7,48.0,12.0,30.35,0
2023-12-07,Indiana Pacers,2023-12-07 17:00:00,3,0,0,0,1,3.0,4,18.0,5.0,13.0,0
2023-12-07,Los Angeles Lakers,2023-12-07 17:00:00,1,0,1,2,1,2.0,6,42.0,25.0,6.5,0
2023-12-07,Milwaukee Bucks,2023-12-07 17:00:00,2,0,0,0,0,2.0,3,60.0,45.0,56.25,1
2023-12-07,New Orleans Pelicans,2023-12-07 17:00:00,2,0,0,0,0,2.0,3,33.0,25.0,29.25,1
2023-12-08,Atlanta Hawks,2023-12-08 17:00:00,6,0,0,0,0,6.0,6,108.0,45.0,108.0,3
2023-12-08,Boston Celtics,2023-12-08 17:00:00,3,0,0,0,1,3.0,4,25.0,10.0,15.0,0
2023-12-08,Brooklyn Nets,2023-12-08 17:00:00,7,0,1,0,0,7.5,8,45.0,14.0,43.35,1
2023-12-08,Charlotte Hornets,2023-12-08 17:00:00,5,0,0,0,2,5.0,7,65.0,25.0,57.0,1
2023-12-08,Chicago Bulls,2023-12-08 17:00:00,5,0,0,2,1,5.5,8,74.0,45.0,63.900000000000006,1
2023-12-08,Cleveland Cavaliers,2023-12-08 17:00:00,4,0,1,0,0,4.5,5,27.0,10.0,25.35,0
2023-12-08,Dallas Mavericks,2023-12-08 17:00:00,5,0,0,0,0,5.0,5,19.0,5.0,19.0,0
2023-12-08,Denver Nuggets,2023-12-08 17:00:00,4,0,0,1,0,4.25,6,75.0,45.0,62.75,1
2023-12-08,Detroit Pistons,2023-12-08 17:00:00,5,0,0,0,1,5.0,6,31.0,10.0,28.0,0
2023-12-08,Golden State Warriors,2023-12-08 17:00:00,1,0,1,0,0,1.5,3,18.0,10.0,12.6,0
2023-12-08,Houston Rockets,2023-12-08 17:00:00,6,0,0,0,0,6.0,7,31.0,5.0,27.25,0
2023-12-08,LA Clippers,2023-12-08 17:00:00,3,0,1,0,0,3.5,5,21.0,5.0,15.6,0
2023-12-08,Memphis Grizzlies,2023-12-08 17:00:00,6,1,0,0,2,6.75,10,259.0,180.0,244.5,2
2023-12-08,Miami Heat,2023-12-08 17:00:00,4,0,0,1,1,4.25,6,269.0,240.0,257.5,1
2023-12-08,Minnesota Timberwolves,2023-12-08 17:00:00,5,0,1,0,0,5.5,7,45.0,12.0,34.65,0
2023-12-08,New York Knicks,2023-12-08 17:00:00,4,0,0,0,0,4.0,4,20.0,5.0,20.0,0
2023-12-08,Oklahoma City Thunder,2023-12-08 17:00:00,1,2,0,0,1,2.5,5,25.0,5.0,13.75,0
2023-12-08,Orlando Magic,2023-12-08 17:00:00,6,0,0,0,0,6.0,6,51.0,25.0,51.0,1
2023-12-08,Philadelphia 76ers,2023-12-08 17:00:00,3,0,0,0,0,3.0,3,15.0,5.0,15.0,0
2023-12-08,Phoenix Suns,2023-12-08 17:00:00,4,0,0,0,0,4.0,5,73.0,45.0,69.25,1
2023-12-08,Portland Trail Blazers,2023-12-08 17:00:00,3,1,5,0,0,6.25,10,52.0,12.0,34.85,0
2023-12-08,Sacramento Kings,2023-12-08 17:00:00,2,0,1,0,0,2.5,4,21.0,10.0,15.6,0
2023-12-08,San Antonio Spurs,2023-12-08 17:00:00,3,0,0,0,0,3.0,3,15.0,5.0,15.0,0
2023-12-08,Toronto Raptors,2023-12-08 17:00:00,5,0,0,0,1,5.0,6,28.0,5.0,23.0,0
2023-12-08,Utah Jazz,2023-12-08 17:00:00,5,0,0,2,0,5.5,8,52.0,14.0,37.2,1
2023-12-08,Washington Wizards,2023-12-08 17:00:00,6,0,1,0,0,6.5,7,48.0,12.0,42.5,0
2023-12-09,Indiana Pacers,2023-12-09 17:00:00,2,0,3,0,0,3.5,6,26.0,5.0,14.0,0
2023-12-09,Los Angeles Lakers,2023-12-09 17:00:00,1,0,0,3,1,1.75,6,42.0,25.0,5.6,0
2023-12-11,Atlanta Hawks,2023-12-11 17:00:00,5,0,0,0,1,5.0,6,108.0,45.0,103.0,3
2023-12-11,Brooklyn Nets,2023-12-11 17:00:00,6,0,0,0,0,6.0,6,35.0,14.0,35.0,1
2023-12-11,Charlotte Hornets,2023-12-11 17:00:00,6,0,0,0,1,6.0,7,58.0,25.0,53.0,1
2023-12-11,Chicago Bulls,2023-12-11 17:00:00,5,0,1,1,0,5.75,7,76.0,45.0,67.95,1
2023-12-11,Cleveland Cavaliers,2023-12-11 17:00:00,5,0,0,0,0,5.0,5,27.0,10.0,27.0,0
2023-12-11,Dallas Mavericks,2023-12-11 17:00:00,6,0,0,0,0,6.0,6,22.0,5.0,22.0,0
2023-12-11,Denver Nuggets,2023-12-11 17:00:00,4,0,0,1,0,4.25,5,70.0,45.0,61.5,1
2023-12-11,Detroit Pistons,2023-12-11 17:00:00,5,1,0,0,0,5.75,6,31.0,10.0,30.25,0
2023-12-11,Houston Rockets,2023-12-11 17:00:00,4,0,2,0,1,5.0,7,27.0,5.0,20.7,0
2023-12-11,Indiana Pacers,2023-12-11 17:00:00,2,0,4,0,0,4.0,6,24.0,5.0,14.1,0
2023-12-11,LA Clippers,2023-12-11 17:00:00,2,0,0,0,0,2.0,2,6.0,3.0,6.0,0
2023-12-11,Memphis Grizzlies,2023-12-11 17:00:00,6,0,1,0,0,6.5,7,244.0,180.0,242.35,2
2023-12-11,Miami Heat,2023-12-11 17:00:00,5,0,2,0,2,6.0,9,282.0,240.0,264.6,1
2023-12-11,Milwaukee Bucks,2023-12-11 17:00:00,5,0,1,0,0,5.5,6,80.0,45.0,74.5,1
2023-12-11,Minnesota Timberwolves,2023-12-11 17:00:00,2,0,3,0,0,3.5,5,33.0,12.0,19.25,0
2023-12-11,New Orleans Pelicans,2023-12-11 17:00:00,2,0,0,0,1,2.0,3,31.0,25.0,28.0,1
2023-12-11,New York Knicks,2023-12-11 17:00:00,1,0,2,0,0,2.0,3,16.0,10.0,8.85,0
2023-12-11,Oklahoma City Thunder,2023-12-11 17:00:00,2,0,0,0,0,2.0,2,15.0,10.0,15.0,0
2023-12-11,Orlando Magic,2023-12-11 17:00:00,4,0,2,0,0,5.0,6,51.0,25.0,43.85,1
2023-12-11,Philadelphia 76ers,2023-12-11 17:00:00,3,0,1,0,0,3.5,4,18.0,5.0,16.35,0
2023-12-11,Portland Trail Blazers,2023-12-11 17:00:00,3,0,4,0,0,5.0,7,37.0,12.0,28.2,0
2023-12-11,Sacramento Kings,2023-12-11 17:00:00,1,0,2,0,0,2.0,3,16.0,10.0,12.7,0
2023-12-11,San Antonio Spurs,2023-12-11 17:00:00,5,0,0,0,1,5.0,6,28.0,5.0,23.0,0
2023-12-11,Toronto Raptors,2023-12-11 17:00:00,5,0,0,0,0,5.0,5,21.0,5.0,21.0,0
2023-12-11,Utah Jazz,2023-12-11 17:00:00,6,0,1,0,0,6.5,7,40.0,14.0,38.35,1
2023-12-11,Washington Wizards,2023-12-11 17:00:00,5,0,0,0,0,5.0,5,31.0,12.0,31.0,0
2023-12-12,Boston Celtics,2023-12-12 17:00:00,3,0,0,0,0,3.0,3,15.0,5.0,15.0,0
2023-12-12,Chicago Bulls,2023-12-12 17:00:00,5,0,1,2,0,6.0,9,84.0,45.0,69.65,1
2023-12-12,Cleveland Cavaliers,2023-12-12 17:00:00,4,0,1,0,0,4.5,6,33.0,10.0,27.05,0
2023-12-12,Dallas Mavericks,2023-12-12 17:00:00,3,0,3,0,0,4.5,7,23.0,5.0,14.3,0
2023-12-12,Denver Nuggets,2023-12-12 17:00:00,4,0,1,1,0,4.75,7,78.0,45.0,66.2,1
2023-12-12,Golden State Warriors,2023-12-12 17:00:00,1,0,0,0,0,1.0,2,15.0,10.0,11.25,0
2023-12-12,LA Clippers,2023-12-12 17:00:00,2,0,1,0,0,2.5,4,21.0,10.0,11.75,0
2023-12-12,Los Angeles Lakers,2023-12-12 17:00:00,3,0,3,0,1,4.5,8,50.0,25.0,16.3,0
2023-12-12,Phoenix Suns,2023-12-12 17:00:00,4,0,0,0,0,4.0,5,76.0,45.0,72.25,1
2023-12-12,Sacramento Kings,2023-12-12 17:00:00,3,0,0,0,0,3.0,4,25.0,10.0,21.25,0
2023-12-13,Atlanta Hawks,2023-12-13 17:00:00,5,0,1,1,0,5.75,7,109.0,45.0,104.8,3
2023-12-13,Brooklyn Nets,2023-12-13 17:00:00,6,0,0,0,0,6.0,7,40.0,14.0,36.25,1
2023-12-13,Charlotte Hornets,2023-12-13 17:00:00,6,1,0,0,0,6.75,7,60.0,25.0,59.25,1
2023-12-13,Detroit Pistons,2023-12-13 17:00:00,6,0,0,0,0,6.0,6,31.0,10.0,31.0,0
2023-12-13,Houston Rockets,2023-12-13 17:00:00,4,0,2,0,0,5.0,7,29.0,5.0,21.95,0
2023-12-13,Indiana Pacers,2023-12-13 17:00:00,2,0,3,0,0,3.5,5,21.0,5.0,12.75,0
2023-12-13,Los Angeles Lakers,2023-12-13 17:00:00,3,0,3,0,1,4.5,8,50.0,25.0,16.3,0
2023-12-13,Memphis Grizzlies,2023-12-13 17:00:00,6,0,1,0,0,6.5,8,249.0,180.0,243.6,2
2023-12-13,Miami Heat,2023-12-13 17:00:00,6,0,0,0,2,6.0,8,277.0,240.0,264.0,1
2023-12-13,Milwaukee Bucks,2023-12-13 17:00:00,6,0,0,0,0,6.0,6,80.0,45.0,80.0,1
2023-12-13,New Orleans Pelicans,2023-12-13 17:00:00,3,0,1,0,1,3.5,5,46.0,25.0,37.5,1
2023-12-13,New York Knicks,2023-12-13 17:00:00,5,0,1,0,0,5.5,7,73.0,45.0,67.6,1
2023-12-13,Philadelphia 76ers,2023-12-13 17:00:00,3,0,0,0,0,3.0,3,15.0,5.0,15.0,0
2023-12-13,Phoenix Suns,2023-12-13 17:00:00,3,0,1,1,0,3.75,6,79.0,45.0,63.45,1
2023-12-13,San Antonio Spurs,2023-12-13 17:00:00,4,0,0,0,0,4.0,5,260.0,240.0,256.25,1
2023-12-13,Toronto Raptors,2023-12-13 17:00:00,4,0,2,0,0,5.0,6,24.0,5.0,20.7,0
2023-12-13,Utah Jazz,2023-12-13 17:00:00,5,0,0,2,2,5.5,10,62.0,14.0,33.8,2
2023-12-13,Washington Wizards,2023-12-13 17:00:00,6,0,1,0,0,6.5,7,42.0,12.0,40.35,0
2023-12-14,Boston Celtics,2023-12-14 17:00:00,2,0,1,1,0,2.75,4,23.0,10.0,14.95,0
2023-12-14,Brooklyn Nets,2023-12-14 17:00:00,6,0,1,0,0,6.5,8,43.0,14.0,37.6,1
2023-12-14,Chicago Bulls,2023-12-14 17:00:00,5,0,1,0,0,5.5,6,73.0,45.0,67.5,1
2023-12-14,Cleveland Cavaliers,2023-12-14 17:00:00,4,0,0,0,0,4.0,4,24.0,10.0,24.0,0
2023-12-14,Dallas Mavericks,2023-12-14 17:00:00,4,0,1,1,0,4.75,6,18.0,3.0,13.8,0
2023-12-14,Denver Nuggets,2023-12-14 17:00:00,5,0,0,2,0,5.5,8,84.0,45.0,69.2,1
2023-12-14,Golden State Warriors,2023-12-14 17:00:00,2,0,0,0,0,2.0,3,20.0,10.0,16.25,0
2023-12-14,LA Clippers,2023-12-14 17:00:00,2,0,2,0,0,3.0,5,17.0,5.0,9.95,0
2023-12-14,Miami Heat,2023-12-14 17:00:00,6,0,0,0,2,6.0,9,282.0,240.0,265.25,1
2023-12-14,Minnesota Timberwolves,2023-12-14 17:00:00,4,0,3,0,0,5.5,8,48.0,12.0,30.5,0
2023-12-14,Oklahoma City Thunder,2023-12-14 17:00:00,1,0,0,0,0,1.0,1,5.0,5.0,5.0,0
2023-12-14,Portland Trail Blazers,2023-12-14 17:00:00,2,0,6,0,0,5.0,9,40.0,6.0,21.95,0
2023-12-14,Sacramento Kings,2023-12-14 17:00:00,1,0,1,0,0,1.5,3,18.0,10.0,12.6,0
2023-12-14,Utah Jazz,2023-12-14 17:00:00,8,0,0,0,0,8.0,9,47.0,14.0,43.25,1
2023-12-15,Atlanta Hawks,2023-12-15 17:00:00,5,0,1,0,0,5.5,6,106.0,45.0,104.35,3
2023-12-15,Boston Celtics,2023-12-15 17:00:00,5,1,1,0,0,6.25,8,32.0,5.0,25.85,0
2023-12-15,Charlotte Hornets,2023-12-15 17:00:00,6,0,0,0,0,6.0,6,53.0,25.0,53.0,1
2023-12-15,Detroit Pistons,2023-12-15 17:00:00,6,0,0,0,0,6.0,6,31.0,10.0,31.0,0
2023-12-15,Houston Rockets,2023-12-15 17:00:00,4,1,1,0,0,5.25,7,29.0,5.0,22.85,0
2023-12-15,Indiana Pacers,2023-12-15 17:00:00,2,0,3,0,0,3.5,5,21.0,5.0,12.75,0
2023-12-15,Los Angeles Lakers,2023-12-15 17:00:00,3,0,5,1,1,5.75,11,59.0,25.0,19.45,0
2023-12-15,Memphis Grizzlies,2023-12-15 17:00:00,6,0,1,0,0,6.5,8,249.0,180.0,243.6,2
2023-12-15,New Orleans Pelicans,2023-12-15 17:00:00,4,0,1,0,1,4.5,6,93.0,45.0,84.5,2
2023-12-15,New York Knicks,2023-12-15 17:00:00,4,0,0,0,0,4.0,5,65.0,45.0,61.25,1
2023-12-15,Orlando Magic,2023-12-15 17:00:00,3,0,1,0,0,3.5,4,38.0,25.0,36.35,1
2023-12-15,Philadelphia 76ers,2023-12-15 17:00:00,3,0,0,0,0,3.0,3,15.0,5.0,15.0,0
2023-12-15,Phoenix Suns,2023-12-15 17:00:00,2,0,1,0,2,2.5,6,91.0,45.0,50.6,1
2023-12-15,San Antonio Spurs,2023-12-15 17:00:00,3,0,0,0,0,3.0,4,255.0,240.0,251.25,1
2023-12-15,Toronto Raptors,2023-12-15 17:00:00,4,0,0,0,0,4.0,4,18.0,5.0,18.0,0
2023-12-15,Washington Wizards,2023-12-15 17:00:00,6,0,0,0,1,6.0,7,48.0,12.0,38.0,0
2023-12-16,Atlanta Hawks,2023-12-16 17:00:00,5,0,3,0,0,6.5,9,124.0,45.0,111.45,3
2023-12-16,Brooklyn Nets,2023-12-16 17:00:00,7,0,0,1,0,7.25,9,48.0,14.0,41.7,1
2023-12-16,Charlotte Hornets,2023-12-16 17:00:00,7,0,1,0,1,7.5,10,71.0,25.0,60.6,1
2023-12-16,Chicago Bulls,2023-12-16 17:00:00,5,0,1,0,0,5.5,6,73.0,45.0,67.5,1
2023-12-16,Cleveland Cavaliers,2023-12-16 17:00:00,4,0,0,0,0,4.0,4,44.0,25.0,44.0,1
2023-12-16,Dallas Mavericks,2023-12-16 17:00:00,4,0,0,0,1,4.0,5,15.0,3.0,12.0,0
2023-12-16,Denver Nuggets,2023-12-16 17:00:00,5,0,0,2,0,5.5,7,79.0,45.0,67.95,1
2023-12-16,Detroit Pistons,2023-12-16 17:00:00,6,0,0,0,1,6.0,8,39.0,10.0,32.25,0
2023-12-16,Golden State Warriors,2023-12-16 17:00:00,2,0,0,0,0,2.0,3,20.0,10.0,16.25,0
2023-12-16,Indiana Pacers,2023-12-16 17:00:00,2,0,4,0,0,4.0,7,29.0,5.0,15.35,0
2023-12-16,LA Clippers,2023-12-16 17:00:00,3,0,2,0,0,4.0,6,22.0,5.0,14.95,0
2023-12-16,Miami Heat,2023-12-16 17:00:00,3,0,1,0,2,3.5,6,264.0,240.0,254.35,1
2023-12-16,Milwaukee Bucks,2023-12-16 17:00:00,5,0,0,0,3,5.0,8,75.0,45.0,62.0,1
2023-12-16,Minnesota Timberwolves,2023-12-16 17:00:00,4,0,1,0,0,4.5,5,21.0,5.0,19.35,0
2023-12-16,New York Knicks,2023-12-16 17:00:00,4,0,0,1,0,4.25,6,68.0,45.0,61.7,1
2023-12-16,Oklahoma City Thunder,2023-12-16 17:00:00,1,0,0,0,0,1.0,2,10.0,5.0,6.25,0
2023-12-16,Philadelphia 76ers,2023-12-16 17:00:00,3,0,0,0,0,3.0,4,20.0,5.0,16.25,0
2023-12-16,Portland Trail Blazers,2023-12-16 17:00:00,4,0,0,1,0,4.25,6,29.0,6.0,20.15,0
2023-12-16,Sacramento Kings,2023-12-16 17:00:00,4,0,1,0,0,4.5,6,33.0,10.0,27.6,0
2023-12-16,Utah Jazz,2023-12-16 17:00:00,6,0,3,0,0,7.5,10,49.0,14.0,39.2,1
2023-12-17,Boston Celtics,2023-12-17 17:00:00,4,0,0,0,1,4.0,5,21.0,5.0,18.0,0
2023-12-17,Golden State Warriors,2023-12-17 17:00:00,2,0,0,0,0,2.0,3,20.0,10.0,16.25,0
2023-12-17,Houston Rockets,2023-12-17 17:00:00,4,0,2,0,0,5.0,7,29.0,5.0,21.95,0
2023-12-17,Milwaukee Bucks,2023-12-17 17:00:00,3,0,0,0,0,3.0,4,63.0,45.0,59.25,1
2023-12-17,New Orleans Pelicans,2023-12-17 17:00:00,4,0,0,0,1,4.0,5,83.0,45.0,80.0,2
2023-12-17,Orlando Magic,2023-12-17 17:00:00,5,0,0,0,1,5.0,7,34.0,10.0,27.25,0
2023-12-17,Phoenix Suns,2023-12-17 17:00:00,3,0,1,1,0,3.75,6,69.0,45.0,61.050000000000004,1
2023-12-17,Portland Trail Blazers,2023-12-17 17:00:00,4,0,0,0,0,4.0,5,23.0,5.0,19.25,0
2023-12-17,San Antonio Spurs,2023-12-17 17:00:00,6,0,0,0,2,6.0,8,275.0,240.0,265.0,1
2023-12-17,Washington Wizards,2023-12-17 17:00:00,5,0,0,0,0,5.0,5,35.0,12.0,35.0,0
2023-12-18,Atlanta Hawks,2023-12-18 17:00:00,4,0,1,0,4,4.5,9,117.0,45.0,99.35,3
2023-12-18,Brooklyn Nets,2023-12-18 17:00:00,7,0,0,0,1,7.0,9,48.0,14.0,41.25,1
2023-12-18,Charlotte Hornets,2023-12-18 17:00:00,6,1,2,1,0,8.0,10,74.0,25.0,63.15,1
2023-12-18,Chicago Bulls,2023-12-18 17:00:00,6,0,0,0,1,6.0,7,71.0,45.0,66.0,1
2023-12-18,Cleveland Cavaliers,2023-12-18 17:00:00,5,0,0,0,0,5.0,5,49.0,25.0,49.0,1
2023-12-18,Dallas Mavericks,2023-12-18 17:00:00,4,0,1,1,0,4.75,6,25.0,10.0,20.8,0
2023-12-18,Denver Nuggets,2023-12-18 17:00:00,5,0,1,2,0,6.0,9,89.0,45.0,70.9,1
2023-12-18,Detroit Pistons,2023-12-18 17:00:00,7,0,0,0,1,7.0,8,39.0,10.0,34.0,0
2023-12-18,Houston Rockets,2023-12-18 17:00:00,5,0,0,1,0,5.25,7,29.0,5.0,22.7,0
2023-12-18,Indiana Pacers,2023-12-18 17:00:00,2,0,5,0,0,4.5,7,27.0,5.0,15.45,0
2023-12-18,LA Clippers,2023-12-18 17:00:00,3,0,1,0,0,3.5,4,14.0,5.0,12.35,0
2023-12-18,Los Angeles Lakers,2023-12-18 17:00:00,2,0,3,2,1,4.0,9,51.0,25.0,12.2,0
2023-12-18,Memphis Grizzlies,2023-12-18 17:00:00,6,1,0,0,0,6.75,8,258.0,180.0,253.5,3
2023-12-18,Miami Heat,2023-12-18 17:00:00,2,0,0,0,4,2.0,6,262.0,240.0,243.0,1
2023-12-18,Minnesota Timberwolves,2023-12-18 17:00:00,2,0,3,0,0,3.5,5,17.0,5.0,12.05,0
2023-12-18,New York Knicks,2023-12-18 17:00:00,4,0,0,0,0,4.0,5,65.0,45.0,61.25,1
2023-12-18,Oklahoma City Thunder,2023-12-18 17:00:00,1,0,0,0,0,1.0,1,5.0,5.0,5.0,0
2023-12-18,Philadelphia 76ers,2023-12-18 17:00:00,5,0,1,0,0,5.5,6,26.0,5.0,24.35,0
2023-12-18,Sacramento Kings,2023-12-18 17:00:00,3,0,1,0,0,3.5,5,28.0,10.0,22.6,0
2023-12-18,Toronto Raptors,2023-12-18 17:00:00,4,0,0,0,0,4.0,4,18.0,5.0,18.0,0
2023-12-18,Utah Jazz,2023-12-18 17:00:00,7,0,1,0,1,7.5,10,51.0,14.0,42.6,1
2023-12-18,Washington Wizards,2023-12-18 17:00:00,7,0,0,0,0,7.0,8,50.0,12.0,46.25,0
2023-12-19,Boston Celtics,2023-12-19 17:00:00,5,0,0,0,0,5.0,6,33.0,10.0,29.25,0
2023-12-19,Golden State Warriors,2023-12-19 17:00:00,2,0,1,0,0,2.5,4,23.0,10.0,17.6,0
2023-12-19,Memphis Grizzlies,2023-12-19 17:00:00,8,0,0,0,0,8.0,9,265.0,180.0,261.25,3
2023-12-19,Milwaukee Bucks,2023-12-19 17:00:00,5,0,0,1,0,5.25,6,68.0,45.0,65.45,1
2023-12-19,New Orleans Pelicans,2023-12-19 17:00:00,3,0,1,1,1,3.75,6,91.0,45.0,77.85,2
2023-12-19,Phoenix Suns,2023-12-19 17:00:00,3,0,0,1,1,3.25,6,91.0,45.0,59.7,1
2023-12-19,Portland Trail Blazers,2023-12-19 17:00:00,4,0,1,0,0,4.5,6,26.0,5.0,20.6,0
2023-12-19,San Antonio Spurs,2023-12-19 17:00:00,6,0,0,0,0,6.0,7,268.0,240.0,264.25,1
2023-12-20,Atlanta Hawks,2023-12-20 17:00:00,6,0,1,0,0,6.5,8,116.0,45.0,110.6,3
2023-12-20,Boston Celtics,2023-12-20 17:00:00,6,0,0,0,0,6.0,7,38.0,10.0,34.25,0
2023-12-20,Brooklyn Nets,2023-12-20 17:00:00,7,0,0,0,0,7.0,7,40.0,14.0,40.0,1
2023-12-20,Charlotte Hornets,2023-12-20 17:00:00,5,0,0,0,1,5.0,6,53.0,25.0,50.0,1
2023-12-20,Chicago Bulls,2023-12-20 17:00:00,6,0,0,2,0,6.5,9,114.0,45.0,93.25,2
2023-12-20,Cleveland Cavaliers,2023-12-20 17:00:00,4,0,1,0,0,4.5,5,88.0,45.0,86.35,2
2023-12-20,Dallas Mavericks,2023-12-20 17:00:00,6,0,0,0,0,6.0,6,29.0,10.0,29.0,0
2023-12-20,Denver Nuggets,2023-12-20 17:00:00,5,0,0,1,0,5.25,6,68.0,45.0,65.45,1
2023-12-20,Houston Rockets,2023-12-20 17:00:00,4,0,3,0,0,5.5,8,32.0,5.0,23.3,0
2023-12-20,Indiana Pacers,2023-12-20 17:00:00,1,0,7,0,0,4.5,8,34.0,5.0,16.95,0
2023-12-20,LA Clippers,2023-12-20 17:00:00,2,0,3,0,0,3.5,6,20.0,5.0,11.3,0
2023-12-20,Los Angeles Lakers,2023-12-20 17:00:00,1,0,2,2,1,2.5,7,52.0,25.0,11.0,0
2023-12-20,Miami Heat,2023-12-20 17:00:00,3,0,0,0,4,3.0,7,273.0,240.0,253.0,1
2023-12-20,Minnesota Timberwolves,2023-12-20 17:00:00,4,0,0,0,0,4.0,4,18.0,5.0,18.0,0
2023-12-20,New York Knicks,2023-12-20 17:00:00,4,0,2,0,0,5.0,6,73.0,45.0,65.85,1
2023-12-20,Orlando Magic,2023-12-20 17:00:00,4,0,0,0,1,4.0,5,28.0,10.0,23.0,0
2023-12-20,Philadelphia 76ers,2023-12-20 17:00:00,5,0,1,0,0,5.5,6,35.0,14.0,33.35,1
2023-12-20,Sacramento Kings,2023-12-20 17:00:00,4,0,1,0,0,4.5,6,33.0,10.0,27.6,0
2023-12-20,Toronto Raptors,2023-12-20 17:00:00,4,0,0,0,0,4.0,4,18.0,5.0,18.0,0
2023-12-20,Utah Jazz,2023-12-20 17:00:00,7,0,0,0,0,7.0,7,40.0,14.0,40.0,1
2023-12-21,Chicago Bulls,2023-12-21 17:00:00,6,0,0,0,0,6.0,7,94.0,45.0,90.25,2
2023-12-21,Cleveland Cavaliers,2023-12-21 17:00:00,5,0,1,0,0,5.5,7,96.0,45.0,90.6,2
2023-12-21,Detroit Pistons,2023-12-21 17:00:00,5,0,1,0,1,5.5,7,34.0,10.0,29.35,0
2023-12-21,Indiana Pacers,2023-12-21 17:00:00,0,0,8,0,0,4.0,9,39.0,5.0,16.55,0
2023-12-21,LA Clippers,2023-12-21 17:00:00,2,0,2,0,0,3.0,5,17.0,5.0,9.95,0
2023-12-21,Los Angeles Lakers,2023-12-21 17:00:00,6,0,1,1,1,6.75,10,67.0,25.0,30.2,0
2023-12-21,Memphis Grizzlies,2023-12-21 17:00:00,6,1,0,0,0,6.75,8,260.0,180.0,255.5,3
2023-12-21,Milwaukee Bucks,2023-12-21 17:00:00,5,0,0,1,0,5.25,7,73.0,45.0,66.7,1
2023-12-21,Minnesota Timberwolves,2023-12-21 17:00:00,4,0,0,0,0,4.0,5,23.0,5.0,19.25,0
2023-12-21,New Orleans Pelicans,2023-12-21 17:00:00,4,0,3,0,0,5.5,7,94.0,45.0,85.2,2
2023-12-21,Oklahoma City Thunder,2023-12-21 17:00:00,1,0,0,0,0,1.0,1,5.0,5.0,5.0,0
2023-12-21,Orlando Magic,2023-12-21 17:00:00,4,0,2,0,0,5.0,7,36.0,10.0,25.1,0
2023-12-21,Portland Trail Blazers,2023-12-21 17:00:00,5,0,0,0,0,5.0,6,26.0,5.0,22.25,0
2023-12-21,San Antonio Spurs,2023-12-21 17:00:00,3,0,1,2,0,4.0,6,259.0,240.0,252.25,1
2023-12-21,Utah Jazz,2023-12-21 17:00:00,8,0,1,0,0,8.5,10,51.0,14.0,44.5,1
2023-12-21,Washington Wizards,2023-12-21 17:00:00,4,0,0,0,0,4.0,5,35.0,12.0,31.25,0
2023-12-22,Atlanta Hawks,2023-12-22 17:00:00,6,0,0,0,0,6.0,6,108.0,45.0,108.0,3
2023-12-22,Brooklyn Nets,2023-12-22 17:00:00,6,0,0,0,1,6.0,7,40.0,14.0,37.0,1
2023-12-22,Dallas Mavericks,2023-12-22 17:00:00,6,0,1,0,0,6.5,8,33.0,10.0,27.6,0
2023-12-22,Denver Nuggets,2023-12-22 17:00:00,1,0,0,1,5,1.25,7,73.0,45.0,45.45,1
2023-12-22,Golden State Warriors,2023-12-22 17:00:00,2,0,2,0,0,3.0,4,21.0,10.0,17.7,0
2023-12-22,Houston Rockets,2023-12-22 17:00:00,1,1,1,0,3,2.25,7,29.0,5.0,7.85,0
2023-12-22,Miami Heat,2023-12-22 17:00:00,5,0,0,0,0,5.0,5,265.0,240.0,265.0,1
2023-12-22,Philadelphia 76ers,2023-12-22 17:00:00,4,0,2,1,1,5.25,8,41.0,14.0,30.15,1
2023-12-22,Phoenix Suns,2023-12-22 17:00:00,3,0,1,0,1,3.5,6,91.0,45.0,60.6,1
2023-12-22,Sacramento Kings,2023-12-22 17:00:00,4,0,2,0,0,5.0,7,36.0,10.0,28.95,0
2023-12-22,Toronto Raptors,2023-12-22 17:00:00,4,0,0,0,0,4.0,4,18.0,5.0,18.0,0
2023-12-22,Washington Wizards,2023-12-22 17:00:00,4,0,0,0,0,4.0,5,37.0,12.0,33.25,0
2023-12-23,Atlanta Hawks,2023-12-23 17:00:00,4,0,1,0,4,4.5,10,162.0,45.0,78.6,2
2023-12-23,Boston Celtics,2023-12-23 17:00:00,2,0,0,0,2,2.0,5,33.0,10.0,14.25,0
2023-12-23,Brooklyn Nets,2023-12-23 17:00:00,6,0,0,0,0,6.0,7,42.0,14.0,38.25,1
2023-12-23,Charlotte Hornets,2023-12-23 17:00:00,3,0,1,0,2,3.5,6,53.0,25.0,39.35,1
2023-12-23,Chicago Bulls,2023-12-23 17:00:00,6,0,0,0,0,6.0,6,89.0,45.0,89.0,2
2023-12-23,Cleveland Cavaliers,2023-12-23 17:00:00,5,0,2,0,0,6.0,8,99.0,45.0,91.95,2
2023-12-23,Dallas Mavericks,2023-12-23 17:00:00,4,0,0,0,0,4.0,5,24.0,10.0,20.25,0
2023-12-23,Denver Nuggets,2023-12-23 17:00:00,1,0,0,1,0,1.25,3,53.0,45.0,46.7,1
2023-12-23,Detroit Pistons,2023-12-23 17:00:00,4,1,0,1,0,5.0,6,31.0,10.0,25.95,0
2023-12-23,Golden State Warriors,2023-12-23 17:00:00,2,0,1,1,0,2.75,5,26.0,10.0,18.05,0
2023-12-23,Houston Rockets,2023-12-23 17:00:00,2,0,1,0,0,2.5,4,14.0,5.0,8.6,0
2023-12-23,Indiana Pacers,2023-12-23 17:00:00,0,0,5,0,0,2.5,5,28.0,10.0,12.6,0
2023-12-23,LA Clippers,2023-12-23 17:00:00,3,0,0,0,0,3.0,4,14.0,5.0,10.25,0
2023-12-23,Los Angeles Lakers,2023-12-23 17:00:00,0,1,2,3,0,2.5,6,25.0,10.0,9.45,0
2023-12-23,Memphis Grizzlies,2023-12-23 17:00:00,4,1,0,0,0,4.75,5,245.0,180.0,244.25,3
2023-12-23,Milwaukee Bucks,2023-12-23 17:00:00,1,0,0,0,2,1.0,3,51.0,45.0,45.0,1
2023-12-23,Minnesota Timberwolves,2023-12-23 17:00:00,5,0,0,0,0,5.0,6,26.0,5.0,22.25,0
2023-12-23,New Orleans Pelicans,2023-12-23 17:00:00,3,0,0,0,1,3.0,4,83.0,45.0,80.0,2
2023-12-23,New York Knicks,2023-12-23 17:00:00,3,0,0,0,0,3.0,3,58.0,45.0,58.0,1
2023-12-23,Oklahoma City Thunder,2023-12-23 17:00:00,1,0,0,0,1,1.0,3,20.0,10.0,11.25,0
2023-12-23,Orlando Magic,2023-12-23 17:00:00,6,0,0,0,0,6.0,6,31.0,10.0,31.0,0
2023-12-23,Portland Trail Blazers,2023-12-23 17:00:00,3,0,0,1,0,3.25,5,24.0,8.0,13.45,0
2023-12-23,Sacramento Kings,2023-12-23 17:00:00,1,0,1,0,0,1.5,3,18.0,10.0,12.6,0
2023-12-23,San Antonio Spurs,2023-12-23 17:00:00,3,0,0,0,1,3.0,5,260.0,240.0,251.25,1
2023-12-23,Toronto Raptors,2023-12-23 17:00:00,3,0,0,0,1,3.0,5,23.0,5.0,14.25,0
2023-12-23,Utah Jazz,2023-12-23 17:00:00,4,0,0,0,2,4.0,6,35.0,14.0,16.0,0
2023-12-25,Boston Celtics,2023-12-25 17:00:00,2,0,0,0,2,2.0,4,19.0,10.0,6.0,0
2023-12-25,Dallas Mavericks,2023-12-25 17:00:00,3,0,1,0,0,3.5,4,19.0,10.0,13.5,0
2023-12-25,Denver Nuggets,2023-12-25 17:00:00,1,0,0,0,2,1.0,3,51.0,45.0,45.0,1
2023-12-25,Golden State Warriors,2023-12-25 17:00:00,2,0,0,0,1,2.0,3,18.0,10.0,15.0,0
2023-12-25,Los Angeles Lakers,2023-12-25 17:00:00,1,0,0,0,5,1.0,6,25.0,10.0,3.0,0
2023-12-25,Miami Heat,2023-12-25 17:00:00,4,0,0,0,0,4.0,4,256.0,240.0,256.0,1
2023-12-25,Milwaukee Bucks,2023-12-25 17:00:00,1,0,0,0,1,1.0,2,48.0,45.0,45.0,1
2023-12-25,New York Knicks,2023-12-25 17:00:00,2,0,0,0,0,2.0,2,55.0,45.0,55.0,1
2023-12-25,Philadelphia 76ers,2023-12-25 17:00:00,4,0,0,2,0,4.5,6,40.0,14.0,34.9,1
2023-12-25,Phoenix Suns,2023-12-25 17:00:00,3,0,0,3,1,3.75,7,92.0,45.0,59.35,1
2023-12-26,Atlanta Hawks,2023-12-26 17:00:00,5,0,2,0,0,6.0,8,94.0,45.0,74.85,2
2023-12-26,Brooklyn Nets,2023-12-26 17:00:00,6,0,0,0,0,6.0,6,37.0,14.0,37.0,1
2023-12-26,Charlotte Hornets,2023-12-26 17:00:00,4,1,1,0,0,5.25,7,63.0,25.0,53.0,1
2023-12-26,Chicago Bulls,2023-12-26 17:00:00,5,0,1,0,1,5.5,7,92.0,45.0,85.35,2
2023-12-26,Detroit Pistons,2023-12-26 17:00:00,4,0,1,3,0,5.25,8,37.0,10.0,21.75,0
2023-12-26,Houston Rockets,2023-12-26 17:00:00,1,0,0,0,2,1.0,4,14.0,5.0,4.25,0
2023-12-26,Indiana Pacers,2023-12-26 17:00:00,1,0,3,0,0,2.5,4,18.0,5.0,9.75,0
2023-12-26,LA Clippers,2023-12-26 17:00:00,2,0,1,0,0,2.5,4,14.0,5.0,8.6,0
2023-12-26,Memphis Grizzlies,2023-12-26 17:00:00,6,0,2,0,0,7.0,9,263.0,180.0,255.95,3
2023-12-26,Minnesota Timberwolves,2023-12-26 17:00:00,1,0,1,0,0,1.5,3,11.0,5.0,5.6,0
2023-12-26,New Orleans Pelicans,2023-12-26 17:00:00,1,1,1,0,0,2.25,3,80.0,45.0,68.25,2
2023-12-26,Oklahoma City Thunder,2023-12-26 17:00:00,0,0,1,0,1,0.5,2,8.0,5.0,1.35,0
2023-12-26,Orlando Magic,2023-12-26 17:00:00,6,0,0,0,1,6.0,7,34.0,10.0,31.0,0
2023-12-26,Portland Trail Blazers,2023-12-26 17:00:00,3,0,2,0,0,4.0,6,24.0,5.0,16.95,0
2023-12-26,Sacramento Kings,2023-12-26 17:00:00,3,0,0,0,2,3.0,6,30.0,5.0,16.25,0
2023-12-26,San Antonio Spurs,2023-12-26 17:00:00,3,0,2,1,0,4.25,7,273.0,240.0,258.45,1
2023-12-26,Utah Jazz,2023-12-26 17:00:00,3,0,0,0,2,3.0,6,26.0,5.0,16.25,0
2023-12-27,Brooklyn Nets,2023-12-27 17:00:00,5,0,1,0,0,5.5,7,52.0,14.0,46.6,1
2023-12-27,Cleveland Cavaliers,2023-12-27 17:00:00,4,1,2,0,0,5.75,7,94.0,45.0,89.95,2
2023-12-27,Dallas Mavericks,2023-12-27 17:00:00,4,0,3,0,0,5.5,8,30.0,5.0,21.3,0
2023-12-27,Houston Rockets,2023-12-27 17:00:00,5,0,1,0,0,5.5,7,29.0,5.0,23.6,0
2023-12-27,Milwaukee Bucks,2023-12-27 17:00:00,3,0,1,0,0,3.5,4,59.0,45.0,56.8,1
2023-12-27,New York Knicks,2023-12-27 17:00:00,4,0,0,0,0,4.0,4,65.0,45.0,65.0,1
2023-12-27,Oklahoma City Thunder,2023-12-27 17:00:00,2,2,0,0,0,3.5,5,25.0,5.0,18.75,0
2023-12-27,Orlando Magic,2023-12-27 17:00:00,5,0,0,0,1,5.0,7,41.0,10.0,32.25,0
2023-12-27,Philadelphia 76ers,2023-12-27 17:00:00,5,0,0,0,0,5.0,5,39.0,14.0,39.0,1
2023-12-27,Phoenix Suns,2023-12-27 17:00:00,2,0,0,1,2,2.25,6,91.0,45.0,56.7,1
2023-12-27,Toronto Raptors,2023-12-27 17:00:00,5,0,0,0,0,5.0,5,28.0,10.0,28.0,0
2023-12-27,Washington Wizards,2023-12-27 17:00:00,1,0,1,0,0,1.5,3,13.0,5.0,7.6,0
2023-12-28,Boston Celtics,2023-12-28 17:00:00,4,0,0,0,4,4.0,8,37.0,10.0,18.0,0
2023-12-28,Charlotte Hornets,2023-12-28 17:00:00,5,1,1,0,0,6.25,8,73.0,25.0,63.0,1
2023-12-28,Chicago Bulls,2023-12-28 17:00:00,6,0,0,0,0,6.0,6,84.0,45.0,84.0,2
2023-12-28,Dallas Mavericks,2023-12-28 17:00:00,4,0,0,0,0,4.0,5,19.0,5.0,15.25,0
2023-12-28,Denver Nuggets,2023-12-28 17:00:00,5,0,1,0,0,5.5,6,66.0,45.0,64.35,1
2023-12-28,Detroit Pistons,2023-12-28 17:00:00,5,0,0,2,0,5.5,7,27.0,5.0,21.9,0
2023-12-28,Golden State Warriors,2023-12-28 17:00:00,2,0,0,0,0,2.0,2,15.0,10.0,15.0,0
2023-12-28,Indiana Pacers,2023-12-28 17:00:00,1,0,4,0,0,3.0,6,26.0,5.0,12.35,0
2023-12-28,Los Angeles Lakers,2023-12-28 17:00:00,1,0,3,1,1,2.75,7,94.0,45.0,53.9,1
2023-12-28,Memphis Grizzlies,2023-12-28 17:00:00,6,0,2,0,0,7.0,9,263.0,180.0,255.95,3
2023-12-28,Miami Heat,2023-12-28 17:00:00,5,1,0,0,1,5.75,7,281.0,240.0,270.25,1
2023-12-28,Minnesota Timberwolves,2023-12-28 17:00:00,3,0,1,0,0,3.5,4,16.0,5.0,14.35,0
2023-12-28,New Orleans Pelicans,2023-12-28 17:00:00,3,0,0,1,1,3.25,6,88.0,45.0,60.0,2
2023-12-28,Portland Trail Blazers,2023-12-28 17:00:00,6,0,1,0,0,6.5,8,32.0,5.0,26.6,0
2023-12-28,San Antonio Spurs,2023-12-28 17:00:00,5,0,1,0,0,5.5,7,268.0,240.0,261.5,1
2023-12-28,Utah Jazz,2023-12-28 17:00:00,3,0,1,0,0,3.5,5,23.0,5.0,17.6,0
2023-12-29,Atlanta Hawks,2023-12-29 17:00:00,5,0,0,0,0,5.0,5,68.0,45.0,68.0,1
2023-12-29,Boston Celtics,2023-12-29 17:00:00,4,1,3,0,0,6.25,9,45.0,10.0,31.45,0
2023-12-29,Brooklyn Nets,2023-12-29 17:00:00,7,0,0,0,2,7.0,9,48.0,14.0,42.0,1
2023-12-29,Charlotte Hornets,2023-12-29 17:00:00,5,1,0,0,0,5.75,7,63.0,25.0,58.5,1
2023-12-29,Cleveland Cavaliers,2023-12-29 17:00:00,6,0,2,0,0,7.0,8,101.0,45.0,97.7,2
2023-12-29,Denver Nuggets,2023-12-29 17:00:00,5,0,1,1,0,5.75,8,74.0,45.0,66.05,1
2023-12-29,Houston Rockets,2023-12-29 17:00:00,6,0,1,0,0,6.5,8,39.0,10.0,33.6,0
2023-12-29,LA Clippers,2023-12-29 17:00:00,2,0,1,0,0,2.5,4,16.0,5.0,10.6,0
2023-12-29,Memphis Grizzlies,2023-12-29 17:00:00,4,2,1,0,0,6.0,8,227.0,180.0,217.35,2
2023-12-29,Milwaukee Bucks,2023-12-29 17:00:00,3,0,0,1,0,3.25,4,59.0,45.0,55.6,1
2023-12-29,New York Knicks,2023-12-29 17:00:00,4,0,0,0,0,4.0,4,65.0,45.0,65.0,1
2023-12-29,Oklahoma City Thunder,2023-12-29 17:00:00,2,0,0,0,1,2.0,3,15.0,5.0,10.0,0
2023-12-29,Orlando Magic,2023-12-29 17:00:00,3,0,2,0,1,4.0,6,47.0,14.0,28.8,1
2023-12-29,Philadelphia 76ers,2023-12-29 17:00:00,5,0,1,0,0,5.5,6,42.0,14.0,40.35,1
2023-12-29,Phoenix Suns,2023-12-29 17:00:00,1,0,2,0,1,2.0,5,95.0,45.0,55.25,1
2023-12-29,Portland Trail Blazers,2023-12-29 17:00:00,5,0,1,1,0,5.75,8,31.0,8.0,18.8,0
2023-12-29,Sacramento Kings,2023-12-29 17:00:00,3,0,0,0,0,3.0,3,15.0,5.0,15.0,0
2023-12-29,San Antonio Spurs,2023-12-29 17:00:00,6,0,1,0,0,6.5,8,271.0,240.0,265.6,1
2023-12-29,Toronto Raptors,2023-12-29 17:00:00,4,1,0,0,0,4.75,5,28.0,10.0,25.5,0
2023-12-29,Washington Wizards,2023-12-29 17:00:00,1,0,0,0,0,1.0,1,3.0,3.0,3.0,0
2023-12-30,Chicago Bulls,2023-12-30 17:00:00,6,0,0,2,0,6.5,8,104.0,45.0,87.0,2
2023-12-30,Dallas Mavericks,2023-12-30 17:00:00,2,1,2,0,0,3.75,6,22.0,5.0,14.2,0
2023-12-30,Detroit Pistons,2023-12-30 17:00:00,5,0,0,0,0,5.0,5,21.0,5.0,21.0,0
2023-12-30,Golden State Warriors,2023-12-30 17:00:00,1,0,0,0,1,1.0,2,8.0,5.0,5.0,0
2023-12-30,Indiana Pacers,2023-12-30 17:00:00,1,0,4,0,0,3.0,5,43.0,25.0,21.0,1
2023-12-30,Los Angeles Lakers,2023-12-30 17:00:00,5,0,2,1,1,6.25,9,106.0,45.0,71.3,1
2023-12-30,Miami Heat,2023-12-30 17:00:00,6,0,0,0,3,6.0,10,294.0,240.0,267.25,1
2023-12-30,Minnesota Timberwolves,2023-12-30 17:00:00,3,0,1,0,0,3.5,5,21.0,5.0,15.6,0
2023-12-30,New York Knicks,2023-12-30 17:00:00,4,0,1,0,1,4.5,7,78.0,45.0,62.6,1
2023-12-30,Philadelphia 76ers,2023-12-30 17:00:00,5,0,0,1,0,5.25,7,36.0,10.0,29.7,0
2023-12-30,Toronto Raptors,2023-12-30 17:00:00,8,0,0,0,0,8.0,9,48.0,10.0,44.25,0
2023-12-30,Utah Jazz,2023-12-30 17:00:00,5,0,0,0,0,5.0,6,30.0,5.0,26.25,0
2023-12-31,Atlanta Hawks,2023-12-31 17:00:00,6,0,0,0,1,6.0,7,74.0,45.0,71.0,1
2023-12-31,Boston Celtics,2023-12-31 17:00:00,4,0,0,0,0,4.0,5,23.0,5.0,19.25,0
2023-12-31,Brooklyn Nets,2023-12-31 17:00:00,5,0,0,0,1,5.0,6,35.0,14.0,32.0,1
2023-12-31,Los Angeles Lakers,2023-12-31 17:00:00,4,0,1,1,1,4.75,8,99.0,45.0,60.1,1
2023-12-31,Memphis Grizzlies,2023-12-31 17:00:00,4,0,3,0,0,5.5,8,260.0,180.0,245.25,3
2023-12-31,New Orleans Pelicans,2023-12-31 17:00:00,2,0,1,0,2,2.5,5,61.0,45.0,51.35,1
2023-12-31,Oklahoma City Thunder,2023-12-31 17:00:00,2,0,0,0,0,2.0,3,15.0,5.0,11.25,0
2023-12-31,Orlando Magic,2023-12-31 17:00:00,3,0,4,0,0,5.0,7,50.0,14.0,33.5,1
2023-12-31,Phoenix Suns,2023-12-31 17:00:00,2,0,0,1,0,2.25,4,63.0,45.0,50.75,1
2023-12-31,Sacramento Kings,2023-12-31 17:00:00,3,0,1,0,0,3.5,5,23.0,5.0,17.6,0
2023-12-31,San Antonio Spurs,2023-12-31 17:00:00,4,0,0,0,2,4.0,7,271.0,240.0,259.25,1
2023-12-31,Washington Wizards,2023-12-31 17:00:00,1,0,0,0,1,1.0,2,6.0,3.0,3.0,0
2024-01-01,Charlotte Hornets,2024-01-01 17:00:00,5,1,1,0,0,6.25,8,66.0,25.0,59.85,1
2024-01-01,Cleveland Cavaliers,2024-01-01 17:00:00,6,0,0,0,0,6.0,6,95.0,45.0,95.0,2
2024-01-01,Dallas Mavericks,2024-01-01 17:00:00,2,0,4,0,0,4.0,7,25.0,5.0,14.65,0
2024-01-01,Denver Nuggets,2024-01-01 17:00:00,4,0,1,1,0,4.75,7,71.0,45.0,63.05,1
2024-01-01,Detroit Pistons,2024-01-01 17:00:00,5,0,0,0,0,5.0,6,26.0,5.0,22.25,0
2024-01-01,Houston Rockets,2024-01-01 17:00:00,5,0,2,0,0,6.0,8,39.0,10.0,28.1,0
2024-01-01,Indiana Pacers,2024-01-01 17:00:00,0,1,3,0,0,2.25,5,23.0,5.0,10.25,0
2024-01-01,LA Clippers,2024-01-01 17:00:00,0,0,2,0,0,1.0,3,11.0,5.0,3.95,0
2024-01-01,Miami Heat,2024-01-01 17:00:00,3,1,2,0,2,4.75,9,85.0,45.0,65.45,1
2024-01-01,Milwaukee Bucks,2024-01-01 17:00:00,1,0,1,0,1,1.5,4,56.0,45.0,47.6,1
2024-01-01,Minnesota Timberwolves,2024-01-01 17:00:00,3,0,0,0,0,3.0,3,13.0,5.0,13.0,0
2024-01-01,New York Knicks,2024-01-01 17:00:00,2,0,0,0,0,2.0,2,55.0,45.0,55.0,1
2024-01-01,Phoenix Suns,2024-01-01 17:00:00,2,0,1,0,1,2.5,5,81.0,45.0,50.6,1
2024-01-01,Portland Trail Blazers,2024-01-01 17:00:00,3,2,4,0,0,6.5,10,41.0,8.0,25.7,0
2024-01-01,Toronto Raptors,2024-01-01 17:00:00,1,0,1,0,0,1.5,2,13.0,10.0,7.5,0
2024-01-01,Utah Jazz,2024-01-01 17:00:00,5,0,0,0,0,5.0,6,30.0,5.0,26.25,0
2024-01-02,Boston Celtics,2024-01-02 17:00:00,3,0,0,0,0,3.0,4,20.0,5.0,16.25,0
2024-01-02,Brooklyn Nets,2024-01-02 17:00:00,5,0,0,0,1,5.0,6,35.0,14.0,32.0,1
2024-01-02,Charlotte Hornets,2024-01-02 17:00:00,5,1,0,1,0,6.0,8,66.0,25.0,58.95,1
2024-01-02,Chicago Bulls,2024-01-02 17:00:00,6,0,0,0,0,6.0,6,84.0,45.0,84.0,2
2024-01-02,Golden State Warriors,2024-01-02 17:00:00,1,0,0,0,0,1.0,2,10.0,5.0,6.25,0
2024-01-02,Memphis Grizzlies,2024-01-02 17:00:00,5,0,0,0,0,5.0,6,245.0,180.0,241.25,2
2024-01-02,New Orleans Pelicans,2024-01-02 17:00:00,2,0,1,0,1,2.5,4,56.0,45.0,51.35,1
2024-01-02,Oklahoma City Thunder,2024-01-02 17:00:00,2,0,0,2,0,2.5,5,25.0,5.0,12.75,0
2024-01-02,Orlando Magic,2024-01-02 17:00:00,4,0,1,0,0,4.5,6,42.0,14.0,36.6,1
2024-01-02,Philadelphia 76ers,2024-01-02 17:00:00,3,0,0,0,3,3.0,6,24.0,5.0,9.0,0
2024-01-02,Sacramento Kings,2024-01-01 17:00:00,0,0,0,0,0,0.0,1,5.0,5.0,1.25,0
2024-01-02,San Antonio Spurs,2024-01-02 17:00:00,4,0,2,1,0,5.25,7,273.0,240.0,264.95,1
2024-01-03,Atlanta Hawks,2024-01-03 17:00:00,3,0,0,0,2,3.0,5,68.0,45.0,53.0,1
2024-01-03,Brooklyn Nets,2024-01-03 17:00:00,5,0,1,0,0,5.5,7,40.0,14.0,34.6,1
2024-01-03,Chicago Bulls,2024-01-03 17:00:00,5,0,2,1,0,6.25,9,95.0,45.0,84.3,2
2024-01-03,Cleveland Cavaliers,2024-01-03 17:00:00,6,0,0,0,0,6.0,6,95.0,45.0,95.0,2
2024-01-03,Dallas Mavericks,2024-01-03 17:00:00,3,0,1,0,0,3.5,4,14.0,5.0,12.35,0
2024-01-03,Detroit Pistons,2024-01-03 17:00:00,5,0,0,0,0,5.0,6,26.0,5.0,22.25,0
2024-01-03,Houston Rockets,2024-01-03 17:00:00,6,0,0,0,0,6.0,7,29.0,5.0,25.25,0
2024-01-03,Indiana Pacers,2024-01-03 17:00:00,0,0,5,0,0,2.5,5,21.0,5.0,9.45,0
2024-01-03,LA Clippers,2024-01-02 17:00:00,0,0,0,0,0,0.0,1,5.0,5.0,1.25,0
2024-01-03,Los Angeles Lakers,2024-01-03 17:00:00,3,0,1,2,0,4.0,7,79.0,45.0,62.55,1
2024-01-03,Memphis Grizzlies,2024-01-03 17:00:00,7,0,0,0,0,7.0,8,262.0,180.0,258.25,3
2024-01-03,Miami Heat,2024-01-03 17:00:00,3,1,1,0,0,4.25,6,72.0,45.0,64.1,1
2024-01-03,Milwaukee Bucks,2024-01-03 17:00:00,4,0,2,0,0,5.0,6,95.0,45.0,86.75,2
2024-01-03,Minnesota Timberwolves,2024-01-03 17:00:00,3,0,1,0,0,3.5,5,21.0,5.0,15.6,0
2024-01-03,New Orleans Pelicans,2024-01-03 17:00:00,2,0,1,0,1,2.5,5,61.0,45.0,52.6,1
2024-01-03,New York Knicks,2024-01-03 17:00:00,2,0,0,0,0,2.0,2,55.0,45.0,55.0,1
2024-01-03,Oklahoma City Thunder,2024-01-03 17:00:00,2,0,0,0,0,2.0,3,15.0,5.0,11.25,0
2024-01-03,Orlando Magic,2024-01-03 17:00:00,5,0,0,0,0,5.0,6,42.0,14.0,38.25,1
2024-01-03,Phoenix Suns,2024-01-03 17:00:00,2,0,0,0,1,2.0,4,78.0,45.0,49.25,1
2024-01-03,Portland Trail Blazers,2024-01-03 17:00:00,2,0,6,0,0,5.0,9,33.0,5.0,17.15,0
2024-01-03,Sacramento Kings,2024-01-03 17:00:00,3,0,0,0,0,3.0,4,20.0,5.0,16.25,0
2024-01-03,Toronto Raptors,2024-01-03 17:00:00,4,0,1,0,0,4.5,5,30.0,12.0,23.4,0
2024-01-03,Utah Jazz,2024-01-03 17:00:00,3,0,2,0,0,4.0,6,30.0,5.0,20.75,0
2024-01-03,Washington Wizards,2024-01-03 17:00:00,3,0,0,0,1,3.0,4,18.0,5.0,15.0,0
2024-01-04,Denver Nuggets,2024-01-04 17:00:00,3,0,0,1,0,3.25,5,63.0,45.0,56.7,1
2024-01-04,Golden State Warriors,2024-01-04 17:00:00,2,0,0,0,0,2.0,2,19.0,14.0,19.0,1
2024-01-04,Milwaukee Bucks,2024-01-04 17:00:00,3,0,0,0,0,3.0,4,60.0,45.0,56.25,1
2024-01-04,San Antonio Spurs,2024-01-04 17:00:00,5,1,2,0,0,6.75,8,283.0,240.0,275.0,1
2024-01-05,Atlanta Hawks,2024-01-05 17:00:00,4,0,0,0,0,4.0,4,56.0,45.0,56.0,1
2024-01-05,Boston Celtics,2024-01-05 17:00:00,4,0,0,0,0,4.0,4,20.0,5.0,20.0,0
2024-01-05,Brooklyn Nets,2024-01-05 17:00:00,6,0,0,2,0,6.5,8,45.0,14.0,30.55,1
2024-01-05,Charlotte Hornets,2024-01-05 17:00:00,6,0,0,0,0,6.0,7,63.0,25.0,59.25,1
2024-01-05,Chicago Bulls,2024-01-05 17:00:00,6,0,0,4,0,7.0,10,80.0,45.0,69.8,1
2024-01-05,Cleveland Cavaliers,2024-01-05 17:00:00,4,0,0,0,0,4.0,4,85.0,45.0,85.0,2
2024-01-05,Dallas Mavericks,2024-01-05 17:00:00,3,0,4,0,0,5.0,7,35.0,10.0,20.7,0
2024-01-05,Denver Nuggets,2024-01-05 17:00:00,3,0,1,1,0,3.75,6,66.0,45.0,58.05,1
2024-01-05,Detroit Pistons,2024-01-05 17:00:00,5,0,1,0,0,5.5,7,29.0,5.0,23.6,0
2024-01-05,Golden State Warriors,2024-01-05 17:00:00,2,0,0,1,0,2.25,4,27.0,14.0,20.7,1
2024-01-05,Houston Rockets,2024-01-05 17:00:00,6,0,0,0,0,6.0,7,29.0,5.0,25.25,0
2024-01-05,Indiana Pacers,2024-01-05 17:00:00,0,0,5,0,0,2.5,5,21.0,5.0,9.45,0
2024-01-05,LA Clippers,2024-01-05 17:00:00,1,0,0,0,0,1.0,2,30.0,25.0,26.25,1
2024-01-05,Los Angeles Lakers,2024-01-05 17:00:00,2,1,1,1,0,3.5,6,76.0,45.0,61.35,1
2024-01-05,Memphis Grizzlies,2024-01-05 17:00:00,6,0,1,0,0,6.5,8,262.0,180.0,256.6,3
2024-01-05,Miami Heat,2024-01-05 17:00:00,4,1,0,0,0,4.75,5,69.0,45.0,66.5,1
2024-01-05,Minnesota Timberwolves,2024-01-05 17:00:00,1,0,1,0,0,1.5,2,6.0,3.0,4.35,0
2024-01-05,New Orleans Pelicans,2024-01-05 17:00:00,3,0,1,0,1,3.5,6,66.0,45.0,57.6,1
2024-01-05,New York Knicks,2024-01-05 17:00:00,1,0,1,0,0,1.5,2,55.0,45.0,49.5,1
2024-01-05,Oklahoma City Thunder,2024-01-05 17:00:00,2,0,0,0,0,2.0,2,10.0,5.0,10.0,0
2024-01-05,Orlando Magic,2024-01-05 17:00:00,7,0,1,0,0,7.5,9,65.0,14.0,59.6,1
2024-01-05,Philadelphia 76ers,2024-01-05 17:00:00,4,0,2,0,0,5.0,6,24.0,5.0,20.7,0
2024-01-05,Phoenix Suns,2024-01-05 17:00:00,1,0,3,0,0,2.5,5,70.0,45.0,55.25,2
2024-01-05,Portland Trail Blazers,2024-01-05 17:00:00,3,1,2,0,0,4.75,6,22.0,5.0,15.75,0
2024-01-05,Sacramento Kings,2024-01-05 17:00:00,3,0,0,0,0,3.0,4,20.0,5.0,16.25,0
2024-01-05,Toronto Raptors,2024-01-05 17:00:00,4,1,1,0,0,5.25,6,33.0,12.0,28.35,0
2024-01-05,Utah Jazz,2024-01-05 17:00:00,5,0,0,0,0,5.0,5,25.0,5.0,25.0,0
2024-01-05,Washington Wizards,2024-01-05 17:00:00,4,0,0,0,0,4.0,4,18.0,5.0,18.0,0
2024-01-06,Boston Celtics,2024-01-06 17:00:00,3,0,0,0,0,3.0,4,20.0,5.0,16.25,0
2024-01-06,Houston Rockets,2024-01-06 17:00:00,6,0,0,0,0,6.0,7,29.0,5.0,25.25,0
2024-01-06,Indiana Pacers,2024-01-06 17:00:00,1,0,6,0,0,4.0,8,61.0,25.0,28.1,1
2024-01-06,Milwaukee Bucks,2024-01-06 17:00:00,4,0,0,0,0,4.0,4,60.0,45.0,60.0,1
2024-01-06,New York Knicks,2024-01-06 17:00:00,4,0,0,0,0,4.0,5,65.0,45.0,61.25,1
2024-01-06,Philadelphia 76ers,2024-01-06 17:00:00,4,0,1,0,2,4.5,8,32.0,5.0,16.6,0
2024-01-06,Utah Jazz,2024-01-06 17:00:00,5,0,0,0,0,5.0,6,30.0,5.0,26.25,0
2024-01-06,Washington Wizards,2024-01-06 17:00:00,4,0,0,0,0,4.0,5,23.0,5.0,19.25,0
2024-01-07,Atlanta Hawks,2024-01-07 17:00:00,4,0,0,0,0,4.0,4,56.0,45.0,56.0,1
2024-01-07,Brooklyn Nets,2024-01-07 17:00:00,5,0,0,0,0,5.0,5,23.0,5.0,23.0,0
2024-01-07,Cleveland Cavaliers,2024-01-07 17:00:00,4,0,0,0,0,4.0,4,85.0,45.0,85.0,2
2024-01-07,Dallas Mavericks,2024-01-07 17:00:00,2,1,4,0,0,4.75,7,35.0,10.0,22.05,0
2024-01-07,Denver Nuggets,2024-01-07 17:00:00,4,0,0,0,0,4.0,5,72.0,45.0,68.25,1
2024-01-07,Detroit Pistons,2024-01-07 17:00:00,5,0,0,1,0,5.25,7,30.0,5.0,22.85,0
2024-01-07,Golden State Warriors,2024-01-07 17:00:00,4,0,1,0,0,4.5,6,64.0,25.0,58.6,2
2024-01-07,LA Clippers,2024-01-07 17:00:00,1,0,0,0,0,1.0,2,30.0,25.0,26.25,1
2024-01-07,Los Angeles Lakers,2024-01-07 17:00:00,2,0,2,1,0,3.25,6,76.0,45.0,60.45,1
2024-01-07,Memphis Grizzlies,2024-01-07 17:00:00,6,0,2,0,0,7.0,9,265.0,180.0,257.95,3
2024-01-07,Minnesota Timberwolves,2024-01-07 17:00:00,1,0,0,0,0,1.0,1,3.0,3.0,3.0,0
2024-01-07,New Orleans Pelicans,2024-01-07 17:00:00,5,0,0,0,1,5.0,6,64.0,45.0,61.0,1
2024-01-07,Orlando Magic,2024-01-07 17:00:00,7,0,0,0,3,7.0,10,66.0,14.0,57.0,1
2024-01-07,Phoenix Suns,2024-01-07 17:00:00,3,0,2,0,0,4.0,6,80.0,45.0,66.9,2
2024-01-07,Portland Trail Blazers,2024-01-07 17:00:00,5,0,0,0,0,5.0,5,15.0,3.0,15.0,0
2024-01-07,Sacramento Kings,2024-01-07 17:00:00,3,0,0,0,0,3.0,4,25.0,10.0,21.25,0
2024-01-07,San Antonio Spurs,2024-01-07 17:00:00,4,0,0,0,6,4.0,10,295.0,240.0,265.0,1
2024-01-07,Toronto Raptors,2024-01-07 17:00:00,5,0,1,0,0,5.5,7,38.0,12.0,32.6,0
2024-01-08,Boston Celtics,2024-01-08 17:00:00,5,0,0,0,1,5.0,6,31.0,10.0,28.0,0
2024-01-08,Charlotte Hornets,2024-01-08 17:00:00,6,0,1,0,0,6.5,7,66.0,25.0,60.5,1
2024-01-08,Chicago Bulls,2024-01-08 17:00:00,5,0,1,0,3,5.5,9,81.0,45.0,64.35,1
2024-01-08,Houston Rockets,2024-01-08 17:00:00,6,0,0,0,0,6.0,6,25.0,5.0,25.0,0
2024-01-08,Indiana Pacers,2024-01-08 17:00:00,0,0,6,0,0,3.0,6,46.0,25.0,20.7,1
2024-01-08,LA Clippers,2024-01-08 17:00:00,1,0,0,0,0,1.0,2,30.0,25.0,26.25,1
2024-01-08,Miami Heat,2024-01-08 17:00:00,4,0,0,1,0,4.25,5,66.0,45.0,63.45,1
2024-01-08,Milwaukee Bucks,2024-01-08 17:00:00,5,0,0,0,0,5.0,6,69.0,45.0,65.25,1
2024-01-08,Oklahoma City Thunder,2024-01-08 17:00:00,3,0,0,0,0,3.0,3,13.0,5.0,13.0,0
2024-01-08,Phoenix Suns,2024-01-08 17:00:00,3,1,0,2,0,4.25,7,83.0,45.0,64.05,2
2024-01-08,Utah Jazz,2024-01-08 17:00:00,5,0,0,0,0,5.0,6,30.0,5.0,26.25,0
2024-01-08,Washington Wizards,2024-01-08 17:00:00,2,0,0,0,2,2.0,4,16.0,5.0,10.0,0
2024-01-09,Dallas Mavericks,2024-01-09 17:00:00,3,0,0,2,0,3.5,6,34.0,10.0,19.2,0
2024-01-09,Detroit Pistons,2024-01-09 17:00:00,6,0,0,0,0,6.0,6,24.0,5.0,24.0,0
2024-01-09,Los Angeles Lakers,2024-01-09 17:00:00,1,1,1,1,0,2.5,5,73.0,45.0,56.6,1
2024-01-09,Memphis Grizzlies,2024-01-09 17:00:00,5,1,1,0,0,6.25,8,258.0,180.0,251.85,3
2024-01-09,Minnesota Timberwolves,2024-01-09 17:00:00,3,0,0,0,0,3.0,3,13.0,5.0,13.0,0
2024-01-09,New York Knicks,2024-01-09 17:00:00,1,0,0,0,0,1.0,1,45.0,45.0,45.0,1
2024-01-09,Orlando Magic,2024-01-09 17:00:00,8,0,0,0,0,8.0,8,60.0,14.0,60.0,1
2024-01-09,Portland Trail Blazers,2024-01-09 17:00:00,2,1,2,0,0,3.75,5,37.0,25.0,32.95,1
2024-01-09,Sacramento Kings,2024-01-09 17:00:00,2,0,0,0,1,2.0,3,15.0,5.0,10.0,0
2024-01-09,Toronto Raptors,2024-01-09 17:00:00,5,1,0,0,0,5.75,7,45.0,12.0,38.25,0
2024-01-10,Atlanta Hawks,2024-01-10 17:00:00,7,0,1,1,0,7.75,9,78.0,45.0,73.8,1
2024-01-10,Boston Celtics,2024-01-10 17:00:00,4,0,0,0,2,4.0,6,25.0,5.0,18.0,0
2024-01-10,Charlotte Hornets,2024-01-10 17:00:00,7,0,0,0,0,7.0,7,70.0,25.0,70.0,1
2024-01-10,Chicago Bulls,2024-01-10 17:00:00,6,0,0,1,2,6.25,9,79.0,45.0,68.45,1
2024-01-10,Denver Nuggets,2024-01-10 17:00:00,4,0,0,0,0,4.0,5,72.0,45.0,68.25,1
2024-01-10,Detroit Pistons,2024-01-10 17:00:00,5,1,0,0,0,5.75,7,29.0,5.0,24.5,0
2024-01-10,Golden State Warriors,2024-01-10 17:00:00,3,0,0,0,0,3.0,4,51.0,25.0,47.25,2
2024-01-10,Houston Rockets,2024-01-10 17:00:00,6,0,0,0,0,6.0,6,25.0,5.0,25.0,0
2024-01-10,Indiana Pacers,2024-01-10 17:00:00,1,0,3,0,0,2.5,4,29.0,14.0,20.75,1
2024-01-10,LA Clippers,2024-01-10 17:00:00,1,0,0,0,0,1.0,2,30.0,25.0,26.25,1
2024-01-10,Miami Heat,2024-01-10 17:00:00,5,0,0,0,1,5.0,6,69.0,45.0,66.0,1
2024-01-10,Minnesota Timberwolves,2024-01-10 17:00:00,2,0,1,0,0,2.5,4,16.0,5.0,10.6,0
2024-01-10,New Orleans Pelicans,2024-01-10 17:00:00,3,0,2,0,1,4.0,7,69.0,45.0,58.95,1
2024-01-10,Oklahoma City Thunder,2024-01-10 17:00:00,4,0,0,0,0,4.0,4,16.0,5.0,16.0,0
2024-01-10,Philadelphia 76ers,2024-01-10 17:00:00,5,0,1,0,0,5.5,6,24.0,5.0,22.35,0
2024-01-10,Sacramento Kings,2024-01-10 17:00:00,2,0,0,0,0,2.0,3,15.0,5.0,11.25,0
2024-01-10,San Antonio Spurs,2024-01-10 17:00:00,4,0,2,0,0,5.0,6,275.0,240.0,269.5,1
2024-01-10,Toronto Raptors,2024-01-10 17:00:00,6,0,0,0,0,6.0,7,45.0,12.0,41.25,0
2024-01-10,Utah Jazz,2024-01-10 17:00:00,3,0,0,0,2,3.0,6,30.0,5.0,16.25,0
2024-01-10,Washington Wizards,2024-01-10 17:00:00,5,0,0,0,0,5.0,5,23.0,5.0,23.0,0
2024-01-11,Boston Celtics,2024-01-11 17:00:00,4,0,0,0,0,4.0,5,23.0,5.0,19.25,0
2024-01-11,Brooklyn Nets,2024-01-11 17:00:00,6,0,0,0,1,6.0,7,29.0,5.0,26.0,0
2024-01-11,Cleveland Cavaliers,2024-01-11 17:00:00,4,0,0,0,0,4.0,4,85.0,45.0,85.0,2
2024-01-11,Dallas Mavericks,2024-01-11 17:00:00,2,2,1,0,0,4.0,5,36.0,10.0,27.25,0
2024-01-11,Los Angeles Lakers,2024-01-11 17:00:00,1,1,2,1,0,3.0,6,76.0,45.0,57.95,1
2024-01-11,Milwaukee Bucks,2024-01-11 17:00:00,1,0,0,1,0,1.25,2,51.0,45.0,45.9,1
2024-01-11,New York Knicks,2024-01-11 17:00:00,3,0,0,0,0,3.0,4,60.0,45.0,56.25,1
2024-01-11,Oklahoma City Thunder,2024-01-11 17:00:00,0,0,0,0,1,0.0,2,10.0,5.0,1.25,0
2024-01-11,Phoenix Suns,2024-01-11 17:00:00,1,0,0,0,0,1.0,2,50.0,45.0,46.25,1
2024-01-11,Portland Trail Blazers,2024-01-11 17:00:00,2,1,1,0,0,3.25,5,39.0,25.0,32.85,1
2024-01-12,Atlanta Hawks,2024-01-12 17:00:00,5,0,1,2,0,6.0,8,75.0,45.0,64.4,1
2024-01-12,Charlotte Hornets,2024-01-12 17:00:00,3,1,3,0,0,5.25,8,71.0,25.0,41.75,1
2024-01-12,Chicago Bulls,2024-01-12 17:00:00,6,0,0,0,0,6.0,6,68.0,45.0,68.0,1
2024-01-12,Denver Nuggets,2024-01-12 17:00:00,4,0,0,0,0,4.0,5,72.0,45.0,68.25,1
2024-01-12,Detroit Pistons,2024-01-12 17:00:00,5,0,0,0,2,5.0,7,27.0,5.0,19.0,0
2024-01-12,Golden State Warriors,2024-01-12 17:00:00,4,0,0,0,0,4.0,5,61.0,25.0,57.25,2
2024-01-12,Houston Rockets,2024-01-12 17:00:00,6,0,0,0,0,6.0,6,25.0,5.0,25.0,0
2024-01-12,Indiana Pacers,2024-01-12 17:00:00,2,0,5,0,0,4.5,7,38.0,14.0,26.45,1
2024-01-12,LA Clippers,2024-01-12 17:00:00,1,0,0,0,0,1.0,2,30.0,25.0,26.25,1
2024-01-12,Memphis Grizzlies,2024-01-12 17:00:00,6,0,0,0,2,6.0,9,263.0,180.0,249.25,3
2024-01-12,Miami Heat,2024-01-12 17:00:00,5,0,0,1,1,5.25,7,81.0,45.0,67.5,1
2024-01-12,Minnesota Timberwolves,2024-01-12 17:00:00,1,0,1,0,0,1.5,3,11.0,5.0,5.6,0
2024-01-12,New Orleans Pelicans,2024-01-12 17:00:00,3,0,0,4,1,4.0,8,77.0,45.0,57.85,1
2024-01-12,Orlando Magic,2024-01-12 17:00:00,5,0,1,0,0,5.5,6,36.0,10.0,34.35,0
2024-01-12,Philadelphia 76ers,2024-01-12 17:00:00,5,0,0,0,0,5.0,5,19.0,5.0,19.0,0
2024-01-12,Portland Trail Blazers,2024-01-12 17:00:00,3,1,0,1,0,4.0,6,42.0,25.0,34.95,1
2024-01-12,Sacramento Kings,2024-01-12 17:00:00,3,0,0,0,0,3.0,3,20.0,10.0,20.0,0
2024-01-12,San Antonio Spurs,2024-01-12 17:00:00,4,0,1,0,0,4.5,5,270.0,240.0,267.25,1
2024-01-12,Toronto Raptors,2024-01-12 17:00:00,4,1,1,0,0,5.25,7,43.0,12.0,34.6,0
2024-01-12,Utah Jazz,2024-01-12 17:00:00,3,0,0,0,0,3.0,4,20.0,5.0,16.25,0
2024-01-13,Atlanta Hawks,2024-01-13 17:00:00,5,0,1,1,0,5.75,8,77.0,45.0,69.05,1
2024-01-13,Boston Celtics,2024-01-13 17:00:00,3,0,2,0,0,4.0,5,25.0,5.0,19.5,0
2024-01-13,Chicago Bulls,2024-01-13 17:00:00,6,0,2,0,0,7.0,9,77.0,45.0,69.95,1
2024-01-13,Dallas Mavericks,2024-01-13 17:00:00,4,1,1,2,0,5.75,8,49.0,10.0,33.8,0
2024-01-13,Golden State Warriors,2024-01-13 17:00:00,5,0,0,0,0,5.0,6,66.0,25.0,62.25,2
2024-01-13,Houston Rockets,2024-01-13 17:00:00,4,0,0,2,0,4.5,7,28.0,5.0,19.15,0
2024-01-13,Los Angeles Lakers,2024-01-13 17:00:00,2,0,2,2,0,3.5,7,72.0,45.0,53.900000000000006,1
2024-01-13,Memphis Grizzlies,2024-01-13 17:00:00,7,1,0,0,0,7.75,9,266.0,180.0,261.5,3
2024-01-13,Milwaukee Bucks,2024-01-13 17:00:00,1,0,0,0,0,1.0,2,50.0,45.0,46.25,1
2024-01-13,New Orleans Pelicans,2024-01-13 17:00:00,3,0,3,0,0,4.5,7,76.0,45.0,63.45,1
2024-01-13,New York Knicks,2024-01-13 17:00:00,3,0,1,0,0,3.5,4,58.0,45.0,56.35,1
2024-01-13,Oklahoma City Thunder,2024-01-13 17:00:00,1,0,0,0,0,1.0,1,3.0,3.0,3.0,0
2024-01-13,Orlando Magic,2024-01-13 17:00:00,7,0,0,0,0,7.0,8,44.0,10.0,40.25,0
2024-01-13,San Antonio Spurs,2024-01-13 17:00:00,5,1,0,0,0,5.75,7,285.0,240.0,278.75,1
2024-01-13,Utah Jazz,2024-01-13 17:00:00,5,0,0,0,0,5.0,6,30.0,5.0,26.25,0
2024-01-13,Washington Wizards,2024-01-13 17:00:00,3,0,0,0,1,3.0,4,16.0,5.0,13.0,0
2024-01-14,Charlotte Hornets,2024-01-14 17:00:00,5,0,0,0,2,5.0,7,63.0,25.0,50.0,1
2024-01-14,Denver Nuggets,2024-01-14 17:00:00,4,0,0,0,2,4.0,6,80.0,45.0,67.0,1
2024-01-14,Indiana Pacers,2024-01-14 17:00:00,3,0,0,0,3,3.0,6,35.0,14.0,22.0,1
2024-01-14,LA Clippers,2024-01-14 17:00:00,1,0,0,0,0,1.0,2,30.0,25.0,26.25,1
2024-01-14,Miami Heat,2024-01-14 17:00:00,6,0,0,0,3,6.0,9,89.0,45.0,66.0,1
2024-01-14,Milwaukee Bucks,2024-01-14 17:00:00,3,0,0,0,1,3.0,5,60.0,45.0,53.25,1
2024-01-14,Minnesota Timberwolves,2024-01-14 17:00:00,1,0,0,0,1,1.0,3,11.0,5.0,4.25,0
2024-01-14,Phoenix Suns,2024-01-14 17:00:00,2,0,0,0,0,2.0,3,53.0,45.0,49.25,1
2024-01-14,Portland Trail Blazers,2024-01-14 17:00:00,3,0,2,0,0,4.0,6,42.0,25.0,34.95,1
2024-01-14,Sacramento Kings,2024-01-14 17:00:00,2,0,0,0,1,2.0,3,15.0,5.0,10.0,0
2024-01-15,Atlanta Hawks,2024-01-15 17:00:00,5,0,0,0,0,5.0,5,66.0,45.0,66.0,1
2024-01-15,Boston Celtics,2024-01-15 17:00:00,4,0,0,0,0,4.0,4,18.0,5.0,18.0,0
2024-01-15,Brooklyn Nets,2024-01-15 17:00:00,6,0,0,0,0,6.0,6,24.0,5.0,24.0,0
2024-01-15,Chicago Bulls,2024-01-15 17:00:00,6,0,1,0,2,6.5,9,81.0,45.0,69.35,1
2024-01-15,Cleveland Cavaliers,2024-01-15 17:00:00,4,0,1,0,0,4.5,5,88.0,45.0,86.35,2
2024-01-15,Dallas Mavericks,2024-01-15 17:00:00,4,0,0,0,2,4.0,7,39.0,10.0,22.25,0
2024-01-15,Detroit Pistons,2024-01-15 17:00:00,7,0,0,0,0,7.0,7,29.0,5.0,29.0,0
2024-01-15,Golden State Warriors,2024-01-15 17:00:00,4,0,0,0,0,4.0,4,54.0,25.0,54.0,2
2024-01-15,Houston Rockets,2024-01-15 17:00:00,4,0,0,0,0,4.0,4,17.0,5.0,17.0,0
2024-01-15,Indiana Pacers,2024-01-15 17:00:00,1,0,5,0,0,3.5,7,40.0,14.0,24.7,1
2024-01-15,Los Angeles Lakers,2024-01-15 17:00:00,2,0,2,1,0,3.25,6,69.0,45.0,53.45,1
2024-01-15,Memphis Grizzlies,2024-01-15 17:00:00,7,0,0,0,2,7.0,10,276.0,180.0,266.25,3
2024-01-15,Miami Heat,2024-01-15 17:00:00,5,1,1,0,2,6.25,10,99.0,45.0,72.85,1
2024-01-15,New Orleans Pelicans,2024-01-15 17:00:00,4,0,0,0,5,4.0,9,82.0,45.0,60.0,1
2024-01-15,New York Knicks,2024-01-15 17:00:00,5,0,0,0,0,5.0,5,63.0,45.0,63.0,1
2024-01-15,Oklahoma City Thunder,2024-01-15 17:00:00,0,0,1,0,0,0.5,1,12.0,12.0,5.4,0
2024-01-15,Orlando Magic,2024-01-15 17:00:00,4,0,0,0,1,4.0,5,33.0,10.0,30.0,0
2024-01-15,Philadelphia 76ers,2024-01-15 17:00:00,7,0,0,0,1,7.0,8,28.0,5.0,25.0,0
2024-01-15,San Antonio Spurs,2024-01-15 17:00:00,4,0,0,0,2,4.0,6,275.0,240.0,265.0,1
2024-01-15,Toronto Raptors,2024-01-15 17:00:00,5,0,1,0,0,5.5,6,43.0,12.0,38.6,0
2024-01-15,Utah Jazz,2024-01-15 17:00:00,5,0,0,0,0,5.0,6,30.0,5.0,26.25,0
2024-01-15,Washington Wizards,2024-01-15 17:00:00,4,0,0,0,1,4.0,5,23.0,5.0,20.0,0
2024-01-16,Denver Nuggets,2024-01-16 17:00:00,2,0,0,5,2,3.25,9,82.0,45.0,59.25,1
2024-01-16,LA Clippers,2024-01-16 17:00:00,2,0,0,0,0,2.0,3,40.0,25.0,36.25,1
2024-01-16,Oklahoma City Thunder,2024-01-15 17:00:00,0,0,0,0,0,0.0,1,5.0,5.0,1.25,0
2024-01-16,Philadelphia 76ers,2024-01-16 17:00:00,5,0,1,0,0,5.5,7,23.0,5.0,17.6,0
2024-01-16,Phoenix Suns,2024-01-16 17:00:00,2,0,0,0,0,2.0,3,53.0,45.0,49.25,1
2024-01-16,Sacramento Kings,2024-01-16 17:00:00,3,0,1,0,0,3.5,5,23.0,5.0,17.6,0
2024-01-17,Atlanta Hawks,2024-01-17 17:00:00,5,0,0,0,0,5.0,5,66.0,45.0,66.0,1
2024-01-17,Boston Celtics,2024-01-17 17:00:00,3,0,0,0,3,3.0,6,31.0,10.0,18.0,0
2024-01-17,Brooklyn Nets,2024-01-17 17:00:00,6,0,0,0,0,6.0,7,29.0,5.0,25.25,0
2024-01-17,Charlotte Hornets,2024-01-17 17:00:00,3,0,3,0,0,4.5,7,58.0,25.0,37.2,1
2024-01-17,Cleveland Cavaliers,2024-01-17 17:00:00,4,0,1,0,0,4.5,5,88.0,45.0,86.35,2
2024-01-17,Dallas Mavericks,2024-01-17 17:00:00,4,0,1,2,0,5.0,8,44.0,10.0,23.7,0
2024-01-17,Detroit Pistons,2024-01-17 17:00:00,4,0,0,0,3,4.0,7,29.0,5.0,16.0,0
2024-01-17,Golden State Warriors,2024-01-17 17:00:00,0,0,0,0,0,0.0,1,5.0,5.0,1.25,0
2024-01-17,Houston Rockets,2024-01-17 17:00:00,4,0,1,0,0,4.5,5,20.0,5.0,18.35,0
2024-01-17,Los Angeles Lakers,2024-01-17 17:00:00,2,0,1,1,0,2.75,5,66.0,45.0,52.1,1
2024-01-17,Miami Heat,2024-01-17 17:00:00,5,0,0,0,3,5.0,8,91.0,45.0,68.0,1
2024-01-17,Milwaukee Bucks,2024-01-17 17:00:00,2,0,0,0,0,2.0,2,8.0,5.0,8.0,0
2024-01-17,Minnesota Timberwolves,2024-01-17 17:00:00,3,0,1,0,0,3.5,4,16.0,5.0,14.35,0
2024-01-17,New Orleans Pelicans,2024-01-17 17:00:00,4,0,0,0,1,4.0,5,63.0,45.0,60.0,1
2024-01-17,New York Knicks,2024-01-17 17:00:00,1,0,2,0,0,2.0,3,51.0,45.0,47.7,1
2024-01-17,Orlando Magic,2024-01-17 17:00:00,4,0,0,0,0,4.0,4,30.0,10.0,30.0,0
2024-01-17,Portland Trail Blazers,2024-01-17 17:00:00,3,0,2,2,0,4.5,8,48.0,25.0,35.85,1
2024-01-17,San Antonio Spurs,2024-01-17 17:00:00,4,0,1,0,0,4.5,5,270.0,240.0,267.25,1
2024-01-17,Toronto Raptors,2024-01-17 17:00:00,5,0,2,0,0,6.0,7,46.0,12.0,39.95,0
2024-01-17,Utah Jazz,2024-01-17 17:00:00,0,0,0,0,0,0.0,1,5.0,5.0,1.25,0
2024-01-18,Chicago Bulls,2024-01-18 17:00:00,6,0,1,3,0,7.25,10,80.0,45.0,70.7,1
2024-01-18,Indiana Pacers,2024-01-18 17:00:00,1,0,8,0,0,5.0,10,65.0,14.0,31.0,1
2024-01-18,Memphis Grizzlies,2024-01-18 17:00:00,7,0,0,0,0,7.0,8,270.0,180.0,266.25,3
2024-01-18,Minnesota Timberwolves,2024-01-18 17:00:00,3,0,0,0,0,3.0,4,18.0,5.0,14.25,0
2024-01-18,New York Knicks,2024-01-18 17:00:00,1,0,1,0,0,1.5,3,53.0,45.0,47.6,1
2024-01-18,Oklahoma City Thunder,2024-01-18 17:00:00,0,0,3,0,1,1.5,5,19.0,5.0,5.300000000000001,0
2024-01-18,Sacramento Kings,2024-01-17 17:00:00,0,0,0,0,0,0.0,1,5.0,5.0,1.25,0
2024-01-18,Toronto Raptors,2024-01-18 17:00:00,4,0,0,0,0,4.0,5,37.0,12.0,33.25,0
2024-01-18,Utah Jazz,2024-01-18 17:00:00,3,0,2,0,0,4.0,6,30.0,5.0,20.75,0
2024-01-18,Washington Wizards,2024-01-18 17:00:00,1,0,0,0,0,1.0,1,6.0,6.0,6.0,0
2024-01-19,Atlanta Hawks,2024-01-19 17:00:00,6,0,0,0,0,6.0,6,69.0,45.0,69.0,1
2024-01-19,Boston Celtics,2024-01-19 17:00:00,3,0,0,0,0,3.0,3,15.0,5.0,15.0,0
2024-01-19,Brooklyn Nets,2024-01-19 17:00:00,6,0,0,0,1,6.0,8,32.0,5.0,25.25,0
2024-01-19,Charlotte Hornets,2024-01-19 17:00:00,4,0,1,0,1,4.5,6,38.0,10.0,29.5,0
2024-01-19,Dallas Mavericks,2024-01-19 17:00:00,0,0,0,0,0,0.0,1,5.0,5.0,1.25,0
2024-01-19,Denver Nuggets,2024-01-19 17:00:00,2,0,0,1,0,2.25,3,60.0,45.0,57.45,1
2024-01-19,Golden State Warriors,2024-01-19 17:00:00,0,0,0,0,0,0.0,1,5.0,5.0,1.25,0
2024-01-19,Indiana Pacers,2024-01-19 17:00:00,2,0,7,0,0,5.5,10,66.0,14.0,33.65,1
2024-01-19,Los Angeles Lakers,2024-01-19 17:00:00,2,0,1,1,0,2.75,5,59.0,45.0,51.05,1
2024-01-19,Miami Heat,2024-01-19 17:00:00,3,1,1,0,1,4.25,6,78.0,45.0,67.0,1
2024-01-19,New Orleans Pelicans,2024-01-19 17:00:00,3,0,0,0,1,3.0,4,58.0,45.0,55.0,1
2024-01-19,Orlando Magic,2024-01-19 17:00:00,2,0,0,0,2,2.0,4,30.0,10.0,20.0,0
2024-01-19,Philadelphia 76ers,2024-01-19 17:00:00,5,0,0,0,0,5.0,5,17.0,5.0,17.0,0
2024-01-19,Phoenix Suns,2024-01-19 17:00:00,2,0,0,0,0,2.0,3,53.0,45.0,49.25,1
2024-01-19,Portland Trail Blazers,2024-01-19 17:00:00,3,0,1,1,0,3.75,6,42.0,25.0,34.05,1
2024-01-19,San Antonio Spurs,2024-01-19 17:00:00,4,0,2,0,0,5.0,6,275.0,240.0,266.75,1
2024-01-20,Atlanta Hawks,2024-01-20 17:00:00,4,0,2,0,0,5.0,7,72.0,45.0,64.95,1
2024-01-20,Charlotte Hornets,2024-01-20 17:00:00,5,0,0,0,1,5.0,7,43.0,10.0,36.25,0
2024-01-20,Chicago Bulls,2024-01-20 17:00:00,5,1,1,2,1,6.75,10,87.0,45.0,72.75,1
2024-01-20,Cleveland Cavaliers,2024-01-20 17:00:00,5,1,0,0,0,5.75,6,93.0,45.0,92.25,2
2024-01-20,Detroit Pistons,2024-01-20 17:00:00,6,0,0,0,0,6.0,6,31.0,10.0,31.0,0
2024-01-20,Houston Rockets,2024-01-20 17:00:00,5,0,0,0,0,5.0,6,25.0,5.0,21.25,0
2024-01-20,Memphis Grizzlies,2024-01-20 17:00:00,7,0,1,0,0,7.5,9,273.0,180.0,267.6,3
2024-01-20,Milwaukee Bucks,2024-01-20 17:00:00,2,0,0,0,1,2.0,3,13.0,5.0,10.0,0
2024-01-20,Minnesota Timberwolves,2024-01-20 17:00:00,3,0,0,0,0,3.0,4,18.0,5.0,14.25,0
2024-01-20,New York Knicks,2024-01-20 17:00:00,1,0,1,0,0,1.5,2,48.0,45.0,46.35,1
2024-01-20,Oklahoma City Thunder,2024-01-20 17:00:00,1,0,0,0,1,1.0,2,10.0,5.0,5.0,0
2024-01-20,Philadelphia 76ers,2024-01-20 17:00:00,6,0,1,0,0,6.5,8,32.0,7.0,24.4,0
2024-01-20,San Antonio Spurs,2024-01-20 17:00:00,3,0,1,1,0,3.75,6,275.0,240.0,260.0,1
2024-01-20,Toronto Raptors,2024-01-20 17:00:00,4,0,0,1,0,4.25,5,37.0,12.0,26.8,0
2024-01-20,Utah Jazz,2024-01-20 17:00:00,5,0,0,0,0,5.0,6,30.0,5.0,26.25,0
2024-01-20,Washington Wizards,2024-01-20 17:00:00,2,0,0,0,0,2.0,2,11.0,6.0,11.0,0
2024-01-21,Boston Celtics,2024-01-21 17:00:00,4,0,0,0,0,4.0,5,23.0,5.0,19.25,0
2024-01-21,Brooklyn Nets,2024-01-21 17:00:00,6,0,0,0,0,6.0,7,29.0,5.0,25.25,0
2024-01-21,Denver Nuggets,2024-01-21 17:00:00,4,0,0,0,2,4.0,6,73.0,45.0,67.0,1
2024-01-21,Houston Rockets,2024-01-21 17:00:00,6,0,0,0,0,6.0,7,31.0,10.0,27.25,0
2024-01-21,Indiana Pacers,2024-01-21 17:00:00,1,0,5,0,0,3.5,7,43.0,14.0,21.65,1
2024-01-21,LA Clippers,2024-01-21 17:00:00,2,0,0,0,0,2.0,3,40.0,25.0,36.25,1
2024-01-21,Los Angeles Lakers,2024-01-21 17:00:00,2,0,2,1,0,3.25,6,62.0,45.0,52.4,1
2024-01-21,Miami Heat,2024-01-21 17:00:00,4,0,0,0,2,4.0,6,85.0,45.0,65.0,1
2024-01-21,Orlando Magic,2024-01-21 17:00:00,1,0,1,0,0,1.5,2,20.0,10.0,14.5,0
2024-01-21,Phoenix Suns,2024-01-21 17:00:00,2,0,0,1,0,2.25,4,63.0,45.0,50.75,1
2024-01-21,Portland Trail Blazers,2024-01-21 17:00:00,3,0,2,0,0,4.0,6,42.0,25.0,34.95,1
2024-01-21,Washington Wizards,2024-01-21 17:00:00,1,0,0,0,0,1.0,2,10.0,5.0,6.25,0
2024-01-22,Atlanta Hawks,2024-01-22 17:00:00,6,0,0,0,0,6.0,7,77.0,45.0,73.25,1
2024-01-22,Boston Celtics,2024-01-22 17:00:00,3,0,0,0,0,3.0,4,18.0,5.0,14.25,0
2024-01-22,Charlotte Hornets,2024-01-22 17:00:00,3,1,1,1,0,4.5,7,43.0,10.0,32.55,0
2024-01-22,Chicago Bulls,2024-01-22 17:00:00,6,0,0,1,1,6.25,8,81.0,45.0,73.45,1
2024-01-22,Cleveland Cavaliers,2024-01-22 17:00:00,6,0,1,0,0,6.5,8,103.0,45.0,97.6,2
2024-01-22,Dallas Mavericks,2024-01-22 17:00:00,2,0,0,0,0,2.0,2,13.0,10.0,13.0,0
2024-01-22,Detroit Pistons,2024-01-22 17:00:00,5,0,0,0,1,5.0,6,31.0,10.0,21.0,0
2024-01-22,Memphis Grizzlies,2024-01-22 17:00:00,7,0,1,0,0,7.5,8,268.0,180.0,266.35,3
2024-01-22,Milwaukee Bucks,2024-01-22 17:00:00,2,0,0,1,0,2.25,3,13.0,5.0,10.45,0
2024-01-22,Minnesota Timberwolves,2024-01-22 17:00:00,4,0,1,0,0,4.5,5,21.0,5.0,19.35,0
2024-01-22,Orlando Magic,2024-01-22 17:00:00,5,0,0,0,0,5.0,6,31.0,10.0,27.25,0
2024-01-22,Philadelphia 76ers,2024-01-22 17:00:00,7,0,0,0,0,7.0,7,21.0,3.0,21.0,0
2024-01-22,Phoenix Suns,2024-01-22 17:00:00,2,0,2,0,0,3.0,5,59.0,45.0,51.95,1
2024-01-22,Sacramento Kings,2024-01-22 17:00:00,3,0,1,0,0,3.5,5,30.0,10.0,20.75,0
2024-01-22,San Antonio Spurs,2024-01-22 17:00:00,3,0,2,0,0,4.0,5,270.0,240.0,261.75,1
2024-01-22,Toronto Raptors,2024-01-22 17:00:00,2,0,0,0,0,2.0,2,15.0,10.0,15.0,0
2024-01-23,Brooklyn Nets,2024-01-23 17:00:00,6,0,0,0,0,6.0,6,24.0,5.0,24.0,0
2024-01-23,Denver Nuggets,2024-01-23 17:00:00,4,0,0,2,0,4.5,7,78.0,45.0,69.15,1
2024-01-23,Indiana Pacers,2024-01-23 17:00:00,1,0,5,0,0,3.5,6,38.0,14.0,24.8,1
2024-01-23,LA Clippers,2024-01-23 17:00:00,2,0,0,0,0,2.0,3,40.0,25.0,36.25,1
2024-01-23,Los Angeles Lakers,2024-01-23 17:00:00,2,0,0,2,0,2.5,5,59.0,45.0,50.15,1
2024-01-23,New Orleans Pelicans,2024-01-23 17:00:00,3,0,0,0,1,3.0,4,58.0,45.0,55.0,1
2024-01-23,New York Knicks,2024-01-23 17:00:00,1,0,1,0,0,1.5,2,48.0,45.0,46.35,1
2024-01-23,Oklahoma City Thunder,2024-01-23 17:00:00,3,0,0,0,0,3.0,4,18.0,5.0,14.25,0
2024-01-23,Portland Trail Blazers,2024-01-23 17:00:00,3,0,0,0,0,3.0,4,36.0,25.0,32.25,1
2024-01-23,Utah Jazz,2024-01-23 17:00:00,5,0,1,0,0,5.5,7,33.0,5.0,27.6,0
2024-01-24,Atlanta Hawks,2024-01-24 17:00:00,7,0,0,0,0,7.0,8,80.0,45.0,76.25,1
2024-01-24,Charlotte Hornets,2024-01-24 17:00:00,4,0,1,1,0,4.75,6,40.0,10.0,29.85,0
2024-01-24,Cleveland Cavaliers,2024-01-24 17:00:00,6,0,1,0,0,6.5,7,98.0,45.0,96.35,2
2024-01-24,Dallas Mavericks,2024-01-24 17:00:00,1,0,4,0,0,3.0,5,27.0,10.0,13.8,0
2024-01-24,Detroit Pistons,2024-01-24 17:00:00,4,0,0,0,1,4.0,5,21.0,5.0,18.0,0
2024-01-24,Golden State Warriors,2024-01-24 17:00:00,3,0,0,0,1,3.0,4,52.0,25.0,49.0,2
2024-01-24,Houston Rockets,2024-01-24 17:00:00,2,0,4,0,0,4.0,7,31.0,10.0,16.8,0
2024-01-24,Memphis Grizzlies,2024-01-24 17:00:00,8,0,1,0,0,8.5,9,271.0,180.0,269.35,3
2024-01-24,Miami Heat,2024-01-24 17:00:00,2,0,1,0,1,2.5,4,63.0,45.0,56.35,1
2024-01-24,Milwaukee Bucks,2024-01-24 17:00:00,3,0,0,1,0,3.25,4,18.0,5.0,15.45,0
2024-01-24,Minnesota Timberwolves,2024-01-24 17:00:00,3,0,1,0,0,3.5,5,21.0,5.0,15.6,0
2024-01-24,Oklahoma City Thunder,2024-01-24 17:00:00,4,0,0,0,0,4.0,5,23.0,5.0,19.25,0
2024-01-24,Phoenix Suns,2024-01-24 17:00:00,2,0,1,0,0,2.5,4,56.0,45.0,50.6,1
2024-01-24,Portland Trail Blazers,2024-01-24 17:00:00,3,0,0,0,0,3.0,4,36.0,25.0,32.25,1
2024-01-24,San Antonio Spurs,2024-01-24 17:00:00,5,0,1,0,0,5.5,6,275.0,240.0,269.5,1
2024-01-24,Washington Wizards,2024-01-24 17:00:00,4,0,0,0,0,4.0,4,20.0,5.0,20.0,0
2024-01-25,Boston Celtics,2024-01-25 17:00:00,2,0,0,0,0,2.0,2,10.0,5.0,10.0,0
2024-01-25,Brooklyn Nets,2024-01-25 17:00:00,3,0,0,0,1,3.0,4,12.0,3.0,9.0,0
2024-01-25,Chicago Bulls,2024-01-25 17:00:00,6,0,0,1,0,6.25,8,81.0,45.0,74.7,1
2024-01-25,Denver Nuggets,2024-01-25 17:00:00,4,0,0,1,0,4.25,5,70.0,45.0,67.45,1
2024-01-25,Golden State Warriors,2024-01-25 17:00:00,3,0,0,0,0,3.0,4,54.0,25.0,50.25,2
2024-01-25,Indiana Pacers,2024-01-25 17:00:00,1,0,4,0,0,3.0,5,32.0,14.0,22.1,1
2024-01-25,Los Angeles Lakers,2024-01-25 17:00:00,3,0,2,0,0,4.0,6,69.0,45.0,61.95,1
2024-01-25,Miami Heat,2024-01-25 17:00:00,3,0,0,0,1,3.0,5,66.0,45.0,59.25,1
2024-01-25,Minnesota Timberwolves,2024-01-25 17:00:00,3,0,1,0,0,3.5,5,21.0,5.0,15.6,0
2024-01-25,New York Knicks,2024-01-25 17:00:00,1,0,1,0,0,1.5,2,48.0,45.0,46.35,1
2024-01-25,Philadelphia 76ers,2024-01-25 17:00:00,4,0,2,1,0,5.25,7,21.0,3.0,15.15,0
2024-01-25,Sacramento Kings,2024-01-25 17:00:00,1,0,0,0,0,1.0,2,15.0,10.0,11.25,0
2024-01-25,Utah Jazz,2024-01-25 17:00:00,5,0,0,0,0,5.0,5,25.0,5.0,25.0,0
2024-01-25,Washington Wizards,2024-01-25 17:00:00,1,0,0,0,0,1.0,2,8.0,5.0,4.25,0
2024-01-26,Atlanta Hawks,2024-01-26 17:00:00,5,0,0,0,3,5.0,8,78.0,45.0,59.0,1
2024-01-26,Charlotte Hornets,2024-01-26 17:00:00,4,0,0,0,0,4.0,4,27.0,10.0,27.0,0
2024-01-26,Cleveland Cavaliers,2024-01-26 17:00:00,5,0,0,0,0,5.0,6,95.0,45.0,91.25,2
2024-01-26,Dallas Mavericks,2024-01-26 17:00:00,5,0,0,0,0,5.0,5,24.0,8.0,24.0,0
2024-01-26,Houston Rockets,2024-01-26 17:00:00,2,0,3,0,0,3.5,5,23.0,10.0,14.2,0
2024-01-26,Indiana Pacers,2024-01-26 17:00:00,1,0,4,0,0,3.0,6,37.0,14.0,23.35,1
2024-01-26,LA Clippers,2024-01-26 17:00:00,2,0,1,0,0,2.5,3,38.0,25.0,36.35,1
2024-01-26,Memphis Grizzlies,2024-01-26 17:00:00,7,0,1,0,0,7.5,9,273.0,180.0,267.6,3
2024-01-26,Milwaukee Bucks,2024-01-26 17:00:00,1,0,0,1,0,1.25,2,8.0,5.0,5.45,0
2024-01-26,New Orleans Pelicans,2024-01-26 17:00:00,2,0,1,0,1,2.5,5,21.0,5.0,12.6,0
2024-01-26,Oklahoma City Thunder,2024-01-26 17:00:00,3,0,0,0,0,3.0,4,18.0,5.0,14.25,0
2024-01-26,Orlando Magic,2024-01-26 17:00:00,3,0,0,0,0,3.0,3,20.0,10.0,20.0,0
2024-01-26,Phoenix Suns,2024-01-26 17:00:00,2,0,0,0,1,2.0,3,51.0,45.0,48.0,1
2024-01-26,Portland Trail Blazers,2024-01-26 17:00:00,3,0,1,0,0,3.5,5,39.0,25.0,33.6,1
2024-01-26,San Antonio Spurs,2024-01-26 17:00:00,3,0,3,0,0,4.5,7,280.0,240.0,265.25,1
2024-01-26,Toronto Raptors,2024-01-26 17:00:00,3,0,0,0,0,3.0,3,11.0,5.0,11.0,0
2024-01-27,Boston Celtics,2024-01-27 17:00:00,4,0,0,0,0,4.0,4,25.0,10.0,25.0,0
2024-01-27,Brooklyn Nets,2024-01-27 17:00:00,4,0,0,0,0,4.0,4,12.0,3.0,12.0,0
2024-01-27,Charlotte Hornets,2024-01-27 17:00:00,5,0,0,0,0,5.0,6,35.0,10.0,31.25,0
2024-01-27,Dallas Mavericks,2024-01-27 17:00:00,1,1,3,0,0,3.25,6,25.0,8.0,14.3,0
2024-01-27,Denver Nuggets,2024-01-27 17:00:00,4,0,0,0,4,4.0,8,79.0,45.0,67.0,1
2024-01-27,Detroit Pistons,2024-01-27 17:00:00,3,0,0,0,1,3.0,4,18.0,5.0,15.0,0
2024-01-27,Golden State Warriors,2024-01-27 17:00:00,3,0,0,0,0,3.0,4,54.0,25.0,50.25,2
2024-01-27,Houston Rockets,2024-01-27 17:00:00,3,0,0,0,1,3.0,5,25.0,10.0,18.25,0
2024-01-27,LA Clippers,2024-01-27 17:00:00,2,0,1,0,0,2.5,4,43.0,25.0,37.6,1
2024-01-27,Los Angeles Lakers,2024-01-27 17:00:00,2,0,2,1,0,3.25,6,69.0,45.0,59.4,1
2024-01-27,Miami Heat,2024-01-27 17:00:00,1,0,0,0,2,1.0,3,58.0,45.0,45.0,1
2024-01-27,Milwaukee Bucks,2024-01-27 17:00:00,2,0,0,1,0,2.25,4,17.0,5.0,10.7,0
2024-01-27,Minnesota Timberwolves,2024-01-27 17:00:00,4,0,1,0,0,4.5,6,26.0,5.0,20.6,0
2024-01-27,New Orleans Pelicans,2024-01-27 17:00:00,2,0,1,0,1,2.5,5,21.0,5.0,12.6,0
2024-01-27,New York Knicks,2024-01-27 17:00:00,1,0,0,0,1,1.0,2,48.0,45.0,45.0,1
2024-01-27,Philadelphia 76ers,2024-01-27 17:00:00,7,0,0,0,1,7.0,9,36.0,10.0,29.25,0
2024-01-27,Sacramento Kings,2024-01-27 17:00:00,2,0,1,0,0,2.5,4,25.0,10.0,15.75,0
2024-01-27,San Antonio Spurs,2024-01-27 17:00:00,3,0,3,0,0,4.5,7,268.0,240.0,257.1,1
2024-01-27,Utah Jazz,2024-01-27 17:00:00,5,0,0,0,0,5.0,5,25.0,5.0,25.0,0
2024-01-27,Washington Wizards,2024-01-27 17:00:00,4,0,0,0,0,4.0,4,18.0,5.0,18.0,0
2024-01-28,Atlanta Hawks,2024-01-28 17:00:00,7,0,0,0,0,7.0,7,67.0,45.0,67.0,1
2024-01-28,Chicago Bulls,2024-01-28 17:00:00,7,0,0,0,0,7.0,7,76.0,45.0,76.0,1
2024-01-28,Detroit Pistons,2024-01-28 17:00:00,4,0,0,0,1,4.0,6,28.0,5.0,20.25,0
2024-01-28,Indiana Pacers,2024-01-28 17:00:00,3,0,0,0,4,3.0,7,38.0,14.0,20.0,1
2024-01-28,Memphis Grizzlies,2024-01-28 17:00:00,8,0,0,0,0,8.0,8,268.0,180.0,268.0,3
2024-01-28,Oklahoma City Thunder,2024-01-28 17:00:00,2,0,0,0,0,2.0,2,10.0,5.0,10.0,0
2024-01-28,Orlando Magic,2024-01-28 17:00:00,3,0,0,0,0,3.0,3,20.0,10.0,20.0,0
2024-01-28,Phoenix Suns,2024-01-28 17:00:00,3,0,0,0,1,3.0,4,81.0,45.0,56.0,1
2024-01-28,Portland Trail Blazers,2024-01-28 17:00:00,3,0,5,0,0,5.5,9,51.0,25.0,39.0,1
2024-01-28,Toronto Raptors,2024-01-28 17:00:00,6,0,0,0,1,6.0,7,34.0,10.0,31.0,0
2024-01-29,Boston Celtics,2024-01-29 17:00:00,3,1,2,0,0,4.75,6,31.0,10.0,23.1,0
2024-01-29,Brooklyn Nets,2024-01-29 17:00:00,3,0,0,0,1,3.0,4,19.0,10.0,16.0,0
2024-01-29,Charlotte Hornets,2024-01-29 17:00:00,5,0,0,0,1,5.0,6,33.0,10.0,30.0,0
2024-01-29,Cleveland Cavaliers,2024-01-29 17:00:00,3,0,1,1,0,3.75,5,123.0,45.0,95.7,3
2024-01-29,Dallas Mavericks,2024-01-29 17:00:00,1,0,3,1,0,2.75,5,20.0,8.0,12.5,0
2024-01-29,Denver Nuggets,2024-01-29 17:00:00,4,0,0,0,0,4.0,5,72.0,45.0,68.25,1
2024-01-29,Houston Rockets,2024-01-29 17:00:00,2,0,0,0,0,2.0,3,12.0,5.0,8.25,0
2024-01-29,LA Clippers,2024-01-29 17:00:00,2,0,0,0,0,2.0,2,35.0,25.0,35.0,1
2024-01-29,Los Angeles Lakers,2024-01-29 17:00:00,2,0,2,0,0,3.0,5,66.0,45.0,58.95,1
2024-01-29,Memphis Grizzlies,2024-01-29 17:00:00,8,2,1,0,0,10.0,12,289.0,180.0,280.35,3
2024-01-29,Miami Heat,2024-01-29 17:00:00,4,0,0,0,0,4.0,4,60.0,45.0,60.0,1
2024-01-29,Milwaukee Bucks,2024-01-29 17:00:00,1,0,0,1,0,1.25,2,8.0,5.0,5.45,0
2024-01-29,Minnesota Timberwolves,2024-01-29 17:00:00,3,0,1,0,0,3.5,5,21.0,5.0,15.6,0
2024-01-29,New Orleans Pelicans,2024-01-29 17:00:00,1,0,0,0,1,1.0,2,8.0,5.0,5.0,0
2024-01-29,New York Knicks,2024-01-29 17:00:00,3,0,0,0,0,3.0,3,51.0,45.0,51.0,1
2024-01-29,Oklahoma City Thunder,2024-01-29 17:00:00,1,0,0,0,0,1.0,2,10.0,5.0,6.25,0
2024-01-29,Orlando Magic,2024-01-29 17:00:00,4,0,0,0,0,4.0,5,28.0,10.0,24.25,0
2024-01-29,Philadelphia 76ers,2024-01-29 17:00:00,4,0,2,0,0,5.0,7,30.0,10.0,19.1,0
2024-01-29,Phoenix Suns,2024-01-29 17:00:00,2,0,1,0,1,2.5,5,86.0,45.0,52.85,1
2024-01-29,Portland Trail Blazers,2024-01-29 17:00:00,3,0,1,0,0,3.5,5,39.0,25.0,33.6,1
2024-01-29,Sacramento Kings,2024-01-29 17:00:00,2,0,1,0,0,2.5,4,25.0,10.0,15.75,0
2024-01-29,San Antonio Spurs,2024-01-29 17:00:00,4,0,2,0,0,5.0,6,263.0,240.0,258.6,1
2024-01-29,Utah Jazz,2024-01-29 17:00:00,5,0,0,0,0,5.0,5,25.0,5.0,25.0,0
2024-01-29,Washington Wizards,2024-01-29 17:00:00,2,0,0,0,0,2.0,2,8.0,5.0,8.0,0
2024-01-30,Atlanta Hawks,2024-01-30 17:00:00,4,0,0,1,2,4.25,7,67.0,45.0,56.45,1
2024-01-30,Boston Celtics,2024-01-30 17:00:00,4,1,1,0,0,5.25,7,36.0,10.0,26.0,0
2024-01-30,Chicago Bulls,2024-01-30 17:00:00,4,0,0,0,0,4.0,4,61.0,45.0,61.0,1
2024-01-30,Golden State Warriors,2024-01-30 17:00:00,3,0,0,0,0,3.0,4,54.0,25.0,50.25,2
2024-01-30,Indiana Pacers,2024-01-30 17:00:00,1,0,7,0,0,4.5,8,41.0,14.0,20.1,1
2024-01-30,Los Angeles Lakers,2024-01-30 17:00:00,3,0,1,0,0,3.5,5,66.0,45.0,60.6,1
2024-01-30,New York Knicks,2024-01-30 17:00:00,3,0,1,0,0,3.5,5,59.0,45.0,53.6,1
2024-01-30,Philadelphia 76ers,2024-01-30 17:00:00,5,0,2,0,0,6.0,8,33.0,10.0,25.95,0
2024-01-30,Toronto Raptors,2024-01-30 17:00:00,4,1,1,0,0,5.25,6,31.0,10.0,24.75,0
2024-01-30,Utah Jazz,2024-01-30 17:00:00,5,0,0,0,0,5.0,6,30.0,5.0,26.25,0
2024-01-31,Brooklyn Nets,2024-01-31 17:00:00,7,0,0,0,0,7.0,7,34.0,10.0,34.0,0
2024-01-31,Charlotte Hornets,2024-01-31 17:00:00,5,0,0,0,1,5.0,6,33.0,10.0,30.0,0
2024-01-31,Chicago Bulls,2024-01-31 17:00:00,5,0,0,0,0,5.0,6,76.0,45.0,72.25,1
2024-01-31,Cleveland Cavaliers,2024-01-31 17:00:00,4,0,2,0,0,5.0,6,88.0,45.0,72.6,2
2024-01-31,Dallas Mavericks,2024-01-31 17:00:00,3,2,0,0,0,4.5,6,32.0,10.0,26.75,0
2024-01-31,Denver Nuggets,2024-01-31 17:00:00,5,0,0,0,0,5.0,5,70.0,45.0,70.0,1
2024-01-31,Detroit Pistons,2024-01-31 17:00:00,4,0,0,1,0,4.25,5,29.0,10.0,25.6,0
2024-01-31,Houston Rockets,2024-01-31 17:00:00,2,0,0,0,0,2.0,2,7.0,4.0,7.0,0
2024-01-31,LA Clippers,2024-01-31 17:00:00,2,0,1,0,0,2.5,3,38.0,25.0,36.35,1
2024-01-31,Miami Heat,2024-01-31 17:00:00,4,0,0,0,1,4.0,5,66.0,45.0,61.0,1
2024-01-31,Milwaukee Bucks,2024-01-31 17:00:00,1,0,0,0,0,1.0,2,10.0,5.0,6.25,0
2024-01-31,Minnesota Timberwolves,2024-01-31 17:00:00,3,0,1,0,0,3.5,4,16.0,5.0,14.35,0
2024-01-31,New Orleans Pelicans,2024-01-31 17:00:00,1,0,2,0,1,2.0,4,14.0,5.0,7.699999999999999,0
2024-01-31,Oklahoma City Thunder,2024-01-31 17:00:00,2,0,0,0,3,2.0,6,33.0,10.0,14.25,0
2024-01-31,Orlando Magic,2024-01-31 17:00:00,3,0,0,0,0,3.0,3,20.0,10.0,20.0,0
2024-01-31,Phoenix Suns,2024-01-31 17:00:00,1,0,2,0,1,2.0,4,83.0,45.0,50.85,1
2024-01-31,Portland Trail Blazers,2024-01-31 17:00:00,3,0,0,0,0,3.0,4,36.0,25.0,32.25,1
2024-01-31,Sacramento Kings,2024-01-31 17:00:00,2,0,1,0,0,2.5,3,20.0,10.0,14.5,0
2024-01-31,San Antonio Spurs,2024-01-31 17:00:00,4,0,3,0,0,5.5,7,273.0,240.0,263.1,1
2024-01-31,Washington Wizards,2024-01-31 17:00:00,2,0,0,0,0,2.0,2,6.0,3.0,6.0,0
2024-02-01,Boston Celtics,2024-02-01 17:00:00,3,0,1,0,0,3.5,4,29.0,14.0,21.3,1
2024-02-01,Cleveland Cavaliers,2024-02-01 17:00:00,5,0,0,0,0,5.0,6,69.0,45.0,65.25,1
2024-02-01,Indiana Pacers,2024-02-01 17:00:00,0,0,7,0,0,3.5,7,38.0,14.0,17.1,1
2024-02-01,Los Angeles Lakers,2024-02-01 17:00:00,4,0,0,0,0,4.0,4,61.0,45.0,61.0,1
2024-02-01,Memphis Grizzlies,2024-02-01 17:00:00,7,2,2,0,0,9.5,12,289.0,180.0,273.85,3
2024-02-01,New York Knicks,2024-02-01 17:00:00,2,0,2,0,0,3.0,4,63.0,45.0,54.75,1
2024-02-01,Philadelphia 76ers,2024-02-01 17:00:00,4,1,2,0,0,5.75,8,33.0,10.0,21.35,0
2024-02-01,Utah Jazz,2024-02-01 17:00:00,3,0,2,0,0,4.0,6,30.0,5.0,20.75,0
2024-02-02,Atlanta Hawks,2024-02-02 17:00:00,4,0,0,0,1,4.0,5,62.0,45.0,57.0,1
2024-02-02,Charlotte Hornets,2024-02-02 17:00:00,3,1,0,0,0,3.75,5,30.0,10.0,25.5,0
2024-02-02,Denver Nuggets,2024-02-02 17:00:00,3,0,2,2,0,4.5,7,76.0,45.0,62.65,1
2024-02-02,Detroit Pistons,2024-02-02 17:00:00,5,0,0,1,0,5.25,6,35.0,10.0,31.6,0
2024-02-02,Golden State Warriors,2024-02-02 17:00:00,4,0,0,1,0,4.25,5,55.0,25.0,52.45,2
2024-02-02,Houston Rockets,2024-02-02 17:00:00,2,0,1,0,0,2.5,4,17.0,5.0,11.6,0
2024-02-02,Indiana Pacers,2024-02-02 17:00:00,0,0,7,0,0,3.5,8,50.0,14.0,21.5,1
2024-02-02,LA Clippers,2024-02-02 17:00:00,2,0,0,0,0,2.0,3,40.0,25.0,36.25,1
2024-02-02,Memphis Grizzlies,2024-02-02 17:00:00,7,1,2,0,0,8.75,11,241.0,180.0,224.95,2
2024-02-02,Miami Heat,2024-02-02 17:00:00,3,0,0,0,2,3.0,5,64.0,45.0,56.0,1
2024-02-02,Minnesota Timberwolves,2024-02-02 17:00:00,3,0,1,0,0,3.5,5,28.0,10.0,18.75,0
2024-02-02,New Orleans Pelicans,2024-02-02 17:00:00,3,0,3,0,1,4.5,7,27.0,5.0,19.05,0
2024-02-02,Oklahoma City Thunder,2024-02-02 17:00:00,2,0,0,0,0,2.0,3,18.0,10.0,14.25,0
2024-02-02,Orlando Magic,2024-02-02 17:00:00,2,0,0,0,1,2.0,3,20.0,10.0,10.0,0
2024-02-02,Phoenix Suns,2024-02-02 17:00:00,1,0,0,1,1,1.25,3,73.0,45.0,45.45,1
2024-02-02,Portland Trail Blazers,2024-02-02 17:00:00,3,0,1,0,0,3.5,5,41.0,25.0,34.5,1
2024-02-02,Sacramento Kings,2024-02-02 17:00:00,3,0,0,0,0,3.0,3,20.0,10.0,20.0,0
2024-02-02,San Antonio Spurs,2024-02-02 17:00:00,5,0,1,0,1,5.5,7,268.0,240.0,260.25,1
2024-02-02,Toronto Raptors,2024-02-02 17:00:00,4,0,3,0,0,5.5,7,34.0,10.0,25.2,0
2024-02-02,Washington Wizards,2024-02-02 17:00:00,2,0,0,0,2,2.0,4,12.0,3.0,6.0,0
2024-02-03,Atlanta Hawks,2024-02-03 17:00:00,4,0,2,0,1,5.0,8,79.0,45.0,66.4,1
2024-02-03,Brooklyn Nets,2024-02-03 17:00:00,7,0,0,0,1,7.0,8,37.0,10.0,34.0,0
2024-02-03,Chicago Bulls,2024-02-03 17:00:00,3,1,2,0,0,4.75,6,74.0,45.0,68.2,1
2024-02-03,Cleveland Cavaliers,2024-02-03 17:00:00,4,0,1,0,0,4.5,5,70.0,45.0,64.5,1
2024-02-03,Dallas Mavericks,2024-02-03 17:00:00,3,2,1,1,0,5.25,8,79.0,25.0,44.1,2
2024-02-03,Golden State Warriors,2024-02-03 17:00:00,4,0,0,0,0,4.0,5,57.0,25.0,53.25,2
2024-02-03,Los Angeles Lakers,2024-02-03 17:00:00,3,0,2,0,0,4.0,5,64.0,45.0,60.7,1
2024-02-03,Milwaukee Bucks,2024-02-03 17:00:00,1,0,1,0,0,1.5,3,13.0,5.0,7.6,0
2024-02-03,New York Knicks,2024-02-03 17:00:00,3,0,1,0,0,3.5,4,63.0,45.0,61.35,1
2024-02-03,Philadelphia 76ers,2024-02-03 17:00:00,6,0,0,0,1,6.0,7,21.0,3.0,18.0,0
2024-02-03,Sacramento Kings,2024-02-03 17:00:00,2,0,1,0,0,2.5,4,25.0,10.0,15.75,0
2024-02-03,San Antonio Spurs,2024-02-03 17:00:00,4,0,1,2,0,5.0,8,278.0,240.0,260.45,1
2024-02-04,Boston Celtics,2024-02-04 17:00:00,3,0,0,0,1,3.0,4,27.0,14.0,13.0,0
2024-02-04,Charlotte Hornets,2024-02-04 17:00:00,7,0,0,0,0,7.0,7,36.0,10.0,36.0,0
2024-02-04,Denver Nuggets,2024-02-04 17:00:00,4,0,0,2,0,4.5,6,66.0,45.0,60.900000000000006,1
2024-02-04,Detroit Pistons,2024-02-04 17:00:00,4,0,0,0,2,4.0,6,35.0,10.0,25.0,0
2024-02-04,Houston Rockets,2024-02-04 17:00:00,2,0,1,0,0,2.5,4,17.0,5.0,11.6,0
2024-02-04,Indiana Pacers,2024-02-04 17:00:00,2,0,0,0,5,2.0,7,45.0,14.0,10.0,0
2024-02-04,LA Clippers,2024-02-04 17:00:00,1,0,0,0,1,1.0,2,35.0,25.0,25.0,1
2024-02-04,Memphis Grizzlies,2024-02-04 17:00:00,13,0,0,0,0,13.0,13,230.0,180.0,230.0,1
2024-02-04,Miami Heat,2024-02-04 17:00:00,3,0,0,0,1,3.0,4,59.0,45.0,56.0,1
2024-02-04,Milwaukee Bucks,2024-02-04 17:00:00,3,0,1,2,0,4.0,7,33.0,10.0,18.65,0
2024-02-04,Minnesota Timberwolves,2024-02-04 17:00:00,3,0,1,0,0,3.5,5,28.0,10.0,18.75,0
2024-02-04,Oklahoma City Thunder,2024-02-04 17:00:00,3,0,0,0,0,3.0,3,16.0,10.0,16.0,0
2024-02-04,Orlando Magic,2024-02-04 17:00:00,3,0,0,0,0,3.0,3,15.0,5.0,15.0,0
2024-02-04,Phoenix Suns,2024-02-04 17:00:00,1,0,0,0,1,1.0,2,70.0,45.0,45.0,1
2024-02-04,Portland Trail Blazers,2024-02-04 17:00:00,3,0,2,0,0,4.0,5,37.0,25.0,33.7,1
2024-02-04,Toronto Raptors,2024-02-04 17:00:00,4,0,0,1,0,4.25,5,21.0,5.0,18.45,0
2024-02-04,Utah Jazz,2024-02-04 17:00:00,5,0,0,0,0,5.0,6,30.0,5.0,26.25,0
2024-02-04,Washington Wizards,2024-02-04 17:00:00,3,0,0,0,2,3.0,5,22.0,10.0,9.0,0
2024-02-05,Atlanta Hawks,2024-02-05 17:00:00,5,0,0,0,2,5.0,7,77.0,45.0,63.0,1
2024-02-05,Brooklyn Nets,2024-02-05 17:00:00,7,0,0,0,1,7.0,8,37.0,10.0,34.0,0
2024-02-05,Charlotte Hornets,2024-02-05 17:00:00,7,0,0,0,0,7.0,8,41.0,10.0,37.25,0
2024-02-05,Cleveland Cavaliers,2024-02-05 17:00:00,4,0,2,0,0,5.0,6,73.0,45.0,65.85,1
2024-02-05,Dallas Mavericks,2024-02-05 17:00:00,3,0,0,0,3,3.0,6,47.0,25.0,33.0,1
2024-02-05,Golden State Warriors,2024-02-05 17:00:00,2,1,0,0,1,2.75,4,45.0,25.0,41.25,2
2024-02-05,LA Clippers,2024-02-05 17:00:00,2,0,0,0,0,2.0,3,40.0,25.0,36.25,1
2024-02-05,Los Angeles Lakers,2024-02-05 17:00:00,3,0,2,0,0,4.0,5,64.0,45.0,60.7,1
2024-02-05,New Orleans Pelicans,2024-02-05 17:00:00,3,0,3,0,1,4.5,8,32.0,5.0,20.299999999999997,0
2024-02-05,Philadelphia 76ers,2024-02-05 17:00:00,5,0,1,0,0,5.5,6,29.0,14.0,27.35,1
2024-02-05,Sacramento Kings,2024-02-05 17:00:00,2,0,1,0,0,2.5,3,20.0,10.0,14.5,0
2024-02-05,Toronto Raptors,2024-02-05 17:00:00,5,0,0,0,0,5.0,6,27.0,5.0,23.25,0
2024-02-06,Brooklyn Nets,2024-02-06 17:00:00,5,0,0,0,0,5.0,6,27.0,10.0,23.25,0
2024-02-06,Chicago Bulls,2024-02-06 17:00:00,3,0,1,3,0,4.25,7,77.0,45.0,61.75,1
2024-02-06,Dallas Mavericks,2024-02-06 17:00:00,3,0,1,2,0,4.0,7,52.0,25.0,37.25,1
2024-02-06,Houston Rockets,2024-02-06 17:00:00,4,0,0,0,0,4.0,4,57.0,45.0,57.0,1
2024-02-06,Indiana Pacers,2024-02-06 17:00:00,1,0,5,0,0,3.5,6,35.0,14.0,17.4,1
2024-02-06,Memphis Grizzlies,2024-02-06 17:00:00,7,2,4,0,0,10.5,13,234.0,180.0,224.9,1
2024-02-06,Miami Heat,2024-02-06 17:00:00,2,0,0,0,2,2.0,4,59.0,45.0,50.0,1
2024-02-06,Milwaukee Bucks,2024-02-06 17:00:00,2,0,2,2,0,3.5,7,34.0,10.0,18.0,0
2024-02-06,Minnesota Timberwolves,2024-02-06 17:00:00,1,0,0,0,0,1.0,2,8.0,5.0,4.25,0
2024-02-06,New York Knicks,2024-02-06 17:00:00,5,0,0,0,0,5.0,5,66.0,45.0,66.0,1
2024-02-06,Oklahoma City Thunder,2024-02-06 17:00:00,3,0,7,0,0,6.5,11,53.0,10.0,30.0,0
2024-02-06,Orlando Magic,2024-02-06 17:00:00,3,0,0,0,0,3.0,3,15.0,5.0,15.0,0
2024-02-06,Phoenix Suns,2024-02-06 17:00:00,1,0,0,0,1,1.0,3,75.0,45.0,46.25,1
2024-02-06,Utah Jazz,2024-02-06 17:00:00,5,0,1,0,0,5.5,7,33.0,5.0,27.6,0
2024-02-07,Atlanta Hawks,2024-02-07 17:00:00,5,0,1,0,1,5.5,7,70.0,45.0,64.35,1
2024-02-07,Boston Celtics,2024-02-07 17:00:00,3,0,0,0,0,3.0,3,13.0,5.0,13.0,0
2024-02-07,Charlotte Hornets,2024-02-07 17:00:00,6,0,0,0,1,6.0,7,36.0,10.0,33.0,0
2024-02-07,Cleveland Cavaliers,2024-02-07 17:00:00,4,0,0,0,0,4.0,4,60.0,45.0,60.0,1
2024-02-07,Detroit Pistons,2024-02-07 17:00:00,4,0,2,0,0,5.0,7,37.0,10.0,29.4,0
2024-02-07,Golden State Warriors,2024-02-07 17:00:00,2,0,1,1,0,2.75,4,45.0,25.0,40.8,2
2024-02-07,LA Clippers,2024-02-07 17:00:00,1,0,0,0,0,1.0,2,30.0,25.0,26.25,1
2024-02-07,Miami Heat,2024-02-07 17:00:00,3,0,0,0,1,3.0,5,61.0,45.0,54.25,1
2024-02-07,New Orleans Pelicans,2024-02-07 17:00:00,2,0,2,0,1,3.0,6,24.0,5.0,13.95,0
2024-02-07,Philadelphia 76ers,2024-02-07 17:00:00,4,0,3,0,0,5.5,7,32.0,14.0,27.05,1
2024-02-07,Sacramento Kings,2024-02-07 17:00:00,2,0,1,0,0,2.5,4,25.0,10.0,15.75,0
2024-02-07,San Antonio Spurs,2024-02-07 17:00:00,5,0,0,0,0,5.0,5,260.0,240.0,260.0,1
2024-02-07,Toronto Raptors,2024-02-07 17:00:00,1,1,0,1,0,2.0,3,11.0,5.0,7.7,0
2024-02-07,Washington Wizards,2024-02-07 17:00:00,3,0,0,0,0,3.0,3,11.0,5.0,11.0,0
2024-02-08,Brooklyn Nets,2024-02-08 17:00:00,5,0,0,0,1,5.0,6,27.0,10.0,22.0,0
2024-02-08,Chicago Bulls,2024-02-08 17:00:00,3,0,1,3,0,4.25,7,84.0,45.0,64.9,1
2024-02-08,Cleveland Cavaliers,2024-02-08 17:00:00,4,0,0,0,0,4.0,5,65.0,45.0,61.25,1
2024-02-08,Dallas Mavericks,2024-02-08 17:00:00,3,0,1,2,0,4.0,6,47.0,25.0,36.0,1
2024-02-08,Denver Nuggets,2024-02-08 17:00:00,2,0,1,0,0,2.5,3,53.0,45.0,51.35,1
2024-02-08,Detroit Pistons,2024-02-08 17:00:00,12,0,1,0,1,12.5,15,84.0,10.0,70.75,0
2024-02-08,Golden State Warriors,2024-02-08 17:00:00,4,0,0,2,0,4.5,7,58.0,25.0,49.15,2
2024-02-08,Indiana Pacers,2024-02-08 17:00:00,1,0,7,0,0,4.5,8,45.0,14.0,23.0,1
2024-02-08,Los Angeles Lakers,2024-02-08 17:00:00,3,0,2,0,0,4.0,6,69.0,45.0,61.95,1
2024-02-08,Memphis Grizzlies,2024-02-08 17:00:00,7,1,2,0,0,8.75,11,228.0,180.0,220.2,1
2024-02-08,Milwaukee Bucks,2024-02-08 17:00:00,3,0,1,4,0,4.5,8,49.0,10.0,27.35,0
2024-02-08,Minnesota Timberwolves,2024-02-08 17:00:00,1,0,2,0,0,2.0,4,14.0,5.0,6.95,0
2024-02-08,New York Knicks,2024-02-08 17:00:00,4,0,2,0,0,5.0,6,76.0,45.0,68.85,1
2024-02-08,Orlando Magic,2024-02-08 17:00:00,3,0,0,0,0,3.0,3,15.0,5.0,15.0,0
2024-02-08,Phoenix Suns,2024-02-08 17:00:00,1,0,2,0,0,2.0,4,63.0,45.0,52.1,1
2024-02-08,Portland Trail Blazers,2024-02-08 17:00:00,3,0,2,2,0,4.5,8,55.0,25.0,36.9,1
2024-02-08,San Antonio Spurs,2024-02-08 17:00:00,4,0,1,0,0,4.5,6,265.0,240.0,258.5,1
2024-02-08,Utah Jazz,2024-02-08 17:00:00,3,0,4,0,0,5.0,8,38.0,5.0,24.35,0
2024-02-09,Atlanta Hawks,2024-02-09 17:00:00,5,0,2,1,0,6.25,8,73.0,45.0,66.3,1
2024-02-09,Boston Celtics,2024-02-09 17:00:00,2,0,0,0,4,2.0,6,24.0,5.0,6.0,0
2024-02-09,Charlotte Hornets,2024-02-09 17:00:00,13,0,0,1,0,13.25,14,68.0,7.0,65.45,0
2024-02-09,Denver Nuggets,2024-02-09 17:00:00,4,0,1,3,0,5.25,9,77.0,45.0,63.95,1
2024-02-09,Houston Rockets,2024-02-09 17:00:00,4,0,0,0,0,4.0,4,57.0,45.0,57.0,1
2024-02-09,Los Angeles Lakers,2024-02-09 17:00:00,3,1,2,1,0,5.0,8,82.0,45.0,69.9,1
2024-02-09,Milwaukee Bucks,2024-02-09 17:00:00,2,0,1,2,0,3.0,6,43.0,10.0,22.7,0
2024-02-09,New Orleans Pelicans,2024-02-09 17:00:00,2,0,3,0,1,3.5,7,27.0,5.0,15.3,0
2024-02-09,Philadelphia 76ers,2024-02-09 17:00:00,4,0,1,0,2,4.5,7,36.0,14.0,24.35,1
2024-02-09,Sacramento Kings,2024-02-09 17:00:00,3,0,0,0,0,3.0,4,25.0,10.0,21.25,0
2024-02-09,Toronto Raptors,2024-02-09 17:00:00,2,0,2,1,0,3.25,5,23.0,5.0,14.95,0
2024-02-09,Washington Wizards,2024-02-09 17:00:00,5,0,0,0,0,5.0,5,26.0,10.0,26.0,0
2024-02-10,Atlanta Hawks,2024-02-10 17:00:00,8,0,1,0,0,8.5,10,79.0,45.0,73.6,1
2024-02-10,Brooklyn Nets,2024-02-10 17:00:00,4,0,0,0,1,4.0,5,17.0,5.0,14.0,0
2024-02-10,Charlotte Hornets,2024-02-10 17:00:00,3,0,0,0,1,3.0,5,23.0,7.0,16.25,0
2024-02-10,Chicago Bulls,2024-02-10 17:00:00,6,0,0,0,3,6.0,10,128.0,45.0,109.25,2
2024-02-10,Cleveland Cavaliers,2024-02-10 17:00:00,5,0,0,0,0,5.0,5,65.0,45.0,65.0,1
2024-02-10,Dallas Mavericks,2024-02-10 17:00:00,3,0,0,0,3,3.0,7,74.0,25.0,34.25,1
2024-02-10,Detroit Pistons,2024-02-10 17:00:00,6,0,0,0,4,6.0,11,64.0,10.0,36.25,0
2024-02-10,Golden State Warriors,2024-02-10 17:00:00,1,0,0,0,0,1.0,2,30.0,25.0,26.25,1
2024-02-10,Houston Rockets,2024-02-10 17:00:00,5,0,2,0,0,6.0,8,76.0,45.0,68.95,1
2024-02-10,Indiana Pacers,2024-02-10 17:00:00,2,0,6,0,0,5.0,8,47.0,14.0,26.65,1
2024-02-10,LA Clippers,2024-02-09 17:00:00,0,0,0,0,0,0.0,1,5.0,5.0,1.25,0
2024-02-10,Memphis Grizzlies,2024-02-10 17:00:00,6,1,1,0,0,7.25,8,217.0,180.0,214.6,1
2024-02-10,New Orleans Pelicans,2024-02-10 17:00:00,3,0,4,0,0,5.0,8,30.0,5.0,19.65,0
2024-02-10,New York Knicks,2024-02-10 17:00:00,4,0,2,0,0,5.0,6,109.0,45.0,101.85,2
2024-02-10,Oklahoma City Thunder,2024-02-10 17:00:00,2,0,0,0,0,2.0,3,20.0,10.0,16.25,0
2024-02-10,Orlando Magic,2024-02-10 17:00:00,3,0,0,0,0,3.0,3,15.0,5.0,15.0,0
2024-02-10,Philadelphia 76ers,2024-02-10 17:00:00,5,0,0,1,0,5.25,7,34.0,14.0,27.7,1
2024-02-10,Phoenix Suns,2024-02-10 17:00:00,1,0,0,1,0,1.25,3,60.0,45.0,47.75,1
2024-02-10,Portland Trail Blazers,2024-02-10 17:00:00,4,0,4,0,0,6.0,9,100.0,45.0,89.65,2
2024-02-10,San Antonio Spurs,2024-02-10 17:00:00,5,0,0,0,1,5.0,6,265.0,240.0,260.0,1
2024-02-10,Toronto Raptors,2024-02-10 17:00:00,2,0,0,0,1,2.0,4,20.0,5.0,11.25,0
2024-02-10,Washington Wizards,2024-02-10 17:00:00,1,0,0,0,1,1.0,3,18.0,10.0,4.25,0
2024-02-11,Boston Celtics,2024-02-11 17:00:00,4,0,0,0,0,4.0,4,16.0,5.0,16.0,0
2024-02-11,Miami Heat,2024-02-11 17:00:00,5,0,0,0,0,5.0,5,63.0,45.0,63.0,1
2024-02-11,Oklahoma City Thunder,2024-02-11 17:00:00,3,0,0,0,0,3.0,4,25.0,10.0,21.25,0
2024-02-11,Sacramento Kings,2024-02-11 17:00:00,5,0,0,0,0,5.0,5,35.0,10.0,35.0,0
2024-02-12,Atlanta Hawks,2024-02-12 17:00:00,7,0,0,0,1,7.0,8,70.0,45.0,67.0,1
2024-02-12,Charlotte Hornets,2024-02-12 17:00:00,6,0,0,0,1,6.0,7,33.0,7.0,30.0,0
2024-02-12,Chicago Bulls,2024-02-12 17:00:00,6,0,1,2,0,7.0,9,117.0,45.0,110.25,2
2024-02-12,Cleveland Cavaliers,2024-02-12 17:00:00,6,0,0,0,0,6.0,6,68.0,45.0,68.0,1
2024-02-12,Dallas Mavericks,2024-02-12 17:00:00,2,0,0,3,0,2.75,5,64.0,25.0,33.4,2
2024-02-12,Denver Nuggets,2024-02-12 17:00:00,2,0,1,1,0,2.75,4,76.0,45.0,71.8,2
2024-02-12,Golden State Warriors,2024-02-12 17:00:00,1,0,0,0,1,1.0,2,28.0,25.0,25.0,1
2024-02-12,Houston Rockets,2024-02-12 17:00:00,4,0,1,0,0,4.5,6,70.0,45.0,64.6,1
2024-02-12,Indiana Pacers,2024-02-12 17:00:00,1,0,6,0,0,4.0,7,40.0,14.0,19.65,1
2024-02-12,LA Clippers,2024-02-11 17:00:00,0,0,0,0,0,0.0,1,5.0,5.0,1.25,0
2024-02-12,Memphis Grizzlies,2024-02-12 17:00:00,5,2,0,0,0,6.5,8,217.0,180.0,211.75,1
2024-02-12,Milwaukee Bucks,2024-02-12 17:00:00,1,0,0,2,0,1.5,3,23.0,10.0,11.95,0
2024-02-12,Minnesota Timberwolves,2024-02-12 17:00:00,2,0,1,0,0,2.5,4,16.0,5.0,10.6,0
2024-02-12,New Orleans Pelicans,2024-02-12 17:00:00,2,0,2,0,0,3.0,4,14.0,5.0,10.7,0
2024-02-12,New York Knicks,2024-02-12 17:00:00,3,0,1,1,0,3.75,5,99.0,45.0,94.80000000000001,2
2024-02-12,Philadelphia 76ers,2024-02-12 17:00:00,5,0,0,0,1,5.0,6,29.0,14.0,26.0,1
2024-02-12,San Antonio Spurs,2024-02-12 17:00:00,5,0,1,0,0,5.5,6,265.0,240.0,262.25,1
2024-02-12,Toronto Raptors,2024-02-12 17:00:00,2,0,0,0,0,2.0,2,10.0,5.0,10.0,0
2024-02-12,Utah Jazz,2024-02-12 17:00:00,3,0,1,0,1,3.5,6,26.0,5.0,17.6,0
2024-02-12,Washington Wizards,2024-02-12 17:00:00,2,0,0,0,0,2.0,2,8.0,5.0,8.0,0
2024-02-13,Boston Celtics,2024-02-13 17:00:00,4,0,1,0,0,4.5,5,20.0,5.0,18.35,0
2024-02-13,Brooklyn Nets,2024-02-13 17:00:00,2,0,0,0,0,2.0,2,6.0,3.0,6.0,0
2024-02-13,Detroit Pistons,2024-02-13 17:00:00,5,0,0,0,0,5.0,6,42.0,12.0,38.25,0
2024-02-13,Los Angeles Lakers,2024-02-13 17:00:00,4,0,2,0,0,5.0,7,79.0,45.0,71.95,1
2024-02-13,Miami Heat,2024-02-13 17:00:00,4,0,1,0,0,4.5,5,66.0,45.0,64.35,1
2024-02-13,Milwaukee Bucks,2024-02-13 17:00:00,1,0,0,4,0,2.0,6,27.0,10.0,13.05,0
2024-02-13,Minnesota Timberwolves,2024-02-13 17:00:00,2,0,3,0,0,3.5,6,22.0,5.0,13.3,0
2024-02-13,Oklahoma City Thunder,2024-02-13 17:00:00,5,0,0,0,0,5.0,5,30.0,10.0,30.0,0
2024-02-13,Phoenix Suns,2024-02-13 17:00:00,1,0,0,0,1,1.0,3,75.0,45.0,46.25,1
2024-02-13,Portland Trail Blazers,2024-02-13 17:00:00,4,0,3,2,0,6.0,10,107.0,45.0,85.05000000000001,2
2024-02-13,Sacramento Kings,2024-02-13 17:00:00,4,0,1,0,1,4.5,7,38.0,10.0,27.6,0
2024-02-14,Atlanta Hawks,2024-02-14 17:00:00,6,0,0,0,0,6.0,6,62.0,45.0,62.0,1
2024-02-14,Boston Celtics,2024-02-14 17:00:00,5,0,1,0,0,5.5,7,28.0,5.0,22.6,0
2024-02-14,Brooklyn Nets,2024-02-14 17:00:00,2,0,0,0,0,2.0,3,11.0,5.0,7.25,0
2024-02-14,Charlotte Hornets,2024-02-14 17:00:00,4,0,0,0,2,4.0,6,28.0,7.0,20.0,0
2024-02-14,Chicago Bulls,2024-02-14 17:00:00,5,0,1,2,0,6.0,8,112.0,45.0,105.25,2
2024-02-14,Cleveland Cavaliers,2024-02-14 17:00:00,5,0,3,0,0,6.5,8,74.0,45.0,69.05,1
2024-02-14,Dallas Mavericks,2024-02-14 17:00:00,2,0,2,2,0,3.5,6,69.0,25.0,32.15,2
2024-02-14,Denver Nuggets,2024-02-14 17:00:00,2,0,3,0,0,3.5,5,86.0,45.0,77.2,2
2024-02-14,Detroit Pistons,2024-02-14 17:00:00,5,0,0,1,0,5.25,7,46.0,12.0,38.85,0
2024-02-14,Golden State Warriors,2024-02-14 17:00:00,1,0,0,0,0,1.0,2,30.0,25.0,26.25,1
2024-02-14,Houston Rockets,2024-02-14 17:00:00,4,0,1,0,0,4.5,6,70.0,45.0,64.6,1
2024-02-14,Indiana Pacers,2024-02-14 17:00:00,2,0,7,0,0,5.5,9,46.0,14.0,24.0,1
2024-02-14,LA Clippers,2024-02-14 17:00:00,3,0,0,0,0,3.0,4,18.0,5.0,14.25,0
2024-02-14,Los Angeles Lakers,2024-02-14 17:00:00,7,0,1,0,0,7.5,9,89.0,45.0,83.6,1
2024-02-14,Memphis Grizzlies,2024-02-14 17:00:00,6,0,2,0,0,7.0,9,220.0,180.0,212.95,1
2024-02-14,Miami Heat,2024-02-14 17:00:00,4,0,0,0,1,4.0,6,71.0,45.0,64.25,1
2024-02-14,New Orleans Pelicans,2024-02-14 17:00:00,2,0,2,0,0,3.0,4,41.0,30.0,37.7,1
2024-02-14,New York Knicks,2024-02-14 17:00:00,3,0,3,0,0,4.5,6,102.0,45.0,97.05,2
2024-02-14,Orlando Magic,2024-02-14 17:00:00,3,0,0,0,0,3.0,4,14.0,5.0,10.25,0
2024-02-14,Philadelphia 76ers,2024-02-14 17:00:00,6,0,0,0,0,6.0,6,33.0,14.0,33.0,1
2024-02-14,Phoenix Suns,2024-02-14 17:00:00,2,0,0,0,0,2.0,3,53.0,45.0,49.25,1
2024-02-14,Sacramento Kings,2024-02-14 17:00:00,3,0,1,0,0,3.5,5,28.0,10.0,22.6,0
2024-02-14,San Antonio Spurs,2024-02-14 17:00:00,5,0,1,0,0,5.5,6,265.0,240.0,262.25,1
2024-02-14,Toronto Raptors,2024-02-14 17:00:00,1,0,2,0,0,2.0,3,18.0,10.0,10.85,0
2024-02-14,Utah Jazz,2024-02-14 17:00:00,3,0,0,0,0,3.0,4,20.0,5.0,16.25,0
2024-02-14,Washington Wizards,2024-02-14 17:00:00,3,0,0,0,0,3.0,3,11.0,5.0,11.0,0
2024-02-15,Golden State Warriors,2024-02-15 17:00:00,1,0,0,0,0,1.0,2,30.0,25.0,26.25,1
2024-02-15,Memphis Grizzlies,2024-02-15 17:00:00,7,2,1,0,0,9.0,11,226.0,180.0,219.1,1
2024-02-15,Milwaukee Bucks,2024-02-15 17:00:00,1,0,1,1,0,1.75,3,16.0,10.0,11.8,0
2024-02-15,Minnesota Timberwolves,2024-02-15 17:00:00,1,0,2,0,0,2.0,4,14.0,5.0,6.95,0
2024-02-15,Portland Trail Blazers,2024-02-15 17:00:00,5,0,0,1,0,5.25,7,94.0,45.0,87.7,2
2024-02-15,Utah Jazz,2024-02-15 17:00:00,3,0,0,0,0,3.0,4,20.0,5.0,16.25,0
2024-02-22,Boston Celtics,2024-02-22 17:00:00,3,0,0,0,1,3.0,4,18.0,5.0,15.0,0
2024-02-22,Brooklyn Nets,2024-02-22 17:00:00,4,0,0,0,0,4.0,4,18.0,5.0,18.0,0
2024-02-22,Charlotte Hornets,2024-02-22 17:00:00,6,0,0,0,0,6.0,6,30.0,7.0,30.0,0
2024-02-22,Chicago Bulls,2024-02-22 17:00:00,6,0,0,0,0,6.0,6,115.0,45.0,115.0,2
2024-02-22,Cleveland Cavaliers,2024-02-22 17:00:00,5,0,1,0,0,5.5,6,68.0,45.0,66.35,1
2024-02-22,Dallas Mavericks,2024-02-22 17:00:00,1,0,0,3,0,1.75,4,56.0,25.0,10.95,2
2024-02-22,Denver Nuggets,2024-02-22 17:00:00,2,0,0,3,0,2.75,5,86.0,45.0,72.4,2
2024-02-22,Detroit Pistons,2024-02-22 17:00:00,3,1,1,1,0,4.5,6,41.0,12.0,29.1,0
2024-02-22,Golden State Warriors,2024-02-22 17:00:00,1,0,1,0,0,1.5,2,28.0,25.0,26.35,1
2024-02-22,Houston Rockets,2024-02-22 17:00:00,4,0,1,0,0,4.5,5,62.0,45.0,60.35,1
2024-02-22,Indiana Pacers,2024-02-22 17:00:00,1,0,4,0,0,3.0,5,28.0,10.0,18.1,0
2024-02-22,Los Angeles Lakers,2024-02-22 17:00:00,5,0,2,1,0,6.25,8,82.0,45.0,68.45,1
2024-02-22,New Orleans Pelicans,2024-02-22 17:00:00,3,0,2,0,0,4.0,5,19.0,5.0,15.7,0
2024-02-22,New York Knicks,2024-02-22 17:00:00,3,0,0,2,0,3.5,5,99.0,45.0,93.9,2
2024-02-22,Oklahoma City Thunder,2024-02-22 17:00:00,2,0,0,0,0,2.0,2,10.0,5.0,10.0,0
2024-02-22,Orlando Magic,2024-02-22 17:00:00,4,0,1,0,0,4.5,5,21.0,5.0,19.35,0
2024-02-22,Philadelphia 76ers,2024-02-22 17:00:00,3,0,0,0,4,3.0,7,38.0,14.0,9.0,0
2024-02-22,Phoenix Suns,2024-02-22 17:00:00,1,0,1,0,0,1.5,2,48.0,45.0,46.35,1
2024-02-22,Sacramento Kings,2024-02-22 17:00:00,4,0,1,0,0,4.5,5,28.0,10.0,26.35,0
2024-02-22,San Antonio Spurs,2024-02-22 17:00:00,6,0,0,0,0,6.0,6,265.0,240.0,265.0,1
2024-02-22,Toronto Raptors,2024-02-22 17:00:00,3,0,0,0,0,3.0,3,15.0,5.0,15.0,0
2024-02-22,Utah Jazz,2024-02-22 17:00:00,3,0,0,0,0,3.0,3,15.0,5.0,15.0,0
2024-02-22,Washington Wizards,2024-02-22 17:00:00,2,0,0,0,0,2.0,2,8.0,5.0,8.0,0
2024-02-23,Atlanta Hawks,2024-02-23 17:00:00,7,0,0,0,0,7.0,7,73.0,45.0,73.0,1
2024-02-23,Charlotte Hornets,2024-02-23 17:00:00,6,1,0,0,0,6.75,8,38.0,7.0,33.5,0
2024-02-23,Cleveland Cavaliers,2024-02-23 17:00:00,5,0,1,0,0,5.5,7,73.0,45.0,67.6,1
2024-02-23,Denver Nuggets,2024-02-23 17:00:00,3,0,1,1,0,3.75,6,84.0,45.0,76.05,2
2024-02-23,Golden State Warriors,2024-02-23 17:00:00,1,0,0,1,0,1.25,3,33.0,25.0,26.7,1
2024-02-23,Houston Rockets,2024-02-23 17:00:00,4,0,0,0,0,4.0,5,64.0,45.0,60.25,1
2024-02-23,LA Clippers,2024-02-22 17:00:00,0,0,0,0,0,0.0,1,5.0,5.0,1.25,0
2024-02-23,Los Angeles Lakers,2024-02-23 17:00:00,3,1,1,1,0,4.5,7,72.0,45.0,61.55,1
2024-02-23,Memphis Grizzlies,2024-02-23 17:00:00,5,0,1,1,0,5.75,8,217.0,180.0,205.2,1
2024-02-23,Miami Heat,2024-02-23 17:00:00,3,0,2,0,1,4.0,6,69.0,45.0,62.7,1
2024-02-23,Milwaukee Bucks,2024-02-23 17:00:00,4,0,0,2,0,4.5,7,36.0,10.0,27.15,0
2024-02-23,Minnesota Timberwolves,2024-02-23 17:00:00,3,0,0,0,0,3.0,4,18.0,5.0,14.25,0
2024-02-23,New Orleans Pelicans,2024-02-23 17:00:00,5,0,2,0,1,6.0,9,37.0,5.0,26.95,0
2024-02-23,Oklahoma City Thunder,2024-02-23 17:00:00,1,0,0,0,4,1.0,6,30.0,5.0,6.25,0
2024-02-23,Philadelphia 76ers,2024-02-23 17:00:00,3,0,1,1,0,3.75,6,35.0,14.0,21.0,1
2024-02-23,Phoenix Suns,2024-02-23 17:00:00,1,2,0,0,0,2.5,4,63.0,45.0,56.0,1
2024-02-23,Portland Trail Blazers,2024-02-23 17:00:00,6,0,1,0,0,6.5,8,104.0,45.0,94.75,2
2024-02-23,San Antonio Spurs,2024-02-23 17:00:00,6,0,0,0,0,6.0,7,270.0,240.0,266.25,1
2024-02-23,Toronto Raptors,2024-02-23 17:00:00,3,0,1,0,0,3.5,5,24.0,5.0,18.05,0
2024-02-23,Washington Wizards,2024-02-23 17:00:00,2,0,0,0,0,2.0,3,13.0,5.0,9.25,0
2024-02-24,Boston Celtics,2024-02-24 17:00:00,4,0,0,0,0,4.0,4,20.0,5.0,20.0,0
2024-02-24,Brooklyn Nets,2024-02-24 17:00:00,4,0,0,0,0,4.0,4,18.0,5.0,18.0,0
2024-02-24,Detroit Pistons,2024-02-24 17:00:00,4,0,1,1,0,4.75,6,35.0,12.0,23.15,0
2024-02-24,Minnesota Timberwolves,2024-02-24 17:00:00,3,0,1,0,0,3.5,5,28.0,10.0,18.75,0
2024-02-24,New York Knicks,2024-02-24 17:00:00,3,0,1,0,0,3.5,4,96.0,45.0,94.35,2
2024-02-24,Orlando Magic,2024-02-24 17:00:00,4,0,0,0,0,4.0,4,18.0,5.0,18.0,0
2024-02-25,Atlanta Hawks,2024-02-25 17:00:00,7,0,0,0,0,7.0,7,71.0,45.0,71.0,1
2024-02-25,Charlotte Hornets,2024-02-25 17:00:00,7,1,0,0,0,7.75,9,41.0,7.0,36.5,0
2024-02-25,Chicago Bulls,2024-02-25 17:00:00,6,0,0,0,0,6.0,6,115.0,45.0,115.0,2
2024-02-25,Cleveland Cavaliers,2024-02-25 17:00:00,5,0,0,0,1,5.0,6,68.0,45.0,65.0,1
2024-02-25,Dallas Mavericks,2024-02-25 17:00:00,5,0,0,0,3,5.0,8,76.0,25.0,23.0,0
2024-02-25,Denver Nuggets,2024-02-25 17:00:00,2,0,2,1,0,3.25,6,84.0,45.0,74.39999999999999,2
2024-02-25,Golden State Warriors,2024-02-25 17:00:00,2,0,0,0,0,2.0,3,33.0,25.0,29.25,1
2024-02-25,Houston Rockets,2024-02-25 17:00:00,4,0,0,0,0,4.0,5,64.0,45.0,60.25,1
2024-02-25,Indiana Pacers,2024-02-25 17:00:00,2,0,0,0,3,2.0,5,28.0,10.0,15.0,0
2024-02-25,LA Clippers,2024-02-25 17:00:00,0,0,2,0,0,1.0,3,18.0,10.0,7.1,0
2024-02-25,Los Angeles Lakers,2024-02-25 17:00:00,6,0,0,0,2,6.0,9,82.0,45.0,72.25,1
2024-02-25,Milwaukee Bucks,2024-02-25 17:00:00,4,0,0,0,1,4.0,5,28.0,10.0,25.0,0
2024-02-25,New Orleans Pelicans,2024-02-25 17:00:00,4,0,2,0,1,5.0,7,32.0,10.0,25.7,0
2024-02-25,Oklahoma City Thunder,2024-02-25 17:00:00,3,0,0,0,0,3.0,3,15.0,5.0,15.0,0
2024-02-25,Orlando Magic,2024-02-25 17:00:00,5,0,0,0,0,5.0,6,26.0,5.0,22.25,0
2024-02-25,Philadelphia 76ers,2024-02-25 17:00:00,5,0,0,0,0,5.0,5,19.0,5.0,19.0,0
2024-02-25,Phoenix Suns,2024-02-25 17:00:00,3,0,0,0,1,3.0,5,67.0,45.0,53.25,1
2024-02-25,Portland Trail Blazers,2024-02-25 17:00:00,6,0,0,0,0,6.0,7,94.0,45.0,90.25,2
2024-02-25,Sacramento Kings,2024-02-25 17:00:00,5,0,0,0,0,5.0,6,33.0,10.0,29.25,0
2024-02-25,San Antonio Spurs,2024-02-25 17:00:00,6,0,0,0,0,6.0,7,270.0,240.0,266.25,1
2024-02-25,Utah Jazz,2024-02-25 17:00:00,3,0,0,0,0,3.0,4,20.0,5.0,16.25,0
2024-02-25,Washington Wizards,2024-02-25 17:00:00,2,0,1,0,0,2.5,3,9.0,3.0,7.35,0
2024-02-26,Brooklyn Nets,2024-02-26 17:00:00,4,0,1,0,0,4.5,6,26.0,5.0,20.6,0
2024-02-26,Detroit Pistons,2024-02-26 17:00:00,5,0,0,0,0,5.0,5,23.0,5.0,23.0,0
2024-02-26,Indiana Pacers,2024-02-26 17:00:00,1,0,4,0,0,3.0,6,33.0,10.0,19.35,0
2024-02-26,Memphis Grizzlies,2024-02-26 17:00:00,6,0,0,0,0,6.0,7,212.0,180.0,208.25,1
2024-02-26,Miami Heat,2024-02-26 17:00:00,7,0,1,0,1,7.5,10,89.0,45.0,80.6,1
2024-02-26,New York Knicks,2024-02-26 17:00:00,3,0,0,0,0,3.0,3,93.0,45.0,93.0,2
2024-02-26,Sacramento Kings,2024-02-26 17:00:00,1,0,0,0,0,1.0,2,15.0,10.0,11.25,0
2024-02-26,Toronto Raptors,2024-02-26 17:00:00,3,0,0,0,0,3.0,3,15.0,5.0,15.0,0
2024-02-27,Atlanta Hawks,2024-02-27 17:00:00,7,0,0,0,0,7.0,7,31.0,5.0,31.0,0
2024-02-27,Boston Celtics,2024-02-27 17:00:00,2,0,0,0,0,2.0,2,10.0,5.0,10.0,0
2024-02-27,Brooklyn Nets,2024-02-27 17:00:00,5,0,0,0,0,5.0,6,31.0,10.0,27.25,0
2024-02-27,Charlotte Hornets,2024-02-27 17:00:00,6,0,1,1,0,6.75,9,41.0,7.0,33.05,0
2024-02-27,Chicago Bulls,2024-02-27 17:00:00,4,0,0,0,0,4.0,4,105.0,45.0,105.0,2
2024-02-27,Cleveland Cavaliers,2024-02-27 17:00:00,6,0,0,0,0,6.0,6,70.0,45.0,70.0,1
2024-02-27,Dallas Mavericks,2024-02-27 17:00:00,5,0,0,0,4,5.0,9,79.0,25.0,23.0,0
2024-02-27,Detroit Pistons,2024-02-27 17:00:00,4,0,0,2,0,4.5,7,30.0,5.0,20.3,0
2024-02-27,Golden State Warriors,2024-02-27 17:00:00,2,0,0,0,0,2.0,2,6.0,3.0,6.0,0
2024-02-27,Houston Rockets,2024-02-27 17:00:00,4,0,0,0,0,4.0,5,64.0,45.0,60.25,1
2024-02-27,Miami Heat,2024-02-27 17:00:00,7,0,0,0,1,7.0,9,77.0,45.0,70.25,1
2024-02-27,Milwaukee Bucks,2024-02-27 17:00:00,4,0,0,1,0,4.25,5,26.0,10.0,23.45,0
2024-02-27,Minnesota Timberwolves,2024-02-27 17:00:00,3,0,1,0,0,3.5,5,26.0,10.0,16.75,0
2024-02-27,New Orleans Pelicans,2024-02-27 17:00:00,4,0,2,0,1,5.0,7,34.0,10.0,23.85,0
2024-02-27,New York Knicks,2024-02-27 17:00:00,3,0,2,0,0,4.0,6,104.0,45.0,96.95,2
2024-02-27,Oklahoma City Thunder,2024-02-27 17:00:00,2,0,0,0,2,2.0,5,25.0,5.0,11.25,0
2024-02-27,Orlando Magic,2024-02-27 17:00:00,4,0,1,0,0,4.5,5,21.0,5.0,19.35,0
2024-02-27,Philadelphia 76ers,2024-02-27 17:00:00,4,0,1,0,0,4.5,5,19.0,5.0,17.35,0
2024-02-27,Portland Trail Blazers,2024-02-27 17:00:00,5,0,2,1,0,6.25,9,104.0,45.0,86.25,2
2024-02-27,San Antonio Spurs,2024-02-27 17:00:00,6,0,0,0,0,6.0,7,270.0,240.0,266.25,1
2024-02-27,Utah Jazz,2024-02-27 17:00:00,4,0,0,0,0,4.0,4,20.0,5.0,20.0,0
2024-02-27,Washington Wizards,2024-02-27 17:00:00,3,0,0,0,2,3.0,5,15.0,3.0,9.0,0
2024-02-28,Chicago Bulls,2024-02-28 17:00:00,4,0,1,0,0,4.5,6,124.0,45.0,112.55,3
2024-02-28,Cleveland Cavaliers,2024-02-28 17:00:00,6,0,0,0,0,6.0,7,75.0,45.0,71.25,1
2024-02-28,Dallas Mavericks,2024-02-28 17:00:00,1,1,0,3,0,2.5,6,66.0,25.0,29.65,2
2024-02-28,Denver Nuggets,2024-02-28 17:00:00,1,0,1,0,0,1.5,2,70.0,45.0,56.25,2
2024-02-28,Indiana Pacers,2024-02-28 17:00:00,1,0,4,0,0,3.0,5,35.0,10.0,21.25,0
2024-02-28,LA Clippers,2024-02-28 17:00:00,1,0,1,0,0,1.5,3,11.0,5.0,5.6,0
2024-02-28,Los Angeles Lakers,2024-02-28 17:00:00,5,0,1,2,0,6.0,9,82.0,45.0,65.55,1
2024-02-28,Memphis Grizzlies,2024-02-28 17:00:00,6,1,0,0,0,6.75,8,215.0,180.0,209.25,1
2024-02-28,Minnesota Timberwolves,2024-02-28 17:00:00,3,0,2,0,0,4.0,6,38.0,12.0,27.1,0
2024-02-28,New Orleans Pelicans,2024-02-28 17:00:00,4,0,4,0,1,6.0,10,52.0,10.0,30.95,0
2024-02-28,Sacramento Kings,2024-02-28 17:00:00,4,0,1,0,0,4.5,6,33.0,10.0,27.6,0
2024-02-28,Toronto Raptors,2024-02-28 17:00:00,3,0,2,0,0,4.0,5,28.0,10.0,20.85,0
2024-02-29,Atlanta Hawks,2024-02-29 17:00:00,7,0,0,0,1,7.0,8,36.0,5.0,31.0,0
2024-02-29,Brooklyn Nets,2024-02-29 17:00:00,6,0,0,0,0,6.0,6,31.0,10.0,31.0,0
2024-02-29,Charlotte Hornets,2024-02-29 17:00:00,6,0,0,0,1,6.0,7,35.0,7.0,30.0,0
2024-02-29,Denver Nuggets,2024-02-29 17:00:00,2,0,0,0,0,2.0,3,53.0,45.0,49.25,1
2024-02-29,Golden State Warriors,2024-02-29 17:00:00,2,0,0,0,0,2.0,2,6.0,3.0,6.0,0
2024-02-29,Houston Rockets,2024-02-29 17:00:00,4,0,1,0,0,4.5,6,67.0,45.0,61.6,1
2024-02-29,Los Angeles Lakers,2024-02-29 17:00:00,6,0,1,2,0,7.0,10,107.0,45.0,90.55,2
2024-02-29,Miami Heat,2024-02-29 17:00:00,7,0,0,0,1,7.0,9,77.0,45.0,70.25,1
2024-02-29,Milwaukee Bucks,2024-02-29 17:00:00,3,0,0,0,3,3.0,6,29.0,10.0,20.0,0
2024-02-29,New York Knicks,2024-02-29 17:00:00,3,0,1,0,0,3.5,4,96.0,45.0,94.35,2
2024-02-29,Oklahoma City Thunder,2024-02-29 17:00:00,4,0,0,0,0,4.0,5,25.0,5.0,21.25,0
2024-02-29,Orlando Magic,2024-02-29 17:00:00,1,0,1,0,0,1.5,2,6.0,3.0,4.35,0
2024-02-29,Phoenix Suns,2024-02-29 17:00:00,2,0,2,1,0,3.25,6,70.0,45.0,53.9,1
2024-02-29,San Antonio Spurs,2024-02-29 17:00:00,6,0,0,0,0,6.0,7,270.0,240.0,266.25,1
2024-02-29,Utah Jazz,2024-02-29 17:00:00,4,0,1,0,0,4.5,5,23.0,5.0,21.35,0
2024-02-29,Washington Wizards,2024-02-29 17:00:00,3,0,0,0,2,3.0,6,24.0,5.0,12.25,0
2024-03-01,Boston Celtics,2024-03-01 17:00:00,4,0,1,0,0,4.5,5,23.0,5.0,21.35,0
2024-03-01,Charlotte Hornets,2024-03-01 17:00:00,7,0,0,1,1,7.25,10,44.0,5.0,32.7,0
2024-03-01,Chicago Bulls,2024-03-01 17:00:00,7,0,1,0,0,7.5,8,134.0,45.0,126.3,3
2024-03-01,Cleveland Cavaliers,2024-03-01 17:00:00,6,0,2,0,0,7.0,8,76.0,45.0,72.7,1
2024-03-01,Dallas Mavericks,2024-03-01 17:00:00,3,0,1,0,2,3.5,6,75.0,25.0,19.5,0
2024-03-01,Detroit Pistons,2024-03-01 17:00:00,5,0,0,0,0,5.0,5,23.0,5.0,23.0,0
2024-03-01,Golden State Warriors,2024-03-01 17:00:00,3,0,0,0,0,3.0,4,14.0,5.0,10.25,0
2024-03-01,Indiana Pacers,2024-03-01 17:00:00,1,0,4,0,0,3.0,6,40.0,10.0,22.5,0
2024-03-01,LA Clippers,2024-03-01 17:00:00,0,0,2,0,0,1.0,3,11.0,5.0,3.95,0
2024-03-01,Memphis Grizzlies,2024-03-01 17:00:00,7,2,1,0,0,9.0,11,224.0,180.0,215.85,1
2024-03-01,Milwaukee Bucks,2024-03-01 17:00:00,4,0,0,1,0,4.25,6,33.0,10.0,26.7,0
2024-03-01,Minnesota Timberwolves,2024-03-01 17:00:00,3,1,1,0,0,4.25,6,33.0,12.0,24.6,0
2024-03-01,New Orleans Pelicans,2024-03-01 17:00:00,5,0,0,0,1,5.0,7,31.0,5.0,24.25,0
2024-03-01,Philadelphia 76ers,2024-03-01 17:00:00,5,0,2,0,0,6.0,7,25.0,5.0,21.7,0
2024-03-01,Portland Trail Blazers,2024-03-01 17:00:00,4,1,2,0,0,5.75,8,92.0,45.0,71.0,2
2024-03-01,Sacramento Kings,2024-03-01 17:00:00,4,0,1,0,0,4.5,6,33.0,10.0,27.6,0
2024-03-01,Toronto Raptors,2024-03-01 17:00:00,1,0,1,0,2,1.5,4,18.0,5.0,6.35,0
2024-03-01,Washington Wizards,2024-03-01 17:00:00,3,0,1,0,0,3.5,5,19.0,5.0,13.6,0
2024-03-02,Atlanta Hawks,2024-03-02 17:00:00,6,0,0,0,0,6.0,6,26.0,5.0,26.0,0
2024-03-02,Brooklyn Nets,2024-03-02 17:00:00,7,0,0,0,0,7.0,7,36.0,10.0,36.0,0
2024-03-02,Denver Nuggets,2024-03-02 17:00:00,2,0,2,0,0,3.0,5,66.0,45.0,55.1,1
2024-03-02,Houston Rockets,2024-03-02 17:00:00,4,0,0,0,0,4.0,5,64.0,45.0,60.25,1
2024-03-02,Los Angeles Lakers,2024-03-02 17:00:00,6,0,1,2,0,7.0,10,107.0,45.0,90.55,2
2024-03-02,Memphis Grizzlies,2024-03-02 17:00:00,7,0,2,0,0,8.0,10,221.0,180.0,211.2,1
2024-03-02,Miami Heat,2024-03-02 17:00:00,4,0,0,0,2,4.0,6,65.0,45.0,54.0,1
2024-03-02,Phoenix Suns,2024-03-02 17:00:00,1,1,1,1,0,2.5,5,60.0,45.0,50.45,1
2024-03-02,Portland Trail Blazers,2024-03-02 17:00:00,4,1,1,0,0,5.25,7,67.0,45.0,59.75,1
2024-03-02,Utah Jazz,2024-03-02 17:00:00,6,0,0,0,0,6.0,6,26.0,5.0,26.0,0
2024-03-03,Boston Celtics,2024-03-03 17:00:00,5,0,0,0,0,5.0,5,21.0,5.0,21.0,0
2024-03-03,Charlotte Hornets,2024-03-03 17:00:00,7,0,0,0,1,7.0,8,46.0,10.0,43.0,0
2024-03-03,Cleveland Cavaliers,2024-03-03 17:00:00,5,0,2,0,0,6.0,7,71.0,45.0,67.7,1
2024-03-03,Dallas Mavericks,2024-03-03 17:00:00,3,0,0,0,1,3.0,4,40.0,25.0,15.0,0
2024-03-03,Detroit Pistons,2024-03-03 17:00:00,4,0,1,1,0,4.75,6,26.0,5.0,21.8,0
2024-03-03,Golden State Warriors,2024-03-03 17:00:00,2,0,0,0,2,2.0,4,12.0,3.0,6.0,0
2024-03-03,Indiana Pacers,2024-03-03 17:00:00,1,0,4,0,0,3.0,5,26.0,10.0,17.2,0
2024-03-03,LA Clippers,2024-03-03 17:00:00,1,0,0,0,1,1.0,3,33.0,25.0,26.25,1
2024-03-03,Minnesota Timberwolves,2024-03-03 17:00:00,2,0,0,0,2,2.0,5,28.0,12.0,9.25,0
2024-03-03,New York Knicks,2024-03-03 17:00:00,3,0,0,0,0,3.0,3,93.0,45.0,93.0,2
2024-03-03,Oklahoma City Thunder,2024-03-03 17:00:00,4,0,0,0,0,4.0,5,32.0,12.0,28.25,0
2024-03-03,Orlando Magic,2024-03-03 17:00:00,3,0,0,0,0,3.0,3,15.0,5.0,15.0,0
2024-03-03,Philadelphia 76ers,2024-03-03 17:00:00,6,0,0,0,2,6.0,9,33.0,5.0,23.25,0
2024-03-03,Phoenix Suns,2024-03-03 17:00:00,3,0,0,2,0,3.5,6,70.0,45.0,60.3,1
2024-03-03,San Antonio Spurs,2024-03-03 17:00:00,2,0,0,0,0,2.0,2,250.0,240.0,250.0,1
2024-03-03,Toronto Raptors,2024-03-03 17:00:00,2,1,0,0,0,2.75,3,33.0,25.0,32.25,1
2024-03-04,Brooklyn Nets,2024-03-04 17:00:00,7,0,0,0,0,7.0,7,36.0,10.0,36.0,0
2024-03-04,Chicago Bulls,2024-03-04 17:00:00,7,0,1,0,0,7.5,8,134.0,45.0,126.3,3
2024-03-04,LA Clippers,2024-03-04 17:00:00,1,0,0,0,0,1.0,2,30.0,25.0,26.25,1
2024-03-04,Los Angeles Lakers,2024-03-04 17:00:00,4,0,1,2,0,5.0,8,97.0,45.0,80.55,2
2024-03-04,Memphis Grizzlies,2024-03-04 17:00:00,7,2,0,0,0,8.5,9,215.0,180.0,213.5,1
2024-03-04,Milwaukee Bucks,2024-03-04 17:00:00,3,0,1,0,0,3.5,4,26.0,10.0,24.35,0
2024-03-04,Minnesota Timberwolves,2024-03-04 17:00:00,2,0,3,0,0,3.5,6,31.0,12.0,17.35,0
2024-03-04,Oklahoma City Thunder,2024-03-04 17:00:00,4,0,0,0,0,4.0,5,32.0,12.0,28.25,0
2024-03-04,Portland Trail Blazers,2024-03-04 17:00:00,4,1,4,0,0,6.75,9,71.0,45.0,62.550000000000004,1
2024-03-04,Sacramento Kings,2024-03-04 17:00:00,1,0,1,0,0,1.5,3,18.0,10.0,12.6,0
2024-03-04,Utah Jazz,2024-03-04 17:00:00,3,0,3,0,0,4.5,7,29.0,5.0,18.1,0
2024-03-04,Washington Wizards,2024-03-04 17:00:00,3,0,0,0,0,3.0,3,13.0,5.0,13.0,0
2024-03-05,Atlanta Hawks,2024-03-05 17:00:00,7,0,0,0,1,7.0,8,34.0,5.0,29.0,0
2024-03-05,Boston Celtics,2024-03-05 17:00:00,4,0,2,0,0,5.0,6,24.0,5.0,20.7,0
2024-03-05,Brooklyn Nets,2024-03-05 17:00:00,7,0,1,0,0,7.5,9,49.0,10.0,39.75,0
2024-03-05,Charlotte Hornets,2024-03-05 17:00:00,6,0,0,0,1,6.0,7,43.0,10.0,40.0,0
2024-03-05,Cleveland Cavaliers,2024-03-05 17:00:00,5,0,2,0,0,6.0,7,67.0,45.0,63.7,1
2024-03-05,Dallas Mavericks,2024-03-05 17:00:00,0,0,3,0,1,1.5,4,48.0,25.0,10.35,0
2024-03-05,Denver Nuggets,2024-03-05 17:00:00,1,0,0,0,0,1.0,2,50.0,45.0,46.25,1
2024-03-05,Detroit Pistons,2024-03-05 17:00:00,4,1,0,0,0,4.75,5,23.0,5.0,22.25,0
2024-03-05,Houston Rockets,2024-03-05 17:00:00,4,0,0,0,0,4.0,5,105.0,45.0,101.25,2
2024-03-05,Indiana Pacers,2024-03-05 17:00:00,1,0,6,0,0,4.0,8,39.0,10.0,22.05,0
2024-03-05,Miami Heat,2024-03-05 17:00:00,6,0,0,0,1,6.0,7,72.0,45.0,64.0,1
2024-03-05,New Orleans Pelicans,2024-03-05 17:00:00,4,0,0,0,1,4.0,5,21.0,5.0,18.0,0
2024-03-05,New York Knicks,2024-03-05 17:00:00,3,0,1,0,0,3.5,4,96.0,45.0,94.35,2
2024-03-05,Orlando Magic,2024-03-05 17:00:00,4,0,0,0,0,4.0,4,18.0,5.0,18.0,0
2024-03-05,Philadelphia 76ers,2024-03-05 17:00:00,4,0,2,0,0,5.0,6,21.0,6.0,17.7,0
2024-03-05,Phoenix Suns,2024-03-05 17:00:00,4,0,1,0,0,4.5,6,69.0,45.0,63.6,1
2024-03-05,San Antonio Spurs,2024-03-05 17:00:00,5,0,2,0,0,6.0,8,278.0,240.0,267.1,1
2024-03-05,Toronto Raptors,2024-03-05 17:00:00,3,0,0,0,0,3.0,3,31.0,25.0,31.0,1
2024-03-06,Atlanta Hawks,2024-03-06 17:00:00,6,0,0,1,1,6.25,9,38.0,5.0,25.85,0
2024-03-06,Chicago Bulls,2024-03-06 17:00:00,7,1,0,0,0,7.75,9,128.0,45.0,121.25,2
2024-03-06,Cleveland Cavaliers,2024-03-06 17:00:00,6,0,0,0,0,6.0,7,76.0,45.0,72.25,1
2024-03-06,Houston Rockets,2024-03-06 17:00:00,4,0,2,0,0,5.0,7,111.0,45.0,103.95,2
2024-03-06,LA Clippers,2024-03-06 17:00:00,1,0,0,0,0,1.0,2,30.0,25.0,26.25,1
2024-03-06,Los Angeles Lakers,2024-03-06 17:00:00,4,0,1,2,0,5.0,8,97.0,45.0,80.55,2
2024-03-06,Memphis Grizzlies,2024-03-06 17:00:00,8,0,1,0,0,8.5,9,215.0,180.0,213.35,1
2024-03-06,Milwaukee Bucks,2024-03-06 17:00:00,5,0,1,2,0,6.0,9,44.0,10.0,33.5,0
2024-03-06,Oklahoma City Thunder,2024-03-06 17:00:00,4,0,0,0,0,4.0,5,32.0,12.0,28.25,0
2024-03-06,Orlando Magic,2024-03-06 17:00:00,5,0,1,0,0,5.5,7,29.0,5.0,23.6,0
2024-03-06,Philadelphia 76ers,2024-03-06 17:00:00,5,0,0,0,0,5.0,6,25.0,6.0,21.25,0
2024-03-06,Portland Trail Blazers,2024-03-06 17:00:00,4,1,3,0,0,6.25,9,71.0,45.0,61.550000000000004,1
2024-03-06,Sacramento Kings,2024-03-06 17:00:00,4,0,0,0,0,4.0,5,30.0,10.0,26.25,0
2024-03-06,Utah Jazz,2024-03-06 17:00:00,5,0,2,0,0,6.0,8,32.0,5.0,22.75,0
2024-03-06,Washington Wizards,2024-03-06 17:00:00,3,0,0,0,0,3.0,3,11.0,5.0,11.0,0
2024-03-07,Boston Celtics,2024-03-07 17:00:00,4,0,1,0,0,4.5,6,26.0,5.0,20.6,0
2024-03-07,Brooklyn Nets,2024-03-07 17:00:00,7,0,0,0,1,7.0,8,42.0,10.0,39.0,0
2024-03-07,Chicago Bulls,2024-03-07 17:00:00,6,0,1,0,0,6.5,8,167.0,45.0,156.65,3
2024-03-07,Dallas Mavericks,2024-03-07 17:00:00,4,0,0,2,1,4.5,7,58.0,25.0,21.95,0
2024-03-07,Denver Nuggets,2024-03-07 17:00:00,1,0,0,0,0,1.0,2,50.0,45.0,46.25,1
2024-03-07,Detroit Pistons,2024-03-07 17:00:00,4,0,0,0,0,4.0,4,19.0,5.0,19.0,0
2024-03-07,Golden State Warriors,2024-03-06 17:00:00,0,0,0,0,0,0.0,1,5.0,5.0,1.25,0
2024-03-07,Indiana Pacers,2024-03-07 17:00:00,2,0,3,0,0,3.5,5,28.0,10.0,19.75,0
2024-03-07,Miami Heat,2024-03-07 17:00:00,4,0,0,0,1,4.0,5,22.0,8.0,14.0,0
2024-03-07,Minnesota Timberwolves,2024-03-07 17:00:00,3,0,1,0,0,3.5,4,14.0,5.0,12.35,0
2024-03-07,Phoenix Suns,2024-03-07 17:00:00,4,0,0,0,0,4.0,5,66.0,45.0,62.25,1
2024-03-07,Sacramento Kings,2024-03-07 17:00:00,1,0,0,0,0,1.0,2,15.0,10.0,11.25,0
2024-03-07,San Antonio Spurs,2024-03-07 17:00:00,6,0,0,0,0,6.0,7,275.0,240.0,271.25,1
2024-03-07,Toronto Raptors,2024-03-07 17:00:00,5,0,3,0,0,6.5,9,62.0,25.0,49.45,1
2024-03-08,Atlanta Hawks,2024-03-08 17:00:00,7,0,0,0,1,7.0,9,44.0,10.0,35.25,0
2024-03-08,Charlotte Hornets,2024-03-08 17:00:00,8,0,0,0,0,8.0,8,55.0,10.0,55.0,0
2024-03-08,Cleveland Cavaliers,2024-03-08 17:00:00,6,0,0,0,0,6.0,6,71.0,45.0,71.0,1
2024-03-08,Houston Rockets,2024-03-08 17:00:00,4,0,1,0,0,4.5,6,108.0,45.0,102.6,2
2024-03-08,Los Angeles Lakers,2024-03-08 17:00:00,4,0,1,2,0,5.0,8,97.0,45.0,80.55,2
2024-03-08,Memphis Grizzlies,2024-03-08 17:00:00,8,1,1,0,0,9.25,11,223.0,180.0,216.85,1
2024-03-08,Miami Heat,2024-03-08 17:00:00,3,0,0,0,1,3.0,5,64.0,45.0,52.25,1
2024-03-08,Milwaukee Bucks,2024-03-08 17:00:00,1,0,1,1,4,1.75,8,41.0,10.0,13.05,0
2024-03-08,Minnesota Timberwolves,2024-03-08 17:00:00,4,0,2,0,0,5.0,7,52.0,30.0,44.95,1
2024-03-08,New Orleans Pelicans,2024-03-08 17:00:00,4,0,0,0,1,4.0,5,21.0,5.0,18.0,0
2024-03-08,New York Knicks,2024-03-08 17:00:00,3,0,1,0,0,3.5,4,96.0,45.0,94.35,2
2024-03-08,Oklahoma City Thunder,2024-03-08 17:00:00,1,0,0,0,0,1.0,2,10.0,5.0,6.25,0
2024-03-08,Orlando Magic,2024-03-08 17:00:00,4,0,0,0,1,4.0,5,21.0,5.0,18.0,0
2024-03-08,Philadelphia 76ers,2024-03-08 17:00:00,4,0,1,0,0,4.5,5,18.0,6.0,16.35,0
2024-03-08,Portland Trail Blazers,2024-03-08 17:00:00,3,2,3,0,0,6.0,9,71.0,45.0,60.8,1
2024-03-08,Washington Wizards,2024-03-08 17:00:00,3,0,0,0,0,3.0,3,9.0,3.0,9.0,0
2024-03-09,Boston Celtics,2024-03-09 17:00:00,2,0,1,0,3,2.5,7,27.0,5.0,12.6,0
2024-03-09,Brooklyn Nets,2024-03-09 17:00:00,6,0,0,0,2,6.0,8,42.0,10.0,29.0,0
2024-03-09,Charlotte Hornets,2024-03-09 17:00:00,6,0,0,0,0,6.0,7,48.0,10.0,44.25,0
2024-03-09,Chicago Bulls,2024-03-09 17:00:00,6,0,0,0,0,6.0,7,155.0,45.0,151.25,3
2024-03-09,Dallas Mavericks,2024-03-09 17:00:00,5,0,1,0,0,5.5,6,26.0,5.0,24.35,0
2024-03-09,Denver Nuggets,2024-03-09 17:00:00,1,0,0,1,0,1.25,3,53.0,45.0,46.7,1
2024-03-09,Detroit Pistons,2024-03-09 17:00:00,4,0,0,0,0,4.0,4,19.0,5.0,19.0,0
2024-03-09,Golden State Warriors,2024-03-09 17:00:00,1,0,2,0,0,2.0,4,28.0,10.0,17.1,0
2024-03-09,LA Clippers,2024-03-09 17:00:00,1,0,0,0,3,1.0,5,46.0,25.0,26.25,1
2024-03-09,Phoenix Suns,2024-03-09 17:00:00,3,0,1,0,0,3.5,5,66.0,45.0,56.75,1
2024-03-09,Portland Trail Blazers,2024-03-09 17:00:00,5,0,0,2,0,5.5,8,79.0,45.0,70.15,2
2024-03-09,San Antonio Spurs,2024-03-09 17:00:00,7,0,0,0,0,7.0,8,285.0,240.0,281.25,1
2024-03-09,Toronto Raptors,2024-03-09 17:00:00,5,0,0,0,0,5.0,6,51.0,25.0,47.25,1
2024-03-09,Utah Jazz,2024-03-09 17:00:00,5,0,0,0,1,5.0,7,29.0,5.0,22.25,0
2024-03-10,Atlanta Hawks,2024-03-10 17:00:00,7,0,0,0,1,7.0,8,37.0,10.0,34.0,0
2024-03-10,Brooklyn Nets,2024-03-10 17:00:00,6,0,0,0,0,6.0,7,36.0,10.0,32.25,0
2024-03-10,Cleveland Cavaliers,2024-03-10 17:00:00,6,0,0,0,0,6.0,6,69.0,45.0,69.0,1
2024-03-10,Houston Rockets,2024-03-10 17:00:00,4,0,0,0,0,4.0,5,105.0,45.0,101.25,2
2024-03-10,Indiana Pacers,2024-03-10 17:00:00,5,0,0,0,0,5.0,5,28.0,10.0,28.0,0
2024-03-10,LA Clippers,2024-03-10 17:00:00,3,0,0,0,1,3.0,5,46.0,25.0,32.25,1
2024-03-10,Los Angeles Lakers,2024-03-10 17:00:00,4,0,2,1,0,5.25,8,97.0,45.0,81.45,2
2024-03-10,Memphis Grizzlies,2024-03-10 17:00:00,8,2,3,0,0,11.0,14,232.0,180.0,221.8,1
2024-03-10,Miami Heat,2024-03-10 17:00:00,5,0,0,0,1,5.0,6,69.0,45.0,61.0,1
2024-03-10,Milwaukee Bucks,2024-03-10 17:00:00,2,0,0,0,1,2.0,4,23.0,10.0,16.25,0
2024-03-10,Minnesota Timberwolves,2024-03-10 17:00:00,4,0,3,0,0,5.5,8,55.0,30.0,46.3,1
2024-03-10,New Orleans Pelicans,2024-03-10 17:00:00,5,0,0,0,1,5.0,6,26.0,5.0,23.0,0
2024-03-10,New York Knicks,2024-03-10 17:00:00,3,0,0,0,0,3.0,3,93.0,45.0,93.0,2
2024-03-10,Orlando Magic,2024-03-10 17:00:00,5,0,0,0,0,5.0,5,21.0,5.0,21.0,0
2024-03-10,Philadelphia 76ers,2024-03-10 17:00:00,4,0,0,0,0,4.0,4,15.0,6.0,15.0,0
2024-03-10,Sacramento Kings,2024-03-10 17:00:00,4,0,0,0,1,4.0,6,35.0,10.0,26.25,0
2024-03-10,Washington Wizards,2024-03-10 17:00:00,3,0,0,0,1,3.0,4,12.0,3.0,9.0,0
2024-03-11,Boston Celtics,2024-03-11 17:00:00,5,0,0,0,3,5.0,9,44.0,14.0,31.25,1
2024-03-11,Charlotte Hornets,2024-03-11 17:00:00,7,1,0,0,0,7.75,8,53.0,10.0,50.5,0
2024-03-11,Chicago Bulls,2024-03-11 17:00:00,6,0,0,1,0,6.25,7,160.0,45.0,151.5,3
2024-03-11,Cleveland Cavaliers,2024-03-11 17:00:00,6,0,0,0,0,6.0,7,74.0,45.0,70.25,1
2024-03-11,Dallas Mavericks,2024-03-11 17:00:00,4,0,0,0,0,4.0,5,25.0,5.0,21.25,0
2024-03-11,Denver Nuggets,2024-03-11 17:00:00,4,0,1,0,0,4.5,6,68.0,45.0,62.6,1
2024-03-11,Detroit Pistons,2024-03-11 17:00:00,3,0,1,1,0,3.75,5,22.0,5.0,16.95,0
2024-03-11,Golden State Warriors,2024-03-11 17:00:00,1,0,0,2,0,1.5,3,16.0,10.0,10.9,0
2024-03-11,Phoenix Suns,2024-03-11 17:00:00,4,0,0,1,0,4.25,5,64.0,45.0,55.5,1
2024-03-11,Portland Trail Blazers,2024-03-11 17:00:00,4,0,4,0,0,6.0,9,86.0,45.0,67.4,2
2024-03-11,San Antonio Spurs,2024-03-11 17:00:00,6,0,0,1,0,6.25,8,278.0,240.0,271.7,1
2024-03-11,Toronto Raptors,2024-03-11 17:00:00,7,0,1,1,0,7.75,10,70.0,25.0,62.05,1
2024-03-12,Boston Celtics,2024-03-12 17:00:00,5,0,1,0,0,5.5,7,38.0,14.0,32.6,1
2024-03-12,Houston Rockets,2024-03-12 17:00:00,6,0,0,0,0,6.0,7,127.0,45.0,123.25,2
2024-03-12,Indiana Pacers,2024-03-12 17:00:00,2,0,4,0,0,4.0,7,36.0,10.0,22.35,0
2024-03-12,LA Clippers,2024-03-12 17:00:00,1,0,2,0,0,2.0,4,36.0,25.0,28.95,1
2024-03-12,Memphis Grizzlies,2024-03-12 17:00:00,9,1,3,0,0,11.25,14,232.0,180.0,222.54999999999998,1
2024-03-12,Milwaukee Bucks,2024-03-12 17:00:00,5,0,1,2,0,6.0,8,46.0,10.0,33.3,0
2024-03-12,Minnesota Timberwolves,2024-03-12 17:00:00,2,0,4,0,0,4.0,7,61.0,30.0,44.6,2
2024-03-12,New York Knicks,2024-03-12 17:00:00,2,0,1,0,0,2.5,3,93.0,45.0,68.25,2
2024-03-12,Oklahoma City Thunder,2024-03-12 17:00:00,4,0,1,0,0,4.5,6,35.0,10.0,25.75,0
2024-03-12,Philadelphia 76ers,2024-03-12 17:00:00,4,0,0,0,1,4.0,5,19.0,5.0,14.0,0
2024-03-12,Sacramento Kings,2024-03-12 17:00:00,4,0,1,0,0,4.5,6,40.0,10.0,30.75,0
2024-03-12,San Antonio Spurs,2024-03-12 17:00:00,6,0,1,0,0,6.5,8,278.0,240.0,272.6,1
2024-03-12,Utah Jazz,2024-03-12 17:00:00,5,0,0,0,0,5.0,6,26.0,5.0,22.25,0
2024-03-12,Washington Wizards,2024-03-12 17:00:00,4,0,0,0,0,4.0,5,24.0,10.0,20.25,0
2024-03-13,Atlanta Hawks,2024-03-13 17:00:00,7,1,0,1,0,8.0,10,282.0,240.0,273.2,1
2024-03-13,Brooklyn Nets,2024-03-13 17:00:00,6,0,0,0,1,6.0,7,36.0,10.0,26.0,0
2024-03-13,Charlotte Hornets,2024-03-13 17:00:00,7,0,1,0,0,7.5,9,58.0,10.0,48.75,0
2024-03-13,Chicago Bulls,2024-03-13 17:00:00,6,0,1,1,0,6.75,8,163.0,45.0,152.85,3
2024-03-13,Cleveland Cavaliers,2024-03-13 17:00:00,5,0,1,0,0,5.5,7,74.0,45.0,68.6,1
2024-03-13,Dallas Mavericks,2024-03-13 17:00:00,4,0,0,0,0,4.0,5,23.0,5.0,19.25,0
2024-03-13,Denver Nuggets,2024-03-13 17:00:00,4,0,0,0,0,4.0,4,60.0,45.0,60.0,1
2024-03-13,Detroit Pistons,2024-03-13 17:00:00,4,0,0,0,0,4.0,4,18.0,5.0,18.0,0
2024-03-13,Golden State Warriors,2024-03-13 17:00:00,1,0,0,0,0,1.0,2,15.0,10.0,11.25,0
2024-03-13,Indiana Pacers,2024-03-13 17:00:00,2,0,4,0,0,4.0,7,36.0,10.0,22.35,0
2024-03-13,Los Angeles Lakers,2024-03-13 17:00:00,6,0,1,1,0,6.75,9,102.0,45.0,94.05,2
2024-03-13,Memphis Grizzlies,2024-03-13 17:00:00,6,3,3,0,0,9.75,13,229.0,180.0,216.3,1
2024-03-13,Miami Heat,2024-03-13 17:00:00,5,0,0,1,1,5.25,7,72.0,45.0,61.45,1
2024-03-13,New Orleans Pelicans,2024-03-13 17:00:00,5,0,0,0,1,5.0,7,31.0,5.0,24.25,0
2024-03-13,Orlando Magic,2024-03-13 17:00:00,3,0,0,0,0,3.0,3,15.0,5.0,15.0,0
2024-03-13,Portland Trail Blazers,2024-03-13 17:00:00,4,0,4,1,0,6.25,10,89.0,45.0,67.85,2
2024-03-13,Sacramento Kings,2024-03-13 17:00:00,2,0,2,0,0,3.0,5,40.0,12.0,29.1,0
2024-03-13,Toronto Raptors,2024-03-13 17:00:00,6,1,0,1,0,7.0,8,62.0,25.0,56.95,1
2024-03-14,Boston Celtics,2024-03-14 17:00:00,5,0,1,0,0,5.5,6,37.0,14.0,35.35,1
2024-03-14,Chicago Bulls,2024-03-14 17:00:00,3,0,5,1,0,5.75,10,171.0,45.0,147.2,3
2024-03-14,Dallas Mavericks,2024-03-14 17:00:00,5,0,0,0,0,5.0,6,26.0,5.0,22.25,0
2024-03-14,Houston Rockets,2024-03-14 17:00:00,6,0,0,0,0,6.0,7,127.0,45.0,123.25,2
2024-03-14,LA Clippers,2024-03-14 17:00:00,1,0,2,0,0,2.0,4,43.0,25.0,32.1,1
2024-03-14,Milwaukee Bucks,2024-03-14 17:00:00,1,0,2,2,3,2.5,8,37.0,10.0,13.600000000000001,0
2024-03-14,New York Knicks,2024-03-14 17:00:00,5,0,0,0,0,5.0,6,68.0,45.0,64.25,1
2024-03-14,Oklahoma City Thunder,2024-03-14 17:00:00,4,0,0,0,0,4.0,5,25.0,5.0,21.25,0
2024-03-14,Philadelphia 76ers,2024-03-14 17:00:00,4,0,0,0,0,4.0,4,14.0,5.0,14.0,0
2024-03-14,Phoenix Suns,2024-03-14 17:00:00,2,0,1,1,0,2.75,4,54.0,45.0,49.800000000000004,1
2024-03-14,Portland Trail Blazers,2024-03-14 17:00:00,5,0,1,1,0,5.75,8,79.0,45.0,71.05,2
2024-03-14,Washington Wizards,2024-03-14 17:00:00,4,0,0,0,0,4.0,4,19.0,10.0,19.0,0
2024-03-15,Atlanta Hawks,2024-03-15 17:00:00,7,0,2,0,0,8.0,10,280.0,240.0,269.1,1
2024-03-15,Charlotte Hornets,2024-03-15 17:00:00,7,0,0,0,0,7.0,7,43.0,10.0,43.0,0
2024-03-15,Denver Nuggets,2024-03-15 17:00:00,4,0,0,0,0,4.0,4,60.0,45.0,60.0,1
2024-03-15,Detroit Pistons,2024-03-15 17:00:00,4,0,2,0,0,5.0,6,25.0,5.0,20.05,0
2024-03-15,LA Clippers,2024-03-15 17:00:00,1,0,1,0,0,1.5,3,40.0,25.0,30.75,1
2024-03-15,Miami Heat,2024-03-15 17:00:00,4,0,0,0,3,4.0,7,72.0,45.0,56.0,1
2024-03-15,New Orleans Pelicans,2024-03-15 17:00:00,4,0,0,0,1,4.0,6,26.0,5.0,19.25,0
2024-03-15,Orlando Magic,2024-03-15 17:00:00,3,0,0,0,0,3.0,3,15.0,5.0,15.0,0
2024-03-15,Phoenix Suns,2024-03-15 17:00:00,2,0,0,0,1,2.0,4,56.0,45.0,49.25,1
2024-03-15,San Antonio Spurs,2024-03-15 17:00:00,2,0,4,0,0,4.0,7,275.0,240.0,260.25,1
2024-03-15,Toronto Raptors,2024-03-15 17:00:00,6,0,1,0,1,6.5,8,64.0,25.0,53.5,1
2024-03-15,Utah Jazz,2024-03-15 17:00:00,5,0,1,0,0,5.5,7,36.0,10.0,30.6,0
2024-03-16,Brooklyn Nets,2024-03-16 17:00:00,5,0,0,0,1,5.0,6,26.0,5.0,21.0,0
2024-03-16,Charlotte Hornets,2024-03-16 17:00:00,7,0,0,0,0,7.0,8,48.0,10.0,44.25,0
2024-03-16,Chicago Bulls,2024-03-16 17:00:00,4,1,0,0,3,4.75,9,161.0,45.0,141.5,3
2024-03-16,Cleveland Cavaliers,2024-03-16 17:00:00,7,0,0,0,0,7.0,8,81.0,45.0,77.25,1
2024-03-16,Golden State Warriors,2024-03-16 17:00:00,0,0,2,0,0,1.0,3,18.0,10.0,7.1,0
2024-03-16,Houston Rockets,2024-03-16 17:00:00,6,0,0,0,0,6.0,7,127.0,45.0,123.25,2
2024-03-16,Indiana Pacers,2024-03-16 17:00:00,2,0,3,0,0,3.5,5,28.0,10.0,19.75,0
2024-03-16,Los Angeles Lakers,2024-03-16 17:00:00,6,0,1,1,0,6.75,9,102.0,45.0,94.05,2
2024-03-16,Memphis Grizzlies,2024-03-16 17:00:00,7,1,4,0,0,9.75,13,229.0,180.0,214.04999999999998,1
2024-03-16,Minnesota Timberwolves,2024-03-16 17:00:00,3,0,3,0,0,4.5,7,63.0,30.0,48.25,2
2024-03-16,New Orleans Pelicans,2024-03-16 17:00:00,5,0,1,0,1,5.5,8,32.0,5.0,23.6,0
2024-03-16,New York Knicks,2024-03-16 17:00:00,2,0,1,0,0,2.5,4,57.0,45.0,51.05,1
2024-03-16,Oklahoma City Thunder,2024-03-16 17:00:00,4,0,0,0,0,4.0,5,25.0,5.0,21.25,0
2024-03-16,Philadelphia 76ers,2024-03-16 17:00:00,6,0,0,0,2,6.0,8,39.0,10.0,29.0,0
2024-03-16,Portland Trail Blazers,2024-03-16 17:00:00,3,1,2,2,0,5.25,9,89.0,45.0,67.4,2
2024-03-16,Sacramento Kings,2024-03-16 17:00:00,2,0,1,0,0,2.5,4,30.0,12.0,24.6,0
2024-03-16,Utah Jazz,2024-03-16 17:00:00,5,0,0,0,0,5.0,6,33.0,10.0,29.25,0
2024-03-16,Washington Wizards,2024-03-16 17:00:00,4,1,0,0,2,4.75,7,30.0,10.0,23.25,0
2024-03-17,Atlanta Hawks,2024-03-17 17:00:00,7,0,0,0,0,7.0,8,265.0,240.0,261.25,1
2024-03-17,Boston Celtics,2024-03-17 17:00:00,6,0,0,0,1,6.0,7,45.0,14.0,42.0,1
2024-03-17,Brooklyn Nets,2024-03-17 17:00:00,5,0,0,1,0,5.25,7,29.0,5.0,22.7,0
2024-03-17,Dallas Mavericks,2024-03-17 17:00:00,4,0,0,0,2,4.0,6,29.0,10.0,23.0,0
2024-03-17,Denver Nuggets,2024-03-17 17:00:00,4,0,0,0,0,4.0,4,60.0,45.0,60.0,1
2024-03-17,Detroit Pistons,2024-03-17 17:00:00,4,0,0,0,1,4.0,5,20.0,5.0,16.0,0
2024-03-17,LA Clippers,2024-03-17 17:00:00,1,0,2,0,0,2.0,4,43.0,25.0,32.1,1
2024-03-17,Miami Heat,2024-03-17 17:00:00,7,0,0,0,2,7.0,9,89.0,45.0,78.0,2
2024-03-17,Milwaukee Bucks,2024-03-17 17:00:00,3,0,0,0,1,3.0,4,19.0,10.0,16.0,0
2024-03-17,Orlando Magic,2024-03-17 17:00:00,1,0,0,0,3,1.0,4,18.0,5.0,3.0,0
2024-03-17,Phoenix Suns,2024-03-17 17:00:00,2,0,0,0,0,2.0,3,53.0,45.0,49.25,1
2024-03-17,San Antonio Spurs,2024-03-17 17:00:00,4,0,0,0,2,4.0,7,270.0,240.0,256.25,1
2024-03-17,Toronto Raptors,2024-03-17 17:00:00,6,0,0,0,0,6.0,6,49.0,25.0,49.0,1
2024-03-17,Washington Wizards,2024-03-17 17:00:00,7,0,0,0,0,7.0,8,33.0,10.0,29.25,0
2024-03-18,Atlanta Hawks,2024-03-18 17:00:00,6,0,1,0,0,6.5,8,265.0,240.0,259.6,1
2024-03-18,Boston Celtics,2024-03-18 17:00:00,4,0,2,1,0,5.25,8,51.0,14.0,28.2,1
2024-03-18,Chicago Bulls,2024-03-18 17:00:00,4,1,1,0,0,5.25,6,144.0,45.0,141.6,3
2024-03-18,Cleveland Cavaliers,2024-03-18 17:00:00,7,1,0,0,0,7.75,8,101.0,45.0,100.25,2
2024-03-18,Detroit Pistons,2024-03-18 17:00:00,4,0,2,0,0,5.0,7,28.0,5.0,20.4,0
2024-03-18,Golden State Warriors,2024-03-17 17:00:00,0,0,0,0,0,0.0,1,5.0,5.0,1.25,0
2024-03-18,Indiana Pacers,2024-03-18 17:00:00,2,0,3,0,0,3.5,5,28.0,10.0,19.75,0
2024-03-18,Los Angeles Lakers,2024-03-18 17:00:00,6,0,2,0,0,7.0,9,102.0,45.0,94.95,2
2024-03-18,Memphis Grizzlies,2024-03-18 17:00:00,9,1,0,0,0,9.75,11,216.0,180.0,211.5,1
2024-03-18,Miami Heat,2024-03-18 17:00:00,6,0,1,0,2,6.5,10,94.0,45.0,77.6,2
2024-03-18,Minnesota Timberwolves,2024-03-18 17:00:00,2,0,3,0,1,3.5,7,63.0,30.0,43.25,2
2024-03-18,New York Knicks,2024-03-18 17:00:00,3,0,0,0,0,3.0,4,57.0,45.0,53.25,1
2024-03-18,Philadelphia 76ers,2024-03-18 17:00:00,5,0,1,0,0,5.5,6,38.0,14.0,32.5,1
2024-03-18,Portland Trail Blazers,2024-03-18 17:00:00,3,1,2,0,0,4.75,7,78.0,45.0,66.35,2
2024-03-18,Sacramento Kings,2024-03-18 17:00:00,2,0,0,0,0,2.0,3,27.0,12.0,23.25,0
2024-03-18,Utah Jazz,2024-03-18 17:00:00,6,0,1,0,0,6.5,8,43.0,10.0,37.6,0
2024-03-19,Brooklyn Nets,2024-03-19 17:00:00,6,0,1,0,0,6.5,7,29.0,5.0,27.35,0
2024-03-19,Charlotte Hornets,2024-03-19 17:00:00,7,0,0,0,1,7.0,8,46.0,10.0,43.0,0
2024-03-19,Dallas Mavericks,2024-03-19 17:00:00,5,0,0,2,0,5.5,8,41.0,10.0,32.15,0
2024-03-19,Denver Nuggets,2024-03-19 17:00:00,1,0,1,0,0,1.5,2,48.0,45.0,46.35,1
2024-03-19,Houston Rockets,2024-03-19 17:00:00,6,0,0,0,0,6.0,6,122.0,45.0,122.0,2
2024-03-19,Minnesota Timberwolves,2024-03-19 17:00:00,2,0,3,0,0,3.5,6,47.0,30.0,38.3,1
2024-03-19,New Orleans Pelicans,2024-03-19 17:00:00,4,0,0,1,1,4.25,6,24.0,5.0,18.45,0
2024-03-19,Orlando Magic,2024-03-19 17:00:00,3,0,0,0,0,3.0,3,15.0,5.0,15.0,0
2024-03-19,San Antonio Spurs,2024-03-19 17:00:00,6,0,0,0,1,6.0,7,271.0,240.0,266.0,1
2024-03-19,Washington Wizards,2024-03-19 17:00:00,8,0,0,0,0,8.0,8,60.0,25.0,60.0,1
2024-03-20,Boston Celtics,2024-03-20 17:00:00,3,0,3,0,0,4.5,6,38.0,10.0,25.35,0
2024-03-20,Cleveland Cavaliers,2024-03-20 17:00:00,7,0,0,0,0,7.0,7,105.0,45.0,105.0,2
2024-03-20,Detroit Pistons,2024-03-20 17:00:00,5,0,0,0,0,5.0,5,26.0,14.0,26.0,1
2024-03-20,Golden State Warriors,2024-03-20 17:00:00,0,0,2,0,0,1.0,2,6.0,3.0,2.7,0
2024-03-20,Indiana Pacers,2024-03-20 17:00:00,1,0,4,0,0,3.0,5,28.0,10.0,14.25,0
2024-03-20,LA Clippers,2024-03-20 17:00:00,1,0,2,0,0,2.0,4,43.0,25.0,32.1,1
2024-03-20,Memphis Grizzlies,2024-03-20 17:00:00,9,1,1,0,0,10.25,12,219.0,180.0,212.85,1
2024-03-20,Miami Heat,2024-03-20 17:00:00,5,0,0,0,5,5.0,10,92.0,45.0,57.0,1
2024-03-20,Milwaukee Bucks,2024-03-20 17:00:00,5,0,0,0,1,5.0,6,26.0,5.0,23.0,0
2024-03-20,Oklahoma City Thunder,2024-03-20 17:00:00,1,0,0,0,0,1.0,2,10.0,5.0,6.25,0
2024-03-20,Philadelphia 76ers,2024-03-20 17:00:00,5,0,1,0,0,5.5,7,43.0,14.0,33.75,1
2024-03-20,Phoenix Suns,2024-03-20 17:00:00,2,0,0,1,0,2.25,4,63.0,45.0,50.75,1
2024-03-20,Portland Trail Blazers,2024-03-20 17:00:00,3,1,3,0,0,5.25,8,81.0,45.0,67.7,2
2024-03-20,Sacramento Kings,2024-03-20 17:00:00,5,0,0,0,0,5.0,5,35.0,12.0,35.0,0
2024-03-20,Toronto Raptors,2024-03-20 17:00:00,6,0,0,0,0,6.0,6,47.0,25.0,47.0,1
2024-03-20,Utah Jazz,2024-03-20 17:00:00,4,0,1,0,3,4.5,9,46.0,10.0,25.6,0
2024-03-21,Atlanta Hawks,2024-03-21 17:00:00,7,0,1,0,0,7.5,9,275.0,240.0,269.6,1
2024-03-21,Brooklyn Nets,2024-03-21 17:00:00,6,0,0,0,2,6.0,9,37.0,5.0,25.25,0
2024-03-21,Chicago Bulls,2024-03-21 17:00:00,7,0,2,0,0,8.0,9,166.0,45.0,158.85,3
2024-03-21,Dallas Mavericks,2024-03-21 17:00:00,4,0,0,0,0,4.0,4,25.0,10.0,25.0,0
2024-03-21,Denver Nuggets,2024-03-21 17:00:00,3,0,1,0,0,3.5,5,63.0,45.0,57.6,1
2024-03-21,Houston Rockets,2024-03-21 17:00:00,6,0,0,0,0,6.0,7,127.0,45.0,123.25,2
2024-03-21,Milwaukee Bucks,2024-03-21 17:00:00,5,0,1,0,0,5.5,7,32.0,5.0,26.6,0
2024-03-21,New Orleans Pelicans,2024-03-21 17:00:00,4,0,1,0,1,4.5,6,24.0,5.0,19.35,0
2024-03-21,New York Knicks,2024-03-21 17:00:00,3,0,0,0,0,3.0,4,57.0,45.0,53.25,1
2024-03-21,Orlando Magic,2024-03-21 17:00:00,3,0,0,0,0,3.0,3,15.0,5.0,15.0,0
2024-03-21,Phoenix Suns,2024-03-21 17:00:00,2,0,1,0,0,2.5,4,56.0,45.0,50.6,1
2024-03-21,Sacramento Kings,2024-03-21 17:00:00,4,0,1,0,0,4.5,6,40.0,12.0,30.75,0
2024-03-21,Utah Jazz,2024-03-21 17:00:00,4,0,0,0,0,4.0,5,28.0,10.0,24.25,0
2024-03-21,Washington Wizards,2024-03-21 17:00:00,6,0,0,0,2,6.0,8,60.0,25.0,54.0,1
2024-03-22,Boston Celtics,2024-03-22 17:00:00,4,0,0,0,4,4.0,8,34.0,5.0,14.0,0
2024-03-22,Cleveland Cavaliers,2024-03-22 17:00:00,7,0,0,0,0,7.0,8,110.0,45.0,106.25,2
2024-03-22,Detroit Pistons,2024-03-22 17:00:00,6,0,0,0,0,6.0,6,51.0,25.0,51.0,2
2024-03-22,Golden State Warriors,2024-03-22 17:00:00,0,0,1,1,0,0.75,3,11.0,5.0,3.05,0
2024-03-22,Indiana Pacers,2024-03-22 17:00:00,2,0,4,0,0,4.0,7,36.0,10.0,18.5,0
2024-03-22,LA Clippers,2024-03-22 17:00:00,1,0,2,0,0,2.0,4,43.0,25.0,32.1,1
2024-03-22,Los Angeles Lakers,2024-03-22 17:00:00,6,0,1,1,0,6.75,9,177.0,45.0,169.05,4
2024-03-22,Memphis Grizzlies,2024-03-22 17:00:00,8,2,3,0,0,11.0,14,225.0,180.0,214.8,1
2024-03-22,Miami Heat,2024-03-22 17:00:00,5,0,0,1,2,5.25,8,79.0,45.0,59.45,1
2024-03-22,Minnesota Timberwolves,2024-03-22 17:00:00,2,0,3,0,0,3.5,6,50.0,30.0,39.65,1
2024-03-22,New Orleans Pelicans,2024-03-22 17:00:00,5,0,0,0,1,5.0,7,29.0,5.0,22.25,0
2024-03-22,Oklahoma City Thunder,2024-03-22 17:00:00,4,0,0,0,0,4.0,4,20.0,5.0,20.0,0
2024-03-22,Philadelphia 76ers,2024-03-22 17:00:00,5,0,1,0,0,5.5,7,43.0,14.0,33.75,1
2024-03-22,Portland Trail Blazers,2024-03-22 17:00:00,3,1,3,1,0,5.5,9,84.0,45.0,68.15,2
2024-03-22,San Antonio Spurs,2024-03-22 17:00:00,5,0,0,1,0,5.25,6,266.0,240.0,260.9,1
2024-03-22,Toronto Raptors,2024-03-22 17:00:00,7,0,0,0,0,7.0,7,50.0,25.0,50.0,1
2024-03-23,Atlanta Hawks,2024-03-23 17:00:00,8,0,0,0,0,8.0,8,278.0,240.0,278.0,1
2024-03-23,Boston Celtics,2024-03-23 17:00:00,4,0,2,0,0,5.0,7,27.0,5.0,19.95,0
2024-03-23,Brooklyn Nets,2024-03-23 17:00:00,5,0,0,0,2,5.0,7,27.0,5.0,21.0,0
2024-03-23,Charlotte Hornets,2024-03-23 17:00:00,7,0,1,0,0,7.5,8,46.0,10.0,44.35,0
2024-03-23,Chicago Bulls,2024-03-23 17:00:00,7,0,0,2,0,7.5,9,166.0,45.0,154.95,3
2024-03-23,Denver Nuggets,2024-03-23 17:00:00,5,0,0,0,0,5.0,6,69.0,45.0,65.25,1
2024-03-23,Houston Rockets,2024-03-23 17:00:00,6,0,0,0,0,6.0,7,127.0,45.0,123.25,2
2024-03-23,New York Knicks,2024-03-23 17:00:00,3,0,0,0,0,3.0,3,52.0,45.0,52.0,1
2024-03-23,Orlando Magic,2024-03-23 17:00:00,1,0,0,0,0,1.0,1,3.0,3.0,3.0,0
2024-03-23,Phoenix Suns,2024-03-23 17:00:00,1,0,1,1,0,1.75,4,56.0,45.0,48.050000000000004,1
2024-03-23,Portland Trail Blazers,2024-03-23 17:00:00,4,2,2,0,0,6.5,9,84.0,45.0,71.6,2
2024-03-23,Sacramento Kings,2024-03-23 17:00:00,4,0,1,0,0,4.5,5,35.0,12.0,29.5,0
2024-03-23,San Antonio Spurs,2024-03-23 17:00:00,5,0,0,0,0,5.0,6,265.0,240.0,261.25,1
2024-03-23,Toronto Raptors,2024-03-23 17:00:00,7,0,0,1,0,7.25,9,58.0,25.0,51.7,1
2024-03-23,Utah Jazz,2024-03-23 17:00:00,4,0,2,0,0,5.0,7,41.0,10.0,30.1,0
2024-03-23,Washington Wizards,2024-03-23 17:00:00,5,0,1,0,0,5.5,6,54.0,25.0,52.35,1
2024-03-24,Cleveland Cavaliers,2024-03-24 17:00:00,6,0,0,0,1,6.0,7,105.0,45.0,95.0,2
2024-03-24,Detroit Pistons,2024-03-24 17:00:00,8,0,0,0,0,8.0,8,69.0,25.0,69.0,3
2024-03-24,Golden State Warriors,2024-03-23 17:00:00,0,0,0,0,0,0.0,1,5.0,5.0,1.25,0
2024-03-24,Indiana Pacers,2024-03-24 17:00:00,1,0,4,0,0,3.0,6,26.0,5.0,12.35,0
2024-03-24,LA Clippers,2024-03-24 17:00:00,2,0,0,0,1,2.0,4,36.0,25.0,29.25,1
2024-03-24,Los Angeles Lakers,2024-03-24 17:00:00,5,0,1,1,0,5.75,8,174.0,45.0,166.05,4
2024-03-24,Miami Heat,2024-03-24 17:00:00,6,0,0,0,2,6.0,8,68.0,45.0,62.0,1
2024-03-24,Milwaukee Bucks,2024-03-24 17:00:00,1,0,0,0,2,1.0,3,16.0,10.0,3.0,0
2024-03-24,Minnesota Timberwolves,2024-03-24 17:00:00,2,0,2,0,0,3.0,5,44.0,30.0,36.95,1
2024-03-24,New Orleans Pelicans,2024-03-24 17:00:00,5,0,0,0,1,5.0,6,24.0,5.0,21.0,0
2024-03-24,Oklahoma City Thunder,2024-03-24 17:00:00,3,0,0,0,1,3.0,4,20.0,5.0,15.0,0
2024-03-24,Philadelphia 76ers,2024-03-24 17:00:00,6,0,0,0,0,6.0,7,38.0,14.0,34.25,1
2024-03-25,Atlanta Hawks,2024-03-25 17:00:00,7,0,0,0,1,7.0,8,277.0,240.0,272.0,1
2024-03-25,Boston Celtics,2024-03-25 17:00:00,6,0,0,0,1,6.0,7,29.0,5.0,24.0,0
2024-03-25,Brooklyn Nets,2024-03-25 17:00:00,6,0,0,0,0,6.0,6,20.0,5.0,20.0,0
2024-03-25,Charlotte Hornets,2024-03-25 17:00:00,6,0,0,0,2,6.0,8,46.0,10.0,40.0,0
2024-03-25,Chicago Bulls,2024-03-25 17:00:00,7,0,1,2,0,8.0,10,169.0,45.0,158.4,3
2024-03-25,Cleveland Cavaliers,2024-03-25 17:00:00,5,0,0,0,0,5.0,6,95.0,45.0,91.25,2
2024-03-25,Dallas Mavericks,2024-03-25 17:00:00,5,0,1,0,0,5.5,6,33.0,10.0,31.35,0
2024-03-25,Denver Nuggets,2024-03-25 17:00:00,2,0,4,0,0,4.0,7,72.0,45.0,57.8,1
2024-03-25,Detroit Pistons,2024-03-25 17:00:00,8,0,0,0,0,8.0,9,74.0,25.0,70.25,3
2024-03-25,Houston Rockets,2024-03-25 17:00:00,7,0,0,0,0,7.0,8,132.0,45.0,128.25,2
2024-03-25,Indiana Pacers,2024-03-25 17:00:00,1,0,4,0,0,3.0,6,26.0,5.0,12.35,0
2024-03-25,LA Clippers,2024-03-25 17:00:00,0,0,2,0,0,1.0,3,33.0,25.0,13.85,1
2024-03-25,Memphis Grizzlies,2024-03-25 17:00:00,6,3,3,0,0,9.75,13,222.0,180.0,166.79999999999998,1
2024-03-25,New York Knicks,2024-03-25 17:00:00,3,0,1,0,0,3.5,4,55.0,45.0,53.35,1
2024-03-25,Philadelphia 76ers,2024-03-25 17:00:00,4,0,1,0,0,4.5,6,22.0,5.0,16.6,0
2024-03-25,Phoenix Suns,2024-03-25 17:00:00,1,0,0,0,0,1.0,2,50.0,45.0,46.25,1
2024-03-25,Portland Trail Blazers,2024-03-25 17:00:00,4,1,3,0,0,6.25,8,39.0,14.0,29.45,1
2024-03-25,Sacramento Kings,2024-03-25 17:00:00,4,0,1,0,0,4.5,6,40.0,12.0,30.75,0
2024-03-25,San Antonio Spurs,2024-03-25 17:00:00,6,0,0,0,1,6.0,8,280.0,240.0,271.25,1
2024-03-25,Toronto Raptors,2024-03-25 17:00:00,7,0,0,0,0,7.0,7,50.0,25.0,50.0,1
2024-03-25,Utah Jazz,2024-03-25 17:00:00,1,0,2,0,3,2.0,7,43.0,10.0,10.75,0
2024-03-25,Washington Wizards,2024-03-25 17:00:00,6,0,0,0,1,6.0,7,64.0,25.0,54.0,1
2024-03-26,Dallas Mavericks,2024-03-26 17:00:00,5,0,2,0,0,6.0,8,41.0,10.0,33.95,0
2024-03-26,Golden State Warriors,2024-03-26 17:00:00,0,0,1,0,0,0.5,1,3.0,3.0,1.35,0
2024-03-26,Los Angeles Lakers,2024-03-26 17:00:00,6,0,0,1,0,6.25,8,174.0,45.0,167.7,4
2024-03-26,Miami Heat,2024-03-26 17:00:00,3,0,4,0,2,5.0,9,74.0,45.0,56.4,1
2024-03-26,Milwaukee Bucks,2024-03-26 17:00:00,1,0,0,3,4,1.75,8,39.0,10.0,5.4,0
2024-03-26,New Orleans Pelicans,2024-03-26 17:00:00,5,0,0,0,1,5.0,6,26.0,5.0,23.0,0
2024-03-26,Oklahoma City Thunder,2024-03-26 17:00:00,3,0,0,0,0,3.0,3,15.0,5.0,15.0,0
2024-03-26,Sacramento Kings,2024-03-26 17:00:00,3,0,1,0,0,3.5,5,35.0,12.0,25.75,0
2024-03-27,Atlanta Hawks,2024-03-27 17:00:00,8,0,1,0,0,8.5,9,280.0,240.0,278.35,1
2024-03-27,Brooklyn Nets,2024-03-27 17:00:00,6,0,0,0,2,6.0,8,90.0,45.0,62.0,1
2024-03-27,Charlotte Hornets,2024-03-27 17:00:00,6,0,0,0,0,6.0,6,40.0,10.0,40.0,0
2024-03-27,Chicago Bulls,2024-03-27 17:00:00,7,0,1,1,0,7.75,9,166.0,45.0,157.95,3
2024-03-27,Cleveland Cavaliers,2024-03-27 17:00:00,5,0,1,0,0,5.5,6,95.0,45.0,93.35,2
2024-03-27,Denver Nuggets,2024-03-27 17:00:00,2,0,2,2,0,3.5,6,60.0,45.0,51.6,1
2024-03-27,Detroit Pistons,2024-03-27 17:00:00,6,0,2,1,1,7.25,11,80.0,25.0,66.85,3
2024-03-27,Golden State Warriors,2024-03-27 17:00:00,1,0,0,0,1,1.0,3,11.0,5.0,4.25,0
2024-03-27,Houston Rockets,2024-03-27 17:00:00,6,0,0,0,0,6.0,6,122.0,45.0,122.0,2
2024-03-27,Indiana Pacers,2024-03-27 17:00:00,1,0,5,0,0,3.5,7,29.0,5.0,13.7,0
2024-03-27,Los Angeles Lakers,2024-03-27 17:00:00,4,0,2,0,0,5.0,7,149.0,45.0,141.95,3
2024-03-27,Memphis Grizzlies,2024-03-27 17:00:00,6,2,1,0,0,8.0,10,213.0,180.0,108.75,1
2024-03-27,Minnesota Timberwolves,2024-03-27 17:00:00,3,0,2,0,0,4.0,6,49.0,30.0,41.95,1
2024-03-27,New York Knicks,2024-03-27 17:00:00,2,0,2,0,0,3.0,4,55.0,45.0,28.6,1
2024-03-27,Oklahoma City Thunder,2024-03-27 17:00:00,3,0,0,0,3,3.0,7,33.0,5.0,14.25,0
2024-03-27,Orlando Magic,2024-03-27 17:00:00,4,0,0,0,1,4.0,5,28.0,10.0,18.0,0
2024-03-27,Philadelphia 76ers,2024-03-27 17:00:00,4,0,1,0,2,4.5,7,27.0,5.0,15.35,0
2024-03-27,Phoenix Suns,2024-03-27 17:00:00,1,0,2,0,0,2.0,4,63.0,45.0,52.1,1
2024-03-27,Portland Trail Blazers,2024-03-27 17:00:00,4,1,2,0,0,5.75,7,34.0,14.0,27.2,1
2024-03-27,San Antonio Spurs,2024-03-27 17:00:00,5,0,2,0,0,6.0,7,273.0,240.0,265.85,1
2024-03-27,Toronto Raptors,2024-03-27 17:00:00,7,0,0,0,0,7.0,7,58.0,25.0,58.0,1
2024-03-27,Utah Jazz,2024-03-27 17:00:00,2,0,5,0,1,4.5,9,41.0,5.0,20.5,0
2024-03-27,Washington Wizards,2024-03-27 17:00:00,7,0,0,0,0,7.0,7,61.0,25.0,61.0,1
2024-03-28,Atlanta Hawks,2024-03-28 17:00:00,8,0,1,0,0,8.5,10,285.0,240.0,279.6,1
2024-03-28,Boston Celtics,2024-03-28 17:00:00,6,0,1,0,1,6.5,8,32.0,5.0,27.35,0
2024-03-28,Milwaukee Bucks,2024-03-28 17:00:00,4,0,0,4,0,5.0,8,39.0,10.0,22.85,0
2024-03-28,New Orleans Pelicans,2024-03-28 17:00:00,6,0,0,0,1,6.0,7,31.0,7.0,28.0,0
2024-03-29,Brooklyn Nets,2024-03-29 17:00:00,8,0,0,0,1,8.0,9,75.0,45.0,72.0,1
2024-03-29,Charlotte Hornets,2024-03-29 17:00:00,4,0,0,1,0,4.25,5,55.0,25.0,33.75,1
2024-03-29,Chicago Bulls,2024-03-29 17:00:00,7,0,0,2,0,7.5,9,166.0,45.0,154.95,3
2024-03-29,Cleveland Cavaliers,2024-03-29 17:00:00,5,0,3,1,0,6.75,9,113.0,45.0,87.45,2
2024-03-29,Dallas Mavericks,2024-03-29 17:00:00,5,0,2,0,0,6.0,8,41.0,10.0,33.95,0
2024-03-29,Denver Nuggets,2024-03-29 17:00:00,2,0,1,1,0,2.75,5,59.0,45.0,51.05,1
2024-03-29,Detroit Pistons,2024-03-29 17:00:00,6,0,3,0,0,7.5,9,72.0,25.0,66.5,3
2024-03-29,Golden State Warriors,2024-03-29 17:00:00,2,0,0,0,0,2.0,3,11.0,5.0,7.25,0
2024-03-29,Houston Rockets,2024-03-29 17:00:00,6,0,0,0,0,6.0,7,127.0,45.0,123.25,2
2024-03-29,Indiana Pacers,2024-03-29 17:00:00,1,0,3,0,0,2.5,4,18.0,5.0,9.75,0
2024-03-29,Los Angeles Lakers,2024-03-29 17:00:00,4,0,2,0,0,5.0,6,144.0,45.0,140.7,3
2024-03-29,Miami Heat,2024-03-29 17:00:00,6,0,0,4,1,7.0,11,86.0,45.0,67.8,1
2024-03-29,Minnesota Timberwolves,2024-03-29 17:00:00,3,0,2,0,0,4.0,6,49.0,30.0,41.95,1
2024-03-29,New York Knicks,2024-03-29 17:00:00,2,0,1,0,0,2.5,4,15.0,5.0,9.6,0
2024-03-29,Oklahoma City Thunder,2024-03-29 17:00:00,5,1,0,0,0,5.75,7,33.0,5.0,28.5,0
2024-03-29,Orlando Magic,2024-03-29 17:00:00,4,0,0,0,0,4.0,4,18.0,5.0,18.0,0
2024-03-29,Philadelphia 76ers,2024-03-29 17:00:00,4,0,0,0,0,4.0,4,14.0,5.0,14.0,0
2024-03-29,Phoenix Suns,2024-03-29 17:00:00,1,0,1,0,0,1.5,3,60.0,45.0,50.75,1
2024-03-29,Portland Trail Blazers,2024-03-29 17:00:00,6,1,3,0,0,8.25,10,87.0,45.0,77.45,2
2024-03-29,Sacramento Kings,2024-03-29 17:00:00,5,0,1,0,0,5.5,7,45.0,12.0,35.75,0
2024-03-29,San Antonio Spurs,2024-03-29 17:00:00,6,0,1,0,0,6.5,8,273.0,240.0,267.6,1
2024-03-29,Utah Jazz,2024-03-29 17:00:00,4,0,2,0,0,5.0,7,29.0,5.0,21.95,0
2024-03-29,Washington Wizards,2024-03-29 17:00:00,6,0,0,0,0,6.0,6,54.0,25.0,54.0,1
2024-03-30,Atlanta Hawks,2024-03-30 17:00:00,8,0,0,0,0,8.0,8,277.0,240.0,277.0,1
2024-03-30,Boston Celtics,2024-03-30 17:00:00,4,0,0,0,0,4.0,4,23.0,10.0,23.0,0
2024-03-30,Memphis Grizzlies,2024-03-30 17:00:00,8,2,0,0,0,9.5,10,36.0,7.0,34.5,0
2024-03-30,Milwaukee Bucks,2024-03-30 17:00:00,3,0,0,4,0,4.0,7,32.0,10.0,15.85,0
2024-03-30,New Orleans Pelicans,2024-03-30 17:00:00,5,0,0,0,2,5.0,7,31.0,7.0,21.0,0
2024-03-30,Orlando Magic,2024-03-30 17:00:00,5,0,0,0,0,5.0,6,26.0,5.0,22.25,0
2024-03-31,Brooklyn Nets,2024-03-31 17:00:00,6,0,0,0,3,6.0,9,97.0,45.0,66.0,1
2024-03-31,Charlotte Hornets,2024-03-31 17:00:00,5,0,0,0,1,5.0,6,58.0,25.0,33.0,0
2024-03-31,Chicago Bulls,2024-03-31 17:00:00,7,0,0,0,2,7.0,9,168.0,45.0,153.0,3
2024-03-31,Cleveland Cavaliers,2024-03-31 17:00:00,7,0,0,0,2,7.0,10,89.0,45.0,79.25,1
2024-03-31,Dallas Mavericks,2024-03-31 17:00:00,4,0,1,0,0,4.5,6,33.0,10.0,27.6,0
2024-03-31,Denver Nuggets,2024-03-31 17:00:00,3,0,0,0,1,3.0,5,59.0,45.0,52.25,1
2024-03-31,Golden State Warriors,2024-03-31 17:00:00,2,0,1,0,0,2.5,4,14.0,5.0,8.6,0
2024-03-31,Houston Rockets,2024-03-31 17:00:00,5,0,0,0,1,5.0,6,122.0,45.0,110.0,2
2024-03-31,Los Angeles Lakers,2024-03-31 17:00:00,4,0,0,0,3,4.0,7,147.0,45.0,96.0,2
2024-03-31,Miami Heat,2024-03-31 17:00:00,3,0,0,0,7,3.0,10,78.0,45.0,51.0,1
2024-03-31,Minnesota Timberwolves,2024-03-31 17:00:00,3,0,3,0,0,4.5,7,52.0,30.0,43.3,1
2024-03-31,New York Knicks,2024-03-31 17:00:00,2,0,1,2,0,3.0,5,23.0,10.0,12.4,0
2024-03-31,Oklahoma City Thunder,2024-03-31 17:00:00,5,0,0,0,1,5.0,6,30.0,5.0,25.0,0
2024-03-31,Philadelphia 76ers,2024-03-31 17:00:00,5,0,0,0,2,5.0,7,27.0,5.0,17.0,0
2024-03-31,Sacramento Kings,2024-03-31 17:00:00,4,0,2,0,0,5.0,7,52.0,12.0,36.15,0
2024-03-31,San Antonio Spurs,2024-03-31 17:00:00,4,0,1,0,4,4.5,10,277.0,240.0,251.6,1
2024-03-31,Toronto Raptors,2024-03-31 17:00:00,8,0,0,0,1,8.0,9,64.0,25.0,61.0,1
2024-03-31,Utah Jazz,2024-03-31 17:00:00,6,0,0,0,0,6.0,7,29.0,5.0,25.25,0
2024-03-31,Washington Wizards,2024-03-31 17:00:00,7,0,0,0,0,7.0,7,57.0,25.0,57.0,1
2024-04-01,Atlanta Hawks,2024-04-01 17:00:00,5,0,2,0,0,6.0,8,277.0,240.0,266.1,1
2024-04-01,Boston Celtics,2024-04-01 17:00:00,6,0,0,0,1,6.0,7,35.0,10.0,31.0,0
2024-04-01,Brooklyn Nets,2024-04-01 17:00:00,8,0,0,0,0,8.0,9,77.0,45.0,73.25,1
2024-04-01,Charlotte Hornets,2024-04-01 17:00:00,5,0,1,0,2,5.5,9,69.0,25.0,35.6,0
2024-04-01,Chicago Bulls,2024-04-01 17:00:00,4,0,1,2,0,5.0,8,159.0,45.0,142.55,3
2024-04-01,Detroit Pistons,2024-04-01 17:00:00,5,1,2,0,0,6.75,8,69.0,25.0,61.65,3
2024-04-01,Indiana Pacers,2024-04-01 17:00:00,1,0,3,0,0,2.5,4,18.0,5.0,9.75,0
2024-04-01,Memphis Grizzlies,2024-04-01 17:00:00,7,1,1,0,0,8.25,9,31.0,7.0,28.6,0
2024-04-01,New Orleans Pelicans,2024-04-01 17:00:00,2,0,0,0,1,2.0,4,14.0,5.0,7.25,0
2024-04-01,Orlando Magic,2024-04-01 17:00:00,1,0,0,0,3,1.0,4,18.0,5.0,3.0,0
2024-04-01,Phoenix Suns,2024-04-01 17:00:00,1,0,0,0,0,1.0,2,50.0,45.0,46.25,1
2024-04-01,Portland Trail Blazers,2024-04-01 17:00:00,6,2,0,0,0,7.5,8,99.0,45.0,94.75,3
2024-04-02,Cleveland Cavaliers,2024-04-02 17:00:00,8,0,0,0,0,8.0,9,87.0,45.0,83.25,1
2024-04-02,Dallas Mavericks,2024-04-02 17:00:00,5,0,0,0,0,5.0,6,31.0,10.0,27.25,0
2024-04-02,Denver Nuggets,2024-04-02 17:00:00,2,0,1,2,0,3.0,6,62.0,45.0,51.5,1
2024-04-02,Golden State Warriors,2024-04-02 17:00:00,1,0,1,1,0,1.75,4,14.0,5.0,6.05,0
2024-04-02,Houston Rockets,2024-04-02 17:00:00,5,0,0,0,0,5.0,5,110.0,45.0,110.0,2
2024-04-02,LA Clippers,2024-04-02 17:00:00,1,0,0,0,0,1.0,2,8.0,5.0,4.25,0
2024-04-02,Los Angeles Lakers,2024-04-02 17:00:00,5,0,2,1,0,6.25,8,112.0,45.0,106.15,2
2024-04-02,Miami Heat,2024-04-02 17:00:00,2,0,0,4,0,3.0,6,60.0,45.0,49.8,1
2024-04-02,Milwaukee Bucks,2024-04-02 17:00:00,2,0,0,4,0,3.0,6,39.0,10.0,22.85,0
2024-04-02,Minnesota Timberwolves,2024-04-02 17:00:00,2,0,0,0,0,2.0,2,33.0,30.0,33.0,1
2024-04-02,New York Knicks,2024-04-02 17:00:00,2,0,1,0,0,2.5,3,16.0,10.0,10.5,0
2024-04-02,Oklahoma City Thunder,2024-04-02 17:00:00,6,0,0,0,1,6.0,7,38.0,10.0,33.0,0
2024-04-02,Philadelphia 76ers,2024-04-02 17:00:00,6,0,1,0,0,6.5,7,27.0,5.0,25.35,0
2024-04-02,Sacramento Kings,2024-04-02 17:00:00,6,0,0,0,0,6.0,7,40.0,12.0,36.25,0
2024-04-02,San Antonio Spurs,2024-04-02 17:00:00,5,0,0,0,0,5.0,6,257.0,240.0,253.25,1
2024-04-02,Toronto Raptors,2024-04-02 17:00:00,7,0,0,0,2,7.0,9,66.0,25.0,52.0,1
2024-04-02,Utah Jazz,2024-04-02 17:00:00,8,0,0,0,0,8.0,9,39.0,5.0,35.25,0
2024-04-02,Washington Wizards,2024-04-02 17:00:00,9,0,0,0,1,9.0,10,72.0,25.0,62.0,1
2024-04-03,Atlanta Hawks,2024-04-03 17:00:00,5,0,0,0,0,5.0,5,259.0,240.0,259.0,1
2024-04-03,Boston Celtics,2024-04-03 17:00:00,4,0,2,0,0,5.0,6,26.0,5.0,22.7,0
2024-04-03,Brooklyn Nets,2024-04-03 17:00:00,6,0,1,1,0,6.75,8,72.0,45.0,67.8,1
2024-04-03,Charlotte Hornets,2024-04-03 17:00:00,8,0,0,0,2,8.0,10,58.0,10.0,45.0,0
2024-04-03,Cleveland Cavaliers,2024-04-03 17:00:00,5,0,0,0,1,5.0,7,76.0,45.0,69.25,1
2024-04-03,Detroit Pistons,2024-04-03 17:00:00,5,1,2,0,0,6.75,8,69.0,25.0,61.650000000000006,3
2024-04-03,Indiana Pacers,2024-04-03 17:00:00,1,0,4,0,0,3.0,5,21.0,5.0,11.1,0
2024-04-03,Los Angeles Lakers,2024-04-03 17:00:00,3,0,2,0,0,4.0,6,104.0,45.0,96.95,2
2024-04-03,Memphis Grizzlies,2024-04-03 17:00:00,7,1,0,0,0,7.75,9,33.0,7.0,28.5,0
2024-04-03,Milwaukee Bucks,2024-04-03 17:00:00,4,0,0,2,0,4.5,7,45.0,10.0,36.15,0
2024-04-03,Minnesota Timberwolves,2024-04-03 17:00:00,3,0,0,0,0,3.0,4,43.0,30.0,39.25,1
2024-04-03,New Orleans Pelicans,2024-04-03 17:00:00,2,0,0,0,1,2.0,3,9.0,3.0,6.0,0
2024-04-03,Oklahoma City Thunder,2024-04-03 17:00:00,6,0,0,0,0,6.0,7,38.0,10.0,34.25,0
2024-04-03,Orlando Magic,2024-04-03 17:00:00,4,0,0,0,0,4.0,4,25.0,10.0,25.0,0
2024-04-03,Phoenix Suns,2024-04-03 17:00:00,1,0,1,0,0,1.5,3,53.0,45.0,47.6,1
2024-04-03,Portland Trail Blazers,2024-04-03 17:00:00,6,2,0,0,0,7.5,8,99.0,45.0,94.75,3
2024-04-03,Toronto Raptors,2024-04-03 17:00:00,8,1,0,0,0,8.75,10,64.0,25.0,59.5,1
2024-04-03,Washington Wizards,2024-04-03 17:00:00,7,0,0,0,0,7.0,8,71.0,25.0,67.25,1
2024-04-04,Atlanta Hawks,2024-04-04 17:00:00,5,0,0,0,0,5.0,6,264.0,240.0,260.25,1
2024-04-04,Dallas Mavericks,2024-04-04 17:00:00,3,0,0,0,0,3.0,4,30.0,12.0,26.25,0
2024-04-04,Denver Nuggets,2024-04-04 17:00:00,1,0,2,2,0,2.5,6,62.0,45.0,49.85,1
2024-04-04,Golden State Warriors,2024-04-04 17:00:00,2,0,0,1,0,2.25,3,9.0,3.0,6.45,0
2024-04-04,Houston Rockets,2024-04-04 17:00:00,3,0,0,0,3,3.0,7,118.0,45.0,101.25,2
2024-04-04,LA Clippers,2024-04-04 17:00:00,2,0,0,0,0,2.0,3,18.0,10.0,14.25,0
2024-04-04,Miami Heat,2024-04-04 17:00:00,5,0,0,1,4,5.25,10,78.0,45.0,63.45,1
2024-04-04,New York Knicks,2024-04-04 17:00:00,2,0,2,0,0,3.0,4,13.0,4.0,9.15,0
2024-04-04,Philadelphia 76ers,2024-04-04 17:00:00,6,0,3,0,0,7.5,9,37.0,7.0,29.85,0
2024-04-04,Sacramento Kings,2024-04-04 17:00:00,5,0,0,0,0,5.0,5,30.0,12.0,30.0,0
2024-04-05,Boston Celtics,2024-04-05 17:00:00,5,0,0,2,0,5.5,7,29.0,5.0,20.5,0
2024-04-05,Charlotte Hornets,2024-04-05 17:00:00,5,0,2,0,4,6.0,11,65.0,10.0,35.7,0
2024-04-05,Chicago Bulls,2024-04-05 17:00:00,5,0,0,1,0,5.25,6,155.0,45.0,144.8,3
2024-04-05,Dallas Mavericks,2024-04-05 17:00:00,3,1,1,0,0,4.25,6,36.0,12.0,29.85,0
2024-04-05,Detroit Pistons,2024-04-05 17:00:00,6,1,0,0,0,6.75,8,71.0,25.0,63.75,3
2024-04-05,Golden State Warriors,2024-04-05 17:00:00,1,0,3,0,0,2.5,5,17.0,5.0,8.3,0
2024-04-05,Houston Rockets,2024-04-05 17:00:00,5,0,0,0,0,5.0,6,125.0,45.0,121.25,2
2024-04-05,Indiana Pacers,2024-04-05 17:00:00,1,0,4,0,0,3.0,5,21.0,5.0,11.1,0
2024-04-05,LA Clippers,2024-04-05 17:00:00,2,0,0,0,0,2.0,3,18.0,10.0,14.25,0
2024-04-05,Memphis Grizzlies,2024-04-05 17:00:00,11,1,0,0,0,11.75,13,45.0,7.0,40.5,0
2024-04-05,Miami Heat,2024-04-05 17:00:00,4,0,1,2,2,5.0,10,80.0,45.0,63.5,1
2024-04-05,Milwaukee Bucks,2024-04-05 17:00:00,2,2,0,0,1,3.5,6,41.0,10.0,31.0,0
2024-04-05,Minnesota Timberwolves,2024-04-05 17:00:00,2,0,0,0,0,2.0,3,38.0,30.0,34.25,1
2024-04-05,New Orleans Pelicans,2024-04-05 17:00:00,2,0,1,0,1,2.5,4,12.0,3.0,7.35,0
2024-04-05,New York Knicks,2024-04-05 17:00:00,1,0,0,3,0,1.75,5,17.0,5.0,5.6,0
2024-04-05,Oklahoma City Thunder,2024-04-05 17:00:00,6,0,0,0,0,6.0,6,33.0,10.0,33.0,0
2024-04-05,Orlando Magic,2024-04-05 17:00:00,4,0,0,0,0,4.0,4,25.0,10.0,25.0,0
2024-04-05,Phoenix Suns,2024-04-05 17:00:00,1,0,1,1,0,1.75,4,56.0,45.0,48.050000000000004,1
2024-04-05,Portland Trail Blazers,2024-04-05 17:00:00,6,1,2,0,0,7.75,9,102.0,45.0,95.2,3
2024-04-05,Sacramento Kings,2024-04-05 17:00:00,5,0,0,0,0,5.0,6,35.0,12.0,31.25,0
2024-04-05,San Antonio Spurs,2024-04-05 17:00:00,6,0,0,0,0,6.0,7,267.0,240.0,263.25,1
2024-04-05,Toronto Raptors,2024-04-05 17:00:00,5,0,3,0,0,6.5,9,58.0,25.0,49.300000000000004,1
2024-04-05,Utah Jazz,2024-04-05 17:00:00,4,0,0,0,0,4.0,5,39.0,25.0,35.25,1
2024-04-05,Washington Wizards,2024-04-05 17:00:00,7,0,0,0,2,7.0,9,79.0,25.0,66.0,1
2024-04-06,Atlanta Hawks,2024-04-06 17:00:00,4,0,2,0,0,5.0,7,267.0,240.0,259.95,1
2024-04-06,Brooklyn Nets,2024-04-06 17:00:00,8,0,0,0,1,8.0,9,97.0,45.0,72.0,1
2024-04-06,Cleveland Cavaliers,2024-04-06 17:00:00,4,0,0,0,2,4.0,7,76.0,45.0,66.25,1
2024-04-06,Denver Nuggets,2024-04-06 17:00:00,1,0,3,1,0,2.75,5,57.0,45.0,49.5,1
2024-04-06,Detroit Pistons,2024-04-06 17:00:00,7,0,1,1,0,7.75,10,84.0,25.0,62.85,3
2024-04-06,Los Angeles Lakers,2024-04-06 17:00:00,3,0,0,0,2,3.0,6,104.0,45.0,94.25,2
2024-04-06,Memphis Grizzlies,2024-04-06 17:00:00,10,2,2,0,0,12.5,15,51.0,7.0,42.45,0
2024-04-06,Philadelphia 76ers,2024-04-06 17:00:00,2,0,5,0,0,4.5,7,25.0,7.0,14.55,0
2024-04-07,Boston Celtics,2024-04-07 17:00:00,5,0,0,0,2,5.0,7,29.0,5.0,23.0,0
2024-04-07,Brooklyn Nets,2024-04-07 17:00:00,9,1,0,0,1,9.75,12,93.0,45.0,85.5,1
2024-04-07,Charlotte Hornets,2024-04-07 17:00:00,5,0,0,0,2,5.0,7,39.0,10.0,33.0,0
2024-04-07,Chicago Bulls,2024-04-07 17:00:00,5,0,0,0,2,5.0,7,151.0,45.0,141.0,3
2024-04-07,Cleveland Cavaliers,2024-04-07 17:00:00,4,0,0,0,1,4.0,6,74.0,45.0,67.25,1
2024-04-07,Dallas Mavericks,2024-04-07 17:00:00,3,0,0,0,2,3.0,5,31.0,12.0,25.0,0
2024-04-07,Golden State Warriors,2024-04-07 17:00:00,2,0,2,1,0,3.25,6,22.0,5.0,12.4,0
2024-04-07,Houston Rockets,2024-04-07 17:00:00,4,0,0,0,1,4.0,5,120.0,45.0,110.0,2
2024-04-07,Indiana Pacers,2024-04-07 17:00:00,3,0,0,0,3,3.0,6,31.0,10.0,13.0,0
2024-04-07,LA Clippers,2024-04-07 17:00:00,3,0,0,0,1,3.0,5,29.0,10.0,22.25,0
2024-04-07,Los Angeles Lakers,2024-04-07 17:00:00,4,0,1,1,0,4.75,7,111.0,45.0,103.05,2
2024-04-07,Miami Heat,2024-04-07 17:00:00,2,0,0,0,4,2.0,6,62.0,45.0,48.0,1
2024-04-07,Milwaukee Bucks,2024-04-07 17:00:00,3,0,0,0,1,3.0,5,38.0,10.0,31.25,0
2024-04-07,Minnesota Timberwolves,2024-04-07 17:00:00,2,0,0,0,0,2.0,3,38.0,30.0,34.25,1
2024-04-07,New Orleans Pelicans,2024-04-07 17:00:00,2,0,0,0,3,2.0,6,20.0,5.0,7.25,0
2024-04-07,New York Knicks,2024-04-07 17:00:00,1,0,1,0,0,1.5,2,6.0,3.0,4.35,0
2024-04-07,Oklahoma City Thunder,2024-04-07 17:00:00,7,0,0,0,1,7.0,8,39.0,10.0,29.0,0
2024-04-07,Orlando Magic,2024-04-07 17:00:00,1,0,0,0,0,1.0,1,10.0,10.0,10.0,0
2024-04-07,Philadelphia 76ers,2024-04-07 17:00:00,4,0,2,0,0,5.0,7,29.0,7.0,21.95,0
2024-04-07,Phoenix Suns,2024-04-07 17:00:00,1,0,0,0,0,1.0,2,50.0,45.0,46.25,1
2024-04-07,Portland Trail Blazers,2024-04-07 17:00:00,7,0,0,0,1,7.0,8,99.0,45.0,96.0,3
2024-04-07,Sacramento Kings,2024-04-07 17:00:00,5,0,0,0,0,5.0,5,30.0,12.0,30.0,0
2024-04-07,San Antonio Spurs,2024-04-07 17:00:00,5,0,0,1,0,5.25,7,267.0,240.0,260.7,1
2024-04-07,Toronto Raptors,2024-04-07 17:00:00,5,0,0,0,2,5.0,7,50.0,25.0,44.0,1
2024-04-07,Utah Jazz,2024-04-07 17:00:00,5,0,0,0,0,5.0,6,42.0,25.0,38.25,1
2024-04-07,Washington Wizards,2024-04-07 17:00:00,7,0,0,0,0,7.0,7,66.0,25.0,66.0,1
2024-04-09,Atlanta Hawks,2024-04-09 17:00:00,5,0,0,0,0,5.0,5,259.0,240.0,259.0,1
2024-04-09,Boston Celtics,2024-04-09 17:00:00,6,0,0,0,0,6.0,6,27.0,5.0,27.0,0
2024-04-09,Charlotte Hornets,2024-04-09 17:00:00,4,0,1,0,0,4.5,5,33.0,10.0,31.35,0
2024-04-09,Chicago Bulls,2024-04-09 17:00:00,4,0,2,1,0,5.25,7,154.0,45.0,142.2,3
2024-04-09,Dallas Mavericks,2024-04-09 17:00:00,2,1,1,0,0,3.25,4,28.0,12.0,23.85,0
2024-04-09,Denver Nuggets,2024-04-09 17:00:00,2,0,0,5,0,3.25,7,77.0,45.0,52.35,1
2024-04-09,Detroit Pistons,2024-04-09 17:00:00,6,0,1,0,1,6.5,8,60.0,25.0,54.8,2
2024-04-09,Golden State Warriors,2024-04-09 17:00:00,1,0,0,2,0,1.5,3,16.0,10.0,4.95,0
2024-04-09,Houston Rockets,2024-04-09 17:00:00,4,0,0,0,1,4.0,5,113.0,45.0,110.0,2
2024-04-09,Indiana Pacers,2024-04-09 17:00:00,1,0,3,0,0,2.5,4,18.0,5.0,9.75,0
2024-04-09,LA Clippers,2024-04-09 17:00:00,2,0,2,0,0,3.0,4,24.0,10.0,17.95,0
2024-04-09,Los Angeles Lakers,2024-04-09 17:00:00,3,0,2,0,0,4.0,5,99.0,45.0,95.7,2
2024-04-09,Memphis Grizzlies,2024-04-09 17:00:00,11,2,0,0,0,12.5,13,47.0,7.0,45.5,0
2024-04-09,Miami Heat,2024-04-09 17:00:00,2,0,1,4,1,3.5,8,80.0,45.0,53.25,1
2024-04-09,Milwaukee Bucks,2024-04-09 17:00:00,2,0,0,4,0,3.0,6,39.0,10.0,22.849999999999998,0
2024-04-09,Minnesota Timberwolves,2024-04-09 17:00:00,2,0,0,0,0,2.0,2,33.0,30.0,33.0,1
2024-04-09,New Orleans Pelicans,2024-04-09 17:00:00,2,0,1,0,1,2.5,4,12.0,3.0,7.35,0
2024-04-09,New York Knicks,2024-04-09 17:00:00,1,0,0,1,0,1.25,2,6.0,3.0,3.45,0
2024-04-09,Oklahoma City Thunder,2024-04-09 17:00:00,5,0,1,0,0,5.5,6,33.0,10.0,27.5,0
2024-04-09,Orlando Magic,2024-04-09 17:00:00,1,0,0,0,1,1.0,2,13.0,10.0,10.0,0
2024-04-09,Philadelphia 76ers,2024-04-09 17:00:00,1,0,5,0,0,3.5,6,22.0,7.0,11.55,0
2024-04-09,Phoenix Suns,2024-04-09 17:00:00,1,0,1,0,0,1.5,2,55.0,45.0,49.5,1
2024-04-09,Portland Trail Blazers,2024-04-09 17:00:00,6,1,1,0,0,7.25,8,99.0,45.0,93.85,3
2024-04-09,Sacramento Kings,2024-04-09 17:00:00,3,0,0,0,1,3.0,4,67.0,45.0,62.0,1
2024-04-09,San Antonio Spurs,2024-04-09 17:00:00,6,0,0,0,0,6.0,6,262.0,240.0,262.0,1
2024-04-09,Toronto Raptors,2024-04-09 17:00:00,6,1,0,0,1,6.75,8,57.0,25.0,51.25,1
2024-04-09,Utah Jazz,2024-04-09 17:00:00,5,0,0,0,0,5.0,5,37.0,25.0,37.0,1
2024-04-09,Washington Wizards,2024-04-09 17:00:00,7,0,0,1,1,7.25,9,72.0,25.0,66.45,1
2024-04-10,Atlanta Hawks,2024-04-10 17:00:00,5,0,4,0,0,7.0,10,285.0,240.0,273.55,1
2024-04-10,Brooklyn Nets,2024-04-10 17:00:00,6,0,0,0,3,6.0,9,83.0,45.0,67.0,1
2024-04-10,Charlotte Hornets,2024-04-10 17:00:00,4,0,1,0,0,4.5,6,38.0,10.0,32.6,0
2024-04-10,Cleveland Cavaliers,2024-04-10 17:00:00,2,1,0,0,1,2.75,4,63.0,45.0,59.25,1
2024-04-10,Dallas Mavericks,2024-04-10 17:00:00,3,0,1,1,0,3.75,6,38.0,12.0,26.2,0
2024-04-10,Denver Nuggets,2024-04-10 17:00:00,1,0,2,5,0,3.25,9,85.0,45.0,53.3,1
2024-04-10,LA Clippers,2024-04-10 17:00:00,4,0,2,0,0,5.0,7,30.0,10.0,22.95,0
2024-04-10,Memphis Grizzlies,2024-04-10 17:00:00,12,0,2,0,0,13.0,15,55.0,7.0,47.95,0
2024-04-10,Miami Heat,2024-04-10 17:00:00,3,0,0,0,6,3.0,10,88.0,45.0,52.25,1
2024-04-10,Milwaukee Bucks,2024-04-10 17:00:00,4,0,0,1,0,4.25,6,42.0,10.0,29.75,0
2024-04-10,Minnesota Timberwolves,2024-04-10 17:00:00,2,0,0,0,0,2.0,3,38.0,30.0,34.25,1
2024-04-10,Oklahoma City Thunder,2024-04-10 17:00:00,4,0,2,0,0,5.0,7,31.0,5.0,23.95,0
2024-04-10,Orlando Magic,2024-04-10 17:00:00,1,0,2,0,0,2.0,4,21.0,10.0,10.1,0
2024-04-10,Phoenix Suns,2024-04-10 17:00:00,1,0,0,0,0,1.0,2,50.0,45.0,46.25,1
2024-04-10,San Antonio Spurs,2024-04-10 17:00:00,7,0,1,0,0,7.5,9,274.0,240.0,268.6,1
2024-04-10,Toronto Raptors,2024-04-10 17:00:00,7,0,3,0,0,8.5,11,67.0,25.0,58.3,1
2024-04-11,Boston Celtics,2024-04-11 17:00:00,4,0,4,0,3,6.0,11,42.0,5.0,25.85,0
2024-04-11,Chicago Bulls,2024-04-11 17:00:00,6,0,0,0,1,6.0,7,156.0,45.0,151.0,3
2024-04-11,Detroit Pistons,2024-04-11 17:00:00,7,0,0,0,0,7.0,7,56.0,25.0,56.0,2
2024-04-11,Golden State Warriors,2024-04-11 17:00:00,2,0,1,1,0,2.75,5,17.0,5.0,9.05,0
2024-04-11,Houston Rockets,2024-04-11 17:00:00,4,0,0,0,1,4.0,5,113.0,45.0,110.0,2
2024-04-11,New Orleans Pelicans,2024-04-11 17:00:00,2,0,1,0,1,2.5,5,17.0,5.0,8.6,0
2024-04-11,New York Knicks,2024-04-11 17:00:00,1,0,0,0,0,1.0,1,45.0,45.0,45.0,1
2024-04-11,Portland Trail Blazers,2024-04-11 17:00:00,7,0,1,0,0,7.5,9,111.0,45.0,101.75,3
2024-04-11,Sacramento Kings,2024-04-11 17:00:00,2,0,2,0,0,3.0,5,68.0,45.0,60.95,1
2024-04-11,Utah Jazz,2024-04-11 17:00:00,6,0,0,0,0,6.0,7,45.0,25.0,41.25,1
2024-04-12,Atlanta Hawks,2024-04-12 17:00:00,5,0,3,0,0,6.5,9,282.0,240.0,268.35,1
2024-04-12,Boston Celtics,2024-04-12 17:00:00,0,0,6,4,0,4.0,11,51.0,10.0,15.95,0
2024-04-12,Brooklyn Nets,2024-04-12 17:00:00,9,0,0,1,0,9.25,10,79.0,45.0,76.45,1
2024-04-12,Charlotte Hornets,2024-04-12 17:00:00,4,0,2,0,0,5.0,6,43.0,10.0,35.85,0
2024-04-12,Chicago Bulls,2024-04-12 17:00:00,9,0,0,0,0,9.0,10,169.0,45.0,165.25,3
2024-04-12,Cleveland Cavaliers,2024-04-12 17:00:00,2,1,0,0,1,2.75,4,63.0,45.0,59.25,1
2024-04-12,Dallas Mavericks,2024-04-12 17:00:00,3,0,1,0,0,3.5,5,26.0,12.0,20.6,0
2024-04-12,Denver Nuggets,2024-04-12 17:00:00,1,0,0,6,0,2.5,8,75.0,45.0,50.0,1
2024-04-12,Detroit Pistons,2024-04-12 17:00:00,6,1,1,0,0,7.25,9,64.0,25.0,57.85,2
2024-04-12,Golden State Warriors,2024-04-12 17:00:00,0,1,1,3,0,2.0,6,20.0,5.0,6.2,0
2024-04-12,Houston Rockets,2024-04-12 17:00:00,5,0,0,0,1,5.0,7,121.0,45.0,114.25,2
2024-04-12,Indiana Pacers,2024-04-12 17:00:00,1,0,4,0,0,3.0,5,32.0,14.0,16.05,1
2024-04-12,LA Clippers,2024-04-12 17:00:00,2,0,1,0,0,2.5,4,21.0,10.0,15.6,0
2024-04-12,Los Angeles Lakers,2024-04-12 17:00:00,3,0,1,1,0,3.75,6,104.0,45.0,96.05,2
2024-04-12,Memphis Grizzlies,2024-04-12 17:00:00,13,0,0,0,0,13.0,14,52.0,7.0,48.25,0
2024-04-12,Miami Heat,2024-04-12 17:00:00,2,0,1,0,3,2.5,6,74.0,45.0,49.35,1
2024-04-12,Milwaukee Bucks,2024-04-12 17:00:00,4,0,1,1,3,4.75,9,53.0,10.0,28.85,0
2024-04-12,Minnesota Timberwolves,2024-04-12 17:00:00,1,0,2,0,0,2.0,4,41.0,30.0,19.1,1
2024-04-12,New Orleans Pelicans,2024-04-12 17:00:00,3,0,0,0,1,3.0,5,17.0,5.0,10.25,0
2024-04-12,New York Knicks,2024-04-12 17:00:00,2,0,1,1,0,2.75,5,60.0,45.0,52.05,1
2024-04-12,Oklahoma City Thunder,2024-04-12 17:00:00,0,0,1,0,5,0.5,7,33.0,5.0,2.6,0
2024-04-12,Orlando Magic,2024-04-12 17:00:00,0,0,1,0,0,0.5,1,10.0,10.0,4.5,0
2024-04-12,Philadelphia 76ers,2024-04-12 17:00:00,1,0,3,0,0,2.5,4,16.0,7.0,8.85,0
2024-04-12,Phoenix Suns,2024-04-12 17:00:00,1,0,0,0,0,1.0,2,50.0,45.0,46.25,1
2024-04-12,Portland Trail Blazers,2024-04-12 17:00:00,7,0,2,0,0,8.0,10,114.0,45.0,103.1,3
2024-04-12,Sacramento Kings,2024-04-12 17:00:00,2,0,0,0,0,2.0,3,62.0,45.0,58.25,1
2024-04-12,San Antonio Spurs,2024-04-12 17:00:00,7,0,0,0,0,7.0,8,273.0,240.0,269.25,1
2024-04-12,Toronto Raptors,2024-04-12 17:00:00,5,0,2,0,0,6.0,7,50.0,25.0,46.7,1
2024-04-12,Utah Jazz,2024-04-12 17:00:00,5,1,0,0,0,5.75,7,45.0,25.0,40.5,1
2024-04-12,Washington Wizards,2024-04-12 17:00:00,5,0,4,0,0,7.0,9,72.0,25.0,65.4,1
2024-04-14,Atlanta Hawks,2024-04-14 17:00:00,7,0,0,0,0,7.0,7,269.0,240.0,269.0,1
2024-04-14,Boston Celtics,2024-04-14 17:00:00,6,0,0,0,0,6.0,6,33.0,10.0,33.0,0
2024-04-14,Brooklyn Nets,2024-04-14 17:00:00,9,0,0,0,0,9.0,9,76.0,45.0,76.0,1
2024-04-14,Charlotte Hornets,2024-04-14 17:00:00,9,0,0,0,0,9.0,9,52.0,10.0,52.0,0
2024-04-14,Chicago Bulls,2024-04-14 17:00:00,6,0,0,0,2,6.0,8,159.0,45.0,151.0,3
2024-04-14,Cleveland Cavaliers,2024-04-14 17:00:00,6,0,0,0,0,6.0,6,70.0,45.0,70.0,1
2024-04-14,Dallas Mavericks,2024-04-14 17:00:00,9,0,0,0,0,9.0,9,43.0,12.0,43.0,0
2024-04-14,Denver Nuggets,2024-04-14 17:00:00,2,0,0,0,7,2.0,9,85.0,45.0,57.0,1
2024-04-14,Detroit Pistons,2024-04-14 17:00:00,8,0,0,0,0,8.0,8,59.0,25.0,59.0,2
2024-04-14,Golden State Warriors,2024-04-14 17:00:00,3,0,0,0,3,3.0,6,32.0,10.0,23.0,0
2024-04-14,Houston Rockets,2024-04-14 17:00:00,6,0,0,0,1,6.0,7,119.0,45.0,116.0,2
2024-04-14,Indiana Pacers,2024-04-14 17:00:00,3,0,0,0,4,3.0,7,52.0,14.0,13.0,0
2024-04-14,LA Clippers,2024-04-14 17:00:00,2,0,0,0,1,2.0,3,9.0,3.0,6.0,0
2024-04-14,Los Angeles Lakers,2024-04-14 17:00:00,3,0,0,0,2,3.0,5,99.0,45.0,93.0,2
2024-04-14,Memphis Grizzlies,2024-04-14 17:00:00,13,0,0,0,0,13.0,13,47.0,7.0,47.0,0
2024-04-14,Miami Heat,2024-04-14 17:00:00,3,0,0,0,3,3.0,6,74.0,45.0,51.0,1
2024-04-14,Milwaukee Bucks,2024-04-14 17:00:00,3,0,0,0,3,3.0,6,39.0,10.0,23.0,0
2024-04-14,Minnesota Timberwolves,2024-04-14 17:00:00,1,0,0,0,2,1.0,3,36.0,30.0,3.0,0
2024-04-14,New Orleans Pelicans,2024-04-14 17:00:00,0,0,0,0,3,0.0,3,9.0,3.0,0.0,0
2024-04-14,New York Knicks,2024-04-14 17:00:00,1,0,0,0,0,1.0,1,45.0,45.0,45.0,1
2024-04-14,Orlando Magic,2024-04-14 17:00:00,0,0,0,0,1,0.0,1,3.0,3.0,0.0,0
2024-04-14,Philadelphia 76ers,2024-04-14 17:00:00,4,0,0,0,0,4.0,4,20.0,7.0,20.0,0
2024-04-14,Phoenix Suns,2024-04-14 17:00:00,2,0,0,0,1,2.0,3,51.0,45.0,48.0,1
2024-04-14,Portland Trail Blazers,2024-04-14 17:00:00,10,0,0,0,0,10.0,10,105.0,45.0,105.0,3
2024-04-14,Sacramento Kings,2024-04-14 17:00:00,2,0,0,0,1,2.0,3,62.0,45.0,57.0,1
2024-04-14,San Antonio Spurs,2024-04-14 17:00:00,8,0,0,0,1,8.0,9,277.0,240.0,272.0,1
2024-04-14,Toronto Raptors,2024-04-14 17:00:00,8,0,0,0,0,8.0,8,58.0,25.0,58.0,1
2024-04-14,Utah Jazz,2024-04-14 17:00:00,6,0,0,0,0,6.0,6,40.0,25.0,40.0,1
2024-04-14,Washington Wizards,2024-04-14 17:00:00,8,0,0,0,1,8.0,9,79.0,25.0,76.0,1
2024-04-16,Golden State Warriors,2024-04-16 17:00:00,1,0,0,0,0,1.0,1,10.0,10.0,10.0,0
2024-04-16,Los Angeles Lakers,2024-04-16 17:00:00,3,0,2,1,0,4.25,6,109.0,45.0,99.3,2
2024-04-16,New Orleans Pelicans,2024-04-16 17:00:00,0,0,0,0,1,0.0,1,3.0,3.0,0.0,0
2024-04-16,Sacramento Kings,2024-04-16 17:00:00,2,0,0,0,0,2.0,2,57.0,45.0,57.0,1
2024-04-17,Atlanta Hawks,2024-04-17 17:00:00,3,0,0,0,0,3.0,4,258.0,240.0,254.25,1
2024-04-17,Chicago Bulls,2024-04-17 17:00:00,5,0,2,0,0,6.0,7,154.0,45.0,146.85,3
2024-04-17,Miami Heat,2024-04-17 17:00:00,2,0,0,0,3,2.0,5,64.0,45.0,48.0,1
2024-04-17,Philadelphia 76ers,2024-04-17 17:00:00,2,0,2,0,0,3.0,4,20.0,7.0,14.5,0
2024-04-19,Chicago Bulls,2024-04-19 17:00:00,5,0,0,0,3,5.0,8,164.0,45.0,141.0,3
2024-04-19,Miami Heat,2024-04-19 17:00:00,3,0,0,0,3,3.0,6,76.0,45.0,60.0,1
2024-04-19,New Orleans Pelicans,2024-04-19 17:00:00,1,0,0,0,1,1.0,2,17.0,14.0,14.0,1
2024-04-19,Sacramento Kings,2024-04-19 17:00:00,2,0,0,0,0,2.0,2,57.0,45.0,57.0,1
2024-04-20,Cleveland Cavaliers,2024-04-20 17:00:00,3,0,0,0,0,3.0,3,67.0,45.0,67.0,1
2024-04-20,Denver Nuggets,2024-04-20 17:00:00,1,0,0,0,0,1.0,2,50.0,45.0,46.25,1
2024-04-20,Los Angeles Lakers,2024-04-20 17:00:00,4,0,0,2,0,4.5,7,114.0,45.0,105.15,2
2024-04-20,New York Knicks,2024-04-20 17:00:00,1,0,0,0,0,1.0,1,45.0,45.0,45.0,1
2024-04-20,Philadelphia 76ers,2024-04-20 17:00:00,2,0,1,0,0,2.5,3,17.0,7.0,13.15,0
2024-04-20,Phoenix Suns,2024-04-20 17:00:00,1,0,0,0,0,1.0,2,50.0,45.0,46.25,1
2024-04-21,Boston Celtics,2024-04-21 17:00:00,1,0,0,0,0,1.0,1,10.0,10.0,10.0,0
2024-04-21,Dallas Mavericks,2024-04-21 17:00:00,0,0,0,0,1,0.0,2,8.0,5.0,1.25,0
2024-04-21,Indiana Pacers,2024-04-21 17:00:00,1,0,0,0,0,1.0,2,8.0,5.0,4.25,0
2024-04-21,LA Clippers,2024-04-21 17:00:00,1,0,0,0,0,1.0,2,8.0,5.0,4.25,0
2024-04-21,Miami Heat,2024-04-21 17:00:00,3,0,0,0,2,3.0,5,73.0,45.0,60.0,1
2024-04-21,Milwaukee Bucks,2024-04-21 17:00:00,1,0,0,0,0,1.0,2,8.0,5.0,4.25,0
2024-04-21,New Orleans Pelicans,2024-04-21 17:00:00,1,0,0,0,1,1.0,2,17.0,14.0,14.0,1
2024-04-22,Cleveland Cavaliers,2024-04-22 17:00:00,3,0,0,0,0,3.0,3,67.0,45.0,67.0,1
2024-04-22,Denver Nuggets,2024-04-22 17:00:00,1,0,0,0,0,1.0,1,45.0,45.0,45.0,1
2024-04-22,Los Angeles Lakers,2024-04-22 17:00:00,4,0,0,2,0,4.5,7,114.0,45.0,105.15,2
2024-04-22,New York Knicks,2024-04-22 17:00:00,1,0,0,0,0,1.0,1,45.0,45.0,45.0,1
2024-04-22,Philadelphia 76ers,2024-04-22 17:00:00,2,0,2,0,0,3.0,4,20.0,7.0,14.5,0
2024-04-23,Indiana Pacers,2024-04-23 17:00:00,1,0,0,0,0,1.0,2,8.0,5.0,4.25,0
2024-04-23,LA Clippers,2024-04-23 17:00:00,0,0,1,0,0,0.5,2,8.0,5.0,2.6,0
2024-04-23,Milwaukee Bucks,2024-04-23 17:00:00,1,0,0,0,0,1.0,2,8.0,5.0,4.25,0
2024-04-23,Minnesota Timberwolves,2024-04-23 17:00:00,0,0,1,0,0,0.5,2,8.0,5.0,2.6,0
2024-04-23,Phoenix Suns,2024-04-23 17:00:00,1,0,1,0,0,1.5,3,60.0,45.0,50.75,1
2024-04-24,Boston Celtics,2024-04-24 17:00:00,1,0,0,0,0,1.0,1,10.0,10.0,10.0,0
2024-04-24,Miami Heat,2024-04-24 17:00:00,3,0,0,1,3,3.25,7,72.0,45.0,60.45,1
2024-04-24,New Orleans Pelicans,2024-04-24 17:00:00,1,0,0,0,1,1.0,2,17.0,14.0,14.0,1
2024-04-25,Cleveland Cavaliers,2024-04-25 17:00:00,3,0,0,0,0,3.0,3,67.0,45.0,67.0,1
2024-04-25,Denver Nuggets,2024-04-25 17:00:00,1,0,0,0,0,1.0,2,50.0,45.0,46.25,1
2024-04-25,Los Angeles Lakers,2024-04-25 17:00:00,4,0,0,2,0,4.5,7,114.0,45.0,105.15,2
2024-04-25,New York Knicks,2024-04-25 17:00:00,1,0,1,0,0,1.5,2,49.0,45.0,46.8,1
2024-04-25,Philadelphia 76ers,2024-04-25 17:00:00,1,0,2,0,0,2.0,3,17.0,7.0,9.3,0
2024-04-26,Dallas Mavericks,2024-04-26 17:00:00,2,0,1,0,0,2.5,3,23.0,10.0,21.35,0
2024-04-26,Indiana Pacers,2024-04-26 17:00:00,1,0,0,0,0,1.0,1,3.0,3.0,3.0,0
2024-04-26,LA Clippers,2024-04-26 17:00:00,0,0,1,0,0,0.5,2,8.0,5.0,2.6,0
2024-04-26,Milwaukee Bucks,2024-04-26 17:00:00,2,0,0,0,1,2.0,3,16.0,10.0,6.0,0
2024-04-26,Minnesota Timberwolves,2024-04-26 17:00:00,0,0,1,0,0,0.5,2,8.0,5.0,2.6,0
2024-04-26,Phoenix Suns,2024-04-26 17:00:00,1,0,1,0,0,1.5,3,60.0,45.0,50.75,1
2024-04-27,Boston Celtics,2024-04-27 17:00:00,0,0,0,0,1,0.0,1,10.0,10.0,0.0,0
2024-04-27,Cleveland Cavaliers,2024-04-27 17:00:00,3,0,0,0,0,3.0,3,67.0,45.0,67.0,1
2024-04-27,Denver Nuggets,2024-04-27 17:00:00,1,0,1,0,0,1.5,3,60.0,45.0,50.75,1
2024-04-27,Los Angeles Lakers,2024-04-27 17:00:00,3,0,2,1,0,4.25,7,114.0,45.0,81.3,2
2024-04-27,Miami Heat,2024-04-27 17:00:00,4,0,0,0,3,4.0,7,72.0,45.0,63.0,1
2024-04-27,New Orleans Pelicans,2024-04-27 17:00:00,2,0,0,0,1,2.0,3,27.0,14.0,24.0,1
2024-04-27,Oklahoma City Thunder,2024-04-26 17:00:00,0,0,0,0,0,0.0,1,5.0,5.0,1.25,0
2024-04-28,Dallas Mavericks,2024-04-28 17:00:00,2,0,0,0,1,2.0,3,23.0,10.0,20.0,0
2024-04-28,Indiana Pacers,2024-04-28 17:00:00,1,0,0,0,0,1.0,1,3.0,3.0,3.0,0
2024-04-28,LA Clippers,2024-04-28 17:00:00,1,0,0,0,0,1.0,1,3.0,3.0,3.0,0
2024-04-28,Milwaukee Bucks,2024-04-28 17:00:00,3,0,0,1,0,3.25,4,19.0,10.0,10.5,0
2024-04-28,Minnesota Timberwolves,2024-04-28 17:00:00,0,0,1,0,0,0.5,2,8.0,5.0,2.6,0
2024-04-28,New York Knicks,2024-04-28 17:00:00,2,0,0,0,0,2.0,2,55.0,45.0,55.0,1
2024-04-28,Philadelphia 76ers,2024-04-28 17:00:00,1,0,0,0,1,1.0,2,10.0,7.0,3.0,0
2024-04-28,Phoenix Suns,2024-04-28 17:00:00,1,0,1,0,0,1.5,3,60.0,45.0,50.75,1
2024-04-29,Denver Nuggets,2024-04-29 17:00:00,1,0,1,1,0,1.75,3,65.0,45.0,51.0,1
2024-04-29,Los Angeles Lakers,2024-04-29 17:00:00,2,0,1,2,0,3.0,6,69.0,45.0,58.5,1
2024-04-29,Miami Heat,2024-04-29 17:00:00,3,0,0,0,4,3.0,7,72.0,45.0,60.0,1
2024-04-29,New Orleans Pelicans,2024-04-29 17:00:00,1,0,1,0,1,1.5,3,27.0,14.0,18.5,1
2024-04-29,Oklahoma City Thunder,2024-04-28 17:00:00,0,0,0,0,0,0.0,1,5.0,5.0,1.25,0
2024-04-30,Cleveland Cavaliers,2024-04-30 17:00:00,3,0,1,0,0,3.5,4,70.0,45.0,68.35,1
2024-04-30,Indiana Pacers,2024-04-30 17:00:00,1,0,1,0,0,1.5,3,11.0,5.0,5.6,0
2024-04-30,Milwaukee Bucks,2024-04-30 17:00:00,0,2,0,2,0,2.0,5,24.0,10.0,7.7,0
2024-04-30,New York Knicks,2024-04-30 17:00:00,2,0,1,2,0,3.0,5,64.0,45.0,53.400000000000006,1
2024-04-30,Philadelphia 76ers,2024-04-30 17:00:00,1,0,1,1,0,1.75,3,13.0,7.0,6.6,0
2024-05-01,Boston Celtics,2024-05-01 17:00:00,1,0,0,0,0,1.0,1,3.0,3.0,3.0,0
2024-05-01,Dallas Mavericks,2024-05-01 17:00:00,2,0,0,1,0,2.25,3,32.0,12.0,21.8,0
2024-05-01,LA Clippers,2024-05-01 17:00:00,1,0,0,0,0,1.0,2,8.0,5.0,4.25,0
2024-05-01,Miami Heat,2024-05-01 17:00:00,4,0,0,0,2,4.0,6,69.0,45.0,63.0,1
2024-05-02,Indiana Pacers,2024-05-02 17:00:00,1,0,1,0,0,1.5,2,6.0,3.0,4.35,0
2024-05-02,Milwaukee Bucks,2024-05-02 17:00:00,1,0,0,0,3,1.0,4,19.0,10.0,3.0,0
2024-05-02,New York Knicks,2024-05-02 17:00:00,2,0,1,0,0,2.5,3,100.0,45.0,94.5,2
2024-05-02,Philadelphia 76ers,2024-05-02 17:00:00,1,0,1,0,0,1.5,2,10.0,7.0,6.15,0
2024-05-03,Cleveland Cavaliers,2024-05-03 17:00:00,3,0,1,0,0,3.5,4,70.0,45.0,68.35,1
2024-05-03,Dallas Mavericks,2024-05-03 17:00:00,2,0,0,0,0,2.0,2,20.0,10.0,20.0,0
2024-05-03,LA Clippers,2024-05-03 17:00:00,1,0,1,0,0,1.5,3,11.0,5.0,5.6,0
2024-05-03,Orlando Magic,2024-05-03 17:00:00,0,0,1,0,0,0.5,1,14.0,14.0,6.3,1
2024-05-04,Denver Nuggets,2024-05-04 17:00:00,1,0,1,0,0,1.5,2,55.0,45.0,49.5,1
2024-05-04,Minnesota Timberwolves,2024-05-03 17:00:00,0,0,0,0,0,0.0,1,5.0,5.0,1.25,0
2024-05-05,Cleveland Cavaliers,2024-05-05 17:00:00,4,0,0,0,0,4.0,4,70.0,45.0,70.0,1
2024-05-05,Orlando Magic,2024-05-05 17:00:00,0,0,0,0,1,0.0,1,14.0,14.0,0.0,0
2024-05-06,Denver Nuggets,2024-05-06 17:00:00,1,0,1,0,0,1.5,2,55.0,45.0,49.5,1
2024-05-06,Indiana Pacers,2024-05-06 17:00:00,1,0,1,0,0,1.5,2,6.0,3.0,4.35,0
2024-05-06,Minnesota Timberwolves,2024-05-06 17:00:00,0,0,1,0,0,0.5,2,8.0,5.0,2.6,0
2024-05-06,New York Knicks,2024-05-06 17:00:00,2,0,0,0,0,2.0,2,90.0,45.0,90.0,2
2024-05-07,Boston Celtics,2024-05-07 17:00:00,1,0,0,0,0,1.0,1,3.0,3.0,3.0,0
2024-05-07,Cleveland Cavaliers,2024-05-07 17:00:00,3,0,1,0,0,3.5,4,70.0,45.0,68.35,1
2024-05-07,Dallas Mavericks,2024-05-07 17:00:00,2,0,0,1,0,2.25,3,25.0,12.0,14.8,0
2024-05-07,Oklahoma City Thunder,2024-05-06 17:00:00,0,0,0,0,0,0.0,1,5.0,5.0,1.25,0
2024-05-08,Indiana Pacers,2024-05-08 17:00:00,1,0,1,0,0,1.5,2,6.0,3.0,4.35,0
2024-05-08,New York Knicks,2024-05-08 17:00:00,3,0,0,0,0,3.0,3,93.0,45.0,93.0,2
2024-05-09,Boston Celtics,2024-05-09 17:00:00,1,0,0,0,0,1.0,1,3.0,3.0,3.0,0
2024-05-09,Cleveland Cavaliers,2024-05-09 17:00:00,3,0,1,0,0,3.5,4,70.0,45.0,68.35,1
2024-05-09,Dallas Mavericks,2024-05-09 17:00:00,2,0,0,1,0,2.25,3,25.0,12.0,14.8,0
2024-05-09,Oklahoma City Thunder,2024-05-08 17:00:00,0,0,0,0,0,0.0,1,5.0,5.0,1.25,0
2024-05-10,Denver Nuggets,2024-05-10 17:00:00,1,0,3,0,0,2.5,4,61.0,45.0,52.2,1
2024-05-10,Indiana Pacers,2024-05-10 17:00:00,1,0,1,0,0,1.5,2,6.0,3.0,4.35,0
2024-05-10,Minnesota Timberwolves,2024-05-09 17:00:00,0,0,0,0,0,0.0,1,5.0,5.0,1.25,0
2024-05-10,New York Knicks,2024-05-10 17:00:00,4,0,1,0,0,4.5,5,110.0,45.0,108.35,3
2024-05-11,Boston Celtics,2024-05-11 17:00:00,1,0,0,0,0,1.0,1,3.0,3.0,3.0,0
2024-05-11,Cleveland Cavaliers,2024-05-11 17:00:00,2,0,2,0,0,3.0,4,70.0,45.0,61.75,1
2024-05-11,Dallas Mavericks,2024-05-11 17:00:00,2,0,0,0,1,2.0,3,23.0,10.0,13.0,0
2024-05-12,Denver Nuggets,2024-05-12 17:00:00,1,0,3,0,0,2.5,4,61.0,45.0,52.2,1
2024-05-12,Indiana Pacers,2024-05-12 17:00:00,1,0,0,0,2,1.0,3,16.0,10.0,3.0,0
2024-05-12,Minnesota Timberwolves,2024-05-11 17:00:00,0,0,0,0,0,0.0,1,5.0,5.0,1.25,0
2024-05-12,New York Knicks,2024-05-12 17:00:00,4,0,0,0,0,4.0,4,107.0,45.0,107.0,3
2024-05-13,Boston Celtics,2024-05-13 17:00:00,1,0,0,0,1,1.0,2,6.0,3.0,3.0,0
2024-05-13,Cleveland Cavaliers,2024-05-13 17:00:00,2,0,2,0,0,3.0,4,68.0,45.0,60.85,1
2024-05-13,Dallas Mavericks,2024-05-13 17:00:00,2,0,1,0,0,2.5,3,23.0,10.0,17.5,0
2024-05-13,Oklahoma City Thunder,2024-05-12 17:00:00,0,0,0,0,0,0.0,1,5.0,5.0,1.25,0
2024-05-14,Denver Nuggets,2024-05-14 17:00:00,1,0,1,0,0,1.5,2,55.0,45.0,49.5,1
2024-05-14,Indiana Pacers,2024-05-14 17:00:00,1,0,1,0,0,1.5,2,13.0,10.0,7.5,0
2024-05-14,Minnesota Timberwolves,2024-05-14 17:00:00,0,0,1,0,0,0.5,2,8.0,5.0,2.6,0
2024-05-14,New York Knicks,2024-05-14 17:00:00,4,0,0,0,0,4.0,4,149.0,45.0,149.0,4
2024-05-15,Boston Celtics,2024-05-15 17:00:00,1,0,0,0,0,1.0,1,3.0,3.0,3.0,0
2024-05-15,Cleveland Cavaliers,2024-05-15 17:00:00,1,1,3,0,0,3.25,5,71.0,45.0,59.7,1
2024-05-15,Dallas Mavericks,2024-05-15 17:00:00,2,0,0,1,0,2.25,4,28.0,10.0,15.75,0
2024-05-15,Oklahoma City Thunder,2024-05-14 17:00:00,0,0,0,0,0,0.0,1,5.0,5.0,1.25,0
2024-05-16,Denver Nuggets,2024-05-16 17:00:00,1,0,1,0,0,1.5,2,55.0,45.0,49.5,1
2024-05-16,Minnesota Timberwolves,2024-05-16 17:00:00,0,0,1,0,0,0.5,2,8.0,5.0,2.6,0
2024-05-17,Indiana Pacers,2024-05-17 17:00:00,1,0,0,0,0,1.0,1,3.0,3.0,3.0,0
2024-05-17,New York Knicks,2024-05-17 17:00:00,4,0,0,0,0,4.0,4,149.0,45.0,149.0,4
2024-05-18,Dallas Mavericks,2024-05-18 17:00:00,2,0,0,1,0,2.25,3,23.0,10.0,14.5,0
2024-05-19,Denver Nuggets,2024-05-19 17:00:00,1,0,1,0,0,1.5,2,55.0,45.0,49.5,1
2024-05-19,Indiana Pacers,2024-05-19 17:00:00,1,0,0,0,0,1.0,1,3.0,3.0,3.0,0
2024-05-19,Minnesota Timberwolves,2024-05-19 17:00:00,0,0,1,0,0,0.5,2,8.0,5.0,2.6,0
2024-05-19,New York Knicks,2024-05-19 17:00:00,3,0,0,0,2,3.0,5,152.0,45.0,135.0,3
2024-05-21,Boston Celtics,2024-05-21 17:00:00,2,0,0,0,0,2.0,2,6.0,3.0,6.0,0
2024-05-21,Indiana Pacers,2024-05-21 17:00:00,1,0,0,0,0,1.0,1,3.0,3.0,3.0,0
2024-05-22,Dallas Mavericks,2024-05-22 17:00:00,2,0,0,1,0,2.25,3,23.0,10.0,14.5,0
2024-05-22,Minnesota Timberwolves,2024-05-22 17:00:00,0,0,1,0,0,0.5,2,8.0,5.0,2.6,0
2024-05-23,Boston Celtics,2024-05-23 17:00:00,1,0,0,0,1,1.0,2,6.0,3.0,3.0,0
2024-05-23,Indiana Pacers,2024-05-23 17:00:00,1,0,0,0,0,1.0,1,3.0,3.0,3.0,0
2024-05-24,Dallas Mavericks,2024-05-24 17:00:00,2,0,0,1,0,2.25,4,28.0,10.0,15.75,0
2024-05-24,Minnesota Timberwolves,2024-05-24 17:00:00,0,0,1,0,0,0.5,1,3.0,3.0,1.35,0
2024-05-25,Boston Celtics,2024-05-25 17:00:00,1,1,1,0,0,2.25,3,9.0,3.0,6.6,0
2024-05-25,Indiana Pacers,2024-05-25 17:00:00,1,0,1,0,0,1.5,2,6.0,3.0,4.35,0
2024-05-26,Dallas Mavericks,2024-05-26 17:00:00,2,0,1,0,0,2.5,4,28.0,10.0,18.75,0
2024-05-26,Minnesota Timberwolves,2024-05-26 17:00:00,0,0,1,0,0,0.5,1,3.0,3.0,1.35,0
2024-05-27,Boston Celtics,2024-05-27 17:00:00,1,0,2,0,0,2.0,3,9.0,3.0,5.7,0
2024-05-27,Indiana Pacers,2024-05-27 17:00:00,1,0,2,0,0,2.0,3,9.0,3.0,5.7,0
2024-05-28,Dallas Mavericks,2024-05-28 17:00:00,1,1,2,0,0,2.75,4,26.0,10.0,18.1,0
2024-05-28,Minnesota Timberwolves,2024-05-28 17:00:00,0,0,1,0,0,0.5,2,8.0,5.0,2.6,0
2024-05-30,Dallas Mavericks,2024-05-30 17:00:00,1,0,2,0,0,2.0,3,23.0,10.0,15.85,0
2024-05-30,Minnesota Timberwolves,2024-05-30 17:00:00,0,0,1,0,0,0.5,1,3.0,3.0,1.35,0
2024-06-06,Dallas Mavericks,2024-06-06 17:00:00,0,0,1,1,0,0.75,2,20.0,10.0,6.0,0
2024-06-09,Dallas Mavericks,2024-06-09 17:00:00,0,0,1,0,0,0.5,1,10.0,10.0,4.5,0
2024-06-12,Boston Celtics,2024-06-12 17:00:00,0,0,1,0,0,0.5,1,3.0,3.0,1.35,0
2024-06-12,Dallas Mavericks,2024-06-12 17:00:00,0,0,0,1,0,0.25,1,3.0,3.0,0.44999999999999996,0
2024-06-14,Boston Celtics,2024-06-14 17:00:00,0,0,1,0,0,0.5,1,3.0,3.0,1.35,0
2024-06-14,Dallas Mavericks,2024-06-14 17:00:00,0,0,0,1,0,0.25,1,3.0,3.0,0.44999999999999996,0
2024-06-17,Boston Celtics,2024-06-17 17:00:00,0,0,1,0,0,0.5,1,3.0,3.0,1.35,0
2024-06-17,Dallas Mavericks,2024-06-17 17:00:00,0,0,0,1,0,0.25,1,3.0,3.0,0.44999999999999996,0
2024-10-22,Boston Celtics,2024-10-22 17:00:00,1,0,0,0,0,1.0,1,45.0,45.0,45.0,1
2024-10-22,Los Angeles Lakers,2024-10-22 17:00:00,3,0,0,0,0,3.0,3,21.0,7.0,21.0,0
2024-10-22,New York Knicks,2024-10-22 17:00:00,3,0,0,0,0,3.0,3,64.0,45.0,64.0,2
2024-10-23,Atlanta Hawks,2024-10-23 17:00:00,4,0,0,0,0,4.0,4,21.0,10.0,21.0,0
2024-10-23,Brooklyn Nets,2024-10-23 17:00:00,3,0,0,0,0,3.0,3,35.0,14.0,35.0,2
2024-10-23,Charlotte Hornets,2024-10-23 17:00:00,2,0,1,0,0,2.5,4,54.0,25.0,48.6,2
2024-10-23,Chicago Bulls,2024-10-23 17:00:00,0,0,0,0,2,0.0,2,48.0,45.0,0.0,0
2024-10-23,Cleveland Cavaliers,2024-10-23 17:00:00,4,0,0,0,0,4.0,4,25.0,10.0,25.0,0
2024-10-23,Detroit Pistons,2024-10-23 17:00:00,2,0,0,1,0,2.25,3,13.0,7.0,10.45,0
2024-10-23,Houston Rockets,2024-10-23 17:00:00,0,0,1,0,0,0.5,2,15.0,10.0,5.75,0
2024-10-23,Indiana Pacers,2024-10-23 17:00:00,0,0,4,0,0,2.0,4,25.0,10.0,11.25,0
2024-10-23,LA Clippers,2024-10-23 17:00:00,3,0,0,0,0,3.0,4,20.0,7.0,16.25,0
2024-10-23,Memphis Grizzlies,2024-10-23 17:00:00,5,0,0,0,0,5.0,6,38.0,14.0,34.25,1
2024-10-23,Miami Heat,2024-10-23 17:00:00,1,0,0,0,0,1.0,1,3.0,3.0,3.0,0
2024-10-23,Milwaukee Bucks,2024-10-23 17:00:00,1,0,0,1,0,1.25,2,48.0,45.0,45.45,1
2024-10-23,New Orleans Pelicans,2024-10-23 17:00:00,1,0,3,0,0,2.5,4,23.0,14.0,18.05,1
2024-10-23,Philadelphia 76ers,2024-10-23 17:00:00,2,0,0,0,0,2.0,2,7.0,4.0,7.0,0
2024-10-23,Phoenix Suns,2024-10-23 17:00:00,1,0,0,2,0,1.5,4,25.0,14.0,16.15,1
2024-10-23,Portland Trail Blazers,2024-10-23 17:00:00,3,0,0,0,0,3.0,4,25.0,14.0,21.25,1
2024-10-23,Toronto Raptors,2024-10-23 17:00:00,4,0,0,0,0,4.0,4,12.0,3.0,12.0,0
2024-10-23,Utah Jazz,2024-10-23 17:00:00,2,0,0,0,0,2.0,3,27.0,14.0,23.25,1
2024-10-24,Boston Celtics,2024-10-24 17:00:00,3,0,0,0,0,3.0,3,53.0,45.0,53.0,1
2024-10-24,Dallas Mavericks,2024-10-24 17:00:00,3,0,0,0,0,3.0,4,60.0,45.0,56.25,1
2024-10-24,Denver Nuggets,2024-10-24 17:00:00,1,0,0,0,0,1.0,2,185.0,180.0,181.25,1
2024-10-24,Minnesota Timberwolves,2024-10-23 17:00:00,0,0,0,0,0,0.0,1,5.0,5.0,1.25,0
2024-10-24,Oklahoma City Thunder,2024-10-24 17:00:00,4,0,0,0,0,4.0,5,134.0,45.0,130.25,4
2024-10-24,Sacramento Kings,2024-10-24 17:00:00,2,0,0,0,0,2.0,3,53.0,45.0,49.25,1
2024-10-24,San Antonio Spurs,2024-10-24 17:00:00,1,0,0,0,0,1.0,1,45.0,45.0,45.0,1
2024-10-24,Washington Wizards,2024-10-24 17:00:00,2,0,0,0,0,2.0,2,285.0,240.0,285.0,2
2024-10-25,Atlanta Hawks,2024-10-25 17:00:00,5,0,0,0,0,5.0,5,24.0,10.0,24.0,0
2024-10-25,Brooklyn Nets,2024-10-25 17:00:00,3,0,0,0,0,3.0,3,35.0,14.0,35.0,2
2024-10-25,Charlotte Hornets,2024-10-25 17:00:00,3,0,2,0,0,4.0,5,55.0,25.0,51.7,2
2024-10-25,Chicago Bulls,2024-10-25 17:00:00,1,0,3,0,1,2.5,5,63.0,45.0,51.75,1
2024-10-25,Cleveland Cavaliers,2024-10-25 17:00:00,4,0,0,0,0,4.0,4,25.0,10.0,25.0,0
2024-10-25,Detroit Pistons,2024-10-25 17:00:00,2,0,0,0,0,2.0,2,10.0,7.0,10.0,0
2024-10-25,Golden State Warriors,2024-10-25 17:00:00,3,0,0,1,3,3.25,8,32.0,5.0,16.7,0
2024-10-25,Houston Rockets,2024-10-25 17:00:00,1,0,0,2,0,1.5,4,21.0,10.0,12.149999999999999,0
2024-10-25,Indiana Pacers,2024-10-25 17:00:00,1,0,2,0,0,2.0,3,18.0,10.0,9.75,0
2024-10-25,Los Angeles Lakers,2024-10-25 17:00:00,4,0,0,1,2,4.25,8,118.0,45.0,101.7,2
2024-10-25,Memphis Grizzlies,2024-10-25 17:00:00,4,1,0,0,0,4.75,6,38.0,14.0,30.75,1
2024-10-25,Milwaukee Bucks,2024-10-25 17:00:00,1,0,1,2,0,2.0,5,59.0,45.0,48.5,1
2024-10-25,New Orleans Pelicans,2024-10-25 17:00:00,5,0,0,0,0,5.0,5,54.0,25.0,54.0,2
2024-10-25,New York Knicks,2024-10-25 17:00:00,3,0,0,0,0,3.0,3,64.0,45.0,64.0,2
2024-10-25,Orlando Magic,2024-10-25 17:00:00,2,0,0,0,1,2.0,3,13.0,5.0,8.0,0
2024-10-25,Philadelphia 76ers,2024-10-25 17:00:00,2,0,0,1,0,2.25,3,10.0,4.0,7.45,0
2024-10-25,Phoenix Suns,2024-10-25 17:00:00,1,0,0,2,0,1.5,4,25.0,14.0,16.15,1
2024-10-25,Portland Trail Blazers,2024-10-25 17:00:00,3,0,3,0,0,4.5,7,40.0,14.0,28.0,1
2024-10-25,Toronto Raptors,2024-10-25 17:00:00,5,0,0,0,0,5.0,5,15.0,3.0,15.0,0
2024-10-25,Utah Jazz,2024-10-25 17:00:00,2,0,3,0,0,3.5,6,42.0,14.0,30.0,1
2024-10-26,Boston Celtics,2024-10-26 17:00:00,2,0,0,0,0,2.0,2,48.0,45.0,48.0,1
2024-10-26,Charlotte Hornets,2024-10-26 17:00:00,4,0,3,0,0,5.5,8,67.0,25.0,58.3,2
2024-10-26,Chicago Bulls,2024-10-26 17:00:00,0,0,3,0,2,1.5,6,68.0,45.0,8.0,0
2024-10-26,Cleveland Cavaliers,2024-10-26 17:00:00,4,0,0,0,0,4.0,5,30.0,10.0,26.25,0
2024-10-26,Dallas Mavericks,2024-10-26 17:00:00,3,0,0,0,0,3.0,3,55.0,45.0,55.0,1
2024-10-26,Denver Nuggets,2024-10-26 17:00:00,3,0,0,0,0,3.0,4,195.0,180.0,191.25,1
2024-10-26,Detroit Pistons,2024-10-26 17:00:00,2,0,0,0,0,2.0,3,15.0,7.0,11.25,0
2024-10-26,Houston Rockets,2024-10-26 17:00:00,0,0,2,0,0,1.0,3,19.0,10.0,7.55,0
2024-10-26,LA Clippers,2024-10-26 17:00:00,5,0,0,0,0,5.0,6,30.0,7.0,26.25,0
2024-10-26,Los Angeles Lakers,2024-10-26 17:00:00,6,0,0,0,0,6.0,7,113.0,45.0,109.25,2
2024-10-26,Memphis Grizzlies,2024-10-26 17:00:00,4,1,2,0,0,5.75,8,44.0,14.0,30.15,1
2024-10-26,Miami Heat,2024-10-26 17:00:00,2,0,1,0,1,2.5,4,12.0,3.0,7.35,0
2024-10-26,Oklahoma City Thunder,2024-10-26 17:00:00,4,0,0,0,0,4.0,4,129.0,45.0,129.0,4
2024-10-26,Orlando Magic,2024-10-26 17:00:00,1,0,3,0,0,2.5,5,21.0,5.0,10.1,0
2024-10-26,Phoenix Suns,2024-10-26 17:00:00,1,0,2,0,0,2.0,4,25.0,14.0,17.95,1
2024-10-26,Sacramento Kings,2024-10-26 17:00:00,2,0,0,0,0,2.0,3,53.0,45.0,49.25,1
2024-10-26,San Antonio Spurs,2024-10-26 17:00:00,2,0,0,0,0,2.0,2,55.0,45.0,55.0,1
2024-10-26,Toronto Raptors,2024-10-26 17:00:00,4,0,1,0,0,4.5,6,20.0,5.0,14.6,0
2024-10-26,Washington Wizards,2024-10-26 17:00:00,4,0,0,0,1,4.0,5,300.0,240.0,295.0,2
2024-10-27,Atlanta Hawks,2024-10-27 17:00:00,6,0,0,0,0,6.0,7,34.0,10.0,30.25,0
2024-10-27,Brooklyn Nets,2024-10-27 17:00:00,3,0,0,0,0,3.0,3,35.0,14.0,35.0,2
2024-10-27,Golden State Warriors,2024-10-27 17:00:00,3,0,0,0,1,3.0,5,23.0,5.0,16.25,0
2024-10-27,Indiana Pacers,2024-10-27 17:00:00,2,0,0,0,0,2.0,3,13.0,5.0,9.25,0
2024-10-27,LA Clippers,2024-10-27 17:00:00,5,0,0,0,0,5.0,6,34.0,7.0,30.25,0
2024-10-27,Milwaukee Bucks,2024-10-27 17:00:00,3,0,0,0,2,3.0,5,61.0,45.0,55.0,1
2024-10-27,New Orleans Pelicans,2024-10-27 17:00:00,5,0,0,0,0,5.0,6,59.0,25.0,55.25,2
2024-10-27,Oklahoma City Thunder,2024-10-27 17:00:00,4,0,0,0,0,4.0,5,134.0,45.0,130.25,4
2024-10-27,Philadelphia 76ers,2024-10-27 17:00:00,2,0,0,0,0,2.0,2,7.0,4.0,7.0,0
2024-10-27,Portland Trail Blazers,2024-10-27 17:00:00,6,0,0,0,0,6.0,7,40.0,14.0,36.25,1
2024-10-28,Atlanta Hawks,2024-10-28 17:00:00,7,0,0,0,2,7.0,10,43.0,5.0,29.25,0
2024-10-28,Boston Celtics,2024-10-28 17:00:00,3,0,2,0,0,4.0,5,63.0,45.0,58.6,1
2024-10-28,Chicago Bulls,2024-10-28 17:00:00,2,0,0,0,1,2.0,3,55.0,45.0,10.0,0
2024-10-28,Cleveland Cavaliers,2024-10-28 17:00:00,4,0,1,0,0,4.5,5,33.0,10.0,28.6,0
2024-10-28,Dallas Mavericks,2024-10-28 17:00:00,3,0,0,0,0,3.0,3,64.0,45.0,64.0,2
2024-10-28,Denver Nuggets,2024-10-28 17:00:00,3,0,0,0,0,3.0,3,190.0,180.0,190.0,1
2024-10-28,Detroit Pistons,2024-10-28 17:00:00,2,0,0,0,0,2.0,2,10.0,7.0,10.0,0
2024-10-28,Houston Rockets,2024-10-28 17:00:00,3,0,1,0,0,3.5,4,25.0,10.0,19.5,0
2024-10-28,Indiana Pacers,2024-10-28 17:00:00,3,0,0,0,0,3.0,4,16.0,5.0,12.25,0
2024-10-28,Los Angeles Lakers,2024-10-28 17:00:00,7,0,0,0,0,7.0,8,122.0,45.0,118.25,2
2024-10-28,Memphis Grizzlies,2024-10-28 17:00:00,4,0,2,0,0,5.0,7,30.0,10.0,22.95,0
2024-10-28,Miami Heat,2024-10-28 17:00:00,2,0,0,0,0,2.0,2,8.0,5.0,8.0,0
2024-10-28,Milwaukee Bucks,2024-10-28 17:00:00,4,0,0,1,0,4.25,6,68.0,45.0,61.7,1
2024-10-28,New York Knicks,2024-10-28 17:00:00,3,0,1,1,0,3.75,5,70.0,45.0,65.8,2
2024-10-28,Orlando Magic,2024-10-28 17:00:00,0,0,4,0,0,2.0,4,12.0,3.0,5.4,0
2024-10-28,Phoenix Suns,2024-10-28 17:00:00,3,0,1,0,0,3.5,5,32.0,14.0,26.6,1
2024-10-28,Portland Trail Blazers,2024-10-28 17:00:00,6,0,0,0,0,6.0,7,40.0,14.0,36.25,1
2024-10-28,Sacramento Kings,2024-10-28 17:00:00,2,0,0,0,0,2.0,3,53.0,45.0,49.25,1
2024-10-28,San Antonio Spurs,2024-10-28 17:00:00,2,0,0,0,0,2.0,3,60.0,45.0,56.25,1
2024-10-28,Toronto Raptors,2024-10-28 17:00:00,4,1,1,0,0,5.25,6,22.0,5.0,19.6,0
2024-10-28,Utah Jazz,2024-10-28 17:00:00,5,0,1,0,0,5.5,7,45.0,14.0,39.6,1
2024-10-28,Washington Wizards,2024-10-28 17:00:00,2,0,0,0,0,2.0,2,285.0,240.0,285.0,2
2024-10-29,Brooklyn Nets,2024-10-29 17:00:00,4,0,4,0,0,6.0,8,59.0,14.0,48.0,2
2024-10-29,Dallas Mavericks,2024-10-29 17:00:00,3,0,0,0,0,3.0,4,69.0,45.0,65.25,2
2024-10-29,Denver Nuggets,2024-10-29 17:00:00,3,0,0,1,0,3.25,5,205.0,180.0,192.75,1
2024-10-29,Golden State Warriors,2024-10-29 17:00:00,3,0,0,0,1,3.0,4,12.0,3.0,9.0,0
2024-10-29,Minnesota Timberwolves,2024-10-29 17:00:00,3,0,0,0,0,3.0,3,15.0,5.0,15.0,0
2024-10-29,New Orleans Pelicans,2024-10-29 17:00:00,4,0,0,0,0,4.0,5,54.0,25.0,50.25,2
2024-10-29,Sacramento Kings,2024-10-29 17:00:00,4,0,0,0,0,4.0,5,63.0,45.0,59.25,1
2024-10-29,Utah Jazz,2024-10-29 17:00:00,5,0,2,0,0,6.0,8,70.0,25.0,60.2,2
2024-10-30,Atlanta Hawks,2024-10-30 17:00:00,8,0,0,0,0,8.0,8,31.0,5.0,31.0,0
2024-10-30,Boston Celtics,2024-10-30 17:00:00,4,0,0,0,1,4.0,5,64.0,45.0,60.0,1
2024-10-30,Brooklyn Nets,2024-10-30 17:00:00,5,0,0,0,0,5.0,6,49.0,14.0,45.25,2
2024-10-30,Charlotte Hornets,2024-10-30 17:00:00,3,0,0,0,1,3.0,4,52.0,25.0,49.0,2
2024-10-30,Chicago Bulls,2024-10-30 17:00:00,3,0,1,0,0,3.5,4,23.0,10.0,17.5,0
2024-10-30,Cleveland Cavaliers,2024-10-30 17:00:00,5,0,0,0,0,5.0,5,33.0,10.0,33.0,0
2024-10-30,Detroit Pistons,2024-10-30 17:00:00,2,0,0,0,0,2.0,2,10.0,7.0,10.0,0
2024-10-30,Golden State Warriors,2024-10-30 17:00:00,2,0,1,0,1,2.5,5,17.0,5.0,8.6,0
2024-10-30,Indiana Pacers,2024-10-30 17:00:00,2,0,3,0,0,3.5,5,26.0,10.0,16.1,0
2024-10-30,LA Clippers,2024-10-30 17:00:00,5,0,0,0,0,5.0,6,34.0,7.0,30.25,0
2024-10-30,Los Angeles Lakers,2024-10-30 17:00:00,7,0,0,2,1,7.5,10,124.0,45.0,115.9,2
2024-10-30,Memphis Grizzlies,2024-10-30 17:00:00,4,0,3,0,0,5.5,8,33.0,10.0,24.3,0
2024-10-30,Miami Heat,2024-10-30 17:00:00,2,0,1,0,0,2.5,3,18.0,10.0,12.5,0
2024-10-30,New Orleans Pelicans,2024-10-30 17:00:00,6,0,1,0,0,6.5,8,70.0,25.0,64.6,2
2024-10-30,New York Knicks,2024-10-30 17:00:00,3,0,1,0,0,3.5,4,67.0,45.0,65.35,2
2024-10-30,Oklahoma City Thunder,2024-10-30 17:00:00,4,0,0,0,0,4.0,4,129.0,45.0,129.0,4
2024-10-30,Orlando Magic,2024-10-30 17:00:00,2,0,2,0,0,3.0,4,34.0,21.0,20.8,1
2024-10-30,Philadelphia 76ers,2024-10-30 17:00:00,2,0,0,0,0,2.0,2,7.0,4.0,7.0,0
2024-10-30,Portland Trail Blazers,2024-10-30 17:00:00,6,0,0,0,0,6.0,7,40.0,14.0,36.25,1
2024-10-30,San Antonio Spurs,2024-10-30 17:00:00,5,0,0,0,0,5.0,5,70.0,45.0,70.0,1
2024-10-30,Toronto Raptors,2024-10-30 17:00:00,6,1,0,0,0,6.75,7,49.0,25.0,48.25,1
2024-10-30,Washington Wizards,2024-10-30 17:00:00,3,0,0,0,0,3.0,3,295.0,240.0,295.0,2
2024-10-31,Dallas Mavericks,2024-10-31 17:00:00,4,0,0,0,1,4.0,5,74.0,45.0,69.0,2
2024-10-31,Houston Rockets,2024-10-31 17:00:00,3,0,1,0,0,3.5,4,25.0,10.0,19.5,0
2024-10-31,LA Clippers,2024-10-31 17:00:00,5,0,0,0,0,5.0,6,34.0,7.0,30.25,0
2024-10-31,Memphis Grizzlies,2024-10-31 17:00:00,6,0,1,0,0,6.5,8,40.0,10.0,34.6,0
2024-10-31,Milwaukee Bucks,2024-10-31 17:00:00,4,0,0,1,0,4.25,6,68.0,45.0,61.7,1
2024-10-31,Phoenix Suns,2024-10-31 17:00:00,3,0,1,0,0,3.5,5,32.0,14.0,26.6,1
2024-10-31,San Antonio Spurs,2024-10-31 17:00:00,5,0,0,0,0,5.0,6,75.0,45.0,71.25,1
2024-10-31,Utah Jazz,2024-10-31 17:00:00,5,0,1,0,0,5.5,7,62.0,25.0,56.6,2
2024-11-01,Atlanta Hawks,2024-11-01 17:00:00,8,0,0,0,1,8.0,9,41.0,10.0,36.0,0
2024-11-01,Boston Celtics,2024-11-01 17:00:00,4,0,0,0,1,4.0,5,64.0,45.0,60.0,1
2024-11-01,Brooklyn Nets,2024-11-01 17:00:00,5,0,0,0,2,5.0,7,55.0,14.0,36.0,1
2024-11-01,Charlotte Hornets,2024-11-01 17:00:00,2,0,1,0,0,2.5,3,49.0,25.0,47.35,2
2024-11-01,Chicago Bulls,2024-11-01 17:00:00,3,0,3,0,0,4.5,6,29.0,10.0,20.2,0
2024-11-01,Cleveland Cavaliers,2024-11-01 17:00:00,4,1,0,0,0,4.75,5,33.0,10.0,31.0,0
2024-11-01,Denver Nuggets,2024-11-01 17:00:00,4,0,1,1,0,4.75,7,213.0,180.0,201.2,1
2024-11-01,Detroit Pistons,2024-11-01 17:00:00,4,0,0,0,0,4.0,4,20.0,7.0,20.0,0
2024-11-01,Indiana Pacers,2024-11-01 17:00:00,2,0,2,1,0,3.25,5,26.0,10.0,14.6,0
2024-11-01,Los Angeles Lakers,2024-11-01 17:00:00,7,0,0,1,1,7.25,9,121.0,45.0,115.45,2
2024-11-01,Minnesota Timberwolves,2024-11-01 17:00:00,3,0,0,0,0,3.0,3,15.0,5.0,15.0,0
2024-11-01,New Orleans Pelicans,2024-11-01 17:00:00,4,0,3,0,0,5.5,7,61.0,25.0,56.05,2
2024-11-01,New York Knicks,2024-11-01 17:00:00,3,0,1,0,0,3.5,4,67.0,45.0,65.35,2
2024-11-01,Oklahoma City Thunder,2024-11-01 17:00:00,6,0,0,0,0,6.0,6,139.0,45.0,139.0,4
2024-11-01,Orlando Magic,2024-11-01 17:00:00,3,0,1,0,1,3.5,5,37.0,21.0,22.450000000000003,1
2024-11-01,Portland Trail Blazers,2024-11-01 17:00:00,3,0,0,0,0,3.0,4,25.0,14.0,21.25,1
2024-11-01,Sacramento Kings,2024-11-01 17:00:00,4,0,0,0,0,4.0,4,58.0,45.0,58.0,1
2024-11-01,Toronto Raptors,2024-11-01 17:00:00,4,1,1,0,1,5.25,7,47.0,25.0,39.6,1
2024-11-02,Boston Celtics,2024-11-02 17:00:00,4,0,0,0,1,4.0,6,67.0,45.0,59.25,1
2024-11-02,Charlotte Hornets,2024-11-02 17:00:00,4,0,0,0,1,4.0,6,60.0,25.0,53.25,2
2024-11-02,Cleveland Cavaliers,2024-11-02 17:00:00,4,0,0,1,0,4.25,6,34.0,10.0,23.45,0
2024-11-02,Denver Nuggets,2024-11-02 17:00:00,3,1,0,1,0,4.0,6,209.0,180.0,200.2,1
2024-11-02,Golden State Warriors,2024-11-02 17:00:00,2,0,0,1,1,2.25,4,12.0,3.0,6.45,0
2024-11-02,Houston Rockets,2024-11-02 17:00:00,4,0,0,0,0,4.0,4,22.0,7.0,22.0,0
2024-11-02,LA Clippers,2024-11-02 17:00:00,5,0,0,0,0,5.0,6,34.0,7.0,30.25,0
2024-11-02,Memphis Grizzlies,2024-11-02 17:00:00,6,1,0,0,0,6.75,7,35.0,10.0,34.25,0
2024-11-02,Miami Heat,2024-11-02 17:00:00,4,0,0,0,0,4.0,5,21.0,5.0,17.25,0
2024-11-02,Milwaukee Bucks,2024-11-02 17:00:00,4,0,0,1,0,4.25,5,63.0,45.0,60.45,1
2024-11-02,Minnesota Timberwolves,2024-11-02 17:00:00,3,0,0,0,0,3.0,4,20.0,5.0,16.25,0
2024-11-02,Oklahoma City Thunder,2024-11-02 17:00:00,6,0,0,0,0,6.0,7,144.0,45.0,140.25,4
2024-11-02,Philadelphia 76ers,2024-11-02 17:00:00,2,0,0,0,0,2.0,2,7.0,4.0,7.0,0
2024-11-02,Phoenix Suns,2024-11-02 17:00:00,3,0,1,0,0,3.5,5,23.0,5.0,17.6,0
2024-11-02,Portland Trail Blazers,2024-11-02 17:00:00,6,0,0,0,0,6.0,7,40.0,14.0,36.25,1
2024-11-02,Sacramento Kings,2024-11-02 17:00:00,5,0,0,0,0,5.0,6,66.0,45.0,62.25,1
2024-11-02,San Antonio Spurs,2024-11-02 17:00:00,5,0,0,0,0,5.0,5,70.0,45.0,70.0,1
2024-11-02,Toronto Raptors,2024-11-02 17:00:00,4,1,0,0,0,4.75,6,44.0,25.0,39.5,1
2024-11-02,Utah Jazz,2024-11-02 17:00:00,6,0,0,0,0,6.0,7,60.0,25.0,56.25,2
2024-11-02,Washington Wizards,2024-11-02 17:00:00,3,0,0,0,0,3.0,4,300.0,240.0,296.25,2
2024-11-03,Atlanta Hawks,2024-11-03 17:00:00,7,0,2,0,0,8.0,10,40.0,5.0,32.4,0
2024-11-03,Brooklyn Nets,2024-11-03 17:00:00,5,0,0,0,1,5.0,6,49.0,14.0,45.0,2
2024-11-03,Dallas Mavericks,2024-11-03 17:00:00,4,0,0,0,0,4.0,4,69.0,45.0,69.0,2
2024-11-03,Detroit Pistons,2024-11-03 17:00:00,5,0,0,0,0,5.0,5,25.0,7.0,25.0,0
2024-11-03,New Orleans Pelicans,2024-11-03 17:00:00,4,0,2,0,0,5.0,7,63.0,25.0,55.95,2
2024-11-03,Orlando Magic,2024-11-03 17:00:00,3,0,2,0,0,4.0,5,37.0,21.0,23.8,1
2024-11-04,Atlanta Hawks,2024-11-04 17:00:00,6,0,0,0,0,6.0,7,33.0,10.0,29.25,0
2024-11-04,Boston Celtics,2024-11-04 17:00:00,4,0,0,0,1,4.0,5,62.0,45.0,58.0,1
2024-11-04,Brooklyn Nets,2024-11-04 17:00:00,5,0,2,0,0,6.0,8,54.0,14.0,46.95,2
2024-11-04,Charlotte Hornets,2024-11-04 17:00:00,3,0,1,0,0,3.5,5,58.0,25.0,52.05,2
2024-11-04,Chicago Bulls,2024-11-04 17:00:00,3,0,1,3,0,4.25,8,37.0,10.0,18.0,0
2024-11-04,Cleveland Cavaliers,2024-11-04 17:00:00,3,0,2,0,0,4.0,5,24.0,10.0,20.7,0
2024-11-04,Dallas Mavericks,2024-11-04 17:00:00,4,0,0,0,0,4.0,5,74.0,45.0,70.25,2
2024-11-04,Denver Nuggets,2024-11-04 17:00:00,3,1,0,1,0,4.0,5,204.0,180.0,198.95,1
2024-11-04,Detroit Pistons,2024-11-04 17:00:00,4,0,0,0,0,4.0,5,25.0,7.0,21.25,0
2024-11-04,Golden State Warriors,2024-11-04 17:00:00,1,0,1,1,1,1.75,4,12.0,3.0,4.8,0
2024-11-04,Houston Rockets,2024-11-04 17:00:00,3,0,1,0,0,3.5,5,27.0,7.0,19.4,0
2024-11-04,Indiana Pacers,2024-11-04 17:00:00,4,0,1,0,0,4.5,6,29.0,10.0,23.6,0
2024-11-04,LA Clippers,2024-11-04 17:00:00,5,0,0,0,0,5.0,6,34.0,7.0,30.25,0
2024-11-04,Los Angeles Lakers,2024-11-04 17:00:00,7,0,0,3,0,7.75,10,131.0,45.0,117.4,2
2024-11-04,Memphis Grizzlies,2024-11-04 17:00:00,6,1,0,0,0,6.75,7,35.0,10.0,34.25,0
2024-11-04,Miami Heat,2024-11-04 17:00:00,3,0,0,0,0,3.0,3,13.0,5.0,13.0,0
2024-11-04,Milwaukee Bucks,2024-11-04 17:00:00,4,0,1,1,0,4.75,6,64.0,45.0,59.8,1
2024-11-04,Minnesota Timberwolves,2024-11-04 17:00:00,3,0,1,0,0,3.5,5,30.0,10.0,20.75,0
2024-11-04,New Orleans Pelicans,2024-11-04 17:00:00,4,0,2,0,0,5.0,7,63.0,25.0,55.95,2
2024-11-04,New York Knicks,2024-11-04 17:00:00,3,1,0,0,0,3.75,5,83.0,45.0,75.75,3
2024-11-04,Oklahoma City Thunder,2024-11-04 17:00:00,6,0,0,0,0,6.0,6,139.0,45.0,139.0,4
2024-11-04,Orlando Magic,2024-11-04 17:00:00,4,0,0,0,1,4.0,6,42.0,21.0,17.25,0
2024-11-04,Philadelphia 76ers,2024-11-04 17:00:00,2,0,0,1,0,2.25,4,17.0,5.0,10.7,0
2024-11-04,Phoenix Suns,2024-11-04 17:00:00,3,0,1,0,0,3.5,5,23.0,5.0,17.6,0
2024-11-04,Portland Trail Blazers,2024-11-04 17:00:00,5,0,0,1,0,5.25,7,41.0,14.0,25.35,1
2024-11-04,Sacramento Kings,2024-11-04 17:00:00,4,0,0,0,0,4.0,4,56.0,45.0,56.0,1
2024-11-04,San Antonio Spurs,2024-11-04 17:00:00,5,0,0,0,0,5.0,6,75.0,45.0,71.25,1
2024-11-04,Toronto Raptors,2024-11-04 17:00:00,5,1,0,0,0,5.75,6,44.0,25.0,43.25,1
2024-11-04,Utah Jazz,2024-11-04 17:00:00,5,1,0,0,1,5.75,8,85.0,25.0,55.5,2
2024-11-04,Washington Wizards,2024-11-04 17:00:00,4,0,0,0,0,4.0,4,298.0,240.0,298.0,2
2024-11-06,Atlanta Hawks,2024-11-06 17:00:00,5,0,4,1,0,7.25,10,39.0,5.0,27.1,0
2024-11-06,Boston Celtics,2024-11-06 17:00:00,5,0,0,0,1,5.0,6,68.0,45.0,63.0,1
2024-11-06,Charlotte Hornets,2024-11-06 17:00:00,3,0,1,1,0,3.75,5,77.0,25.0,72.8,3
2024-11-06,Chicago Bulls,2024-11-06 17:00:00,4,0,1,3,0,5.25,8,37.0,10.0,21.75,0
2024-11-06,Cleveland Cavaliers,2024-11-06 17:00:00,3,0,2,0,0,4.0,5,24.0,10.0,20.7,0
2024-11-06,Dallas Mavericks,2024-11-06 17:00:00,4,1,0,0,0,4.75,5,79.0,45.0,78.25,2
2024-11-06,Denver Nuggets,2024-11-06 17:00:00,4,1,0,0,0,4.75,5,211.0,180.0,208.5,1
2024-11-06,Detroit Pistons,2024-11-06 17:00:00,5,0,0,0,0,5.0,5,25.0,7.0,25.0,0
2024-11-06,Golden State Warriors,2024-11-06 17:00:00,1,0,1,0,0,1.5,2,6.0,3.0,4.35,0
2024-11-06,Houston Rockets,2024-11-06 17:00:00,3,0,2,0,1,4.0,6,28.0,7.0,19.7,0
2024-11-06,Indiana Pacers,2024-11-06 17:00:00,4,0,1,0,0,4.5,5,24.0,10.0,22.35,0
2024-11-06,LA Clippers,2024-11-06 17:00:00,5,0,0,0,0,5.0,5,29.0,7.0,29.0,0
2024-11-06,Los Angeles Lakers,2024-11-06 17:00:00,6,0,2,2,0,7.5,10,129.0,45.0,114.65,2
2024-11-06,Memphis Grizzlies,2024-11-06 17:00:00,5,1,1,0,0,6.25,7,35.0,10.0,32.6,0
2024-11-06,Miami Heat,2024-11-06 17:00:00,4,0,0,0,0,4.0,4,20.0,7.0,20.0,0
2024-11-06,New Orleans Pelicans,2024-11-06 17:00:00,5,0,3,0,0,6.5,8,73.0,25.0,64.2,2
2024-11-06,New York Knicks,2024-11-06 17:00:00,4,0,1,0,0,4.5,5,83.0,45.0,75.3,3
2024-11-06,Oklahoma City Thunder,2024-11-06 17:00:00,6,0,0,0,0,6.0,6,139.0,45.0,139.0,4
2024-11-06,Orlando Magic,2024-11-06 17:00:00,4,0,0,0,0,4.0,4,16.0,5.0,16.0,0
2024-11-06,Philadelphia 76ers,2024-11-06 17:00:00,2,0,0,1,0,2.25,3,13.0,5.0,10.45,0
2024-11-06,Phoenix Suns,2024-11-06 17:00:00,3,0,0,1,0,3.25,4,18.0,5.0,15.45,0
2024-11-06,Sacramento Kings,2024-11-06 17:00:00,2,0,0,0,1,2.0,3,53.0,45.0,48.0,1
2024-11-06,San Antonio Spurs,2024-11-06 17:00:00,6,0,0,0,0,6.0,6,115.0,45.0,115.0,2
2024-11-06,Toronto Raptors,2024-11-06 17:00:00,5,1,0,0,0,5.75,6,44.0,25.0,43.25,1
2024-11-07,Chicago Bulls,2024-11-07 17:00:00,4,1,0,1,0,5.0,7,29.0,5.0,21.95,0
2024-11-07,Milwaukee Bucks,2024-11-07 17:00:00,3,0,1,0,0,3.5,5,63.0,45.0,57.6,1
2024-11-07,Minnesota Timberwolves,2024-11-07 17:00:00,4,0,0,0,0,4.0,5,25.0,5.0,21.25,0
2024-11-07,Portland Trail Blazers,2024-11-07 17:00:00,4,0,1,0,0,4.5,6,26.0,5.0,20.6,0
2024-11-07,San Antonio Spurs,2024-11-07 17:00:00,6,0,0,0,0,6.0,7,120.0,45.0,116.25,2
2024-11-07,Utah Jazz,2024-11-07 17:00:00,3,0,0,3,1,3.75,8,85.0,25.0,39.25,2
2024-11-08,Atlanta Hawks,2024-11-08 17:00:00,7,0,0,0,0,7.0,7,33.0,10.0,33.0,0
2024-11-08,Boston Celtics,2024-11-08 17:00:00,5,1,0,0,1,5.75,7,69.0,45.0,65.25,1
2024-11-08,Brooklyn Nets,2024-11-08 17:00:00,5,0,1,0,0,5.5,6,48.0,14.0,46.35,2
2024-11-08,Charlotte Hornets,2024-11-08 17:00:00,5,0,1,2,0,6.0,8,88.0,25.0,81.25,3
2024-11-08,Cleveland Cavaliers,2024-11-08 17:00:00,2,0,2,0,0,3.0,4,21.0,10.0,17.7,0
2024-11-08,Dallas Mavericks,2024-11-08 17:00:00,3,1,0,0,0,3.75,4,74.0,45.0,70.5,2
2024-11-08,Denver Nuggets,2024-11-08 17:00:00,4,0,1,0,0,4.5,5,211.0,180.0,207.7,1
2024-11-08,Detroit Pistons,2024-11-08 17:00:00,5,0,0,0,1,5.0,6,35.0,10.0,30.0,0
2024-11-08,Golden State Warriors,2024-11-08 17:00:00,0,0,3,0,0,1.5,3,9.0,3.0,4.050000000000001,0
2024-11-08,Houston Rockets,2024-11-08 17:00:00,3,0,1,0,0,3.5,5,27.0,7.0,19.4,0
2024-11-08,Indiana Pacers,2024-11-08 17:00:00,4,0,1,1,0,4.75,6,27.0,10.0,22.8,0
2024-11-08,LA Clippers,2024-11-08 17:00:00,5,0,0,0,0,5.0,6,34.0,7.0,30.25,0
2024-11-08,Los Angeles Lakers,2024-11-08 17:00:00,2,0,0,3,0,2.75,6,104.0,45.0,92.6,2
2024-11-08,Memphis Grizzlies,2024-11-08 17:00:00,6,0,1,0,0,6.5,8,40.0,10.0,34.6,0
2024-11-08,Miami Heat,2024-11-08 17:00:00,3,0,1,0,1,3.5,6,32.0,7.0,21.4,0
2024-11-08,Milwaukee Bucks,2024-11-08 17:00:00,3,0,1,1,0,3.75,6,66.0,45.0,58.050000000000004,1
2024-11-08,Minnesota Timberwolves,2024-11-08 17:00:00,4,0,0,0,0,4.0,5,25.0,5.0,21.25,0
2024-11-08,New Orleans Pelicans,2024-11-08 17:00:00,6,0,1,0,0,6.5,7,63.0,25.0,61.35,2
2024-11-08,New York Knicks,2024-11-08 17:00:00,4,0,1,0,0,4.5,5,83.0,45.0,75.3,3
2024-11-08,Oklahoma City Thunder,2024-11-08 17:00:00,6,0,0,0,0,6.0,6,139.0,45.0,139.0,4
2024-11-08,Orlando Magic,2024-11-08 17:00:00,4,0,0,0,0,4.0,4,16.0,5.0,16.0,0
2024-11-08,Philadelphia 76ers,2024-11-08 17:00:00,3,0,0,0,0,3.0,4,29.0,14.0,25.25,1
2024-11-08,Phoenix Suns,2024-11-08 17:00:00,4,0,1,1,0,4.75,7,36.0,10.0,28.05,0
2024-11-08,Portland Trail Blazers,2024-11-08 17:00:00,4,0,0,0,0,4.0,5,23.0,5.0,19.25,0
2024-11-08,Sacramento Kings,2024-11-08 17:00:00,2,0,0,0,0,2.0,3,53.0,45.0,49.25,1
2024-11-08,Washington Wizards,2024-11-08 17:00:00,5,0,1,0,0,5.5,6,308.0,240.0,306.35,2
2024-11-09,Atlanta Hawks,2024-11-09 17:00:00,7,0,0,0,0,7.0,8,38.0,10.0,34.25,0
2024-11-09,Brooklyn Nets,2024-11-09 17:00:00,6,0,0,0,0,6.0,7,54.0,14.0,50.25,2
2024-11-09,Chicago Bulls,2024-11-09 17:00:00,4,0,2,1,0,5.25,7,27.0,5.0,21.15,0
2024-11-09,Cleveland Cavaliers,2024-11-09 17:00:00,3,0,0,0,1,3.0,5,30.0,10.0,21.25,0
2024-11-09,LA Clippers,2024-11-09 17:00:00,5,0,0,0,0,5.0,6,34.0,7.0,30.25,0
2024-11-09,San Antonio Spurs,2024-11-09 17:00:00,6,0,0,0,1,6.0,8,90.0,45.0,81.25,1
2024-11-09,Toronto Raptors,2024-11-09 17:00:00,6,1,1,1,0,7.5,10,58.0,25.0,49.3,1
2024-11-09,Utah Jazz,2024-11-09 17:00:00,5,0,0,0,1,5.0,7,73.0,25.0,44.25,1
2024-11-10,Boston Celtics,2024-11-10 17:00:00,5,0,0,0,2,5.0,7,69.0,45.0,63.0,1
2024-11-10,Charlotte Hornets,2024-11-10 17:00:00,5,0,0,1,0,5.25,6,82.0,25.0,79.45,3
2024-11-10,Dallas Mavericks,2024-11-10 17:00:00,2,3,1,0,0,4.75,6,89.0,45.0,76.25,2
2024-11-10,Denver Nuggets,2024-11-10 17:00:00,5,0,0,0,0,5.0,6,215.0,180.0,211.25,1
2024-11-10,Detroit Pistons,2024-11-10 17:00:00,5,0,0,0,1,5.0,6,35.0,10.0,30.0,0
2024-11-10,Golden State Warriors,2024-11-10 17:00:00,0,0,0,0,1,0.0,1,3.0,3.0,0.0,0
2024-11-10,Houston Rockets,2024-11-10 17:00:00,4,0,0,0,0,4.0,4,22.0,7.0,22.0,0
2024-11-10,Indiana Pacers,2024-11-10 17:00:00,6,0,0,0,1,6.0,7,37.0,10.0,34.0,0
2024-11-10,Los Angeles Lakers,2024-11-10 17:00:00,2,0,0,2,0,2.5,5,101.0,45.0,92.15,2
2024-11-10,Memphis Grizzlies,2024-11-10 17:00:00,5,1,1,0,0,6.25,8,47.0,10.0,35.25,0
2024-11-10,Miami Heat,2024-11-10 17:00:00,3,0,0,0,2,3.0,5,30.0,10.0,20.0,0
2024-11-10,Milwaukee Bucks,2024-11-10 17:00:00,3,0,0,0,3,3.0,6,62.0,45.0,53.0,1
2024-11-10,Minnesota Timberwolves,2024-11-10 17:00:00,4,0,0,0,0,4.0,4,20.0,5.0,20.0,0
2024-11-10,New York Knicks,2024-11-10 17:00:00,5,0,0,0,1,5.0,6,86.0,45.0,83.0,3
2024-11-10,Oklahoma City Thunder,2024-11-10 17:00:00,6,0,0,0,0,6.0,7,144.0,45.0,140.25,4
2024-11-10,Orlando Magic,2024-11-10 17:00:00,4,0,0,0,1,4.0,5,19.0,5.0,16.0,0
2024-11-10,Philadelphia 76ers,2024-11-10 17:00:00,2,0,0,0,0,2.0,2,19.0,14.0,19.0,1
2024-11-10,Phoenix Suns,2024-11-10 17:00:00,4,0,1,0,1,4.5,7,48.0,10.0,32.6,0
2024-11-10,Portland Trail Blazers,2024-11-10 17:00:00,4,0,0,0,0,4.0,5,23.0,5.0,19.25,0
2024-11-10,Sacramento Kings,2024-11-10 17:00:00,4,0,0,0,0,4.0,5,63.0,45.0,59.25,1
2024-11-10,Toronto Raptors,2024-11-10 17:00:00,7,0,0,0,0,7.0,8,52.0,25.0,48.25,1
2024-11-10,Washington Wizards,2024-11-10 17:00:00,5,0,0,0,1,5.0,6,308.0,240.0,305.0,2
2024-11-11,Brooklyn Nets,2024-11-11 17:00:00,5,0,1,0,0,5.5,6,55.0,14.0,49.5,2
2024-11-11,Chicago Bulls,2024-11-11 17:00:00,3,0,1,1,1,3.75,6,24.0,5.0,14.8,0
2024-11-11,Cleveland Cavaliers,2024-11-11 17:00:00,4,0,0,0,0,4.0,5,30.0,10.0,26.25,0
2024-11-11,Houston Rockets,2024-11-11 17:00:00,5,0,1,0,0,5.5,7,40.0,10.0,32.4,0
2024-11-11,LA Clippers,2024-11-11 17:00:00,5,0,0,0,0,5.0,6,34.0,7.0,30.25,0
2024-11-11,New Orleans Pelicans,2024-11-11 17:00:00,6,0,0,0,1,6.0,7,74.0,25.0,60.0,2
2024-11-11,Oklahoma City Thunder,2024-11-11 17:00:00,4,0,0,0,0,4.0,5,114.0,45.0,110.25,4
2024-11-11,Sacramento Kings,2024-11-11 17:00:00,4,0,0,0,0,4.0,5,68.0,45.0,64.25,1
2024-11-11,San Antonio Spurs,2024-11-11 17:00:00,5,0,1,0,0,5.5,7,85.0,45.0,75.75,1
2024-11-11,Washington Wizards,2024-11-11 17:00:00,4,0,1,0,0,4.5,6,301.0,240.0,295.6,2
2024-11-12,Atlanta Hawks,2024-11-12 17:00:00,7,0,0,0,0,7.0,7,25.0,5.0,25.0,0
2024-11-12,Boston Celtics,2024-11-12 17:00:00,4,0,0,0,4,4.0,8,81.0,45.0,58.0,1
2024-11-12,Charlotte Hornets,2024-11-12 17:00:00,5,0,2,0,0,6.0,7,85.0,25.0,81.7,3
2024-11-12,Dallas Mavericks,2024-11-12 17:00:00,2,1,1,1,0,3.5,6,80.0,45.0,63.1,1
2024-11-12,Detroit Pistons,2024-11-12 17:00:00,5,0,0,0,2,5.0,7,45.0,10.0,25.0,0
2024-11-12,Golden State Warriors,2024-11-12 17:00:00,0,0,1,0,0,0.5,2,8.0,5.0,2.6,0
2024-11-12,Miami Heat,2024-11-12 17:00:00,3,0,0,0,2,3.0,5,33.0,10.0,20.0,0
2024-11-12,Milwaukee Bucks,2024-11-12 17:00:00,2,0,0,3,0,2.75,5,60.0,45.0,52.35,1
2024-11-12,Minnesota Timberwolves,2024-11-12 17:00:00,4,0,0,0,0,4.0,5,25.0,5.0,21.25,0
2024-11-12,New York Knicks,2024-11-12 17:00:00,4,0,2,0,0,5.0,6,86.0,45.0,76.65,3
2024-11-12,Orlando Magic,2024-11-12 17:00:00,3,0,0,0,1,3.0,4,16.0,5.0,11.0,0
2024-11-12,Philadelphia 76ers,2024-11-12 17:00:00,2,0,0,0,2,2.0,4,29.0,14.0,19.0,1
2024-11-12,Phoenix Suns,2024-11-12 17:00:00,4,0,1,0,0,4.5,6,53.0,25.0,47.6,1
2024-11-12,Portland Trail Blazers,2024-11-12 17:00:00,1,0,1,0,0,1.5,3,11.0,5.0,5.6,0
2024-11-12,Toronto Raptors,2024-11-12 17:00:00,7,0,1,0,0,7.5,9,55.0,25.0,49.6,1
2024-11-12,Utah Jazz,2024-11-12 17:00:00,5,0,0,1,1,5.25,8,76.0,25.0,44.7,1
2024-11-13,Boston Celtics,2024-11-13 17:00:00,6,0,0,0,0,6.0,7,71.0,45.0,67.25,1
2024-11-13,Brooklyn Nets,2024-11-13 17:00:00,3,0,2,0,2,4.0,7,58.0,14.0,40.85,2
2024-11-13,Chicago Bulls,2024-11-13 17:00:00,2,0,2,1,0,3.25,5,17.0,5.0,11.15,0
2024-11-13,Cleveland Cavaliers,2024-11-13 17:00:00,2,0,2,0,0,3.0,4,21.0,10.0,17.7,0
2024-11-13,Detroit Pistons,2024-11-13 17:00:00,5,0,0,0,0,5.0,6,24.0,7.0,20.25,0
2024-11-13,Houston Rockets,2024-11-13 17:00:00,3,0,2,1,0,4.25,7,40.0,10.0,22.25,0
2024-11-13,Indiana Pacers,2024-11-13 17:00:00,5,0,1,0,0,5.5,6,34.0,10.0,28.5,0
2024-11-13,LA Clippers,2024-11-13 17:00:00,5,0,0,0,0,5.0,6,32.0,7.0,28.25,0
2024-11-13,Los Angeles Lakers,2024-11-13 17:00:00,4,0,0,2,0,4.5,7,114.0,45.0,105.15,2
2024-11-13,Memphis Grizzlies,2024-11-13 17:00:00,4,1,2,0,0,5.75,8,40.0,10.0,28.35,0
2024-11-13,Milwaukee Bucks,2024-11-13 17:00:00,2,0,1,1,0,2.75,5,62.0,45.0,54.050000000000004,1
2024-11-13,Minnesota Timberwolves,2024-11-13 17:00:00,5,0,0,0,0,5.0,6,30.0,5.0,26.25,0
2024-11-13,New Orleans Pelicans,2024-11-13 17:00:00,7,0,0,0,0,7.0,7,74.0,25.0,74.0,3
2024-11-13,New York Knicks,2024-11-13 17:00:00,4,0,3,0,0,5.5,8,101.0,45.0,82.39999999999999,3
2024-11-13,Oklahoma City Thunder,2024-11-13 17:00:00,5,0,2,0,0,6.0,8,127.0,45.0,117.75,4
2024-11-13,Orlando Magic,2024-11-13 17:00:00,2,0,0,0,0,2.0,3,11.0,5.0,7.25,0
2024-11-13,Philadelphia 76ers,2024-11-13 17:00:00,3,0,1,0,0,3.5,5,30.0,14.0,24.6,1
2024-11-13,Phoenix Suns,2024-11-13 17:00:00,2,0,2,0,0,3.0,5,46.0,25.0,38.95,1
2024-11-13,Portland Trail Blazers,2024-11-13 17:00:00,4,0,0,0,0,4.0,5,20.0,5.0,16.25,0
2024-11-13,Sacramento Kings,2024-11-13 17:00:00,3,0,0,0,0,3.0,4,63.0,45.0,59.25,1
2024-11-13,San Antonio Spurs,2024-11-13 17:00:00,5,0,1,0,0,5.5,7,85.0,45.0,75.75,1
2024-11-13,Washington Wizards,2024-11-13 17:00:00,2,0,0,0,1,2.0,3,288.0,240.0,285.0,2
2024-11-14,Dallas Mavericks,2024-11-14 17:00:00,2,1,1,1,0,3.5,6,80.0,45.0,65.2,1
2024-11-14,Utah Jazz,2024-11-14 17:00:00,5,0,0,0,1,5.0,7,73.0,25.0,44.25,1
2024-11-15,Atlanta Hawks,2024-11-15 17:00:00,6,0,0,0,0,6.0,6,24.0,5.0,24.0,0
2024-11-15,Brooklyn Nets,2024-11-15 17:00:00,6,0,0,0,1,6.0,7,58.0,14.0,48.0,2
2024-11-15,Chicago Bulls,2024-11-15 17:00:00,2,0,0,0,1,2.0,3,13.0,5.0,8.0,0
2024-11-15,Cleveland Cavaliers,2024-11-15 17:00:00,3,0,1,1,0,3.75,5,24.0,10.0,19.8,0
2024-11-15,Denver Nuggets,2024-11-15 17:00:00,5,0,1,0,0,5.5,7,218.0,180.0,208.75,1
2024-11-15,Detroit Pistons,2024-11-15 17:00:00,3,2,1,0,0,5.0,6,24.0,7.0,20.85,0
2024-11-15,Golden State Warriors,2024-11-15 17:00:00,1,0,0,1,0,1.25,2,243.0,240.0,240.45,1
2024-11-15,Houston Rockets,2024-11-15 17:00:00,3,0,1,0,0,3.5,5,27.0,7.0,19.4,0
2024-11-15,Indiana Pacers,2024-11-15 17:00:00,5,0,0,0,0,5.0,5,24.0,10.0,24.0,0
2024-11-15,LA Clippers,2024-11-15 17:00:00,5,0,0,0,0,5.0,6,32.0,7.0,28.25,0
2024-11-15,Los Angeles Lakers,2024-11-15 17:00:00,4,0,1,1,0,4.75,7,121.0,45.0,109.2,2
2024-11-15,Memphis Grizzlies,2024-11-15 17:00:00,5,0,3,0,0,6.5,9,40.0,10.0,31.3,0
2024-11-15,Miami Heat,2024-11-15 17:00:00,3,0,0,0,3,3.0,6,51.0,25.0,20.0,0
2024-11-15,Minnesota Timberwolves,2024-11-15 17:00:00,4,0,0,0,0,4.0,5,25.0,5.0,21.25,0
2024-11-15,New Orleans Pelicans,2024-11-15 17:00:00,7,0,0,0,0,7.0,8,79.0,25.0,75.25,3
2024-11-15,New York Knicks,2024-11-15 17:00:00,4,0,2,2,0,5.5,8,99.0,45.0,75.3,3
2024-11-15,Oklahoma City Thunder,2024-11-15 17:00:00,6,0,0,0,0,6.0,6,117.0,45.0,117.0,4
2024-11-15,Orlando Magic,2024-11-15 17:00:00,4,0,0,0,0,4.0,4,16.0,5.0,16.0,0
2024-11-15,Philadelphia 76ers,2024-11-15 17:00:00,3,0,1,0,0,3.5,4,27.0,14.0,25.35,1
2024-11-15,Phoenix Suns,2024-11-15 17:00:00,3,0,2,0,0,4.0,6,63.0,25.0,52.1,1
2024-11-15,Sacramento Kings,2024-11-15 17:00:00,5,0,0,0,0,5.0,6,73.0,45.0,69.25,1
2024-11-15,San Antonio Spurs,2024-11-15 17:00:00,5,0,0,0,0,5.0,6,75.0,45.0,71.25,1
2024-11-15,Toronto Raptors,2024-11-15 17:00:00,7,0,0,0,0,7.0,7,47.0,25.0,47.0,1
2024-11-15,Washington Wizards,2024-11-15 17:00:00,2,0,1,0,0,2.5,3,288.0,240.0,286.35,2
2024-11-16,Boston Celtics,2024-11-16 17:00:00,5,0,2,0,0,6.0,7,71.0,45.0,67.7,1
2024-11-16,Charlotte Hornets,2024-11-16 17:00:00,5,0,0,0,1,5.0,6,84.0,25.0,81.0,3
2024-11-16,Dallas Mavericks,2024-11-16 17:00:00,2,0,1,2,0,3.0,5,68.0,45.0,53.6,1
2024-11-16,Los Angeles Lakers,2024-11-16 17:00:00,4,0,2,1,0,5.25,8,135.0,45.0,121.55,3
2024-11-16,Milwaukee Bucks,2024-11-16 17:00:00,3,0,0,0,3,3.0,6,63.0,45.0,54.0,1
2024-11-16,New Orleans Pelicans,2024-11-16 17:00:00,8,0,0,0,0,8.0,9,83.0,25.0,79.25,3
2024-11-16,Sacramento Kings,2024-11-16 17:00:00,5,0,0,0,0,5.0,6,71.0,45.0,67.25,1
2024-11-16,San Antonio Spurs,2024-11-16 17:00:00,5,0,1,1,0,5.75,8,82.0,45.0,68.1,1
2024-11-16,Toronto Raptors,2024-11-16 17:00:00,7,0,0,0,0,7.0,8,52.0,25.0,48.25,1
2024-11-16,Utah Jazz,2024-11-16 17:00:00,5,0,0,0,3,5.0,9,101.0,25.0,44.25,1
2024-11-17,Atlanta Hawks,2024-11-17 17:00:00,7,0,0,0,1,7.0,9,38.0,5.0,31.25,0
2024-11-17,Brooklyn Nets,2024-11-17 17:00:00,5,0,0,0,1,5.0,6,37.0,14.0,34.0,1
2024-11-17,Charlotte Hornets,2024-11-17 17:00:00,5,0,0,0,2,5.0,8,90.0,25.0,80.25,3
2024-11-17,Chicago Bulls,2024-11-17 17:00:00,4,0,0,0,0,4.0,4,18.0,5.0,18.0,0
2024-11-17,Cleveland Cavaliers,2024-11-17 17:00:00,4,0,0,0,1,4.0,5,26.0,10.0,23.0,0
2024-11-17,Dallas Mavericks,2024-11-17 17:00:00,3,0,0,0,0,3.0,4,58.0,45.0,54.25,1
2024-11-17,Denver Nuggets,2024-11-17 17:00:00,5,0,0,0,1,5.0,6,213.0,180.0,203.0,1
2024-11-17,Detroit Pistons,2024-11-17 17:00:00,6,0,0,0,1,6.0,7,31.0,7.0,28.0,0
2024-11-17,Houston Rockets,2024-11-17 17:00:00,2,0,1,0,0,2.5,3,15.0,7.0,13.35,0
2024-11-17,Indiana Pacers,2024-11-17 17:00:00,5,0,0,0,0,5.0,5,24.0,10.0,24.0,0
2024-11-17,LA Clippers,2024-11-17 17:00:00,4,0,0,0,0,4.0,5,27.0,7.0,23.25,0
2024-11-17,Memphis Grizzlies,2024-11-17 17:00:00,4,0,0,0,0,4.0,5,24.0,10.0,20.25,0
2024-11-17,Miami Heat,2024-11-17 17:00:00,3,0,0,0,4,3.0,7,54.0,25.0,20.0,0
2024-11-17,Minnesota Timberwolves,2024-11-17 17:00:00,4,0,0,0,1,4.0,6,28.0,5.0,21.25,0
2024-11-17,New York Knicks,2024-11-17 17:00:00,4,0,2,0,0,5.0,6,75.0,45.0,71.7,2
2024-11-17,Oklahoma City Thunder,2024-11-17 17:00:00,7,0,0,0,0,7.0,7,122.0,45.0,122.0,4
2024-11-17,Phoenix Suns,2024-11-17 17:00:00,3,0,0,0,2,3.0,6,63.0,25.0,46.25,1
2024-11-17,Portland Trail Blazers,2024-11-17 17:00:00,3,0,0,0,0,3.0,4,14.0,5.0,10.25,0
2024-11-17,Utah Jazz,2024-11-17 17:00:00,5,0,0,0,1,5.0,7,73.0,25.0,44.25,1
2024-11-17,Washington Wizards,2024-11-17 17:00:00,3,0,0,0,0,3.0,3,250.0,240.0,250.0,1
2024-11-18,Atlanta Hawks,2024-11-18 17:00:00,5,0,0,0,0,5.0,6,29.0,5.0,25.25,0
2024-11-18,Chicago Bulls,2024-11-18 17:00:00,4,0,0,0,1,4.0,6,28.0,5.0,19.25,0
2024-11-18,Detroit Pistons,2024-11-18 17:00:00,5,0,0,2,0,5.5,8,43.0,10.0,28.2,0
2024-11-18,Golden State Warriors,2024-11-18 17:00:00,3,0,2,0,0,4.0,5,254.0,240.0,250.7,1
2024-11-18,Houston Rockets,2024-11-18 17:00:00,2,0,0,0,0,2.0,3,13.0,5.0,9.25,0
2024-11-18,Indiana Pacers,2024-11-18 17:00:00,5,1,1,0,0,6.25,8,35.0,10.0,28.35,0
2024-11-18,LA Clippers,2024-11-18 17:00:00,2,0,1,0,0,2.5,4,24.0,7.0,16.4,0
2024-11-18,Miami Heat,2024-11-18 17:00:00,4,0,0,0,4,4.0,9,69.0,25.0,24.25,0
2024-11-18,Milwaukee Bucks,2024-11-18 17:00:00,2,0,0,2,0,2.5,5,62.0,45.0,50.6,1
2024-11-18,New York Knicks,2024-11-18 17:00:00,5,0,0,0,0,5.0,6,77.0,45.0,73.25,2
2024-11-18,Orlando Magic,2024-11-18 17:00:00,3,1,0,0,0,3.75,4,16.0,5.0,15.25,0
2024-11-18,Philadelphia 76ers,2024-11-18 17:00:00,3,1,0,0,1,3.75,5,32.0,14.0,26.25,1
2024-11-18,Phoenix Suns,2024-11-18 17:00:00,4,0,0,0,0,4.0,5,60.0,25.0,56.25,1
2024-11-18,Sacramento Kings,2024-11-18 17:00:00,3,1,0,0,0,3.75,5,70.0,45.0,65.5,1
2024-11-18,Toronto Raptors,2024-11-18 17:00:00,8,0,0,0,0,8.0,8,62.0,25.0,62.0,1
2024-11-18,Washington Wizards,2024-11-18 17:00:00,2,0,1,0,0,2.5,4,251.0,240.0,245.6,1
2024-11-19,Boston Celtics,2024-11-19 17:00:00,4,0,0,0,1,4.0,5,68.0,45.0,60.0,1
2024-11-19,Brooklyn Nets,2024-11-19 17:00:00,6,0,0,1,2,6.25,9,55.0,14.0,39.45,1
2024-11-19,Charlotte Hornets,2024-11-19 17:00:00,6,0,1,0,0,6.5,7,89.0,25.0,87.35,3
2024-11-19,Cleveland Cavaliers,2024-11-19 17:00:00,3,0,3,0,0,4.5,6,34.0,10.0,29.05,0
2024-11-19,Dallas Mavericks,2024-11-19 17:00:00,2,0,1,0,0,2.5,3,53.0,45.0,51.35,1
2024-11-19,Denver Nuggets,2024-11-19 17:00:00,5,0,0,0,0,5.0,6,208.0,180.0,204.25,1
2024-11-19,Los Angeles Lakers,2024-11-19 17:00:00,4,1,1,1,0,5.5,8,135.0,45.0,122.45,3
2024-11-19,Memphis Grizzlies,2024-11-19 17:00:00,4,0,1,0,0,4.5,6,34.0,10.0,28.6,0
2024-11-19,New Orleans Pelicans,2024-11-19 17:00:00,6,0,0,0,0,6.0,6,69.0,25.0,69.0,3
2024-11-19,Oklahoma City Thunder,2024-11-19 17:00:00,5,0,0,0,0,5.0,5,112.0,45.0,112.0,4
2024-11-19,San Antonio Spurs,2024-11-19 17:00:00,5,0,1,0,0,5.5,6,66.0,45.0,64.35,1
2024-11-19,Utah Jazz,2024-11-19 17:00:00,5,0,0,0,1,5.0,7,73.0,25.0,44.25,1
2024-11-20,Atlanta Hawks,2024-11-20 17:00:00,4,0,1,0,0,4.5,6,28.0,5.0,22.6,0
2024-11-20,Chicago Bulls,2024-11-20 17:00:00,4,0,0,0,1,4.0,5,19.0,5.0,14.0,0
2024-11-20,Cleveland Cavaliers,2024-11-20 17:00:00,7,0,0,0,0,7.0,8,43.0,10.0,39.25,0
2024-11-20,Golden State Warriors,2024-11-20 17:00:00,1,0,2,2,0,2.5,6,257.0,240.0,244.85,1
2024-11-20,Houston Rockets,2024-11-20 17:00:00,1,0,2,0,0,2.0,4,16.0,5.0,8.95,0
2024-11-20,Indiana Pacers,2024-11-20 17:00:00,4,0,5,0,0,6.5,10,41.0,10.0,27.9,0
2024-11-20,LA Clippers,2024-11-20 17:00:00,5,0,0,0,0,5.0,6,41.0,14.0,37.25,1
2024-11-20,Memphis Grizzlies,2024-11-20 17:00:00,4,2,1,0,0,6.0,8,47.0,10.0,36.25,0
2024-11-20,Milwaukee Bucks,2024-11-20 17:00:00,5,0,0,1,0,5.25,7,71.0,45.0,64.7,1
2024-11-20,New Orleans Pelicans,2024-11-20 17:00:00,9,0,1,0,0,9.5,11,96.0,25.0,90.6,3
2024-11-20,New York Knicks,2024-11-20 17:00:00,5,0,0,0,0,5.0,6,77.0,45.0,73.25,2
2024-11-20,Oklahoma City Thunder,2024-11-20 17:00:00,4,0,1,0,0,4.5,6,117.0,45.0,99.5,4
2024-11-20,Orlando Magic,2024-11-20 17:00:00,4,0,0,0,0,4.0,5,21.0,5.0,17.25,0
2024-11-20,Philadelphia 76ers,2024-11-20 17:00:00,3,0,1,0,1,3.5,6,37.0,14.0,20.55,1
2024-11-20,Phoenix Suns,2024-11-20 17:00:00,3,0,1,0,0,3.5,5,60.0,25.0,50.75,1
2024-11-20,Portland Trail Blazers,2024-11-20 17:00:00,4,1,1,0,0,5.25,7,30.0,5.0,23.85,0
2024-11-21,Charlotte Hornets,2024-11-21 17:00:00,6,0,1,1,0,6.75,8,92.0,25.0,87.8,3
2024-11-21,Detroit Pistons,2024-11-21 17:00:00,4,1,0,0,0,4.75,5,25.0,7.0,23.25,0
2024-11-21,Los Angeles Lakers,2024-11-21 17:00:00,4,1,1,1,0,5.5,8,135.0,45.0,122.45,3
2024-11-21,Minnesota Timberwolves,2024-11-21 17:00:00,3,0,2,0,0,4.0,5,21.0,5.0,17.7,0
2024-11-21,Orlando Magic,2024-11-21 17:00:00,4,0,1,0,0,4.5,6,24.0,5.0,18.6,0
2024-11-21,San Antonio Spurs,2024-11-21 17:00:00,6,0,1,1,0,6.75,9,82.0,45.0,69.8,1
2024-11-21,Toronto Raptors,2024-11-21 17:00:00,5,0,2,0,0,6.0,7,57.0,25.0,41.6,1
2024-11-21,Utah Jazz,2024-11-21 17:00:00,5,1,0,0,1,5.75,8,76.0,25.0,46.5,1
2024-11-22,Atlanta Hawks,2024-11-22 17:00:00,4,0,0,0,0,4.0,5,25.0,5.0,21.25,0
2024-11-22,Boston Celtics,2024-11-22 17:00:00,6,0,0,0,0,6.0,6,68.0,45.0,68.0,1
2024-11-22,Brooklyn Nets,2024-11-22 17:00:00,5,0,0,2,1,5.5,8,52.0,14.0,37.95,1
2024-11-22,Chicago Bulls,2024-11-22 17:00:00,4,0,0,3,0,4.75,8,29.0,5.0,17.6,0
2024-11-22,Dallas Mavericks,2024-11-22 17:00:00,5,0,0,0,0,5.0,6,68.0,45.0,64.25,1
2024-11-22,Denver Nuggets,2024-11-22 17:00:00,5,0,1,0,0,5.5,7,220.0,180.0,214.6,1
2024-11-22,Golden State Warriors,2024-11-22 17:00:00,1,0,0,1,0,1.25,3,248.0,240.0,241.7,1
2024-11-22,Houston Rockets,2024-11-22 17:00:00,3,0,0,0,0,3.0,4,20.0,5.0,16.25,0
2024-11-22,Indiana Pacers,2024-11-22 17:00:00,4,0,3,0,0,5.5,7,30.0,10.0,23.95,0
2024-11-22,LA Clippers,2024-11-22 17:00:00,3,0,0,0,0,3.0,4,31.0,14.0,27.25,1
2024-11-22,Milwaukee Bucks,2024-11-22 17:00:00,4,0,0,1,1,4.25,6,62.0,45.0,54.45,1
2024-11-22,New Orleans Pelicans,2024-11-22 17:00:00,6,0,1,0,2,6.5,10,92.0,25.0,73.6,3
2024-11-22,Philadelphia 76ers,2024-11-22 17:00:00,2,0,1,0,0,2.5,3,10.0,4.0,7.8,0
2024-11-22,Portland Trail Blazers,2024-11-22 17:00:00,2,1,3,0,0,4.25,7,32.0,10.0,22.55,0
2024-11-22,Sacramento Kings,2024-11-22 17:00:00,4,0,0,0,0,4.0,5,84.0,45.0,80.25,2
2024-11-22,Washington Wizards,2024-11-22 17:00:00,3,0,1,0,0,3.5,4,251.0,240.0,249.35,1
2024-11-23,Charlotte Hornets,2024-11-23 17:00:00,6,0,0,0,2,6.0,9,97.0,25.0,83.25,3
2024-11-23,Chicago Bulls,2024-11-23 17:00:00,4,0,2,0,0,5.0,7,33.0,10.0,22.1,0
2024-11-23,Denver Nuggets,2024-11-23 17:00:00,5,0,0,0,0,5.0,6,217.0,180.0,213.25,1
2024-11-23,Detroit Pistons,2024-11-23 17:00:00,3,0,0,0,1,3.0,4,18.0,7.0,11.0,0
2024-11-23,Golden State Warriors,2024-11-23 17:00:00,0,0,0,4,0,1.0,5,17.0,5.0,3.05,0
2024-11-23,Houston Rockets,2024-11-23 17:00:00,4,0,0,0,0,4.0,5,27.0,7.0,23.25,0
2024-11-23,Los Angeles Lakers,2024-11-23 17:00:00,5,1,0,1,0,6.0,8,135.0,45.0,125.2,3
2024-11-23,Memphis Grizzlies,2024-11-23 17:00:00,4,1,1,0,0,5.25,7,39.0,10.0,32.85,0
2024-11-23,Milwaukee Bucks,2024-11-23 17:00:00,3,0,0,4,0,4.0,8,70.0,45.0,56.05,1
2024-11-23,New York Knicks,2024-11-23 17:00:00,5,0,0,0,0,5.0,6,77.0,45.0,73.25,2
2024-11-23,Orlando Magic,2024-11-23 17:00:00,4,0,0,0,0,4.0,4,16.0,5.0,16.0,0
2024-11-23,Portland Trail Blazers,2024-11-23 17:00:00,4,1,1,1,0,5.5,8,37.0,10.0,28.3,0
2024-11-23,San Antonio Spurs,2024-11-23 17:00:00,5,0,1,1,0,5.75,8,74.0,45.0,66.05,1
2024-11-23,Utah Jazz,2024-11-23 17:00:00,5,0,0,0,3,5.0,9,86.0,25.0,51.25,1
2024-11-24,Boston Celtics,2024-11-24 17:00:00,6,0,0,0,1,6.0,7,71.0,45.0,68.0,1
2024-11-24,Brooklyn Nets,2024-11-24 17:00:00,6,0,0,3,0,6.75,10,60.0,14.0,48.6,1
2024-11-24,Cleveland Cavaliers,2024-11-24 17:00:00,5,0,1,0,0,5.5,6,36.0,10.0,34.35,0
2024-11-24,Dallas Mavericks,2024-11-24 17:00:00,3,0,0,0,1,3.0,4,56.0,45.0,53.0,1
2024-11-24,Indiana Pacers,2024-11-24 17:00:00,5,0,0,0,1,5.0,6,27.0,10.0,22.0,0
2024-11-24,LA Clippers,2024-11-24 17:00:00,6,0,0,0,0,6.0,6,41.0,14.0,41.0,1
2024-11-24,Miami Heat,2024-11-24 17:00:00,3,0,0,0,3,3.0,6,49.0,25.0,11.0,0
2024-11-24,Minnesota Timberwolves,2024-11-24 17:00:00,4,0,0,0,0,4.0,4,18.0,5.0,18.0,0
2024-11-24,Philadelphia 76ers,2024-11-24 17:00:00,4,0,0,0,3,4.0,7,30.0,5.0,15.0,0
2024-11-24,Sacramento Kings,2024-11-24 17:00:00,4,1,0,0,0,4.75,6,84.0,45.0,77.75,2
2024-11-24,Toronto Raptors,2024-11-24 17:00:00,6,0,1,0,0,6.5,7,38.0,10.0,32.5,0
2024-11-24,Washington Wizards,2024-11-24 17:00:00,4,0,0,0,1,4.0,5,254.0,240.0,251.0,1
2024-11-25,Atlanta Hawks,2024-11-25 17:00:00,3,0,0,0,2,3.0,5,25.0,5.0,15.0,0
2024-11-25,Boston Celtics,2024-11-25 17:00:00,3,2,0,1,0,4.75,7,71.0,45.0,27.5,1
2024-11-25,Brooklyn Nets,2024-11-25 17:00:00,6,1,1,1,0,7.5,10,75.0,14.0,56.95,2
2024-11-25,Charlotte Hornets,2024-11-25 17:00:00,7,0,0,0,0,7.0,7,322.0,240.0,322.0,4
2024-11-25,Dallas Mavericks,2024-11-25 17:00:00,3,1,2,0,0,4.75,7,67.0,45.0,59.2,1
2024-11-25,Denver Nuggets,2024-11-25 17:00:00,5,0,0,1,0,5.25,6,215.0,180.0,212.45,1
2024-11-25,Detroit Pistons,2024-11-25 17:00:00,4,0,0,0,0,4.0,4,16.0,5.0,16.0,0
2024-11-25,Golden State Warriors,2024-11-25 17:00:00,1,0,1,0,0,1.5,3,248.0,240.0,242.6,1
2024-11-25,Indiana Pacers,2024-11-25 17:00:00,6,0,1,0,1,6.5,9,45.0,10.0,34.6,0
2024-11-25,LA Clippers,2024-11-25 17:00:00,6,0,0,0,0,6.0,7,48.0,14.0,44.25,1
2024-11-25,Memphis Grizzlies,2024-11-25 17:00:00,3,0,1,0,0,3.5,5,31.0,10.0,25.6,0
2024-11-25,New Orleans Pelicans,2024-11-25 17:00:00,5,0,1,2,0,6.0,8,77.0,25.0,70.25,3
2024-11-25,New York Knicks,2024-11-25 17:00:00,4,0,2,0,0,5.0,7,80.0,45.0,72.95,2
2024-11-25,Oklahoma City Thunder,2024-11-25 17:00:00,6,0,1,0,0,6.5,8,125.0,45.0,119.6,4
2024-11-25,Orlando Magic,2024-11-25 17:00:00,5,0,0,0,0,5.0,5,30.0,14.0,30.0,1
2024-11-25,Portland Trail Blazers,2024-11-25 17:00:00,3,1,3,0,0,5.25,8,44.0,12.0,34.55,0
2024-11-25,Sacramento Kings,2024-11-25 17:00:00,3,0,1,0,0,3.5,5,84.0,45.0,74.75,2
2024-11-25,Toronto Raptors,2024-11-25 17:00:00,7,0,0,0,0,7.0,8,43.0,10.0,39.25,0
2024-11-26,Chicago Bulls,2024-11-26 17:00:00,4,0,0,0,2,4.0,6,25.0,5.0,15.0,0
2024-11-26,Houston Rockets,2024-11-26 17:00:00,4,0,1,0,0,4.5,5,25.0,7.0,23.35,0
2024-11-26,Los Angeles Lakers,2024-11-26 17:00:00,5,0,0,1,0,5.25,7,111.0,45.0,104.7,2
2024-11-26,Miami Heat,2024-11-26 17:00:00,2,0,0,0,3,2.0,5,39.0,25.0,8.0,0
2024-11-26,Milwaukee Bucks,2024-11-26 17:00:00,1,0,1,4,0,2.5,6,67.0,45.0,49.2,1
2024-11-26,Minnesota Timberwolves,2024-11-26 17:00:00,0,0,2,0,0,1.0,3,11.0,5.0,3.95,0
2024-11-26,Phoenix Suns,2024-11-26 17:00:00,1,0,0,2,0,1.5,4,50.0,25.0,29.25,1
2024-11-26,San Antonio Spurs,2024-11-26 17:00:00,5,0,0,1,0,5.25,7,72.0,45.0,65.7,1
2024-11-26,Utah Jazz,2024-11-26 17:00:00,6,0,0,0,1,6.0,8,76.0,25.0,47.25,1
2024-11-26,Washington Wizards,2024-11-26 17:00:00,4,0,0,0,0,4.0,4,251.0,240.0,251.0,1
2024-11-27,Atlanta Hawks,2024-11-27 17:00:00,5,0,0,0,1,5.0,6,28.0,5.0,25.0,0
2024-11-27,Brooklyn Nets,2024-11-27 17:00:00,6,0,1,0,1,6.5,9,79.0,14.0,59.75,2
2024-11-27,Charlotte Hornets,2024-11-27 17:00:00,7,0,0,1,0,7.25,8,325.0,240.0,322.45,4
2024-11-27,Chicago Bulls,2024-11-27 17:00:00,4,0,0,0,1,4.0,6,33.0,10.0,24.25,0
2024-11-27,Cleveland Cavaliers,2024-11-27 17:00:00,5,0,0,0,0,5.0,5,34.0,10.0,34.0,0
2024-11-27,Dallas Mavericks,2024-11-27 17:00:00,2,0,4,0,0,4.0,6,60.0,45.0,53.400000000000006,1
2024-11-27,Denver Nuggets,2024-11-27 17:00:00,4,0,0,1,1,4.25,7,220.0,180.0,208.7,1
2024-11-27,Detroit Pistons,2024-11-27 17:00:00,3,1,2,0,0,4.75,6,24.0,5.0,18.85,0
2024-11-27,Golden State Warriors,2024-11-27 17:00:00,2,0,1,0,0,2.5,4,251.0,240.0,245.6,1
2024-11-27,Houston Rockets,2024-11-27 17:00:00,3,0,0,0,0,3.0,4,20.0,5.0,16.25,0
2024-11-27,Indiana Pacers,2024-11-27 17:00:00,5,0,0,0,2,5.0,7,37.0,10.0,22.0,0
2024-11-27,LA Clippers,2024-11-27 17:00:00,4,0,3,0,0,5.5,8,51.0,14.0,34.05,1
2024-11-27,Los Angeles Lakers,2024-11-27 17:00:00,4,1,2,1,0,6.0,9,115.0,45.0,104.65,2
2024-11-27,Memphis Grizzlies,2024-11-27 17:00:00,4,0,0,0,0,4.0,5,31.0,10.0,27.25,0
2024-11-27,Miami Heat,2024-11-27 17:00:00,2,0,1,1,2,2.75,7,47.0,25.0,11.05,0
2024-11-27,Minnesota Timberwolves,2024-11-27 17:00:00,1,0,0,0,0,1.0,2,8.0,5.0,4.25,0
2024-11-27,New Orleans Pelicans,2024-11-27 17:00:00,4,0,3,0,1,5.5,8,77.0,25.0,47.05,2
2024-11-27,New York Knicks,2024-11-27 17:00:00,4,0,1,0,0,4.5,6,77.0,45.0,71.6,2
2024-11-27,Oklahoma City Thunder,2024-11-27 17:00:00,6,0,1,0,0,6.5,8,125.0,45.0,119.6,4
2024-11-27,Orlando Magic,2024-11-27 17:00:00,4,0,0,0,0,4.0,4,27.0,14.0,27.0,1
2024-11-27,Philadelphia 76ers,2024-11-27 17:00:00,4,0,0,0,0,4.0,4,13.0,4.0,13.0,0
2024-11-27,Phoenix Suns,2024-11-27 17:00:00,1,0,1,1,0,1.75,4,38.0,25.0,28.65,1
2024-11-27,Portland Trail Blazers,2024-11-27 17:00:00,4,1,3,0,0,6.25,8,54.0,12.0,46.05,0
2024-11-27,Sacramento Kings,2024-11-27 17:00:00,5,0,0,0,0,5.0,6,73.0,45.0,69.25,1
2024-11-27,San Antonio Spurs,2024-11-27 17:00:00,4,0,0,2,0,4.5,7,72.0,45.0,62.300000000000004,1
2024-11-27,Toronto Raptors,2024-11-27 17:00:00,6,0,0,0,0,6.0,6,26.0,7.0,26.0,0
2024-11-27,Utah Jazz,2024-11-27 17:00:00,6,0,1,0,1,6.5,9,77.0,25.0,46.6,1
2024-11-27,Washington Wizards,2024-11-27 17:00:00,3,0,0,0,1,3.0,5,256.0,240.0,249.25,1
2024-11-29,Atlanta Hawks,2024-11-29 17:00:00,5,0,0,0,1,5.0,6,28.0,5.0,25.0,0
2024-11-29,Boston Celtics,2024-11-29 17:00:00,2,0,0,1,0,2.25,3,24.0,14.0,12.1,1
2024-11-29,Brooklyn Nets,2024-11-29 17:00:00,6,0,4,0,0,8.0,10,78.0,14.0,63.15,2
2024-11-29,Charlotte Hornets,2024-11-29 17:00:00,8,0,0,0,0,8.0,8,325.0,240.0,325.0,4
2024-11-29,Chicago Bulls,2024-11-29 17:00:00,2,0,3,1,0,3.75,6,35.0,10.0,19.8,0
2024-11-29,Cleveland Cavaliers,2024-11-29 17:00:00,5,0,0,0,1,5.0,6,39.0,10.0,35.0,0
2024-11-29,Detroit Pistons,2024-11-29 17:00:00,3,0,3,0,0,4.5,6,24.0,5.0,17.95,0
2024-11-29,Indiana Pacers,2024-11-29 17:00:00,5,0,1,0,0,5.5,6,27.0,10.0,24.25,0
2024-11-29,LA Clippers,2024-11-29 17:00:00,5,0,1,0,0,5.5,6,39.0,14.0,31.3,1
2024-11-29,Los Angeles Lakers,2024-11-29 17:00:00,4,1,0,2,0,5.25,7,107.0,45.0,101.15,2
2024-11-29,Memphis Grizzlies,2024-11-29 17:00:00,6,0,0,0,1,6.0,7,41.0,10.0,38.0,0
2024-11-29,Miami Heat,2024-11-29 17:00:00,2,0,1,3,3,3.25,9,53.0,25.0,12.7,0
2024-11-29,Minnesota Timberwolves,2024-11-29 17:00:00,4,0,0,0,0,4.0,4,18.0,5.0,18.0,0
2024-11-29,New Orleans Pelicans,2024-11-29 17:00:00,7,0,0,0,1,7.0,8,62.0,14.0,59.0,2
2024-11-29,New York Knicks,2024-11-29 17:00:00,4,0,0,0,0,4.0,4,69.0,45.0,69.0,2
2024-11-29,Oklahoma City Thunder,2024-11-29 17:00:00,6,0,0,0,1,6.0,7,122.0,45.0,117.0,4
2024-11-29,Orlando Magic,2024-11-29 17:00:00,4,0,0,0,0,4.0,4,27.0,14.0,27.0,1
2024-11-29,Portland Trail Blazers,2024-11-29 17:00:00,2,2,2,1,0,4.75,7,49.0,12.0,38.65,0
2024-11-29,Sacramento Kings,2024-11-29 17:00:00,3,0,0,0,0,3.0,3,58.0,45.0,58.0,1
2024-11-29,Toronto Raptors,2024-11-29 17:00:00,4,0,0,0,0,4.0,4,16.0,7.0,16.0,0
2024-11-30,Atlanta Hawks,2024-11-30 17:00:00,6,0,0,0,1,6.0,8,37.0,5.0,30.25,0
2024-11-30,Charlotte Hornets,2024-11-30 17:00:00,7,0,0,0,2,7.0,10,340.0,240.0,308.25,3
2024-11-30,Dallas Mavericks,2024-11-30 17:00:00,3,1,0,0,0,3.75,4,56.0,45.0,55.25,1
2024-11-30,Detroit Pistons,2024-11-30 17:00:00,4,0,0,0,0,4.0,5,23.0,5.0,19.25,0
2024-11-30,Golden State Warriors,2024-11-30 17:00:00,2,0,2,2,0,3.5,6,257.0,240.0,248.60000000000002,1
2024-11-30,Milwaukee Bucks,2024-11-30 17:00:00,5,0,0,2,0,5.5,7,71.0,45.0,65.9,1
2024-11-30,Philadelphia 76ers,2024-11-30 17:00:00,4,0,2,0,0,5.0,6,21.0,5.0,17.7,0
2024-11-30,Phoenix Suns,2024-11-30 17:00:00,1,0,2,0,0,2.0,4,37.0,25.0,29.400000000000002,1
2024-11-30,Utah Jazz,2024-11-30 17:00:00,6,0,0,0,1,6.0,8,76.0,25.0,47.25,1
2024-11-30,Washington Wizards,2024-11-30 17:00:00,3,0,0,0,0,3.0,3,246.0,240.0,246.0,1
2024-12-01,Boston Celtics,2024-12-01 17:00:00,3,0,0,0,4,3.0,7,25.0,5.0,11.0,0
2024-12-01,Brooklyn Nets,2024-12-01 17:00:00,6,0,0,0,0,6.0,6,58.0,14.0,58.0,2
2024-12-01,Cleveland Cavaliers,2024-12-01 17:00:00,5,0,0,0,0,5.0,5,35.0,10.0,35.0,0
2024-12-01,Dallas Mavericks,2024-12-01 17:00:00,5,0,2,0,0,6.0,8,70.0,45.0,62.95,1
2024-12-01,Denver Nuggets,2024-12-01 17:00:00,4,0,1,1,0,4.75,7,220.0,180.0,208.2,1
2024-12-01,Houston Rockets,2024-12-01 17:00:00,2,0,0,0,1,2.0,4,20.0,5.0,11.25,0
2024-12-01,Indiana Pacers,2024-12-01 17:00:00,4,0,0,0,2,4.0,7,32.0,10.0,20.25,0
2024-12-01,LA Clippers,2024-12-01 17:00:00,6,0,1,0,0,6.5,8,55.0,14.0,43.55,1
2024-12-01,Los Angeles Lakers,2024-12-01 17:00:00,4,1,2,1,0,6.0,9,120.0,45.0,109.65,2
2024-12-01,Memphis Grizzlies,2024-12-01 17:00:00,5,0,0,0,0,5.0,6,38.0,10.0,34.25,0
2024-12-01,Miami Heat,2024-12-01 17:00:00,5,0,0,0,4,5.0,9,38.0,10.0,26.0,0
2024-12-01,New Orleans Pelicans,2024-12-01 17:00:00,5,0,0,0,0,5.0,5,44.0,14.0,44.0,2
2024-12-01,New York Knicks,2024-12-01 17:00:00,5,0,0,0,0,5.0,5,74.0,45.0,74.0,2
2024-12-01,Oklahoma City Thunder,2024-12-01 17:00:00,6,0,0,0,0,6.0,6,117.0,45.0,117.0,4
2024-12-01,Orlando Magic,2024-12-01 17:00:00,4,0,0,0,0,4.0,4,27.0,14.0,27.0,1
2024-12-01,Portland Trail Blazers,2024-12-01 17:00:00,3,0,2,1,0,4.25,7,51.0,12.0,36.45,0
2024-12-01,Sacramento Kings,2024-12-01 17:00:00,4,1,0,1,0,5.0,7,83.0,45.0,74.2,1
2024-12-01,San Antonio Spurs,2024-12-01 17:00:00,4,0,0,0,0,4.0,5,65.0,45.0,61.25,1
2024-12-01,Toronto Raptors,2024-12-01 17:00:00,4,0,0,0,0,4.0,4,16.0,7.0,16.0,0
2024-12-01,Utah Jazz,2024-12-01 17:00:00,6,0,0,0,1,6.0,8,76.0,25.0,47.25,1
2024-12-02,Atlanta Hawks,2024-12-02 17:00:00,1,0,4,2,0,3.5,7,32.0,5.0,15.05,0
2024-12-02,Boston Celtics,2024-12-02 17:00:00,3,0,3,0,0,4.5,7,24.0,5.0,15.3,0
2024-12-02,Brooklyn Nets,2024-12-02 17:00:00,7,0,1,0,0,7.5,9,77.0,14.0,67.75,1
2024-12-02,Chicago Bulls,2024-12-02 17:00:00,3,0,1,0,0,3.5,4,24.0,10.0,18.5,0
2024-12-02,Los Angeles Lakers,2024-12-02 17:00:00,4,0,3,2,0,6.0,10,123.0,45.0,109.2,2
2024-12-02,Miami Heat,2024-12-02 17:00:00,6,0,0,0,2,6.0,9,38.0,10.0,28.25,0
2024-12-02,Minnesota Timberwolves,2024-12-02 17:00:00,4,0,1,0,0,4.5,5,28.0,10.0,22.5,0
2024-12-02,New Orleans Pelicans,2024-12-02 17:00:00,3,1,1,0,0,4.25,6,49.0,14.0,41.1,2
2024-12-03,Charlotte Hornets,2024-12-03 17:00:00,4,0,2,0,0,5.0,6,302.0,240.0,276.7,3
2024-12-03,Cleveland Cavaliers,2024-12-03 17:00:00,4,0,2,0,0,5.0,6,38.0,10.0,30.85,0
2024-12-03,Dallas Mavericks,2024-12-03 17:00:00,3,0,2,0,0,4.0,5,59.0,45.0,55.7,1
2024-12-03,Denver Nuggets,2024-12-03 17:00:00,4,0,0,2,0,4.5,7,220.0,180.0,205.2,1
2024-12-03,Detroit Pistons,2024-12-03 17:00:00,4,0,0,0,0,4.0,4,18.0,5.0,18.0,0
2024-12-03,Golden State Warriors,2024-12-03 17:00:00,2,0,0,1,0,2.25,4,251.0,240.0,244.7,1
2024-12-03,Houston Rockets,2024-12-03 17:00:00,3,0,0,0,0,3.0,3,15.0,5.0,15.0,0
2024-12-03,Indiana Pacers,2024-12-03 17:00:00,4,0,2,0,0,5.0,6,27.0,10.0,22.6,0
2024-12-03,LA Clippers,2024-12-03 17:00:00,6,0,0,0,0,6.0,7,41.0,10.0,37.25,0
2024-12-03,Memphis Grizzlies,2024-12-03 17:00:00,3,0,0,0,0,3.0,4,28.0,10.0,24.25,0
2024-12-03,Milwaukee Bucks,2024-12-03 17:00:00,2,0,0,2,0,2.5,4,54.0,45.0,48.900000000000006,1
2024-12-03,New York Knicks,2024-12-03 17:00:00,4,0,0,0,0,4.0,4,69.0,45.0,69.0,2
2024-12-03,Oklahoma City Thunder,2024-12-03 17:00:00,6,0,0,0,0,6.0,7,122.0,45.0,118.25,4
2024-12-03,Orlando Magic,2024-12-03 17:00:00,4,0,0,0,0,4.0,4,27.0,14.0,27.0,1
2024-12-03,Philadelphia 76ers,2024-12-03 17:00:00,3,0,0,3,0,3.75,6,28.0,10.0,20.35,0
2024-12-03,Phoenix Suns,2024-12-03 17:00:00,2,0,0,0,1,2.0,3,32.0,25.0,28.0,1
2024-12-03,Portland Trail Blazers,2024-12-03 17:00:00,6,0,1,0,0,6.5,8,51.0,12.0,45.6,0
2024-12-03,Sacramento Kings,2024-12-03 17:00:00,4,0,1,0,0,4.5,6,80.0,45.0,70.75,1
2024-12-03,San Antonio Spurs,2024-12-03 17:00:00,4,0,0,1,0,4.25,6,68.0,45.0,26.0,1
2024-12-03,Toronto Raptors,2024-12-03 17:00:00,5,0,1,0,0,5.5,6,26.0,7.0,24.35,0
2024-12-03,Utah Jazz,2024-12-03 17:00:00,6,1,0,0,1,6.75,9,80.0,25.0,50.5,1
2024-12-03,Washington Wizards,2024-12-03 17:00:00,3,0,0,0,0,3.0,3,246.0,240.0,246.0,1
2024-12-04,Atlanta Hawks,2024-12-04 17:00:00,5,0,0,1,0,5.25,7,33.0,5.0,26.7,0
2024-12-04,Boston Celtics,2024-12-04 17:00:00,4,0,0,0,0,4.0,4,16.0,5.0,16.0,0
2024-12-04,Brooklyn Nets,2024-12-04 17:00:00,5,0,3,0,0,6.5,8,71.0,14.0,58.35,1
2024-12-04,Detroit Pistons,2024-12-04 17:00:00,3,0,0,0,0,3.0,4,17.0,5.0,13.25,0
2024-12-04,Indiana Pacers,2024-12-04 17:00:00,5,0,0,0,0,5.0,6,28.0,10.0,24.25,0
2024-12-04,LA Clippers,2024-12-04 17:00:00,6,0,0,0,0,6.0,7,60.0,25.0,56.25,1
2024-12-04,Los Angeles Lakers,2024-12-04 17:00:00,5,0,1,1,0,5.75,7,112.0,45.0,107.8,2
2024-12-04,Miami Heat,2024-12-04 17:00:00,2,0,3,1,2,3.75,8,35.0,10.0,17.65,0
2024-12-04,Milwaukee Bucks,2024-12-04 17:00:00,5,0,0,1,0,5.25,7,76.0,45.0,69.7,1
2024-12-04,Minnesota Timberwolves,2024-12-04 17:00:00,5,0,0,0,0,5.0,6,33.0,10.0,29.25,0
2024-12-04,Orlando Magic,2024-12-04 17:00:00,4,0,1,0,0,4.5,6,42.0,14.0,32.75,1
2024-12-04,Philadelphia 76ers,2024-12-04 17:00:00,5,0,0,0,0,5.0,6,38.0,10.0,34.25,0
2024-12-05,Charlotte Hornets,2024-12-05 17:00:00,4,0,0,0,0,4.0,4,256.0,240.0,256.0,1
2024-12-05,Chicago Bulls,2024-12-05 17:00:00,6,0,1,0,0,6.5,7,43.0,10.0,37.5,0
2024-12-05,Cleveland Cavaliers,2024-12-05 17:00:00,4,0,2,0,0,5.0,6,31.0,10.0,27.7,0
2024-12-05,Dallas Mavericks,2024-12-05 17:00:00,5,0,0,0,0,5.0,5,63.0,45.0,63.0,1
2024-12-05,Denver Nuggets,2024-12-05 17:00:00,4,0,0,1,0,4.25,5,212.0,180.0,203.5,1
2024-12-05,Golden State Warriors,2024-12-05 17:00:00,3,0,1,0,0,3.5,5,255.0,240.0,249.6,1
2024-12-05,Houston Rockets,2024-12-05 17:00:00,4,0,1,0,0,4.5,6,29.0,6.0,23.6,0
2024-12-05,Memphis Grizzlies,2024-12-05 17:00:00,3,0,1,0,0,3.5,5,31.0,10.0,25.6,0
2024-12-05,New Orleans Pelicans,2024-12-05 17:00:00,5,0,0,0,3,5.0,9,60.0,14.0,40.25,2
2024-12-05,New York Knicks,2024-12-05 17:00:00,4,0,2,0,0,5.0,7,82.0,45.0,68.89999999999999,2
2024-12-05,Oklahoma City Thunder,2024-12-05 17:00:00,6,0,0,0,0,6.0,7,124.0,45.0,120.25,4
2024-12-05,Phoenix Suns,2024-12-05 17:00:00,5,0,1,0,0,5.5,7,36.0,10.0,30.6,0
2024-12-05,Sacramento Kings,2024-12-05 17:00:00,2,0,0,0,0,2.0,3,60.0,45.0,56.25,1
2024-12-05,San Antonio Spurs,2024-12-05 17:00:00,5,0,0,0,0,5.0,5,21.0,5.0,21.0,0
2024-12-05,Toronto Raptors,2024-12-05 17:00:00,5,0,2,0,1,6.0,8,34.0,7.0,25.7,0
2024-12-05,Washington Wizards,2024-12-05 17:00:00,6,0,0,0,1,6.0,7,272.0,240.0,269.0,1
2024-12-06,Atlanta Hawks,2024-12-06 17:00:00,1,0,4,1,0,3.25,6,28.0,5.0,14.45,0
2024-12-06,Boston Celtics,2024-12-06 17:00:00,3,0,0,0,2,3.0,5,20.0,5.0,14.0,0
2024-12-06,Chicago Bulls,2024-12-06 17:00:00,4,0,3,2,0,6.0,10,47.0,10.0,28.8,0
2024-12-06,Golden State Warriors,2024-12-06 17:00:00,2,0,1,3,0,3.25,7,262.0,240.0,248.95000000000002,1
2024-12-06,Indiana Pacers,2024-12-06 17:00:00,4,0,1,0,0,4.5,6,28.0,10.0,22.05,0
2024-12-06,Los Angeles Lakers,2024-12-06 17:00:00,5,0,2,1,0,6.25,8,126.0,45.0,120.15,3
2024-12-06,Milwaukee Bucks,2024-12-06 17:00:00,3,0,2,2,0,4.5,7,69.0,45.0,24.9,1
2024-12-06,Minnesota Timberwolves,2024-12-06 17:00:00,5,0,0,0,0,5.0,6,33.0,10.0,29.25,0
2024-12-06,Orlando Magic,2024-12-06 17:00:00,4,0,1,0,0,4.5,5,30.0,14.0,28.35,1
2024-12-06,Philadelphia 76ers,2024-12-06 17:00:00,4,0,1,0,0,4.5,5,27.0,10.0,21.5,0
2024-12-06,Portland Trail Blazers,2024-12-06 17:00:00,3,0,1,0,0,3.5,5,36.0,12.0,30.6,0
2024-12-06,Sacramento Kings,2024-12-06 17:00:00,2,0,0,0,0,2.0,3,60.0,45.0,56.25,1
2024-12-06,San Antonio Spurs,2024-12-06 17:00:00,5,1,0,0,0,5.75,7,30.0,5.0,25.5,0
2024-12-06,Utah Jazz,2024-12-06 17:00:00,6,0,0,0,1,6.0,8,78.0,25.0,49.25,1
2024-12-07,Boston Celtics,2024-12-07 17:00:00,3,0,0,1,0,3.25,5,21.0,5.0,14.7,0
2024-12-07,Charlotte Hornets,2024-12-07 17:00:00,7,0,0,0,0,7.0,7,279.0,240.0,279.0,1
2024-12-07,Cleveland Cavaliers,2024-12-07 17:00:00,4,0,0,0,0,4.0,4,21.0,10.0,21.0,0
2024-12-07,Dallas Mavericks,2024-12-07 17:00:00,6,0,0,0,0,6.0,6,71.0,45.0,71.0,1
2024-12-07,Denver Nuggets,2024-12-07 17:00:00,3,0,3,1,1,4.75,8,261.0,180.0,240.8,2
2024-12-07,Detroit Pistons,2024-12-07 17:00:00,4,0,1,0,0,4.5,5,21.0,5.0,19.35,0
2024-12-07,Memphis Grizzlies,2024-12-07 17:00:00,4,0,2,0,0,5.0,6,39.0,10.0,31.85,0
2024-12-07,Miami Heat,2024-12-07 17:00:00,2,0,1,1,3,2.75,7,39.0,10.0,14.95,0
2024-12-07,New Orleans Pelicans,2024-12-07 17:00:00,6,0,0,0,0,6.0,6,42.0,14.0,42.0,2
2024-12-07,New York Knicks,2024-12-07 17:00:00,4,0,3,0,0,5.5,7,69.0,45.0,64.05,1
2024-12-07,Oklahoma City Thunder,2024-12-07 17:00:00,6,0,0,0,0,6.0,6,119.0,45.0,119.0,4
2024-12-07,Phoenix Suns,2024-12-07 17:00:00,4,0,1,0,0,4.5,5,26.0,10.0,24.35,0
2024-12-07,Toronto Raptors,2024-12-07 17:00:00,3,0,3,0,0,4.5,6,24.0,7.0,19.05,0
2024-12-07,Washington Wizards,2024-12-07 17:00:00,6,0,1,0,0,6.5,7,272.0,240.0,270.35,1
2024-12-08,Atlanta Hawks,2024-12-08 17:00:00,7,0,0,0,2,7.0,9,38.0,5.0,31.0,0
2024-12-08,Brooklyn Nets,2024-12-08 17:00:00,6,0,0,0,1,6.0,7,58.0,14.0,48.0,1
2024-12-08,Charlotte Hornets,2024-12-08 17:00:00,7,0,0,0,1,7.0,9,288.0,240.0,274.25,1
2024-12-08,Chicago Bulls,2024-12-08 17:00:00,4,0,0,0,3,4.0,7,33.0,5.0,19.0,0
2024-12-08,Cleveland Cavaliers,2024-12-08 17:00:00,4,0,0,0,0,4.0,5,26.0,10.0,22.25,0
2024-12-08,Denver Nuggets,2024-12-08 17:00:00,5,0,0,0,3,5.0,9,271.0,180.0,244.25,2
2024-12-08,Golden State Warriors,2024-12-08 17:00:00,1,0,2,0,0,2.0,4,251.0,240.0,243.95,1
2024-12-08,Houston Rockets,2024-12-08 17:00:00,4,0,2,0,0,5.0,7,32.0,6.0,24.95,0
2024-12-08,Indiana Pacers,2024-12-08 17:00:00,4,0,0,0,1,4.0,5,31.0,12.0,19.0,0
2024-12-08,LA Clippers,2024-12-08 17:00:00,4,0,3,0,0,5.5,8,59.0,25.0,48.1,1
2024-12-08,Los Angeles Lakers,2024-12-08 17:00:00,3,1,0,2,0,4.25,7,114.0,45.0,104.4,2
2024-12-08,Memphis Grizzlies,2024-12-08 17:00:00,4,0,2,0,0,5.0,7,37.0,10.0,29.95,0
2024-12-08,Miami Heat,2024-12-08 17:00:00,3,0,0,0,4,3.0,8,44.0,10.0,21.25,0
2024-12-08,Milwaukee Bucks,2024-12-08 17:00:00,4,0,0,0,4,4.0,8,74.0,45.0,20.0,0
2024-12-08,Minnesota Timberwolves,2024-12-08 17:00:00,5,0,0,0,0,5.0,6,33.0,10.0,29.25,0
2024-12-08,New Orleans Pelicans,2024-12-08 17:00:00,6,0,1,0,0,6.5,8,55.0,14.0,49.6,2
2024-12-08,Orlando Magic,2024-12-08 17:00:00,6,0,0,0,0,6.0,6,33.0,14.0,33.0,1
2024-12-08,Philadelphia 76ers,2024-12-08 17:00:00,3,0,0,0,1,3.0,5,22.0,5.0,14.25,0
2024-12-08,Phoenix Suns,2024-12-08 17:00:00,5,0,0,0,0,5.0,6,31.0,10.0,27.25,0
2024-12-08,Portland Trail Blazers,2024-12-08 17:00:00,4,1,2,0,0,5.75,8,47.0,12.0,39.2,0
2024-12-08,Sacramento Kings,2024-12-08 17:00:00,3,0,0,0,0,3.0,4,63.0,45.0,59.25,1
2024-12-08,San Antonio Spurs,2024-12-08 17:00:00,4,0,0,1,0,4.25,6,26.0,5.0,19.7,0
2024-12-08,Utah Jazz,2024-12-08 17:00:00,5,0,2,0,1,6.0,9,81.0,25.0,47.85,1
2024-12-08,Washington Wizards,2024-12-08 17:00:00,8,0,0,0,0,8.0,9,280.0,240.0,276.25,1
2024-12-09,New York Knicks,2024-12-09 17:00:00,3,0,2,0,0,4.0,5,61.0,45.0,57.7,1
2024-12-09,Toronto Raptors,2024-12-09 17:00:00,3,0,0,0,0,3.0,3,15.0,7.0,15.0,0
2024-12-10,Dallas Mavericks,2024-12-10 17:00:00,4,0,2,0,0,5.0,6,72.0,45.0,68.7,1
2024-12-10,Milwaukee Bucks,2024-12-10 17:00:00,1,0,0,0,3,1.0,4,61.0,45.0,10.0,0
2024-12-10,Oklahoma City Thunder,2024-12-10 17:00:00,6,0,0,1,0,6.25,8,149.0,45.0,141.0,5
2024-12-10,Orlando Magic,2024-12-10 17:00:00,3,0,1,0,1,3.5,5,39.0,14.0,26.3,2
2024-12-11,Atlanta Hawks,2024-12-11 17:00:00,2,0,2,2,3,3.5,9,43.0,10.0,18.75,0
2024-12-11,Golden State Warriors,2024-12-11 17:00:00,2,0,1,0,0,2.5,4,251.0,240.0,245.6,1
2024-12-11,Houston Rockets,2024-12-11 17:00:00,0,0,4,0,0,2.0,5,21.0,7.0,8.45,0
2024-12-11,New York Knicks,2024-12-11 17:00:00,3,0,1,1,0,3.75,5,73.0,45.0,64.95,1
2024-12-12,Boston Celtics,2024-12-12 17:00:00,5,0,0,0,3,5.0,8,32.0,5.0,19.0,0
2024-12-12,Detroit Pistons,2024-12-12 17:00:00,4,0,1,0,0,4.5,5,21.0,5.0,19.35,0
2024-12-12,Miami Heat,2024-12-12 17:00:00,4,0,0,0,2,4.0,6,29.0,10.0,23.0,0
2024-12-12,New Orleans Pelicans,2024-12-12 17:00:00,7,0,0,0,0,7.0,7,50.0,14.0,50.0,2
2024-12-12,Sacramento Kings,2024-12-12 17:00:00,4,0,0,0,0,4.0,5,70.0,45.0,66.25,1
2024-12-12,Toronto Raptors,2024-12-12 17:00:00,5,0,0,0,0,5.0,5,30.0,10.0,30.0,0
2024-12-13,Brooklyn Nets,2024-12-13 17:00:00,7,0,0,0,0,7.0,7,288.0,240.0,288.0,2
2024-12-13,Charlotte Hornets,2024-12-13 17:00:00,3,0,2,1,0,4.25,7,274.0,240.0,260.55,1
2024-12-13,Chicago Bulls,2024-12-13 17:00:00,1,0,6,2,0,4.5,10,40.0,5.0,17.650000000000002,0
2024-12-13,Cleveland Cavaliers,2024-12-13 17:00:00,4,0,1,1,0,4.75,6,38.0,10.0,29.95,0
2024-12-13,Denver Nuggets,2024-12-13 17:00:00,6,0,1,2,0,7.0,10,271.0,180.0,254.55,2
2024-12-13,Indiana Pacers,2024-12-13 17:00:00,4,1,0,0,0,4.75,5,24.0,10.0,22.75,0
2024-12-13,LA Clippers,2024-12-13 17:00:00,7,0,0,0,0,7.0,8,70.0,25.0,66.25,2
2024-12-13,Los Angeles Lakers,2024-12-13 17:00:00,6,0,0,2,0,6.5,9,133.0,45.0,124.15,3
2024-12-13,Memphis Grizzlies,2024-12-13 17:00:00,2,1,0,0,0,2.75,4,28.0,10.0,21.75,0
2024-12-13,Minnesota Timberwolves,2024-12-13 17:00:00,5,0,0,0,0,5.0,6,28.0,5.0,24.25,0
2024-12-13,Philadelphia 76ers,2024-12-13 17:00:00,5,0,0,0,0,5.0,5,21.0,5.0,21.0,0
2024-12-13,Phoenix Suns,2024-12-13 17:00:00,3,0,0,1,0,3.25,5,30.0,10.0,17.75,0
2024-12-13,Portland Trail Blazers,2024-12-13 17:00:00,3,0,4,0,0,5.0,8,50.0,12.0,32.5,0
2024-12-13,San Antonio Spurs,2024-12-13 17:00:00,7,0,0,0,0,7.0,8,39.0,10.0,35.25,0
2024-12-13,Utah Jazz,2024-12-13 17:00:00,5,0,0,2,3,5.5,11,97.0,25.0,52.3,1
2024-12-13,Washington Wizards,2024-12-13 17:00:00,7,0,0,0,0,7.0,7,276.0,240.0,276.0,1
2024-12-14,Atlanta Hawks,2024-12-14 17:00:00,2,0,0,0,7,2.0,10,55.0,10.0,16.25,0
2024-12-14,Houston Rockets,2024-12-14 17:00:00,0,0,1,0,0,0.5,2,8.0,5.0,2.6,0
2024-12-14,Milwaukee Bucks,2024-12-14 17:00:00,0,0,0,0,3,0.0,4,56.0,45.0,1.25,0
2024-12-14,Oklahoma City Thunder,2024-12-14 17:00:00,6,0,0,0,0,6.0,7,109.0,25.0,105.25,4
2024-12-15,Boston Celtics,2024-12-15 17:00:00,5,0,0,0,0,5.0,5,25.0,5.0,25.0,0
2024-12-15,Dallas Mavericks,2024-12-15 17:00:00,5,0,0,0,0,5.0,6,96.0,45.0,92.25,2
2024-12-15,Golden State Warriors,2024-12-15 17:00:00,3,0,3,0,0,4.5,6,259.0,240.0,252.95,1
2024-12-15,Indiana Pacers,2024-12-15 17:00:00,5,0,0,0,0,5.0,5,24.0,10.0,24.0,0
2024-12-15,Los Angeles Lakers,2024-12-15 17:00:00,4,0,1,1,0,4.75,7,126.0,45.0,117.5,3
2024-12-15,Memphis Grizzlies,2024-12-15 17:00:00,2,0,3,0,0,3.5,6,34.0,10.0,21.45,0
2024-12-15,Minnesota Timberwolves,2024-12-15 17:00:00,5,0,0,0,0,5.0,6,28.0,5.0,24.25,0
2024-12-15,New Orleans Pelicans,2024-12-15 17:00:00,6,0,0,0,1,6.0,7,57.0,14.0,47.0,2
2024-12-15,New York Knicks,2024-12-15 17:00:00,5,0,0,0,0,5.0,5,70.0,45.0,70.0,1
2024-12-15,Orlando Magic,2024-12-15 17:00:00,4,0,0,0,1,4.0,5,39.0,14.0,25.0,1
2024-12-15,Phoenix Suns,2024-12-15 17:00:00,3,0,1,0,0,3.5,5,43.0,25.0,37.6,1
2024-12-15,Portland Trail Blazers,2024-12-15 17:00:00,5,0,1,0,0,5.5,7,40.0,10.0,32.4,0
2024-12-15,San Antonio Spurs,2024-12-15 17:00:00,6,0,0,0,1,6.0,8,41.0,10.0,32.25,0
2024-12-15,Washington Wizards,2024-12-15 17:00:00,6,0,0,0,0,6.0,6,282.0,240.0,282.0,2
2024-12-16,Brooklyn Nets,2024-12-16 17:00:00,7,0,1,0,0,7.5,8,58.0,14.0,55.25,1
2024-12-16,Charlotte Hornets,2024-12-16 17:00:00,4,0,1,0,0,4.5,5,263.0,240.0,257.5,1
2024-12-16,Chicago Bulls,2024-12-16 17:00:00,3,0,2,2,0,4.5,7,26.0,5.0,16.75,0
2024-12-16,Cleveland Cavaliers,2024-12-16 17:00:00,4,0,1,1,0,4.75,6,43.0,10.0,29.0,0
2024-12-16,Denver Nuggets,2024-12-16 17:00:00,5,0,1,1,1,5.75,8,256.0,180.0,246.79999999999998,2
2024-12-16,Detroit Pistons,2024-12-16 17:00:00,5,0,0,0,0,5.0,5,28.0,8.0,28.0,0
2024-12-16,LA Clippers,2024-12-16 17:00:00,7,0,0,0,0,7.0,8,70.0,25.0,66.25,2
2024-12-16,Miami Heat,2024-12-16 17:00:00,4,0,0,0,0,4.0,4,28.0,10.0,28.0,0
2024-12-16,Philadelphia 76ers,2024-12-16 17:00:00,4,0,0,0,1,4.0,5,64.0,30.0,61.0,2
2024-12-16,Sacramento Kings,2024-12-16 17:00:00,3,0,1,0,0,3.5,5,66.0,45.0,60.6,1
2024-12-16,Toronto Raptors,2024-12-16 17:00:00,5,0,0,0,0,5.0,5,35.0,10.0,35.0,0
2024-12-16,Utah Jazz,2024-12-16 17:00:00,4,0,0,1,1,4.25,7,78.0,25.0,46.7,1
2024-12-17,Milwaukee Bucks,2024-12-17 17:00:00,0,1,1,2,0,1.75,4,19.0,10.0,7.65,0
2024-12-17,Oklahoma City Thunder,2024-12-17 17:00:00,6,0,0,0,0,6.0,7,142.0,45.0,138.25,5
2024-12-19,Atlanta Hawks,2024-12-19 17:00:00,6,0,0,1,0,6.25,7,30.0,5.0,27.45,0
2024-12-19,Boston Celtics,2024-12-19 17:00:00,4,0,3,0,0,5.5,7,29.0,5.0,24.049999999999997,0
2024-12-19,Brooklyn Nets,2024-12-19 17:00:00,7,0,0,0,0,7.0,7,286.0,240.0,286.0,2
2024-12-19,Charlotte Hornets,2024-12-19 17:00:00,4,0,1,0,0,4.5,5,263.0,240.0,257.5,1
2024-12-19,Chicago Bulls,2024-12-19 17:00:00,4,0,2,0,0,5.0,6,33.0,10.0,25.85,0
2024-12-19,Dallas Mavericks,2024-12-19 17:00:00,4,0,1,0,0,4.5,5,69.0,45.0,67.35,1
2024-12-19,Denver Nuggets,2024-12-19 17:00:00,5,0,1,0,0,5.5,6,248.0,180.0,246.35,2
2024-12-19,Detroit Pistons,2024-12-19 17:00:00,6,0,0,0,1,6.0,7,43.0,12.0,35.0,0
2024-12-19,Golden State Warriors,2024-12-19 17:00:00,1,0,0,0,0,1.0,1,3.0,3.0,3.0,0
2024-12-19,Houston Rockets,2024-12-19 17:00:00,3,0,3,0,0,4.5,6,32.0,10.0,22.65,0
2024-12-19,Indiana Pacers,2024-12-19 17:00:00,3,3,1,0,0,5.75,7,34.0,10.0,28.6,0
2024-12-19,LA Clippers,2024-12-19 17:00:00,6,0,1,0,0,6.5,7,65.0,25.0,57.3,2
2024-12-19,Los Angeles Lakers,2024-12-19 17:00:00,6,0,1,1,0,6.75,8,131.0,45.0,126.25,3
2024-12-19,Memphis Grizzlies,2024-12-19 17:00:00,5,1,1,0,0,6.25,7,39.0,10.0,36.6,0
2024-12-19,Minnesota Timberwolves,2024-12-19 17:00:00,5,0,0,0,0,5.0,5,23.0,5.0,23.0,0
2024-12-19,New Orleans Pelicans,2024-12-19 17:00:00,5,0,0,0,1,5.0,6,47.0,14.0,44.0,2
2024-12-19,New York Knicks,2024-12-19 17:00:00,3,0,1,0,2,3.5,6,68.0,45.0,56.35,1
2024-12-19,Oklahoma City Thunder,2024-12-19 17:00:00,5,0,0,0,0,5.0,5,94.0,45.0,94.0,3
2024-12-19,Orlando Magic,2024-12-19 17:00:00,4,0,0,0,0,4.0,4,25.0,14.0,25.0,1
2024-12-19,Phoenix Suns,2024-12-19 17:00:00,3,0,0,0,1,3.0,4,38.0,25.0,35.0,1
2024-12-19,Portland Trail Blazers,2024-12-19 17:00:00,1,0,2,0,0,2.0,3,16.0,10.0,12.7,0
2024-12-19,Sacramento Kings,2024-12-19 17:00:00,3,0,1,0,3,3.5,7,80.0,45.0,59.5,1
2024-12-19,San Antonio Spurs,2024-12-19 17:00:00,3,0,1,2,0,4.0,6,31.0,10.0,18.3,0
2024-12-19,Toronto Raptors,2024-12-19 17:00:00,6,0,2,0,0,7.0,8,91.0,45.0,80.0,1
2024-12-19,Utah Jazz,2024-12-19 17:00:00,6,0,0,0,2,6.0,8,85.0,25.0,50.0,1
2024-12-19,Washington Wizards,2024-12-19 17:00:00,2,0,0,0,1,2.0,3,246.0,240.0,243.0,1
2024-12-20,Charlotte Hornets,2024-12-20 17:00:00,7,0,0,0,0,7.0,8,276.0,240.0,272.25,1
2024-12-20,Cleveland Cavaliers,2024-12-20 17:00:00,4,0,1,0,0,4.5,5,28.0,10.0,22.5,0
2024-12-20,Miami Heat,2024-12-20 17:00:00,1,1,2,0,1,2.75,5,33.0,10.0,16.25,0
2024-12-20,Milwaukee Bucks,2024-12-20 17:00:00,4,0,0,2,0,4.5,6,31.0,10.0,25.9,0
2024-12-20,Oklahoma City Thunder,2024-12-20 17:00:00,6,0,0,0,0,6.0,7,104.0,45.0,100.25,3
2024-12-20,Philadelphia 76ers,2024-12-20 17:00:00,4,0,1,0,0,4.5,5,83.0,45.0,69.25,2
2024-12-21,Atlanta Hawks,2024-12-21 17:00:00,4,0,1,0,1,4.5,6,25.0,5.0,18.35,0
2024-12-21,Boston Celtics,2024-12-21 17:00:00,4,0,1,0,0,4.5,6,28.0,5.0,22.6,0
2024-12-21,Brooklyn Nets,2024-12-21 17:00:00,7,0,1,0,0,7.5,9,294.0,240.0,288.6,2
2024-12-21,Chicago Bulls,2024-12-21 17:00:00,4,0,3,0,0,5.5,7,36.0,10.0,27.2,0
2024-12-21,Cleveland Cavaliers,2024-12-21 17:00:00,5,0,0,1,0,5.25,7,30.0,5.0,23.7,0
2024-12-21,Dallas Mavericks,2024-12-21 17:00:00,4,0,0,0,0,4.0,4,66.0,45.0,66.0,1
2024-12-21,Detroit Pistons,2024-12-21 17:00:00,5,0,0,1,0,5.25,6,35.0,12.0,32.45,0
2024-12-21,Golden State Warriors,2024-12-21 17:00:00,0,0,2,0,0,1.0,2,6.0,3.0,2.7,0
2024-12-21,LA Clippers,2024-12-21 17:00:00,6,0,0,0,0,6.0,7,56.0,25.0,52.25,1
2024-12-21,Los Angeles Lakers,2024-12-21 17:00:00,6,0,0,0,3,6.0,10,139.0,45.0,125.25,3
2024-12-21,Memphis Grizzlies,2024-12-21 17:00:00,6,0,1,0,0,6.5,7,39.0,10.0,37.35,0
2024-12-21,Miami Heat,2024-12-21 17:00:00,3,0,0,0,4,3.0,8,44.0,10.0,10.25,0
2024-12-21,Milwaukee Bucks,2024-12-21 17:00:00,4,0,1,1,0,4.75,7,78.0,45.0,34.35,1
2024-12-21,Minnesota Timberwolves,2024-12-21 17:00:00,5,0,1,0,0,5.5,7,38.0,10.0,28.75,0
2024-12-21,New Orleans Pelicans,2024-12-21 17:00:00,5,0,0,0,0,5.0,6,53.0,14.0,49.25,2
2024-12-21,New York Knicks,2024-12-21 17:00:00,5,0,0,0,0,5.0,6,70.0,45.0,66.25,1
2024-12-21,Orlando Magic,2024-12-21 17:00:00,3,0,2,0,0,4.0,5,35.0,14.0,21.8,1
2024-12-21,Philadelphia 76ers,2024-12-21 17:00:00,4,0,1,0,0,4.5,6,68.0,45.0,62.6,1
2024-12-21,Phoenix Suns,2024-12-21 17:00:00,4,0,1,0,0,4.5,6,46.0,25.0,40.6,1
2024-12-21,Portland Trail Blazers,2024-12-21 17:00:00,4,0,1,0,0,4.5,6,33.0,10.0,27.6,0
2024-12-21,Sacramento Kings,2024-12-21 17:00:00,3,0,0,0,3,3.0,7,75.0,45.0,56.25,1
2024-12-21,San Antonio Spurs,2024-12-21 17:00:00,3,0,0,0,0,3.0,4,20.0,5.0,16.25,0
2024-12-21,Utah Jazz,2024-12-21 17:00:00,6,0,0,0,2,6.0,8,85.0,25.0,55.0,1
2024-12-21,Washington Wizards,2024-12-21 17:00:00,2,0,0,0,0,2.0,3,248.0,240.0,244.25,1
2024-12-22,Denver Nuggets,2024-12-22 17:00:00,2,0,1,1,3,2.75,7,253.0,180.0,229.95,2
2024-12-22,Houston Rockets,2024-12-22 17:00:00,3,0,0,0,0,3.0,3,14.0,5.0,14.0,0
2024-12-22,Indiana Pacers,2024-12-22 17:00:00,6,0,0,0,1,6.0,8,39.0,10.0,32.25,0
2024-12-22,New Orleans Pelicans,2024-12-22 17:00:00,4,0,0,0,0,4.0,5,46.0,14.0,42.25,2
2024-12-22,Sacramento Kings,2024-12-22 17:00:00,1,0,0,0,3,1.0,5,65.0,45.0,46.25,1
2024-12-22,Toronto Raptors,2024-12-22 17:00:00,4,0,0,0,3,4.0,7,81.0,45.0,61.0,1
2024-12-23,Atlanta Hawks,2024-12-23 17:00:00,4,0,3,0,0,5.5,7,26.0,5.0,19.95,0
2024-12-23,Boston Celtics,2024-12-23 17:00:00,0,0,0,0,5,0.0,5,23.0,5.0,0.0,0
2024-12-23,Brooklyn Nets,2024-12-23 17:00:00,6,0,0,0,2,6.0,8,300.0,240.0,290.0,3
2024-12-23,Charlotte Hornets,2024-12-23 17:00:00,3,0,0,0,2,3.0,5,263.0,240.0,253.0,1
2024-12-23,Chicago Bulls,2024-12-23 17:00:00,2,0,3,0,1,3.5,6,31.0,10.0,17.2,0
2024-12-23,Cleveland Cavaliers,2024-12-23 17:00:00,3,0,2,0,0,4.0,5,19.0,5.0,15.7,0
2024-12-23,Dallas Mavericks,2024-12-23 17:00:00,3,0,1,0,0,3.5,4,66.0,45.0,64.35,1
2024-12-23,Denver Nuggets,2024-12-23 17:00:00,2,0,1,1,0,2.75,5,250.0,180.0,232.25,2
2024-12-23,Detroit Pistons,2024-12-23 17:00:00,4,0,0,0,1,4.0,6,37.0,12.0,28.25,0
2024-12-23,Golden State Warriors,2024-12-23 17:00:00,0,0,3,0,0,1.5,4,14.0,5.0,5.300000000000001,0
2024-12-23,Houston Rockets,2024-12-23 17:00:00,1,0,0,0,0,1.0,2,9.0,5.0,5.25,0
2024-12-23,Indiana Pacers,2024-12-23 17:00:00,3,3,1,0,0,5.75,8,39.0,10.0,29.85,0
2024-12-23,LA Clippers,2024-12-23 17:00:00,5,0,1,0,0,5.5,7,54.0,25.0,48.6,1
2024-12-23,Los Angeles Lakers,2024-12-23 17:00:00,4,0,2,0,0,5.0,7,126.0,45.0,118.4,3
2024-12-23,Memphis Grizzlies,2024-12-23 17:00:00,4,0,1,0,0,4.5,6,34.0,10.0,28.6,0
2024-12-23,Miami Heat,2024-12-23 17:00:00,2,0,0,1,5,2.25,8,42.0,10.0,6.45,0
2024-12-23,Milwaukee Bucks,2024-12-23 17:00:00,4,0,0,0,1,4.0,5,57.0,45.0,12.0,0
2024-12-23,Minnesota Timberwolves,2024-12-23 17:00:00,2,0,1,0,0,2.5,3,23.0,10.0,17.5,0
2024-12-23,New York Knicks,2024-12-23 17:00:00,4,0,3,0,0,5.5,8,80.0,45.0,68.0,1
2024-12-23,Oklahoma City Thunder,2024-12-23 17:00:00,5,0,0,0,0,5.0,6,91.0,45.0,87.25,2
2024-12-23,Orlando Magic,2024-12-23 17:00:00,5,0,1,0,0,5.5,6,275.0,240.0,269.5,2
2024-12-23,Philadelphia 76ers,2024-12-23 17:00:00,3,0,0,1,2,3.25,6,126.0,45.0,95.45,2
2024-12-23,Phoenix Suns,2024-12-23 17:00:00,5,0,0,0,0,5.0,6,27.0,6.0,23.25,0
2024-12-23,Portland Trail Blazers,2024-12-23 17:00:00,4,0,2,0,0,5.0,7,43.0,10.0,32.1,0
2024-12-23,San Antonio Spurs,2024-12-23 17:00:00,3,0,0,0,0,3.0,3,15.0,5.0,15.0,0
2024-12-23,Toronto Raptors,2024-12-23 17:00:00,3,0,1,0,0,3.5,5,66.0,45.0,60.6,1
2024-12-23,Utah Jazz,2024-12-23 17:00:00,5,0,0,0,3,5.0,8,83.0,25.0,48.0,1
2024-12-23,Washington Wizards,2024-12-23 17:00:00,2,1,1,0,0,3.25,5,254.0,240.0,247.85,1
2024-12-25,Boston Celtics,2024-12-25 17:00:00,1,0,0,0,5,1.0,6,24.0,5.0,3.0,0
2024-12-25,Dallas Mavericks,2024-12-25 17:00:00,3,0,0,0,2,3.0,5,71.0,45.0,58.0,1
2024-12-25,Denver Nuggets,2024-12-25 17:00:00,2,0,1,0,0,2.5,3,235.0,180.0,229.5,2
2024-12-25,Golden State Warriors,2024-12-25 17:00:00,0,0,2,0,0,1.0,2,6.0,3.0,2.7,0
2024-12-25,Los Angeles Lakers,2024-12-25 17:00:00,4,0,3,0,0,5.5,7,129.0,45.0,120.75,3
2024-12-25,Minnesota Timberwolves,2024-12-25 17:00:00,3,0,0,0,0,3.0,3,23.0,10.0,23.0,0
2024-12-25,New York Knicks,2024-12-25 17:00:00,3,0,0,0,0,3.0,3,55.0,45.0,55.0,1
2024-12-25,Philadelphia 76ers,2024-12-25 17:00:00,4,0,0,0,1,4.0,5,121.0,45.0,96.0,2
2024-12-25,Phoenix Suns,2024-12-25 17:00:00,5,0,0,0,0,5.0,5,29.0,10.0,29.0,0
2024-12-26,Atlanta Hawks,2024-12-26 17:00:00,3,0,2,0,1,4.0,6,23.0,5.0,14.7,0
2024-12-26,Brooklyn Nets,2024-12-26 17:00:00,5,0,2,0,0,6.0,7,294.0,240.0,290.15000000000003,3
2024-12-26,Charlotte Hornets,2024-12-26 17:00:00,4,0,1,0,0,4.5,5,263.0,240.0,257.5,1
2024-12-26,Chicago Bulls,2024-12-26 17:00:00,4,0,3,0,0,5.5,7,34.0,10.0,25.2,0
2024-12-26,Detroit Pistons,2024-12-26 17:00:00,3,0,2,1,0,4.25,7,45.0,12.0,24.5,0
2024-12-26,Houston Rockets,2024-12-26 17:00:00,4,0,1,0,0,4.5,6,27.0,5.0,21.05,0
2024-12-26,Indiana Pacers,2024-12-26 17:00:00,3,0,3,0,1,4.5,7,34.0,10.0,22.75,0
2024-12-26,Memphis Grizzlies,2024-12-26 17:00:00,5,0,0,0,0,5.0,6,36.0,10.0,32.25,0
2024-12-26,Miami Heat,2024-12-26 17:00:00,3,0,2,0,1,4.0,6,36.0,10.0,18.85,0
2024-12-26,Milwaukee Bucks,2024-12-26 17:00:00,3,0,2,1,1,4.25,8,72.0,45.0,21.7,1
2024-12-26,New Orleans Pelicans,2024-12-26 17:00:00,4,0,2,0,0,5.0,7,59.0,14.0,48.1,2
2024-12-26,Oklahoma City Thunder,2024-12-26 17:00:00,6,0,0,0,0,6.0,6,89.0,45.0,89.0,2
2024-12-26,Orlando Magic,2024-12-26 17:00:00,5,0,0,0,0,5.0,5,265.0,240.0,265.0,2
2024-12-26,Portland Trail Blazers,2024-12-26 17:00:00,1,0,2,0,0,2.0,4,28.0,10.0,17.1,0
2024-12-26,Sacramento Kings,2024-12-26 17:00:00,1,0,1,0,0,1.5,3,53.0,45.0,47.6,1
2024-12-26,Toronto Raptors,2024-12-26 17:00:00,3,0,2,0,0,4.0,5,64.0,45.0,60.7,1
2024-12-26,Utah Jazz,2024-12-26 17:00:00,6,0,0,0,1,6.0,8,81.0,25.0,52.25,1
2024-12-26,Washington Wizards,2024-12-26 17:00:00,3,0,0,0,3,3.0,6,264.0,240.0,255.0,1
2024-12-27,Boston Celtics,2024-12-27 17:00:00,3,0,2,0,0,4.0,5,26.0,10.0,18.85,0
2024-12-27,Brooklyn Nets,2024-12-27 17:00:00,7,0,1,0,0,7.5,9,302.0,240.0,296.6,3
2024-12-27,Cleveland Cavaliers,2024-12-27 17:00:00,5,0,1,0,0,5.5,7,31.0,5.0,25.6,0
2024-12-27,Dallas Mavericks,2024-12-27 17:00:00,2,0,1,0,0,2.5,3,58.0,45.0,56.35,1
2024-12-27,Denver Nuggets,2024-12-27 17:00:00,5,0,0,1,0,5.25,7,260.0,180.0,247.75,2
2024-12-27,Golden State Warriors,2024-12-27 17:00:00,2,1,0,0,0,2.75,4,22.0,10.0,17.5,0
2024-12-27,Houston Rockets,2024-12-27 17:00:00,4,0,1,0,0,4.5,6,27.0,5.0,21.05,0
2024-12-27,Indiana Pacers,2024-12-27 17:00:00,5,1,2,0,0,6.75,9,50.0,10.0,39.5,0
2024-12-27,LA Clippers,2024-12-27 17:00:00,6,0,1,0,0,6.5,8,59.0,25.0,53.6,1
2024-12-27,Memphis Grizzlies,2024-12-27 17:00:00,6,0,1,0,0,6.5,8,51.0,10.0,41.75,0
2024-12-27,Minnesota Timberwolves,2024-12-27 17:00:00,4,0,2,0,0,5.0,7,41.0,10.0,33.95,0
2024-12-27,New Orleans Pelicans,2024-12-27 17:00:00,4,0,1,0,0,4.5,6,49.0,14.0,43.6,2
2024-12-27,New York Knicks,2024-12-27 17:00:00,2,0,0,0,0,2.0,2,50.0,45.0,50.0,1
2024-12-27,Orlando Magic,2024-12-27 17:00:00,4,0,0,1,0,4.25,6,274.0,240.0,258.35,2
2024-12-27,Phoenix Suns,2024-12-27 17:00:00,5,0,0,0,0,5.0,6,34.0,10.0,30.25,0
2024-12-27,San Antonio Spurs,2024-12-27 17:00:00,4,0,0,0,0,4.0,4,20.0,5.0,20.0,0
2024-12-28,Atlanta Hawks,2024-12-28 17:00:00,5,0,0,0,5,5.0,10,41.0,5.0,18.0,0
2024-12-28,Charlotte Hornets,2024-12-28 17:00:00,7,0,0,0,1,7.0,8,272.0,240.0,269.0,1
2024-12-28,Chicago Bulls,2024-12-28 17:00:00,4,0,4,0,0,6.0,8,37.0,10.0,26.55,0
2024-12-28,Dallas Mavericks,2024-12-28 17:00:00,5,0,0,0,0,5.0,6,73.0,45.0,69.25,1
2024-12-28,Denver Nuggets,2024-12-28 17:00:00,5,0,0,1,0,5.25,7,260.0,180.0,247.75,2
2024-12-28,Detroit Pistons,2024-12-28 17:00:00,4,0,0,1,0,4.25,6,37.0,12.0,23.05,0
2024-12-28,Golden State Warriors,2024-12-28 17:00:00,1,0,2,0,0,2.0,4,22.0,10.0,14.4,0
2024-12-28,Los Angeles Lakers,2024-12-28 17:00:00,5,0,4,1,0,7.25,11,153.0,45.0,128.15,3
2024-12-28,Miami Heat,2024-12-28 17:00:00,3,0,0,0,3,3.0,6,78.0,45.0,55.0,1
2024-12-28,Milwaukee Bucks,2024-12-28 17:00:00,4,0,0,0,3,4.0,7,74.0,45.0,16.0,0
2024-12-28,New York Knicks,2024-12-28 17:00:00,2,0,1,0,0,2.5,4,58.0,45.0,52.6,1
2024-12-28,Oklahoma City Thunder,2024-12-28 17:00:00,8,0,0,0,0,8.0,8,95.0,45.0,95.0,2
2024-12-28,Philadelphia 76ers,2024-12-28 17:00:00,4,0,3,0,0,5.5,7,131.0,45.0,90.85,3
2024-12-28,Phoenix Suns,2024-12-28 17:00:00,6,0,0,0,0,6.0,7,39.0,10.0,35.25,0
2024-12-28,Portland Trail Blazers,2024-12-28 17:00:00,1,0,4,0,0,3.0,6,34.0,10.0,19.8,0
2024-12-28,Sacramento Kings,2024-12-28 17:00:00,3,0,1,0,0,3.5,5,23.0,5.0,17.6,0
2024-12-28,Utah Jazz,2024-12-28 17:00:00,4,0,1,0,2,4.5,8,81.0,25.0,47.6,1
2024-12-28,Washington Wizards,2024-12-28 17:00:00,3,0,1,0,1,3.5,5,263.0,240.0,256.35,1
2024-12-29,Atlanta Hawks,2024-12-29 17:00:00,7,0,0,0,2,7.0,10,39.0,5.0,29.25,0
2024-12-29,Boston Celtics,2024-12-29 17:00:00,5,0,0,0,0,5.0,5,26.0,10.0,26.0,0
2024-12-29,Brooklyn Nets,2024-12-29 17:00:00,8,0,0,0,2,8.0,10,310.0,240.0,293.0,2
2024-12-29,Houston Rockets,2024-12-29 17:00:00,4,0,1,0,1,4.5,7,30.0,5.0,21.05,0
2024-12-29,Indiana Pacers,2024-12-29 17:00:00,5,0,0,0,2,5.0,7,41.0,10.0,31.0,0
2024-12-29,Memphis Grizzlies,2024-12-29 17:00:00,5,0,1,0,0,5.5,7,37.0,10.0,31.6,0
2024-12-29,Miami Heat,2024-12-29 17:00:00,4,0,0,1,1,4.25,7,83.0,45.0,60.75,1
2024-12-29,Minnesota Timberwolves,2024-12-29 17:00:00,4,0,1,0,0,4.5,6,45.0,10.0,35.75,0
2024-12-29,Oklahoma City Thunder,2024-12-29 17:00:00,5,0,0,0,0,5.0,6,88.0,45.0,84.25,2
2024-12-29,Orlando Magic,2024-12-29 17:00:00,5,0,0,0,0,5.0,5,258.0,240.0,258.0,1
2024-12-29,San Antonio Spurs,2024-12-29 17:00:00,4,0,0,0,0,4.0,5,25.0,5.0,21.25,0
2024-12-29,Toronto Raptors,2024-12-29 17:00:00,5,0,0,0,4,5.0,9,80.0,45.0,19.0,0
2024-12-30,Charlotte Hornets,2024-12-30 17:00:00,3,3,0,0,1,5.25,7,269.0,240.0,260.0,1
2024-12-30,Chicago Bulls,2024-12-30 17:00:00,4,0,1,0,2,4.5,7,41.0,10.0,19.35,0
2024-12-30,Cleveland Cavaliers,2024-12-30 17:00:00,4,0,0,0,0,4.0,5,23.0,5.0,19.25,0
2024-12-30,Dallas Mavericks,2024-12-30 17:00:00,4,0,1,0,0,4.5,6,64.0,45.0,58.6,1
2024-12-30,Denver Nuggets,2024-12-30 17:00:00,5,0,0,0,0,5.0,5,245.0,180.0,245.0,2
2024-12-30,Golden State Warriors,2024-12-30 17:00:00,2,0,0,1,0,2.25,4,21.0,10.0,14.7,0
2024-12-30,LA Clippers,2024-12-30 17:00:00,5,0,0,0,0,5.0,6,52.0,25.0,48.25,1
2024-12-30,New Orleans Pelicans,2024-12-30 17:00:00,4,0,0,0,1,4.0,5,44.0,14.0,41.0,2
2024-12-30,New York Knicks,2024-12-30 17:00:00,2,0,1,0,0,2.5,3,53.0,45.0,51.35,1
2024-12-30,Philadelphia 76ers,2024-12-30 17:00:00,3,0,4,0,0,5.0,8,134.0,45.0,88.45,3
2024-12-30,Portland Trail Blazers,2024-12-30 17:00:00,1,0,4,0,0,3.0,6,34.0,10.0,19.8,0
2024-12-30,Sacramento Kings,2024-12-30 17:00:00,6,0,1,0,0,6.5,8,36.0,5.0,30.6,0
2024-12-30,Utah Jazz,2024-12-30 17:00:00,4,0,0,1,1,4.25,7,78.0,25.0,40.75,1
2024-12-30,Washington Wizards,2024-12-30 17:00:00,2,0,3,0,0,3.5,5,261.0,240.0,256.05,1
2024-12-31,Boston Celtics,2024-12-31 17:00:00,4,0,0,0,1,4.0,5,28.0,10.0,25.0,0
2024-12-31,Cleveland Cavaliers,2024-12-31 17:00:00,3,0,0,0,0,3.0,4,18.0,5.0,14.25,0
2024-12-31,Indiana Pacers,2024-12-31 17:00:00,6,0,0,0,1,6.0,7,41.0,10.0,31.0,0
2024-12-31,LA Clippers,2024-12-31 17:00:00,5,0,0,0,0,5.0,6,52.0,25.0,48.25,1
2024-12-31,Los Angeles Lakers,2024-12-31 17:00:00,3,0,2,1,0,4.25,7,125.0,45.0,109.45,3
2024-12-31,Memphis Grizzlies,2024-12-31 17:00:00,8,0,1,0,0,8.5,10,56.0,10.0,50.6,0
2024-12-31,Milwaukee Bucks,2024-12-31 17:00:00,3,0,0,0,3,3.0,6,66.0,45.0,15.0,0
2024-12-31,Minnesota Timberwolves,2024-12-31 17:00:00,4,0,1,0,0,4.5,6,45.0,10.0,35.75,0
2024-12-31,Oklahoma City Thunder,2024-12-31 17:00:00,5,0,0,0,0,5.0,6,88.0,45.0,84.25,2
2024-12-31,Phoenix Suns,2024-12-31 17:00:00,5,0,2,1,0,6.25,9,54.0,10.0,38.0,0
2024-12-31,San Antonio Spurs,2024-12-31 17:00:00,3,0,0,0,0,3.0,4,20.0,5.0,16.25,0
2024-12-31,Toronto Raptors,2024-12-31 17:00:00,3,0,0,0,2,3.0,5,15.0,3.0,9.0,0
2025-01-01,Atlanta Hawks,2025-01-01 17:00:00,6,1,1,2,0,7.75,11,66.0,25.0,54.75,1
2025-01-01,Brooklyn Nets,2025-01-01 17:00:00,8,0,0,0,0,8.0,8,281.0,240.0,281.0,2
2025-01-01,Chicago Bulls,2025-01-01 17:00:00,2,0,0,0,3,2.0,5,29.0,10.0,6.0,0
2025-01-01,Dallas Mavericks,2025-01-01 17:00:00,3,0,1,0,0,3.5,5,68.0,45.0,62.6,1
2025-01-01,Denver Nuggets,2025-01-01 17:00:00,5,0,0,0,0,5.0,6,250.0,180.0,246.25,2
2025-01-01,Detroit Pistons,2025-01-01 17:00:00,5,0,0,1,0,5.25,6,26.0,5.0,23.45,0
2025-01-01,Houston Rockets,2025-01-01 17:00:00,4,0,1,0,0,4.5,6,29.0,5.0,23.05,0
2025-01-01,Miami Heat,2025-01-01 17:00:00,3,0,2,0,1,4.0,6,71.0,45.0,56.6,1
2025-01-01,New Orleans Pelicans,2025-01-01 17:00:00,3,1,1,0,0,4.25,5,51.0,14.0,42.0,2
2025-01-01,New York Knicks,2025-01-01 17:00:00,2,0,1,0,0,2.5,3,53.0,45.0,51.35,1
2025-01-01,Orlando Magic,2025-01-01 17:00:00,4,0,2,1,0,5.25,7,264.0,240.0,258.15,1
2025-01-01,Philadelphia 76ers,2025-01-01 17:00:00,3,0,4,0,0,5.0,7,105.0,45.0,75.3,2
2025-01-01,Sacramento Kings,2025-01-01 17:00:00,3,1,1,0,0,4.25,6,28.0,7.0,21.85,0
2025-01-01,Toronto Raptors,2025-01-01 17:00:00,1,0,4,0,0,3.0,6,62.0,45.0,51.65,1
2025-01-01,Utah Jazz,2025-01-01 17:00:00,5,0,0,0,1,5.0,6,68.0,25.0,43.0,1
2025-01-01,Washington Wizards,2025-01-01 17:00:00,2,0,1,0,1,2.5,4,258.0,240.0,253.35,1
2025-01-02,Boston Celtics,2025-01-02 17:00:00,5,0,0,0,0,5.0,6,40.0,10.0,36.25,0
2025-01-02,Brooklyn Nets,2025-01-02 17:00:00,7,0,1,0,0,7.5,9,286.0,240.0,280.6,2
2025-01-02,Golden State Warriors,2025-01-02 17:00:00,2,0,2,1,0,3.25,5,27.0,10.0,18.4,0
2025-01-02,Indiana Pacers,2025-01-02 17:00:00,4,2,0,0,0,5.5,6,31.0,10.0,28.5,0
2025-01-02,LA Clippers,2025-01-02 17:00:00,5,0,1,0,0,5.5,7,55.0,25.0,49.6,1
2025-01-02,Los Angeles Lakers,2025-01-02 17:00:00,3,2,0,0,0,4.5,6,122.0,45.0,115.0,3
2025-01-02,Miami Heat,2025-01-02 17:00:00,2,0,0,0,2,2.0,5,66.0,45.0,49.25,1
2025-01-02,Milwaukee Bucks,2025-01-02 17:00:00,4,0,1,2,0,5.0,8,76.0,45.0,29.8,1
2025-01-02,Minnesota Timberwolves,2025-01-02 17:00:00,4,0,0,0,0,4.0,5,35.0,10.0,31.25,0
2025-01-02,Oklahoma City Thunder,2025-01-02 17:00:00,5,0,0,0,0,5.0,6,88.0,45.0,84.25,2
2025-01-02,Philadelphia 76ers,2025-01-02 17:00:00,4,0,1,0,0,4.5,6,84.0,45.0,66.5,2
2025-01-02,Portland Trail Blazers,2025-01-02 17:00:00,5,0,1,0,0,5.5,7,36.0,10.0,30.6,0
2025-01-03,Atlanta Hawks,2025-01-03 17:00:00,6,0,3,0,0,7.5,10,63.0,25.0,54.300000000000004,1
2025-01-03,Boston Celtics,2025-01-03 17:00:00,4,0,2,0,0,5.0,7,45.0,10.0,30.25,0
2025-01-03,Charlotte Hornets,2025-01-03 17:00:00,4,0,4,0,1,6.0,9,284.0,240.0,264.7,1
2025-01-03,Cleveland Cavaliers,2025-01-03 17:00:00,3,1,0,0,0,3.75,5,28.0,10.0,21.75,0
2025-01-03,Dallas Mavericks,2025-01-03 17:00:00,4,0,2,0,0,5.0,7,83.0,45.0,71.0,1
2025-01-03,Denver Nuggets,2025-01-03 17:00:00,5,0,0,0,0,5.0,6,250.0,180.0,246.25,2
2025-01-03,Detroit Pistons,2025-01-03 17:00:00,5,0,0,0,0,5.0,5,43.0,25.0,43.0,1
2025-01-03,Houston Rockets,2025-01-03 17:00:00,4,1,1,0,0,5.25,7,41.0,12.0,29.65,0
2025-01-03,Los Angeles Lakers,2025-01-03 17:00:00,4,0,0,2,0,4.5,7,126.0,45.0,110.35,3
2025-01-03,Memphis Grizzlies,2025-01-03 17:00:00,5,0,4,0,0,7.0,10,53.0,10.0,38.8,0
2025-01-03,New Orleans Pelicans,2025-01-03 17:00:00,3,0,0,0,2,3.0,5,51.0,14.0,27.0,1
2025-01-03,New York Knicks,2025-01-03 17:00:00,4,0,2,0,0,5.0,7,71.0,45.0,63.95,1
2025-01-03,Oklahoma City Thunder,2025-01-03 17:00:00,5,0,0,0,3,5.0,9,103.0,45.0,84.25,2
2025-01-03,Orlando Magic,2025-01-03 17:00:00,5,0,1,1,0,5.75,7,275.0,240.0,270.8,2
2025-01-03,Sacramento Kings,2025-01-03 17:00:00,5,1,0,0,0,5.75,7,33.0,5.0,28.5,0
2025-01-03,San Antonio Spurs,2025-01-03 17:00:00,4,0,0,0,0,4.0,4,18.0,5.0,18.0,0
2025-01-03,Toronto Raptors,2025-01-03 17:00:00,5,0,0,0,0,5.0,5,27.0,7.0,27.0,0
2025-01-03,Washington Wizards,2025-01-03 17:00:00,4,0,0,0,0,4.0,4,260.0,240.0,260.0,1
2025-01-04,Atlanta Hawks,2025-01-04 17:00:00,6,0,3,0,0,7.5,10,64.0,25.0,54.75,1
2025-01-04,Brooklyn Nets,2025-01-04 17:00:00,7,0,0,0,1,7.0,8,318.0,240.0,315.0,4
2025-01-04,Chicago Bulls,2025-01-04 17:00:00,4,1,0,0,0,4.75,5,21.0,5.0,20.25,0
2025-01-04,Denver Nuggets,2025-01-04 17:00:00,5,0,0,1,0,5.25,7,253.0,180.0,246.7,2
2025-01-04,Detroit Pistons,2025-01-04 17:00:00,4,0,1,1,0,4.75,7,51.0,25.0,43.05,1
2025-01-04,Golden State Warriors,2025-01-04 17:00:00,3,0,0,1,0,3.25,5,25.0,10.0,18.7,0
2025-01-04,Indiana Pacers,2025-01-04 17:00:00,4,2,0,0,0,5.5,6,31.0,10.0,28.5,0
2025-01-04,LA Clippers,2025-01-04 17:00:00,3,0,1,0,0,3.5,5,27.0,7.0,19.4,0
2025-01-04,Memphis Grizzlies,2025-01-04 17:00:00,5,2,2,0,0,7.5,10,53.0,10.0,40.6,0
2025-01-04,Miami Heat,2025-01-04 17:00:00,4,0,0,0,2,4.0,6,71.0,45.0,58.0,1
2025-01-04,Milwaukee Bucks,2025-01-04 17:00:00,4,0,0,3,0,4.75,7,30.0,5.0,21.5,0
2025-01-04,Minnesota Timberwolves,2025-01-04 17:00:00,4,0,1,0,1,4.5,6,38.0,10.0,31.35,0
2025-01-04,New York Knicks,2025-01-04 17:00:00,4,0,1,1,0,4.75,7,71.0,45.0,63.05,1
2025-01-04,Philadelphia 76ers,2025-01-04 17:00:00,5,0,1,0,0,5.5,6,86.0,45.0,72.25,2
2025-01-04,Phoenix Suns,2025-01-04 17:00:00,4,0,3,0,0,5.5,7,34.0,10.0,29.05,0
2025-01-04,Portland Trail Blazers,2025-01-04 17:00:00,5,0,0,0,0,5.0,6,33.0,10.0,29.25,0
2025-01-04,San Antonio Spurs,2025-01-04 17:00:00,3,0,1,0,0,3.5,5,23.0,5.0,17.6,0
2025-01-04,Utah Jazz,2025-01-04 17:00:00,4,0,0,1,1,4.25,6,68.0,25.0,40.45,1
2025-01-05,Boston Celtics,2025-01-05 17:00:00,4,0,0,0,1,4.0,6,35.0,10.0,21.25,0
2025-01-05,Charlotte Hornets,2025-01-05 17:00:00,5,0,0,0,4,5.0,9,282.0,240.0,256.0,1
2025-01-05,Cleveland Cavaliers,2025-01-05 17:00:00,4,0,0,0,0,4.0,4,23.0,10.0,23.0,0
2025-01-05,Golden State Warriors,2025-01-05 17:00:00,3,0,0,0,0,3.0,4,29.0,10.0,25.25,0
2025-01-05,Houston Rockets,2025-01-05 17:00:00,4,1,0,0,0,4.75,6,49.0,25.0,44.25,1
2025-01-05,Los Angeles Lakers,2025-01-05 17:00:00,4,0,0,2,0,4.5,7,126.0,45.0,110.35,3
2025-01-05,New Orleans Pelicans,2025-01-05 17:00:00,3,0,0,0,1,3.0,4,30.0,14.0,27.0,1
2025-01-05,Oklahoma City Thunder,2025-01-05 17:00:00,6,0,0,0,3,6.0,10,106.0,45.0,87.25,2
2025-01-05,Orlando Magic,2025-01-05 17:00:00,6,0,0,0,1,6.0,7,275.0,240.0,272.0,2
2025-01-05,Sacramento Kings,2025-01-05 17:00:00,5,0,0,0,1,5.0,7,33.0,5.0,24.25,0
2025-01-05,Utah Jazz,2025-01-05 17:00:00,8,0,0,0,1,8.0,10,82.0,25.0,53.25,1
2025-01-05,Washington Wizards,2025-01-05 17:00:00,4,0,0,0,0,4.0,4,258.0,240.0,258.0,1
2025-01-06,Brooklyn Nets,2025-01-06 17:00:00,6,0,2,0,1,7.0,10,327.0,240.0,314.4,4
2025-01-06,Chicago Bulls,2025-01-06 17:00:00,5,0,0,0,0,5.0,5,21.0,5.0,21.0,0
2025-01-06,Dallas Mavericks,2025-01-06 17:00:00,5,0,0,0,0,5.0,5,68.0,45.0,68.0,1
2025-01-06,Detroit Pistons,2025-01-06 17:00:00,6,0,0,0,2,6.0,8,56.0,25.0,48.0,1
2025-01-06,Indiana Pacers,2025-01-06 17:00:00,4,2,0,0,0,5.5,6,31.0,10.0,28.5,0
2025-01-06,LA Clippers,2025-01-06 17:00:00,4,0,0,0,0,4.0,5,25.0,5.0,21.25,0
2025-01-06,Memphis Grizzlies,2025-01-06 17:00:00,5,1,1,1,0,6.5,9,50.0,10.0,39.55,0
2025-01-06,Miami Heat,2025-01-06 17:00:00,3,1,0,0,2,3.75,6,64.0,45.0,57.25,1
2025-01-06,Milwaukee Bucks,2025-01-06 17:00:00,3,1,1,1,1,4.5,7,30.0,5.0,19.8,0
2025-01-06,Minnesota Timberwolves,2025-01-06 17:00:00,2,0,2,0,0,3.0,4,28.0,10.0,20.85,0
2025-01-06,New York Knicks,2025-01-06 17:00:00,3,0,2,1,0,4.25,6,75.0,45.0,63.1,2
2025-01-06,Orlando Magic,2025-01-06 17:00:00,6,0,0,0,0,6.0,7,277.0,240.0,273.25,2
2025-01-06,Philadelphia 76ers,2025-01-06 17:00:00,5,0,1,0,0,5.5,6,84.0,45.0,82.35,2
2025-01-06,Phoenix Suns,2025-01-06 17:00:00,1,0,0,0,0,1.0,1,10.0,10.0,10.0,0
2025-01-06,Portland Trail Blazers,2025-01-06 17:00:00,5,0,0,0,1,5.0,6,33.0,10.0,28.0,0
2025-01-06,Sacramento Kings,2025-01-06 17:00:00,5,0,0,0,0,5.0,6,28.0,5.0,24.25,0
2025-01-06,San Antonio Spurs,2025-01-06 17:00:00,4,0,0,0,0,4.0,5,25.0,5.0,21.25,0
2025-01-06,Toronto Raptors,2025-01-06 17:00:00,3,0,1,0,0,3.5,4,18.0,5.0,16.35,0
2025-01-07,Atlanta Hawks,2025-01-07 17:00:00,7,0,0,2,0,7.5,10,64.0,25.0,54.300000000000004,1
2025-01-07,Boston Celtics,2025-01-07 17:00:00,4,0,2,0,0,5.0,7,31.0,5.0,23.95,0
2025-01-07,Charlotte Hornets,2025-01-07 17:00:00,4,0,0,1,0,4.25,5,256.0,240.0,253.45,1
2025-01-07,Dallas Mavericks,2025-01-07 17:00:00,6,0,0,0,0,6.0,7,83.0,45.0,79.25,1
2025-01-07,Denver Nuggets,2025-01-07 17:00:00,5,0,0,1,0,5.25,7,251.0,180.0,244.7,2
2025-01-07,Golden State Warriors,2025-01-07 17:00:00,3,0,0,0,0,3.0,4,29.0,10.0,25.25,0
2025-01-07,Houston Rockets,2025-01-07 17:00:00,4,1,1,0,0,5.25,6,47.0,25.0,44.35,1
2025-01-07,Los Angeles Lakers,2025-01-07 17:00:00,4,0,0,3,0,4.75,8,122.0,45.0,109.75,3
2025-01-07,Miami Heat,2025-01-07 17:00:00,3,1,1,0,0,4.25,6,66.0,45.0,59.85,1
2025-01-07,Minnesota Timberwolves,2025-01-07 17:00:00,3,0,0,0,0,3.0,4,25.0,10.0,21.25,0
2025-01-07,New Orleans Pelicans,2025-01-07 17:00:00,3,0,1,0,2,3.5,7,48.0,14.0,25.6,0
2025-01-07,Phoenix Suns,2025-01-07 17:00:00,1,0,0,0,0,1.0,2,15.0,10.0,11.25,0
2025-01-07,Utah Jazz,2025-01-07 17:00:00,6,0,2,0,1,7.0,10,80.0,25.0,47.95,1
2025-01-07,Washington Wizards,2025-01-07 17:00:00,5,0,3,0,0,6.5,8,277.0,240.0,272.05,1
2025-01-08,Brooklyn Nets,2025-01-08 17:00:00,8,1,1,0,0,9.25,10,326.0,240.0,323.35,4
2025-01-08,Chicago Bulls,2025-01-08 17:00:00,5,0,0,0,0,5.0,5,21.0,5.0,21.0,0
2025-01-08,Cleveland Cavaliers,2025-01-08 17:00:00,3,0,2,0,0,4.0,5,28.0,10.0,20.85,0
2025-01-08,Denver Nuggets,2025-01-08 17:00:00,4,1,1,0,0,5.25,7,251.0,180.0,244.85,2
2025-01-08,Detroit Pistons,2025-01-08 17:00:00,4,0,0,0,2,4.0,6,48.0,25.0,38.0,1
2025-01-08,Indiana Pacers,2025-01-08 17:00:00,4,0,3,0,1,5.5,8,44.0,10.0,25.75,0
2025-01-08,LA Clippers,2025-01-08 17:00:00,5,0,0,0,0,5.0,6,28.0,5.0,24.25,0
2025-01-08,Milwaukee Bucks,2025-01-08 17:00:00,3,0,1,3,0,4.25,7,28.0,5.0,17.85,0
2025-01-08,New Orleans Pelicans,2025-01-08 17:00:00,3,0,1,0,1,3.5,6,38.0,10.0,29.6,0
2025-01-08,New York Knicks,2025-01-08 17:00:00,2,0,2,0,0,3.0,4,67.0,45.0,57.65,2
2025-01-08,Oklahoma City Thunder,2025-01-08 17:00:00,8,0,0,0,0,8.0,8,96.0,45.0,96.0,2
2025-01-08,Philadelphia 76ers,2025-01-08 17:00:00,6,0,1,0,0,6.5,7,65.0,45.0,63.35,1
2025-01-08,Portland Trail Blazers,2025-01-08 17:00:00,5,0,2,0,0,6.0,8,41.0,10.0,32.85,0
2025-01-08,San Antonio Spurs,2025-01-08 17:00:00,5,0,0,0,0,5.0,6,28.0,5.0,24.25,0
2025-01-08,Toronto Raptors,2025-01-08 17:00:00,4,0,0,0,0,4.0,4,20.0,5.0,20.0,0
2025-01-08,Washington Wizards,2025-01-08 17:00:00,6,0,3,0,0,7.5,10,285.0,240.0,276.3,1
2025-01-09,Atlanta Hawks,2025-01-09 17:00:00,7,0,2,1,0,8.25,11,107.0,45.0,97.4,2
2025-01-09,Charlotte Hornets,2025-01-09 17:00:00,0,0,0,0,0,0.0,1,5.0,5.0,1.25,0
2025-01-09,Cleveland Cavaliers,2025-01-09 17:00:00,2,0,1,0,0,2.5,4,25.0,10.0,15.75,0
2025-01-09,Dallas Mavericks,2025-01-09 17:00:00,6,0,1,0,0,6.5,7,81.0,45.0,75.5,1
2025-01-09,Detroit Pistons,2025-01-09 17:00:00,4,0,0,1,0,4.25,6,48.0,25.0,41.7,1
2025-01-09,Golden State Warriors,2025-01-09 17:00:00,4,0,4,0,0,6.0,8,46.0,10.0,35.55,0
2025-01-09,Houston Rockets,2025-01-09 17:00:00,4,1,0,0,0,4.75,5,44.0,25.0,43.0,1
2025-01-09,Los Angeles Lakers,2025-01-09 17:00:00,0,0,0,0,0,0.0,1,5.0,5.0,1.25,0
2025-01-09,Memphis Grizzlies,2025-01-09 17:00:00,3,0,5,0,0,5.5,9,50.0,10.0,30.299999999999997,0
2025-01-09,Miami Heat,2025-01-09 17:00:00,4,0,1,0,1,4.5,6,64.0,45.0,59.35,1
2025-01-09,Minnesota Timberwolves,2025-01-09 17:00:00,4,0,0,0,0,4.0,4,25.0,10.0,25.0,0
2025-01-09,Orlando Magic,2025-01-09 17:00:00,5,0,1,0,0,5.5,6,272.0,240.0,268.15,2
2025-01-09,Phoenix Suns,2025-01-09 17:00:00,4,0,0,0,0,4.0,5,30.0,10.0,26.25,0
2025-01-09,Portland Trail Blazers,2025-01-09 17:00:00,5,0,1,0,0,5.5,7,38.0,10.0,31.5,0
2025-01-09,Toronto Raptors,2025-01-09 17:00:00,6,0,0,1,0,6.25,8,36.0,5.0,29.7,0
2025-01-09,Utah Jazz,2025-01-09 17:00:00,7,0,0,0,1,7.0,9,78.0,25.0,49.25,1
2025-01-10,Boston Celtics,2025-01-10 17:00:00,5,0,0,0,0,5.0,5,24.0,6.0,24.0,0
2025-01-10,Brooklyn Nets,2025-01-10 17:00:00,8,0,0,0,0,8.0,9,324.0,240.0,320.25,4
2025-01-10,Chicago Bulls,2025-01-10 17:00:00,5,0,0,0,0,5.0,6,26.0,5.0,22.25,0
2025-01-10,Denver Nuggets,2025-01-10 17:00:00,4,1,1,0,0,5.25,7,253.0,180.0,245.1,2
2025-01-10,Golden State Warriors,2025-01-10 17:00:00,6,0,1,1,0,6.75,9,45.0,10.0,37.05,0
2025-01-10,Indiana Pacers,2025-01-10 17:00:00,3,0,3,0,2,4.5,8,44.0,10.0,22.75,0
2025-01-10,Milwaukee Bucks,2025-01-10 17:00:00,3,0,1,3,0,4.25,7,28.0,5.0,17.85,0
2025-01-10,New Orleans Pelicans,2025-01-10 17:00:00,4,0,0,0,1,4.0,5,38.0,10.0,35.0,0
2025-01-10,New York Knicks,2025-01-10 17:00:00,2,0,2,0,0,3.0,4,67.0,45.0,57.65,2
2025-01-10,Oklahoma City Thunder,2025-01-10 17:00:00,7,0,0,0,0,7.0,7,91.0,45.0,91.0,2
2025-01-10,Orlando Magic,2025-01-10 17:00:00,5,0,0,0,1,5.0,7,277.0,240.0,266.25,2
2025-01-10,Philadelphia 76ers,2025-01-10 17:00:00,5,0,0,1,0,5.25,6,60.0,45.0,57.45,1
2025-01-10,Sacramento Kings,2025-01-10 17:00:00,3,0,0,0,0,3.0,3,13.0,5.0,13.0,0
2025-01-10,Washington Wizards,2025-01-10 17:00:00,4,0,4,0,0,6.0,8,284.0,240.0,273.55,1
2025-01-11,Atlanta Hawks,2025-01-11 17:00:00,4,0,4,1,0,6.25,10,104.0,45.0,87.8,2
2025-01-11,Charlotte Hornets,2025-01-11 17:00:00,0,0,0,0,0,0.0,1,5.0,5.0,1.25,0
2025-01-11,Detroit Pistons,2025-01-11 17:00:00,5,0,1,0,0,5.5,6,48.0,25.0,46.35,1
2025-01-11,Houston Rockets,2025-01-11 17:00:00,4,1,0,0,0,4.75,6,49.0,25.0,44.25,1
2025-01-11,LA Clippers,2025-01-11 17:00:00,0,0,0,0,0,0.0,1,5.0,5.0,1.25,0
2025-01-11,Los Angeles Lakers,2025-01-11 17:00:00,0,0,0,0,0,0.0,1,5.0,5.0,1.25,0
2025-01-11,Memphis Grizzlies,2025-01-11 17:00:00,5,0,0,0,0,5.0,6,51.0,25.0,47.25,1
2025-01-11,Miami Heat,2025-01-11 17:00:00,2,0,1,0,2,2.5,6,66.0,45.0,52.6,1
2025-01-11,Minnesota Timberwolves,2025-01-11 17:00:00,4,0,0,0,0,4.0,5,30.0,10.0,26.25,0
2025-01-11,Phoenix Suns,2025-01-11 17:00:00,4,0,0,0,0,4.0,5,30.0,10.0,26.25,0
2025-01-11,Portland Trail Blazers,2025-01-11 17:00:00,2,0,2,0,0,3.0,5,24.0,10.0,16.95,0
2025-01-11,San Antonio Spurs,2025-01-11 17:00:00,0,0,0,0,0,0.0,1,5.0,5.0,1.25,0
2025-01-11,Toronto Raptors,2025-01-11 17:00:00,5,0,1,0,0,5.5,6,28.0,5.0,26.35,0
2025-01-11,Utah Jazz,2025-01-11 17:00:00,6,0,0,0,2,6.0,9,100.0,25.0,68.25,2
2025-01-12,Boston Celtics,2025-01-12 17:00:00,4,0,0,0,0,4.0,4,21.0,6.0,21.0,0
2025-01-12,Brooklyn Nets,2025-01-12 17:00:00,7,0,1,0,0,7.5,9,324.0,240.0,316.95,4
2025-01-12,Charlotte Hornets,2025-01-12 17:00:00,4,0,1,0,0,4.5,6,261.0,240.0,255.6,1
2025-01-12,Chicago Bulls,2025-01-12 17:00:00,6,0,0,0,1,6.0,7,28.0,5.0,23.0,0
2025-01-12,Cleveland Cavaliers,2025-01-12 17:00:00,4,0,0,0,0,4.0,4,18.0,5.0,18.0,0
2025-01-12,Dallas Mavericks,2025-01-12 17:00:00,5,0,0,0,0,5.0,5,68.0,45.0,68.0,1
2025-01-12,Denver Nuggets,2025-01-12 17:00:00,4,0,0,0,3,4.0,7,251.0,180.0,235.0,2
2025-01-12,Indiana Pacers,2025-01-12 17:00:00,6,0,0,0,0,6.0,6,31.0,10.0,31.0,0
2025-01-12,Milwaukee Bucks,2025-01-12 17:00:00,5,0,0,0,3,5.0,8,31.0,5.0,21.0,0
2025-01-12,New Orleans Pelicans,2025-01-12 17:00:00,4,0,0,0,2,4.0,6,43.0,10.0,30.0,0
2025-01-12,New York Knicks,2025-01-12 17:00:00,3,0,0,0,1,3.0,4,69.0,45.0,55.0,1
2025-01-12,Oklahoma City Thunder,2025-01-12 17:00:00,7,0,0,0,0,7.0,7,133.0,45.0,133.0,3
2025-01-12,Orlando Magic,2025-01-12 17:00:00,7,0,0,0,0,7.0,7,278.0,240.0,278.0,2
2025-01-12,Philadelphia 76ers,2025-01-12 17:00:00,6,0,0,0,0,6.0,6,82.0,45.0,82.0,2
2025-01-12,Phoenix Suns,2025-01-12 17:00:00,4,0,0,1,0,4.25,6,33.0,10.0,20.75,0
2025-01-12,Sacramento Kings,2025-01-12 17:00:00,2,0,0,0,1,2.0,4,20.0,5.0,11.25,0
2025-01-12,Utah Jazz,2025-01-12 17:00:00,6,0,3,0,2,7.5,12,118.0,25.0,75.25,2
2025-01-12,Washington Wizards,2025-01-12 17:00:00,4,0,0,0,0,4.0,4,265.0,240.0,265.0,1
2025-01-13,Detroit Pistons,2025-01-13 17:00:00,5,0,0,0,0,5.0,5,45.0,25.0,45.0,1
2025-01-13,Golden State Warriors,2025-01-13 17:00:00,4,0,0,0,0,4.0,4,27.0,10.0,27.0,0
2025-01-13,Houston Rockets,2025-01-13 17:00:00,3,1,0,0,0,3.75,5,44.0,25.0,39.25,1
2025-01-13,LA Clippers,2025-01-13 17:00:00,5,0,0,0,0,5.0,6,30.0,5.0,26.25,0
2025-01-13,Los Angeles Lakers,2025-01-13 17:00:00,3,0,1,2,0,4.0,7,119.0,45.0,107.65,3
2025-01-13,Memphis Grizzlies,2025-01-13 17:00:00,5,0,1,1,0,5.75,8,57.0,25.0,49.05,1
2025-01-13,Miami Heat,2025-01-13 17:00:00,3,0,1,0,0,3.5,5,61.0,45.0,55.6,1
2025-01-13,Minnesota Timberwolves,2025-01-13 17:00:00,3,0,0,0,0,3.0,3,20.0,10.0,20.0,0
2025-01-13,New York Knicks,2025-01-13 17:00:00,3,0,2,0,0,4.0,6,66.0,45.0,58.95,1
2025-01-13,San Antonio Spurs,2025-01-13 17:00:00,4,0,1,0,0,4.5,6,28.0,5.0,22.6,0
2025-01-13,Toronto Raptors,2025-01-13 17:00:00,2,0,1,0,0,2.5,3,13.0,5.0,11.35,0
2025-01-13,Washington Wizards,2025-01-13 17:00:00,4,0,0,0,0,4.0,5,270.0,240.0,266.25,1
2025-01-14,Atlanta Hawks,2025-01-14 17:00:00,4,0,5,0,0,6.5,9,119.0,45.0,107.45,2
2025-01-14,Brooklyn Nets,2025-01-14 17:00:00,5,0,4,0,0,7.0,10,325.0,240.0,310.25,4
2025-01-14,Chicago Bulls,2025-01-14 17:00:00,4,0,2,0,0,5.0,7,35.0,10.0,27.95,0
2025-01-14,Cleveland Cavaliers,2025-01-14 17:00:00,3,1,0,0,0,3.75,4,18.0,5.0,17.25,0
2025-01-14,Dallas Mavericks,2025-01-14 17:00:00,4,0,1,0,0,4.5,5,68.0,45.0,66.35,1
2025-01-14,Denver Nuggets,2025-01-14 17:00:00,4,0,0,4,0,5.0,8,254.0,180.0,237.85,2
2025-01-14,Indiana Pacers,2025-01-14 17:00:00,4,0,3,0,0,5.5,7,41.0,10.0,32.75,0
2025-01-14,Milwaukee Bucks,2025-01-14 17:00:00,3,0,2,1,1,4.25,8,33.0,5.0,18.4,0
2025-01-14,New Orleans Pelicans,2025-01-14 17:00:00,2,0,0,0,1,2.0,3,23.0,10.0,20.0,0
2025-01-14,Oklahoma City Thunder,2025-01-14 17:00:00,6,0,0,0,0,6.0,6,88.0,45.0,88.0,2
2025-01-14,Philadelphia 76ers,2025-01-14 17:00:00,5,0,2,2,0,6.5,9,76.0,45.0,61.65,1
2025-01-14,Phoenix Suns,2025-01-14 17:00:00,4,0,0,1,0,4.25,5,21.0,5.0,18.45,0
2025-01-14,Portland Trail Blazers,2025-01-14 17:00:00,2,0,6,0,0,5.0,9,49.0,10.0,28.2,0
2025-01-14,Sacramento Kings,2025-01-14 17:00:00,3,0,0,0,0,3.0,4,18.0,5.0,14.25,0
2025-01-15,Atlanta Hawks,2025-01-15 17:00:00,7,0,1,0,2,7.5,11,127.0,45.0,110.5,2
2025-01-15,Boston Celtics,2025-01-15 17:00:00,4,0,0,0,0,4.0,4,20.0,5.0,20.0,0
2025-01-15,Brooklyn Nets,2025-01-15 17:00:00,7,0,1,0,0,7.5,9,322.0,240.0,316.6,4
2025-01-15,Charlotte Hornets,2025-01-15 17:00:00,4,0,0,0,0,4.0,5,258.0,240.0,254.25,1
2025-01-15,Chicago Bulls,2025-01-15 17:00:00,4,0,3,0,0,5.5,8,39.0,10.0,29.75,0
2025-01-15,Dallas Mavericks,2025-01-15 17:00:00,5,1,0,0,0,5.75,7,83.0,45.0,78.5,1
2025-01-15,Denver Nuggets,2025-01-15 17:00:00,4,0,1,2,0,5.0,8,250.0,180.0,238.95,2
2025-01-15,Golden State Warriors,2025-01-15 17:00:00,2,0,2,2,0,3.5,6,38.0,10.0,19.4,0
2025-01-15,Houston Rockets,2025-01-15 17:00:00,4,1,0,0,0,4.75,6,47.0,25.0,42.25,1
2025-01-15,LA Clippers,2025-01-15 17:00:00,4,0,0,0,0,4.0,5,25.0,5.0,21.25,0
2025-01-15,Los Angeles Lakers,2025-01-15 17:00:00,5,0,0,2,0,5.5,8,122.0,45.0,112.3,3
2025-01-15,Memphis Grizzlies,2025-01-15 17:00:00,5,0,0,1,0,5.25,7,76.0,45.0,69.7,1
2025-01-15,Miami Heat,2025-01-15 17:00:00,3,0,1,1,0,3.75,6,64.0,45.0,56.05,1
2025-01-15,Milwaukee Bucks,2025-01-15 17:00:00,3,0,0,2,0,3.5,6,25.0,5.0,15.3,0
2025-01-15,Minnesota Timberwolves,2025-01-15 17:00:00,3,0,0,0,0,3.0,4,18.0,5.0,14.25,0
2025-01-15,New Orleans Pelicans,2025-01-15 17:00:00,5,0,0,1,0,5.25,7,45.0,10.0,38.7,0
2025-01-15,New York Knicks,2025-01-15 17:00:00,3,1,0,2,0,4.25,6,69.0,45.0,61.900000000000006,1
2025-01-15,Orlando Magic,2025-01-15 17:00:00,6,1,2,0,0,7.75,9,291.0,240.0,285.2,2
2025-01-15,Philadelphia 76ers,2025-01-15 17:00:00,6,0,2,0,0,7.0,9,71.0,45.0,63.95,1
2025-01-15,San Antonio Spurs,2025-01-15 17:00:00,5,0,0,0,0,5.0,6,28.0,5.0,24.25,0
2025-01-15,Toronto Raptors,2025-01-15 17:00:00,6,0,0,0,0,6.0,6,28.0,5.0,28.0,0
2025-01-15,Utah Jazz,2025-01-15 17:00:00,6,0,0,0,3,6.0,10,83.0,25.0,66.25,2
2025-01-16,Cleveland Cavaliers,2025-01-16 17:00:00,3,0,1,0,0,3.5,4,18.0,5.0,16.35,0
2025-01-16,Detroit Pistons,2025-01-16 17:00:00,5,0,0,0,0,5.0,5,45.0,25.0,45.0,1
2025-01-16,Houston Rockets,2025-01-16 17:00:00,5,0,1,0,0,5.5,7,50.0,25.0,44.05,1
2025-01-16,Indiana Pacers,2025-01-16 17:00:00,3,0,5,0,0,5.5,8,46.0,10.0,26.75,0
2025-01-16,LA Clippers,2025-01-16 17:00:00,4,0,1,0,0,4.5,6,27.0,5.0,21.6,0
2025-01-16,Oklahoma City Thunder,2025-01-16 17:00:00,5,0,0,0,2,5.0,8,138.0,45.0,124.25,3
2025-01-16,Phoenix Suns,2025-01-16 17:00:00,6,0,0,0,0,6.0,6,33.0,10.0,33.0,0
2025-01-16,Portland Trail Blazers,2025-01-16 17:00:00,5,1,1,0,0,6.25,8,51.0,10.0,43.1,0
2025-01-16,Sacramento Kings,2025-01-16 17:00:00,3,0,1,1,0,3.75,6,24.0,5.0,16.05,0
2025-01-16,Washington Wizards,2025-01-16 17:00:00,4,0,0,0,0,4.0,4,260.0,240.0,260.0,1
2025-01-17,Boston Celtics,2025-01-17 17:00:00,3,0,0,0,1,3.0,4,20.0,5.0,15.0,0
2025-01-17,Brooklyn Nets,2025-01-17 17:00:00,6,0,1,0,0,6.5,8,320.0,240.0,310.75,4
2025-01-17,Charlotte Hornets,2025-01-17 17:00:00,3,0,2,1,0,4.25,7,262.0,240.0,252.39999999999998,1
2025-01-17,Chicago Bulls,2025-01-17 17:00:00,4,0,1,3,0,5.25,8,45.0,12.0,30.75,0
2025-01-17,Dallas Mavericks,2025-01-17 17:00:00,5,0,1,0,0,5.5,6,78.0,45.0,76.35,1
2025-01-17,Denver Nuggets,2025-01-17 17:00:00,4,0,2,1,0,5.25,7,245.0,180.0,238.6,2
2025-01-17,Los Angeles Lakers,2025-01-17 17:00:00,4,0,0,2,0,4.5,7,119.0,45.0,109.30000000000001,3
2025-01-17,Memphis Grizzlies,2025-01-17 17:00:00,5,0,1,0,0,5.5,7,76.0,45.0,70.6,1
2025-01-17,Miami Heat,2025-01-17 17:00:00,2,0,0,0,2,2.0,5,59.0,45.0,49.25,1
2025-01-17,Milwaukee Bucks,2025-01-17 17:00:00,4,0,0,0,3,4.0,7,26.0,5.0,16.0,0
2025-01-17,Minnesota Timberwolves,2025-01-17 17:00:00,5,0,0,0,0,5.0,5,19.0,5.0,19.0,0
2025-01-17,New Orleans Pelicans,2025-01-17 17:00:00,5,0,0,0,1,5.0,7,41.0,10.0,34.25,0
2025-01-17,New York Knicks,2025-01-17 17:00:00,2,0,1,0,0,2.5,3,58.0,45.0,53.6,1
2025-01-17,Oklahoma City Thunder,2025-01-17 17:00:00,5,0,0,0,0,5.0,6,128.0,45.0,124.25,3
2025-01-17,Orlando Magic,2025-01-17 17:00:00,7,0,0,0,0,7.0,7,285.0,240.0,285.0,2
2025-01-17,San Antonio Spurs,2025-01-17 17:00:00,3,0,0,0,0,3.0,4,18.0,5.0,14.25,0
2025-01-17,Toronto Raptors,2025-01-17 17:00:00,5,0,1,0,1,5.5,7,31.0,5.0,24.35,0
2025-01-17,Utah Jazz,2025-01-17 17:00:00,7,0,0,0,2,7.0,10,101.0,25.0,69.25,2
2025-01-18,Atlanta Hawks,2025-01-18 17:00:00,6,0,0,0,5,6.0,11,127.0,45.0,108.0,2
2025-01-18,Boston Celtics,2025-01-18 17:00:00,2,0,3,0,0,3.5,6,32.0,10.0,18.9,0
2025-01-18,Cleveland Cavaliers,2025-01-18 17:00:00,2,0,2,0,0,3.0,5,21.0,5.0,13.95,0
2025-01-18,Detroit Pistons,2025-01-18 17:00:00,5,0,0,0,0,5.0,5,45.0,25.0,45.0,1
2025-01-18,Golden State Warriors,2025-01-18 17:00:00,3,0,0,1,0,3.25,5,25.0,10.0,18.7,0
2025-01-18,Houston Rockets,2025-01-18 17:00:00,4,0,1,0,0,4.5,6,46.0,25.0,40.6,1
2025-01-18,Indiana Pacers,2025-01-18 17:00:00,2,0,3,0,0,3.5,5,21.0,5.0,12.75,0
2025-01-18,Minnesota Timberwolves,2025-01-18 17:00:00,4,0,0,0,0,4.0,5,21.0,5.0,17.25,0
2025-01-18,Philadelphia 76ers,2025-01-18 17:00:00,5,0,2,1,0,6.25,8,67.0,45.0,61.150000000000006,1
2025-01-18,Phoenix Suns,2025-01-18 17:00:00,4,0,0,0,1,4.0,5,28.0,10.0,23.0,0
2025-01-18,Portland Trail Blazers,2025-01-18 17:00:00,2,1,2,0,0,3.75,6,41.0,10.0,31.45,0
2025-01-18,Washington Wizards,2025-01-18 17:00:00,4,0,0,0,0,4.0,5,265.0,240.0,261.25,1
2025-01-19,Brooklyn Nets,2025-01-19 17:00:00,6,0,2,0,0,7.0,9,323.0,240.0,312.1,4
2025-01-19,Chicago Bulls,2025-01-19 17:00:00,7,0,1,1,0,7.75,9,50.0,12.0,40.85,0
2025-01-19,Denver Nuggets,2025-01-19 17:00:00,4,0,0,0,2,4.0,6,242.0,180.0,235.0,2
2025-01-19,LA Clippers,2025-01-19 17:00:00,1,0,4,0,0,3.0,6,22.0,5.0,11.65,0
2025-01-19,Los Angeles Lakers,2025-01-19 17:00:00,3,0,1,2,0,4.0,7,119.0,45.0,107.65,3
2025-01-19,Miami Heat,2025-01-19 17:00:00,3,0,0,0,2,3.0,5,61.0,45.0,53.0,1
2025-01-19,Milwaukee Bucks,2025-01-19 17:00:00,5,0,0,0,3,5.0,8,31.0,5.0,21.0,0
2025-01-19,Oklahoma City Thunder,2025-01-19 17:00:00,5,0,0,0,1,5.0,7,131.0,45.0,122.25,3
2025-01-19,Orlando Magic,2025-01-19 17:00:00,7,0,0,0,0,7.0,7,285.0,240.0,285.0,2
2025-01-19,Philadelphia 76ers,2025-01-19 17:00:00,6,0,2,0,0,7.0,9,76.0,45.0,68.95,1
2025-01-19,Portland Trail Blazers,2025-01-19 17:00:00,3,0,1,2,0,4.0,7,44.0,10.0,27.55,0
2025-01-19,Sacramento Kings,2025-01-19 17:00:00,1,0,1,0,0,1.5,3,18.0,10.0,8.75,0
2025-01-19,San Antonio Spurs,2025-01-19 17:00:00,4,0,0,0,0,4.0,5,23.0,5.0,19.25,0
2025-01-19,Washington Wizards,2025-01-19 17:00:00,4,0,0,0,0,4.0,5,265.0,240.0,261.25,1
2025-01-20,Atlanta Hawks,2025-01-20 17:00:00,6,0,0,0,2,6.0,8,114.0,45.0,108.0,2
2025-01-20,Boston Celtics,2025-01-20 17:00:00,3,0,0,0,0,3.0,4,20.0,5.0,16.25,0
2025-01-20,Charlotte Hornets,2025-01-20 17:00:00,5,0,0,0,0,5.0,5,256.0,240.0,256.0,1
2025-01-20,Chicago Bulls,2025-01-20 17:00:00,7,0,2,2,0,8.5,12,51.0,10.0,39.05,0
2025-01-20,Cleveland Cavaliers,2025-01-20 17:00:00,4,0,0,0,1,4.0,5,26.0,10.0,21.0,0
2025-01-20,Dallas Mavericks,2025-01-20 17:00:00,6,0,0,0,0,6.0,6,81.0,45.0,81.0,1
2025-01-20,Detroit Pistons,2025-01-20 17:00:00,5,0,0,0,0,5.0,5,45.0,25.0,45.0,1
2025-01-20,Golden State Warriors,2025-01-20 17:00:00,4,0,0,0,1,4.0,6,42.0,10.0,28.25,0
2025-01-20,Houston Rockets,2025-01-20 17:00:00,4,0,0,0,1,4.0,6,46.0,25.0,39.25,1
2025-01-20,LA Clippers,2025-01-20 17:00:00,3,0,2,2,0,4.5,8,29.0,5.0,16.85,0
2025-01-20,Memphis Grizzlies,2025-01-20 17:00:00,5,0,0,0,2,5.0,8,101.0,45.0,69.25,1
2025-01-20,Minnesota Timberwolves,2025-01-20 17:00:00,4,0,0,0,1,4.0,6,31.0,10.0,17.25,0
2025-01-20,New Orleans Pelicans,2025-01-20 17:00:00,6,0,0,0,1,6.0,7,39.0,10.0,36.0,0
2025-01-20,New York Knicks,2025-01-20 17:00:00,2,0,0,0,2,2.0,4,61.0,45.0,50.0,1
2025-01-20,Phoenix Suns,2025-01-20 17:00:00,4,0,0,0,1,4.0,5,32.0,10.0,22.0,0
2025-01-20,Utah Jazz,2025-01-20 17:00:00,7,0,0,0,1,7.0,9,78.0,25.0,71.25,2
2025-01-21,Brooklyn Nets,2025-01-21 17:00:00,8,0,0,1,0,8.25,9,322.0,240.0,318.6,4
2025-01-21,Denver Nuggets,2025-01-21 17:00:00,4,0,0,2,0,4.5,7,246.0,180.0,237.15,2
2025-01-21,Los Angeles Lakers,2025-01-21 17:00:00,3,0,0,2,0,3.5,6,116.0,45.0,106.3,3
2025-01-21,Miami Heat,2025-01-21 17:00:00,3,0,2,0,2,4.0,7,65.0,45.0,55.7,1
2025-01-21,New York Knicks,2025-01-21 17:00:00,2,0,0,2,0,2.5,5,66.0,45.0,52.900000000000006,1
2025-01-21,Orlando Magic,2025-01-21 17:00:00,5,0,4,0,0,7.0,9,291.0,240.0,274.5,2
2025-01-21,Philadelphia 76ers,2025-01-21 17:00:00,5,0,3,0,0,6.5,9,76.0,45.0,65.1,1
2025-01-21,Portland Trail Blazers,2025-01-21 17:00:00,4,0,4,0,0,6.0,8,42.0,10.0,35.4,0
2025-01-21,Toronto Raptors,2025-01-21 17:00:00,2,0,1,0,2,2.5,5,19.0,5.0,7.35,0
2025-01-21,Washington Wizards,2025-01-21 17:00:00,4,0,0,0,0,4.0,5,265.0,240.0,261.25,1
2025-01-22,Atlanta Hawks,2025-01-22 17:00:00,7,0,0,0,3,7.0,10,124.0,45.0,113.0,2
2025-01-22,Boston Celtics,2025-01-22 17:00:00,3,0,3,0,0,4.5,7,29.0,5.0,20.3,0
2025-01-22,Brooklyn Nets,2025-01-22 17:00:00,9,0,0,0,0,9.0,10,332.0,240.0,328.25,4
2025-01-22,Charlotte Hornets,2025-01-22 17:00:00,5,0,0,0,0,5.0,6,261.0,240.0,257.25,1
2025-01-22,Cleveland Cavaliers,2025-01-22 17:00:00,4,0,1,0,0,4.5,6,31.0,10.0,25.6,0
2025-01-22,Dallas Mavericks,2025-01-22 17:00:00,5,0,3,0,0,6.5,9,99.0,45.0,86.45,1
2025-01-22,Detroit Pistons,2025-01-22 17:00:00,5,0,0,0,0,5.0,5,45.0,25.0,45.0,1
2025-01-22,Golden State Warriors,2025-01-22 17:00:00,4,0,1,0,0,4.5,6,35.0,10.0,29.6,0
2025-01-22,Houston Rockets,2025-01-22 17:00:00,3,0,0,0,0,3.0,4,40.0,25.0,36.25,1
2025-01-22,LA Clippers,2025-01-22 17:00:00,5,0,2,0,0,6.0,8,29.0,5.0,21.95,0
2025-01-22,Memphis Grizzlies,2025-01-22 17:00:00,5,1,0,1,1,6.0,9,104.0,45.0,71.95,1
2025-01-22,Milwaukee Bucks,2025-01-22 17:00:00,4,0,0,3,0,4.75,7,28.0,5.0,19.5,0
2025-01-22,Minnesota Timberwolves,2025-01-22 17:00:00,4,0,0,0,0,4.0,5,21.0,5.0,17.25,0
2025-01-22,New Orleans Pelicans,2025-01-22 17:00:00,4,0,2,1,0,5.25,8,44.0,10.0,34.4,0
2025-01-22,Oklahoma City Thunder,2025-01-22 17:00:00,4,0,1,0,0,4.5,5,121.0,45.0,119.35,3
2025-01-22,Phoenix Suns,2025-01-22 17:00:00,3,0,1,0,0,3.5,4,27.0,10.0,21.5,0
2025-01-22,Sacramento Kings,2025-01-22 17:00:00,3,0,0,0,0,3.0,4,20.0,5.0,16.25,0
2025-01-22,Utah Jazz,2025-01-22 17:00:00,6,0,0,0,4,6.0,11,118.0,25.0,79.25,2
2025-01-23,Atlanta Hawks,2025-01-23 17:00:00,8,0,0,2,0,8.5,11,127.0,45.0,118.15,2
2025-01-23,Boston Celtics,2025-01-23 17:00:00,3,0,0,0,0,3.0,4,20.0,5.0,16.25,0
2025-01-23,Chicago Bulls,2025-01-23 17:00:00,5,0,2,0,0,6.0,8,39.0,10.0,31.95,0
2025-01-23,Dallas Mavericks,2025-01-23 17:00:00,7,0,0,0,0,7.0,8,131.0,45.0,127.25,2
2025-01-23,Denver Nuggets,2025-01-23 17:00:00,4,0,0,0,0,4.0,4,235.0,180.0,235.0,2
2025-01-23,Golden State Warriors,2025-01-23 17:00:00,3,0,3,2,0,5.0,9,58.0,10.0,35.95,0
2025-01-23,Indiana Pacers,2025-01-23 17:00:00,4,0,0,0,1,4.0,5,21.0,5.0,16.0,0
2025-01-23,LA Clippers,2025-01-23 17:00:00,4,0,0,0,0,4.0,5,21.0,5.0,17.25,0
2025-01-23,Los Angeles Lakers,2025-01-23 17:00:00,3,0,0,2,0,3.5,6,116.0,45.0,106.3,3
2025-01-23,Miami Heat,2025-01-23 17:00:00,3,0,1,1,1,3.75,6,64.0,45.0,54.8,1
2025-01-23,Milwaukee Bucks,2025-01-23 17:00:00,1,0,0,2,0,1.5,4,15.0,5.0,5.3,0
2025-01-23,Oklahoma City Thunder,2025-01-23 17:00:00,5,0,0,0,0,5.0,6,126.0,45.0,122.25,3
2025-01-23,Orlando Magic,2025-01-23 17:00:00,5,0,1,0,3,5.5,9,291.0,240.0,269.35,2
2025-01-23,Portland Trail Blazers,2025-01-23 17:00:00,3,0,4,0,0,5.0,7,37.0,10.0,30.4,0
2025-01-23,Sacramento Kings,2025-01-23 17:00:00,3,0,0,0,0,3.0,4,20.0,5.0,16.25,0
2025-01-23,San Antonio Spurs,2025-01-23 17:00:00,3,0,0,0,1,3.0,4,18.0,5.0,15.0,0
2025-01-23,Toronto Raptors,2025-01-23 17:00:00,5,0,1,0,0,5.5,6,26.0,5.0,24.35,0
2025-01-23,Washington Wizards,2025-01-23 17:00:00,4,0,0,0,0,4.0,5,265.0,240.0,261.25,1
2025-01-24,Charlotte Hornets,2025-01-24 17:00:00,4,0,3,1,1,5.75,9,275.0,240.0,258.65,1
2025-01-24,Cleveland Cavaliers,2025-01-24 17:00:00,3,0,1,0,0,3.5,4,21.0,10.0,19.35,0
2025-01-24,Memphis Grizzlies,2025-01-24 17:00:00,6,0,2,0,1,7.0,10,107.0,45.0,74.95,1
2025-01-24,New Orleans Pelicans,2025-01-24 17:00:00,5,0,0,0,2,5.0,7,43.0,10.0,37.0,0
2025-01-24,Philadelphia 76ers,2025-01-24 17:00:00,6,0,0,0,1,6.0,7,70.0,45.0,65.0,1
2025-01-24,Portland Trail Blazers,2025-01-24 17:00:00,4,0,1,3,0,5.25,9,54.0,12.0,35.0,0
2025-01-25,Atlanta Hawks,2025-01-25 17:00:00,6,0,2,2,1,7.5,11,136.0,45.0,86.9,3
2025-01-25,Boston Celtics,2025-01-25 17:00:00,3,0,0,0,1,3.0,5,23.0,5.0,16.25,0
2025-01-25,Brooklyn Nets,2025-01-25 17:00:00,6,0,0,0,3,6.0,9,326.0,240.0,310.0,4
2025-01-25,Charlotte Hornets,2025-01-25 17:00:00,7,0,0,3,0,7.75,11,284.0,240.0,266.65,1
2025-01-25,Chicago Bulls,2025-01-25 17:00:00,5,0,2,0,0,6.0,7,34.0,10.0,30.7,0
2025-01-25,Cleveland Cavaliers,2025-01-25 17:00:00,4,0,2,0,0,5.0,7,34.0,10.0,23.1,0
2025-01-25,Dallas Mavericks,2025-01-25 17:00:00,5,0,0,0,2,5.0,7,126.0,45.0,106.0,2
2025-01-25,Denver Nuggets,2025-01-25 17:00:00,4,0,0,0,0,4.0,4,235.0,180.0,235.0,2
2025-01-25,Detroit Pistons,2025-01-25 17:00:00,5,0,0,0,0,5.0,5,45.0,25.0,45.0,1
2025-01-25,Golden State Warriors,2025-01-25 17:00:00,2,0,0,3,0,2.75,6,35.0,10.0,22.75,0
2025-01-25,Houston Rockets,2025-01-25 17:00:00,3,0,0,0,0,3.0,3,35.0,25.0,35.0,1
2025-01-25,Indiana Pacers,2025-01-25 17:00:00,4,0,0,0,1,4.0,5,21.0,5.0,16.0,0
2025-01-25,LA Clippers,2025-01-25 17:00:00,3,0,2,0,1,4.0,7,37.0,10.0,21.1,0
2025-01-25,Los Angeles Lakers,2025-01-25 17:00:00,3,0,2,1,0,4.25,7,79.0,45.0,68.85,2
2025-01-25,Memphis Grizzlies,2025-01-25 17:00:00,6,1,0,1,1,7.0,10,107.0,45.0,74.95,1
2025-01-25,Miami Heat,2025-01-25 17:00:00,5,0,0,0,1,5.0,6,66.0,45.0,63.0,1
2025-01-25,Milwaukee Bucks,2025-01-25 17:00:00,5,0,0,2,1,5.5,9,38.0,5.0,23.3,0
2025-01-25,Minnesota Timberwolves,2025-01-25 17:00:00,4,0,0,0,1,4.0,6,24.0,5.0,17.25,0
2025-01-25,New Orleans Pelicans,2025-01-25 17:00:00,3,0,1,0,0,3.5,5,33.0,10.0,27.6,0
2025-01-25,New York Knicks,2025-01-25 17:00:00,4,0,1,0,0,4.5,5,59.0,45.0,57.35,1
2025-01-25,Orlando Magic,2025-01-25 17:00:00,4,0,0,0,2,4.0,6,271.0,240.0,265.0,2
2025-01-25,Philadelphia 76ers,2025-01-25 17:00:00,5,0,0,0,0,5.0,6,67.0,45.0,63.25,1
2025-01-25,Phoenix Suns,2025-01-25 17:00:00,2,0,0,1,0,2.25,4,25.0,10.0,12.75,0
2025-01-25,Sacramento Kings,2025-01-25 17:00:00,3,0,1,0,0,3.5,4,23.0,8.0,18.6,0
2025-01-25,San Antonio Spurs,2025-01-25 17:00:00,3,0,0,0,0,3.0,3,15.0,5.0,15.0,0
2025-01-25,Toronto Raptors,2025-01-25 17:00:00,7,0,0,0,0,7.0,7,29.0,5.0,29.0,0
2025-01-25,Utah Jazz,2025-01-25 17:00:00,7,0,0,0,2,7.0,10,116.0,25.0,77.25,2
2025-01-25,Washington Wizards,2025-01-25 17:00:00,4,0,0,0,0,4.0,5,265.0,240.0,261.25,1
2025-01-26,Oklahoma City Thunder,2025-01-26 17:00:00,5,0,0,0,1,5.0,6,148.0,45.0,123.0,3
2025-01-26,Portland Trail Blazers,2025-01-26 17:00:00,2,0,0,0,0,2.0,3,27.0,12.0,23.25,0
2025-01-27,Atlanta Hawks,2025-01-27 17:00:00,5,0,3,0,3,6.5,12,132.0,45.0,85.2,2
2025-01-27,Boston Celtics,2025-01-27 17:00:00,0,0,3,0,3,1.5,6,24.0,5.0,4.050000000000001,0
2025-01-27,Brooklyn Nets,2025-01-27 17:00:00,7,0,0,0,0,7.0,7,313.0,240.0,313.0,4
2025-01-27,Charlotte Hornets,2025-01-27 17:00:00,6,0,0,0,0,6.0,6,259.0,240.0,259.0,1
2025-01-27,Chicago Bulls,2025-01-27 17:00:00,5,0,0,0,0,5.0,5,28.0,10.0,28.0,0
2025-01-27,Cleveland Cavaliers,2025-01-27 17:00:00,4,0,0,0,0,4.0,4,23.0,12.0,23.0,0
2025-01-27,Dallas Mavericks,2025-01-27 17:00:00,6,0,0,0,0,6.0,7,136.0,45.0,132.25,3
2025-01-27,Denver Nuggets,2025-01-27 17:00:00,4,0,0,0,0,4.0,5,240.0,180.0,236.25,2
2025-01-27,Detroit Pistons,2025-01-27 17:00:00,4,0,1,0,0,4.5,5,43.0,25.0,41.35,1
2025-01-27,Houston Rockets,2025-01-27 17:00:00,3,0,1,0,0,3.5,4,38.0,25.0,36.35,1
2025-01-27,LA Clippers,2025-01-27 17:00:00,5,0,0,0,0,5.0,6,32.0,10.0,28.25,0
2025-01-27,Los Angeles Lakers,2025-01-27 17:00:00,5,0,0,2,0,5.5,7,77.0,45.0,71.05,2
2025-01-27,Memphis Grizzlies,2025-01-27 17:00:00,5,0,2,0,1,6.0,8,99.0,45.0,70.7,1
2025-01-27,Miami Heat,2025-01-27 17:00:00,5,0,0,0,2,5.0,7,69.0,45.0,61.0,1
2025-01-27,Milwaukee Bucks,2025-01-27 17:00:00,3,0,3,1,0,4.75,8,31.0,5.0,19.2,0
2025-01-27,Minnesota Timberwolves,2025-01-27 17:00:00,4,0,0,0,0,4.0,5,21.0,5.0,17.25,0
2025-01-27,New Orleans Pelicans,2025-01-27 17:00:00,3,0,0,0,1,3.0,4,28.0,10.0,25.0,0
2025-01-27,New York Knicks,2025-01-27 17:00:00,3,0,2,0,0,4.0,5,59.0,45.0,55.7,1
2025-01-27,Orlando Magic,2025-01-27 17:00:00,3,0,1,0,1,3.5,5,268.0,240.0,260.35,2
2025-01-27,Phoenix Suns,2025-01-27 17:00:00,3,0,0,0,0,3.0,4,25.0,10.0,21.25,0
2025-01-27,Sacramento Kings,2025-01-27 17:00:00,3,0,0,0,0,3.0,3,15.0,5.0,15.0,0
2025-01-27,Toronto Raptors,2025-01-27 17:00:00,1,0,3,0,0,2.5,4,12.0,3.0,7.050000000000001,0
2025-01-27,Utah Jazz,2025-01-27 17:00:00,5,0,0,0,3,5.0,9,104.0,25.0,67.25,2
2025-01-27,Washington Wizards,2025-01-27 17:00:00,3,0,0,0,0,3.0,4,260.0,240.0,256.25,1
2025-01-28,Atlanta Hawks,2025-01-28 17:00:00,5,0,1,0,1,5.5,8,73.0,45.0,64.05,1
2025-01-28,Golden State Warriors,2025-01-28 17:00:00,2,0,0,0,0,2.0,3,25.0,10.0,21.25,0
2025-01-28,Houston Rockets,2025-01-28 17:00:00,5,0,1,0,0,5.5,7,50.0,25.0,44.6,1
2025-01-28,Los Angeles Lakers,2025-01-28 17:00:00,4,0,0,3,0,4.75,8,122.0,45.0,109.75,3
2025-01-28,Milwaukee Bucks,2025-01-28 17:00:00,5,0,0,2,0,5.5,8,31.0,5.0,21.3,0
2025-01-28,Philadelphia 76ers,2025-01-28 17:00:00,6,0,0,1,0,6.25,7,68.0,45.0,65.45,1
2025-01-28,Portland Trail Blazers,2025-01-28 17:00:00,1,0,2,0,0,2.0,4,32.0,12.0,18.9,0
2025-01-28,Utah Jazz,2025-01-28 17:00:00,7,0,0,0,2,7.0,10,107.0,25.0,75.25,2
2025-01-29,Boston Celtics,2025-01-29 17:00:00,3,0,3,0,0,4.5,6,24.0,5.0,19.05,0
2025-01-29,Brooklyn Nets,2025-01-29 17:00:00,7,0,0,0,0,7.0,7,311.0,240.0,311.0,3
2025-01-29,Charlotte Hornets,2025-01-29 17:00:00,8,0,0,0,0,8.0,8,271.0,240.0,271.0,1
2025-01-29,Chicago Bulls,2025-01-29 17:00:00,5,0,0,0,1,5.0,6,33.0,10.0,28.0,0
2025-01-29,Cleveland Cavaliers,2025-01-29 17:00:00,6,0,1,0,0,6.5,7,27.0,5.0,25.35,0
2025-01-29,Dallas Mavericks,2025-01-29 17:00:00,4,1,1,0,0,5.25,6,131.0,45.0,118.1,3
2025-01-29,Denver Nuggets,2025-01-29 17:00:00,4,0,0,0,0,4.0,4,235.0,180.0,235.0,2
2025-01-29,Detroit Pistons,2025-01-29 17:00:00,4,0,0,0,0,4.0,4,40.0,25.0,40.0,1
2025-01-29,Golden State Warriors,2025-01-29 17:00:00,2,0,0,1,0,2.25,4,29.0,10.0,21.85,0
2025-01-29,Indiana Pacers,2025-01-29 17:00:00,4,2,1,0,0,6.0,7,27.0,5.0,21.75,0
2025-01-29,LA Clippers,2025-01-29 17:00:00,5,0,0,0,0,5.0,6,34.0,10.0,30.25,0
2025-01-29,Miami Heat,2025-01-29 17:00:00,4,0,0,0,3,4.0,7,67.0,45.0,58.0,1
2025-01-29,Minnesota Timberwolves,2025-01-29 17:00:00,4,0,2,0,0,5.0,7,27.0,5.0,19.95,0
2025-01-29,New Orleans Pelicans,2025-01-29 17:00:00,6,0,0,0,1,6.0,8,46.0,10.0,39.25,0
2025-01-29,New York Knicks,2025-01-29 17:00:00,3,0,1,0,0,3.5,4,56.0,45.0,54.35,1
2025-01-29,Oklahoma City Thunder,2025-01-29 17:00:00,4,0,0,0,0,4.0,5,125.0,45.0,121.25,3
2025-01-29,Philadelphia 76ers,2025-01-29 17:00:00,5,0,1,0,0,5.5,7,70.0,45.0,64.6,1
2025-01-29,Phoenix Suns,2025-01-29 17:00:00,0,0,2,0,0,1.0,3,18.0,10.0,7.1,0
2025-01-29,Sacramento Kings,2025-01-29 17:00:00,4,0,0,0,0,4.0,4,18.0,5.0,18.0,0
2025-01-29,San Antonio Spurs,2025-01-29 17:00:00,4,0,0,0,0,4.0,5,26.0,6.0,22.25,0
2025-01-29,Toronto Raptors,2025-01-29 17:00:00,5,0,2,0,0,6.0,7,36.0,10.0,28.85,0
2025-01-29,Washington Wizards,2025-01-29 17:00:00,4,0,0,0,0,4.0,4,265.0,240.0,265.0,1
2025-01-30,Atlanta Hawks,2025-01-30 17:00:00,6,0,0,0,1,6.0,7,69.0,45.0,66.0,1
2025-01-30,Cleveland Cavaliers,2025-01-30 17:00:00,4,0,1,0,0,4.5,6,22.0,5.0,16.6,0
2025-01-30,Houston Rockets,2025-01-30 17:00:00,3,0,2,0,0,4.0,6,46.0,25.0,38.95,1
2025-01-30,Los Angeles Lakers,2025-01-30 17:00:00,3,0,3,1,0,4.75,7,75.0,45.0,66.95,2
2025-01-30,Memphis Grizzlies,2025-01-30 17:00:00,5,0,1,0,1,5.5,8,101.0,45.0,70.6,1
2025-01-30,Minnesota Timberwolves,2025-01-30 17:00:00,4,0,1,0,0,4.5,6,29.0,8.0,20.85,0
2025-01-30,Orlando Magic,2025-01-30 17:00:00,2,0,1,1,0,2.75,4,262.0,240.0,248.45,2
2025-01-30,Portland Trail Blazers,2025-01-30 17:00:00,1,0,2,0,0,2.0,4,23.0,10.0,14.85,0
2025-01-30,Utah Jazz,2025-01-30 17:00:00,5,0,0,0,3,5.0,9,106.0,25.0,71.25,2
2025-01-30,Washington Wizards,2025-01-30 17:00:00,4,0,0,0,0,4.0,5,270.0,240.0,266.25,1
2025-01-31,Boston Celtics,2025-01-31 17:00:00,3,0,1,1,0,3.75,6,26.0,5.0,18.05,0
2025-01-31,Charlotte Hornets,2025-01-31 17:00:00,7,0,0,1,0,7.25,8,271.0,240.0,268.45,1
2025-01-31,Chicago Bulls,2025-01-31 17:00:00,5,0,1,0,0,5.5,6,31.0,10.0,29.35,0
2025-01-31,Dallas Mavericks,2025-01-31 17:00:00,5,0,0,0,1,5.0,6,133.0,45.0,88.0,2
2025-01-31,Denver Nuggets,2025-01-31 17:00:00,4,0,0,0,0,4.0,4,235.0,180.0,235.0,2
2025-01-31,Detroit Pistons,2025-01-31 17:00:00,5,0,0,0,0,5.0,5,45.0,25.0,45.0,1
2025-01-31,Golden State Warriors,2025-01-31 17:00:00,2,0,0,0,1,2.0,4,50.0,25.0,21.25,0
2025-01-31,LA Clippers,2025-01-31 17:00:00,5,0,1,0,0,5.5,6,32.0,10.0,30.35,0
2025-01-31,Milwaukee Bucks,2025-01-31 17:00:00,4,0,1,3,0,5.25,9,36.0,5.0,22.1,0
2025-01-31,New Orleans Pelicans,2025-01-31 17:00:00,6,0,1,0,1,6.5,9,52.0,10.0,43.6,0
2025-01-31,Philadelphia 76ers,2025-01-31 17:00:00,6,0,0,0,0,6.0,6,65.0,45.0,65.0,1
2025-01-31,Phoenix Suns,2025-01-31 17:00:00,2,0,0,0,0,2.0,3,15.0,5.0,11.25,0
2025-01-31,San Antonio Spurs,2025-01-31 17:00:00,3,0,1,0,0,3.5,5,26.0,6.0,18.95,0
2025-01-31,Toronto Raptors,2025-01-31 17:00:00,4,1,3,0,0,6.25,8,39.0,10.0,29.45,0
2025-02-01,Atlanta Hawks,2025-02-01 17:00:00,6,0,0,0,1,6.0,7,69.0,45.0,66.0,1
2025-02-01,Brooklyn Nets,2025-02-01 17:00:00,7,0,0,0,0,7.0,7,311.0,240.0,311.0,3
2025-02-01,Charlotte Hornets,2025-02-01 17:00:00,7,0,0,0,0,7.0,8,283.0,240.0,279.25,2
2025-02-01,Denver Nuggets,2025-02-01 17:00:00,4,0,0,0,0,4.0,5,256.0,180.0,252.25,3
2025-02-01,Houston Rockets,2025-02-01 17:00:00,3,0,1,0,0,3.5,4,38.0,25.0,36.35,1
2025-02-01,Indiana Pacers,2025-02-01 17:00:00,4,0,0,0,3,4.0,7,25.0,5.0,14.0,0
2025-02-01,Los Angeles Lakers,2025-02-01 17:00:00,4,0,0,4,0,5.0,8,78.0,45.0,66.95,2
2025-02-01,Miami Heat,2025-02-01 17:00:00,4,0,0,0,3,4.0,7,71.0,45.0,58.0,1
2025-02-01,Minnesota Timberwolves,2025-02-01 17:00:00,4,0,3,0,0,5.5,8,42.0,10.0,30.55,0
2025-02-01,New York Knicks,2025-02-01 17:00:00,3,0,1,0,0,3.5,4,56.0,45.0,54.35,1
2025-02-01,Oklahoma City Thunder,2025-02-01 17:00:00,6,0,0,0,1,6.0,8,163.0,45.0,134.25,3
2025-02-01,Orlando Magic,2025-02-01 17:00:00,4,0,0,0,0,4.0,4,253.0,240.0,253.0,1
2025-02-01,Phoenix Suns,2025-02-01 17:00:00,2,0,0,0,0,2.0,3,15.0,5.0,11.25,0
2025-02-01,Portland Trail Blazers,2025-02-01 17:00:00,1,0,3,0,0,2.5,5,26.0,10.0,16.2,0
2025-02-01,Sacramento Kings,2025-02-01 17:00:00,2,0,0,0,0,2.0,3,15.0,5.0,11.25,0
2025-02-01,San Antonio Spurs,2025-02-01 17:00:00,3,0,0,0,0,3.0,4,20.0,5.0,16.25,0
2025-02-01,Utah Jazz,2025-02-01 17:00:00,6,0,0,0,2,6.0,9,110.0,25.0,56.25,1
2025-02-01,Washington Wizards,2025-02-01 17:00:00,4,0,0,0,1,4.0,5,270.0,240.0,267.0,1
2025-02-02,Boston Celtics,2025-02-02 17:00:00,4,0,0,0,0,4.0,4,18.0,5.0,18.0,0
2025-02-02,Chicago Bulls,2025-02-02 17:00:00,7,0,0,0,0,7.0,7,34.0,10.0,34.0,0
2025-02-02,Cleveland Cavaliers,2025-02-02 17:00:00,6,0,0,0,1,6.0,7,27.0,5.0,24.0,0
2025-02-02,Dallas Mavericks,2025-02-02 17:00:00,9,0,0,0,0,9.0,9,102.0,45.0,102.0,2
2025-02-02,Detroit Pistons,2025-02-02 17:00:00,5,0,0,0,0,5.0,5,45.0,25.0,45.0,1
2025-02-02,LA Clippers,2025-02-02 17:00:00,7,0,0,0,0,7.0,7,37.0,10.0,37.0,0
2025-02-02,Memphis Grizzlies,2025-02-02 17:00:00,5,1,0,0,1,5.75,8,101.0,45.0,71.5,1
2025-02-02,Milwaukee Bucks,2025-02-02 17:00:00,3,0,0,6,0,4.5,10,37.0,5.0,17.1,0
2025-02-02,Philadelphia 76ers,2025-02-02 17:00:00,7,0,0,0,2,7.0,9,96.0,45.0,86.0,2
2025-02-02,Toronto Raptors,2025-02-02 17:00:00,6,0,0,0,0,6.0,6,26.0,5.0,26.0,0
2025-02-03,Atlanta Hawks,2025-02-03 17:00:00,6,0,0,0,1,6.0,7,69.0,45.0,66.0,1
2025-02-03,Charlotte Hornets,2025-02-03 17:00:00,6,1,1,0,0,7.25,8,279.0,240.0,276.6,2
2025-02-03,Denver Nuggets,2025-02-03 17:00:00,4,0,1,0,0,4.5,6,260.0,180.0,254.05,3
2025-02-03,Detroit Pistons,2025-02-03 17:00:00,5,0,0,0,0,5.0,6,50.0,25.0,46.25,1
2025-02-03,Golden State Warriors,2025-02-03 17:00:00,1,0,0,2,0,1.5,4,28.0,10.0,13.2,0
2025-02-03,Houston Rockets,2025-02-03 17:00:00,4,1,1,0,0,5.25,6,44.0,25.0,41.6,1
2025-02-03,Indiana Pacers,2025-02-03 17:00:00,2,2,2,0,0,4.5,7,29.0,5.0,18.35,0
2025-02-03,Memphis Grizzlies,2025-02-03 17:00:00,2,2,2,0,1,4.5,8,97.0,45.0,61.7,1
2025-02-03,Milwaukee Bucks,2025-02-03 17:00:00,5,1,1,0,0,6.25,8,31.0,5.0,24.85,0
2025-02-03,Minnesota Timberwolves,2025-02-03 17:00:00,3,0,2,0,0,4.0,6,29.0,10.0,21.95,0
2025-02-03,New Orleans Pelicans,2025-02-03 17:00:00,5,0,0,0,1,5.0,7,44.0,10.0,37.25,0
2025-02-03,New York Knicks,2025-02-03 17:00:00,4,0,0,1,0,4.25,5,59.0,45.0,56.45,1
2025-02-03,Oklahoma City Thunder,2025-02-03 17:00:00,6,0,0,0,1,6.0,8,148.0,45.0,139.25,3
2025-02-03,Orlando Magic,2025-02-03 17:00:00,2,1,0,0,0,2.75,3,248.0,240.0,247.25,1
2025-02-03,Phoenix Suns,2025-02-03 17:00:00,2,0,0,0,0,2.0,3,15.0,5.0,11.25,0
2025-02-03,Portland Trail Blazers,2025-02-03 17:00:00,1,0,4,0,0,3.0,6,33.0,10.0,19.35,0
2025-02-03,Sacramento Kings,2025-02-03 17:00:00,2,0,0,0,0,2.0,2,10.0,5.0,10.0,0
2025-02-03,San Antonio Spurs,2025-02-03 17:00:00,3,0,1,0,0,3.5,5,23.0,5.0,17.6,0
2025-02-03,Utah Jazz,2025-02-03 17:00:00,7,0,0,0,1,7.0,9,90.0,25.0,61.25,1
2025-02-03,Washington Wizards,2025-02-03 17:00:00,5,0,1,0,0,5.5,6,275.0,240.0,273.35,1
2025-02-04,Boston Celtics,2025-02-04 17:00:00,2,0,0,0,0,2.0,2,10.0,5.0,10.0,0
2025-02-04,Brooklyn Nets,2025-02-04 17:00:00,8,0,0,0,1,8.0,9,340.0,240.0,315.0,3
2025-02-04,Chicago Bulls,2025-02-04 17:00:00,4,1,1,0,0,5.25,6,22.0,5.0,19.6,0
2025-02-04,Cleveland Cavaliers,2025-02-04 17:00:00,5,0,0,0,0,5.0,5,21.0,5.0,21.0,0
2025-02-04,Dallas Mavericks,2025-02-04 17:00:00,5,0,0,0,1,5.0,6,64.0,45.0,59.0,1
2025-02-04,Houston Rockets,2025-02-04 17:00:00,5,0,1,1,0,5.75,8,53.0,25.0,45.05,1
2025-02-04,Indiana Pacers,2025-02-04 17:00:00,2,0,5,0,0,4.5,8,32.0,5.0,16.7,0
2025-02-04,LA Clippers,2025-02-04 17:00:00,1,0,0,0,0,1.0,2,15.0,10.0,11.25,0
2025-02-04,Los Angeles Lakers,2025-02-04 17:00:00,3,1,0,2,1,4.25,8,100.0,45.0,84.55,2
2025-02-04,Miami Heat,2025-02-04 17:00:00,4,0,0,1,0,4.25,5,61.0,45.0,58.45,1
2025-02-04,New York Knicks,2025-02-04 17:00:00,4,0,0,3,0,4.75,8,70.0,45.0,58.6,1
2025-02-04,Philadelphia 76ers,2025-02-04 17:00:00,5,0,2,0,1,6.0,8,89.0,45.0,81.7,2
2025-02-04,Portland Trail Blazers,2025-02-04 17:00:00,1,0,0,0,0,1.0,2,15.0,10.0,11.25,0
2025-02-04,Toronto Raptors,2025-02-04 17:00:00,3,0,2,0,0,4.0,5,22.0,6.0,18.7,0
2025-02-05,Atlanta Hawks,2025-02-05 17:00:00,6,0,0,0,1,6.0,7,111.0,45.0,108.0,2
2025-02-05,Brooklyn Nets,2025-02-05 17:00:00,7,0,1,0,1,7.5,10,338.0,240.0,307.6,3
2025-02-05,Charlotte Hornets,2025-02-05 17:00:00,6,0,1,0,0,6.5,7,276.0,240.0,274.35,2
2025-02-05,Chicago Bulls,2025-02-05 17:00:00,6,0,1,0,0,6.5,8,33.0,5.0,27.6,0
2025-02-05,Cleveland Cavaliers,2025-02-05 17:00:00,4,0,1,0,0,4.5,6,24.0,5.0,18.6,0
2025-02-05,Denver Nuggets,2025-02-05 17:00:00,4,0,1,0,0,4.5,5,255.0,180.0,252.8,3
2025-02-05,Detroit Pistons,2025-02-05 17:00:00,2,0,0,0,3,2.0,5,45.0,25.0,30.0,1
2025-02-05,Golden State Warriors,2025-02-05 17:00:00,2,0,0,2,1,2.5,6,56.0,25.0,16.2,0
2025-02-05,Memphis Grizzlies,2025-02-05 17:00:00,2,0,4,0,1,4.0,7,99.0,45.0,63.55,1
2025-02-05,Miami Heat,2025-02-05 17:00:00,4,0,0,2,0,4.5,7,69.0,45.0,60.15,1
2025-02-05,Milwaukee Bucks,2025-02-05 17:00:00,4,0,0,3,1,4.75,8,32.0,5.0,21.35,0
2025-02-05,Minnesota Timberwolves,2025-02-05 17:00:00,2,0,0,0,1,2.0,4,23.0,10.0,14.25,0
2025-02-05,New Orleans Pelicans,2025-02-05 17:00:00,4,0,1,0,0,4.5,6,36.0,10.0,30.6,0
2025-02-05,Oklahoma City Thunder,2025-02-05 17:00:00,4,0,0,0,1,4.0,5,130.0,45.0,125.0,3
2025-02-05,Orlando Magic,2025-02-05 17:00:00,2,1,0,0,0,2.75,3,248.0,240.0,247.25,1
2025-02-05,Philadelphia 76ers,2025-02-05 17:00:00,3,2,3,0,0,6.0,9,98.0,45.0,81.2,2
2025-02-05,Phoenix Suns,2025-02-05 17:00:00,0,1,0,0,0,0.75,2,15.0,10.0,8.75,0
2025-02-05,Sacramento Kings,2025-02-05 17:00:00,1,0,0,0,1,1.0,3,15.0,5.0,6.25,0
2025-02-05,San Antonio Spurs,2025-02-05 17:00:00,2,0,1,0,2,2.5,5,21.0,5.0,9.35,0
2025-02-05,Toronto Raptors,2025-02-05 17:00:00,5,0,1,0,0,5.5,7,31.0,6.0,25.6,0
2025-02-05,Utah Jazz,2025-02-05 17:00:00,7,0,1,0,0,7.5,9,74.0,25.0,68.05,1
2025-02-05,Washington Wizards,2025-02-05 17:00:00,6,0,0,0,0,6.0,6,277.0,240.0,277.0,1
2025-02-06,Boston Celtics,2025-02-06 17:00:00,3,0,0,0,0,3.0,3,13.0,5.0,13.0,0
2025-02-06,Dallas Mavericks,2025-02-06 17:00:00,4,0,1,0,0,4.5,5,57.0,45.0,55.35,1
2025-02-06,Denver Nuggets,2025-02-06 17:00:00,4,0,2,0,0,5.0,7,263.0,180.0,255.39999999999998,3
2025-02-06,Golden State Warriors,2025-02-06 17:00:00,5,0,2,2,1,6.5,11,79.0,25.0,35.9,0
2025-02-06,Houston Rockets,2025-02-06 17:00:00,4,1,0,0,0,4.75,6,53.0,25.0,48.5,1
2025-02-06,Indiana Pacers,2025-02-06 17:00:00,2,1,2,0,0,3.75,6,26.0,5.0,15.5,0
2025-02-06,LA Clippers,2025-02-06 17:00:00,3,0,0,0,0,3.0,4,20.0,5.0,16.25,0
2025-02-06,Los Angeles Lakers,2025-02-06 17:00:00,3,1,0,2,0,4.25,7,95.0,45.0,84.55000000000001,2
2025-02-06,Minnesota Timberwolves,2025-02-06 17:00:00,2,0,0,0,0,2.0,3,18.0,10.0,14.25,0
2025-02-06,Orlando Magic,2025-02-06 17:00:00,2,1,2,0,0,3.75,6,259.0,240.0,251.2,1
2025-02-06,Portland Trail Blazers,2025-02-06 17:00:00,1,0,0,0,0,1.0,2,15.0,10.0,11.25,0
2025-02-06,Sacramento Kings,2025-02-06 17:00:00,2,0,0,0,0,2.0,3,15.0,5.0,11.25,0
2025-02-07,Atlanta Hawks,2025-02-07 17:00:00,11,0,0,0,3,11.0,14,146.0,45.0,133.0,2
2025-02-07,Brooklyn Nets,2025-02-07 17:00:00,7,0,0,0,1,7.0,8,331.0,240.0,306.0,3
2025-02-07,Charlotte Hornets,2025-02-07 17:00:00,5,1,3,0,0,7.25,9,288.0,240.0,276.25,2
2025-02-07,Cleveland Cavaliers,2025-02-07 17:00:00,7,0,0,1,0,7.25,8,32.0,5.0,29.45,0
2025-02-07,Detroit Pistons,2025-02-07 17:00:00,7,0,1,2,1,8.0,11,83.0,25.0,61.45,1
2025-02-07,Miami Heat,2025-02-07 17:00:00,7,0,1,2,0,8.0,10,84.0,45.0,77.25,1
2025-02-07,Milwaukee Bucks,2025-02-07 17:00:00,6,0,4,2,1,8.5,13,69.0,10.0,46.25,0
2025-02-07,Oklahoma City Thunder,2025-02-07 17:00:00,4,0,0,0,0,4.0,4,61.0,45.0,61.0,1
2025-02-07,Philadelphia 76ers,2025-02-07 17:00:00,1,1,1,0,1,2.25,4,58.0,45.0,51.6,1
2025-02-07,Phoenix Suns,2025-02-07 17:00:00,2,0,2,1,0,3.25,6,31.0,10.0,17.55,0
2025-02-07,San Antonio Spurs,2025-02-07 17:00:00,4,0,0,0,0,4.0,4,18.0,5.0,18.0,0
2025-02-07,Toronto Raptors,2025-02-07 17:00:00,10,0,0,0,0,10.0,10,54.0,10.0,54.0,0
2025-02-07,Utah Jazz,2025-02-07 17:00:00,7,0,0,0,0,7.0,8,69.0,25.0,65.25,1
2025-02-07,Washington Wizards,2025-02-07 17:00:00,13,0,3,0,0,14.5,16,314.0,240.0,309.05,1
2025-02-08,Atlanta Hawks,2025-02-08 17:00:00,5,0,0,1,1,5.25,8,118.0,45.0,106.7,2
2025-02-08,Boston Celtics,2025-02-08 17:00:00,5,0,0,0,0,5.0,5,21.0,5.0,21.0,0
2025-02-08,Chicago Bulls,2025-02-08 17:00:00,3,0,3,0,0,4.5,7,27.0,5.0,18.3,0
2025-02-08,Dallas Mavericks,2025-02-08 17:00:00,4,0,0,0,1,4.0,6,64.0,45.0,57.25,1
2025-02-08,Denver Nuggets,2025-02-08 17:00:00,4,0,2,1,0,5.25,8,266.0,180.0,255.55,3
2025-02-08,Golden State Warriors,2025-02-08 17:00:00,1,0,1,1,0,1.75,4,21.0,10.0,13.05,0
2025-02-08,Houston Rockets,2025-02-08 17:00:00,5,0,0,0,0,5.0,6,48.0,25.0,44.25,1
2025-02-08,Indiana Pacers,2025-02-08 17:00:00,3,0,0,0,1,3.0,5,21.0,5.0,12.25,0
2025-02-08,LA Clippers,2025-02-08 17:00:00,4,0,0,0,0,4.0,5,27.0,7.0,23.25,0
2025-02-08,Los Angeles Lakers,2025-02-08 17:00:00,6,0,0,0,1,6.0,8,101.0,45.0,94.25,2
2025-02-08,Memphis Grizzlies,2025-02-08 17:00:00,3,0,1,0,1,3.5,6,95.0,45.0,60.75,1
2025-02-08,Minnesota Timberwolves,2025-02-08 17:00:00,4,0,2,0,1,5.0,7,34.0,10.0,25.7,0
2025-02-08,New Orleans Pelicans,2025-02-08 17:00:00,4,0,0,0,1,4.0,6,31.0,10.0,24.25,0
2025-02-08,New York Knicks,2025-02-08 17:00:00,5,0,1,1,0,5.75,7,67.0,45.0,62.800000000000004,1
2025-02-08,Oklahoma City Thunder,2025-02-08 17:00:00,5,0,1,0,0,5.5,7,116.0,45.0,110.6,2
2025-02-08,Orlando Magic,2025-02-08 17:00:00,4,0,0,0,0,4.0,4,253.0,240.0,253.0,1
2025-02-08,Phoenix Suns,2025-02-08 17:00:00,3,0,3,0,0,4.5,7,34.0,10.0,21.45,0
2025-02-08,Portland Trail Blazers,2025-02-08 17:00:00,5,0,2,0,0,6.0,8,41.0,10.0,33.95,0
2025-02-08,Sacramento Kings,2025-02-07 17:00:00,0,0,0,0,0,0.0,1,5.0,5.0,1.25,0
2025-02-08,San Antonio Spurs,2025-02-08 17:00:00,4,0,0,0,0,4.0,5,23.0,5.0,19.25,0
2025-02-08,Utah Jazz,2025-02-08 17:00:00,7,0,1,0,0,7.5,9,72.0,25.0,62.75,1
2025-02-08,Washington Wizards,2025-02-08 17:00:00,7,0,1,0,0,7.5,9,295.0,240.0,288.5,1
2025-02-09,Charlotte Hornets,2025-02-09 17:00:00,10,0,0,0,0,10.0,10,284.0,240.0,284.0,2
2025-02-09,Detroit Pistons,2025-02-09 17:00:00,4,0,0,0,3,4.0,7,60.0,25.0,40.0,1
2025-02-09,Houston Rockets,2025-02-09 17:00:00,7,0,0,0,0,7.0,8,55.0,25.0,51.25,1
2025-02-09,Milwaukee Bucks,2025-02-09 17:00:00,2,0,0,0,1,2.0,4,35.0,10.0,21.25,0
2025-02-09,Philadelphia 76ers,2025-02-09 17:00:00,1,0,0,0,3,1.0,4,55.0,45.0,45.0,1
2025-02-09,Toronto Raptors,2025-02-09 17:00:00,7,0,0,0,0,7.0,7,39.0,10.0,39.0,0
2025-02-10,Atlanta Hawks,2025-02-10 17:00:00,3,0,0,0,2,3.0,5,103.0,45.0,95.0,2
2025-02-10,Boston Celtics,2025-02-10 17:00:00,5,0,2,0,0,6.0,7,27.0,5.0,23.7,0
2025-02-10,Brooklyn Nets,2025-02-10 17:00:00,6,0,1,0,1,6.5,8,329.0,240.0,302.35,3
2025-02-10,Charlotte Hornets,2025-02-10 17:00:00,5,0,4,0,0,7.0,10,282.0,240.0,271.65000000000003,2
2025-02-10,Cleveland Cavaliers,2025-02-10 17:00:00,3,0,1,0,0,3.5,4,14.0,5.0,12.35,0
2025-02-10,Dallas Mavericks,2025-02-10 17:00:00,4,0,3,0,0,5.5,8,82.0,45.0,65.6,1
2025-02-10,Denver Nuggets,2025-02-10 17:00:00,4,0,1,2,0,5.0,8,266.0,180.0,254.65,3
2025-02-10,Golden State Warriors,2025-02-10 17:00:00,1,0,1,0,0,1.5,3,18.0,10.0,12.6,0
2025-02-10,Los Angeles Lakers,2025-02-10 17:00:00,3,1,0,4,0,4.75,9,100.0,45.0,79.35,2
2025-02-10,Miami Heat,2025-02-10 17:00:00,6,0,0,0,1,6.0,7,76.0,45.0,66.0,1
2025-02-10,Milwaukee Bucks,2025-02-10 17:00:00,1,0,2,1,0,2.25,5,31.0,10.0,17.55,0
2025-02-10,Minnesota Timberwolves,2025-02-10 17:00:00,3,0,2,0,0,4.0,5,24.0,10.0,20.7,0
2025-02-10,New Orleans Pelicans,2025-02-10 17:00:00,6,0,0,0,0,6.0,7,41.0,10.0,37.25,0
2025-02-10,Oklahoma City Thunder,2025-02-10 17:00:00,5,0,0,0,0,5.0,6,111.0,45.0,107.25,2
2025-02-10,Orlando Magic,2025-02-10 17:00:00,4,0,0,0,0,4.0,4,253.0,240.0,253.0,1
2025-02-10,Portland Trail Blazers,2025-02-10 17:00:00,4,0,3,0,0,5.5,8,39.0,10.0,30.3,0
2025-02-10,Sacramento Kings,2025-02-10 17:00:00,2,0,0,0,0,2.0,2,10.0,5.0,10.0,0
2025-02-10,San Antonio Spurs,2025-02-10 17:00:00,4,0,0,0,0,4.0,4,18.0,5.0,18.0,0
2025-02-10,Utah Jazz,2025-02-10 17:00:00,3,0,0,0,0,3.0,4,47.0,25.0,43.25,1
2025-02-10,Washington Wizards,2025-02-10 17:00:00,5,0,0,0,1,5.0,6,278.0,240.0,268.0,1
2025-02-11,Chicago Bulls,2025-02-11 17:00:00,4,0,0,1,0,4.25,5,20.0,5.0,17.45,0
2025-02-11,Detroit Pistons,2025-02-11 17:00:00,5,0,0,0,0,5.0,6,50.0,25.0,46.25,1
2025-02-11,Indiana Pacers,2025-02-11 17:00:00,1,2,2,0,0,3.5,5,21.0,5.0,14.1,0
2025-02-11,Memphis Grizzlies,2025-02-11 17:00:00,5,0,0,0,1,5.0,7,100.0,45.0,71.25,1
2025-02-11,New York Knicks,2025-02-11 17:00:00,4,0,1,1,0,4.75,6,64.0,45.0,59.800000000000004,1
2025-02-11,Philadelphia 76ers,2025-02-11 17:00:00,4,0,1,0,1,4.5,6,64.0,45.0,58.8,1
2025-02-11,Phoenix Suns,2025-02-11 17:00:00,5,0,1,1,0,5.75,8,39.0,10.0,27.2,0
2025-02-11,Toronto Raptors,2025-02-11 17:00:00,5,0,0,0,2,5.0,7,43.0,10.0,30.0,0
2025-02-12,Atlanta Hawks,2025-02-12 17:00:00,5,0,0,0,1,5.0,6,104.0,45.0,101.0,2
2025-02-12,Boston Celtics,2025-02-12 17:00:00,5,0,2,0,0,6.0,7,27.0,5.0,23.7,0
2025-02-12,Brooklyn Nets,2025-02-12 17:00:00,4,0,1,0,0,4.5,5,281.0,240.0,275.5,2
2025-02-12,Charlotte Hornets,2025-02-12 17:00:00,6,0,1,1,0,6.75,8,274.0,240.0,269.8,2
2025-02-12,Chicago Bulls,2025-02-12 17:00:00,3,1,0,1,0,4.0,6,31.0,10.0,18.0,0
2025-02-12,Cleveland Cavaliers,2025-02-12 17:00:00,3,0,2,0,0,4.0,5,17.0,5.0,13.7,0
2025-02-12,Dallas Mavericks,2025-02-12 17:00:00,5,0,2,0,0,6.0,8,84.0,45.0,73.1,1
2025-02-12,Denver Nuggets,2025-02-12 17:00:00,4,0,2,1,0,5.25,7,272.0,180.0,259.55,4
2025-02-12,Detroit Pistons,2025-02-12 17:00:00,5,0,0,0,0,5.0,6,50.0,25.0,46.25,1
2025-02-12,Golden State Warriors,2025-02-12 17:00:00,1,0,0,0,1,1.0,2,35.0,25.0,10.0,0
2025-02-12,Houston Rockets,2025-02-12 17:00:00,4,0,1,0,0,4.5,6,46.0,25.0,40.6,1
2025-02-12,Indiana Pacers,2025-02-12 17:00:00,4,0,2,0,0,5.0,7,29.0,5.0,20.85,0
2025-02-12,LA Clippers,2025-02-12 17:00:00,3,0,0,0,0,3.0,4,27.0,10.0,23.25,0
2025-02-12,Los Angeles Lakers,2025-02-12 17:00:00,4,0,0,4,0,5.0,9,78.0,45.0,58.1,1
2025-02-12,Memphis Grizzlies,2025-02-12 17:00:00,3,0,2,0,1,4.0,7,96.0,45.0,63.95,1
2025-02-12,Miami Heat,2025-02-12 17:00:00,5,0,4,0,1,7.0,10,85.0,45.0,68.39999999999999,1
2025-02-12,Milwaukee Bucks,2025-02-12 17:00:00,1,0,1,1,0,1.75,3,23.0,10.0,12.85,0
2025-02-12,Minnesota Timberwolves,2025-02-12 17:00:00,3,0,2,0,0,4.0,5,24.0,10.0,20.7,0
2025-02-12,New Orleans Pelicans,2025-02-12 17:00:00,6,0,1,0,1,6.5,9,51.0,10.0,40.4,0
2025-02-12,New York Knicks,2025-02-12 17:00:00,4,0,3,1,0,5.75,9,82.0,45.0,66.9,1
2025-02-12,Oklahoma City Thunder,2025-02-12 17:00:00,5,0,0,0,0,5.0,5,108.0,45.0,108.0,2
2025-02-12,Orlando Magic,2025-02-12 17:00:00,4,0,0,0,0,4.0,4,253.0,240.0,253.0,1
2025-02-12,Philadelphia 76ers,2025-02-12 17:00:00,5,0,0,0,0,5.0,6,66.0,45.0,62.25,1
2025-02-12,Phoenix Suns,2025-02-12 17:00:00,5,0,1,0,0,5.5,7,32.0,10.0,22.75,0
2025-02-12,Portland Trail Blazers,2025-02-12 17:00:00,4,0,3,0,0,5.5,8,49.0,10.0,40.3,0
2025-02-12,Sacramento Kings,2025-02-12 17:00:00,2,0,0,0,0,2.0,3,15.0,5.0,11.25,0
2025-02-12,San Antonio Spurs,2025-02-12 17:00:00,4,0,0,0,0,4.0,4,18.0,5.0,18.0,0
2025-02-12,Toronto Raptors,2025-02-12 17:00:00,5,0,0,0,0,5.0,6,33.0,10.0,29.25,0
2025-02-12,Utah Jazz,2025-02-12 17:00:00,6,0,0,0,0,6.0,7,62.0,25.0,58.25,1
2025-02-12,Washington Wizards,2025-02-12 17:00:00,4,0,0,0,1,4.0,5,268.0,240.0,258.0,1
2025-02-13,Dallas Mavericks,2025-02-13 17:00:00,6,0,3,0,0,7.5,10,90.0,45.0,81.3,1
2025-02-13,Golden State Warriors,2025-02-13 17:00:00,1,0,0,0,0,1.0,2,15.0,10.0,11.25,0
2025-02-13,Houston Rockets,2025-02-13 17:00:00,5,0,0,0,0,5.0,6,47.0,25.0,43.25,1
2025-02-13,LA Clippers,2025-02-13 17:00:00,3,0,1,0,0,3.5,5,27.0,10.0,21.6,0
2025-02-13,Miami Heat,2025-02-13 17:00:00,7,0,1,2,0,8.0,11,83.0,45.0,72.5,1
2025-02-13,Minnesota Timberwolves,2025-02-13 17:00:00,3,0,3,0,0,4.5,7,32.0,10.0,23.3,0
2025-02-13,New Orleans Pelicans,2025-02-13 17:00:00,7,0,0,0,0,7.0,8,41.0,10.0,37.25,0
2025-02-13,Oklahoma City Thunder,2025-02-13 17:00:00,5,0,0,0,0,5.0,6,111.0,45.0,107.25,2
2025-02-13,Sacramento Kings,2025-02-13 17:00:00,2,0,0,0,0,2.0,3,15.0,5.0,11.25,0
2025-02-13,Utah Jazz,2025-02-13 17:00:00,7,0,0,0,0,7.0,8,66.0,25.0,62.25,1
2025-02-19,Charlotte Hornets,2025-02-19 17:00:00,4,0,0,2,0,4.5,6,270.0,240.0,261.5,2
2025-02-19,Los Angeles Lakers,2025-02-19 17:00:00,1,0,1,0,0,1.5,2,48.0,45.0,46.35,1
2025-02-20,Atlanta Hawks,2025-02-20 17:00:00,5,0,0,0,1,5.0,6,148.0,45.0,145.0,4
2025-02-20,Boston Celtics,2025-02-20 17:00:00,4,0,0,0,0,4.0,4,18.0,5.0,18.0,0
2025-02-20,Brooklyn Nets,2025-02-20 17:00:00,7,0,0,0,1,7.0,8,311.0,240.0,286.0,2
2025-02-20,Charlotte Hornets,2025-02-20 17:00:00,6,0,1,0,0,6.5,8,279.0,240.0,273.6,2
2025-02-20,Chicago Bulls,2025-02-20 17:00:00,4,0,0,0,0,4.0,4,58.0,45.0,58.0,1
2025-02-20,Cleveland Cavaliers,2025-02-20 17:00:00,2,0,2,0,0,3.0,4,21.0,10.0,13.85,0
2025-02-20,Denver Nuggets,2025-02-20 17:00:00,3,0,0,3,0,3.75,6,258.0,180.0,240.15,3
2025-02-20,Indiana Pacers,2025-02-20 17:00:00,1,0,3,0,0,2.5,4,18.0,5.0,9.75,0
2025-02-20,LA Clippers,2025-02-20 17:00:00,4,0,1,0,0,4.5,6,28.0,5.0,22.6,0
2025-02-20,Los Angeles Lakers,2025-02-20 17:00:00,3,0,1,0,0,3.5,5,103.0,45.0,97.05,2
2025-02-20,Memphis Grizzlies,2025-02-20 17:00:00,4,0,0,0,0,4.0,4,20.0,5.0,20.0,0
2025-02-20,Milwaukee Bucks,2025-02-20 17:00:00,4,0,3,0,0,5.5,7,47.0,14.0,32.15,1
2025-02-20,New York Knicks,2025-02-20 17:00:00,4,0,1,0,1,4.5,6,66.0,45.0,59.35,1
2025-02-20,Orlando Magic,2025-02-20 17:00:00,4,0,0,0,0,4.0,4,253.0,240.0,253.0,1
2025-02-20,Philadelphia 76ers,2025-02-20 17:00:00,4,0,0,0,1,4.0,5,65.0,45.0,62.0,1
2025-02-20,Phoenix Suns,2025-02-20 17:00:00,2,0,0,0,0,2.0,3,13.0,5.0,9.25,0
2025-02-20,Portland Trail Blazers,2025-02-20 17:00:00,5,0,3,0,0,6.5,9,56.0,10.0,43.45,0
2025-02-20,San Antonio Spurs,2025-02-20 17:00:00,3,0,0,0,0,3.0,4,16.0,5.0,12.25,0
2025-02-21,Cleveland Cavaliers,2025-02-21 17:00:00,3,0,0,1,0,3.25,5,23.0,5.0,16.7,0
2025-02-21,Dallas Mavericks,2025-02-21 17:00:00,4,1,1,0,0,5.25,6,76.0,45.0,69.75,1
2025-02-21,Detroit Pistons,2025-02-21 17:00:00,5,0,0,0,0,5.0,6,50.0,25.0,46.25,1
2025-02-21,Golden State Warriors,2025-02-21 17:00:00,2,0,0,0,0,2.0,3,20.0,10.0,16.25,0
2025-02-21,Houston Rockets,2025-02-21 17:00:00,4,0,0,0,0,4.0,5,23.0,5.0,19.25,0
2025-02-21,Memphis Grizzlies,2025-02-21 17:00:00,4,0,1,0,0,4.5,6,28.0,5.0,22.6,0
2025-02-21,Miami Heat,2025-02-21 17:00:00,5,0,1,1,0,5.75,7,69.0,45.0,64.8,1
2025-02-21,Milwaukee Bucks,2025-02-21 17:00:00,6,0,0,1,0,6.25,8,49.0,10.0,36.75,0
2025-02-21,Minnesota Timberwolves,2025-02-21 17:00:00,4,0,3,0,0,5.5,8,37.0,10.0,28.3,0
2025-02-21,New Orleans Pelicans,2025-02-21 17:00:00,4,0,0,0,1,4.0,6,29.0,10.0,22.25,0
2025-02-21,New York Knicks,2025-02-21 17:00:00,4,0,1,0,0,4.5,6,66.0,45.0,60.6,1
2025-02-21,Oklahoma City Thunder,2025-02-21 17:00:00,2,0,0,0,0,2.0,2,90.0,45.0,90.0,2
2025-02-21,Orlando Magic,2025-02-21 17:00:00,4,0,1,0,0,4.5,6,261.0,240.0,255.6,1
2025-02-21,Sacramento Kings,2025-02-20 17:00:00,0,0,0,0,0,0.0,1,5.0,5.0,1.25,0
2025-02-21,San Antonio Spurs,2025-02-21 17:00:00,2,0,0,1,0,2.25,4,16.0,5.0,9.7,0
2025-02-21,Toronto Raptors,2025-02-21 17:00:00,5,0,0,0,0,5.0,5,26.0,10.0,26.0,0
2025-02-21,Utah Jazz,2025-02-21 17:00:00,5,0,0,0,1,5.0,7,62.0,25.0,51.25,1
2025-02-21,Washington Wizards,2025-02-21 17:00:00,3,0,0,0,1,3.0,4,265.0,240.0,255.0,1
2025-02-22,Brooklyn Nets,2025-02-22 17:00:00,6,0,0,0,1,6.0,7,309.0,240.0,284.0,2
2025-02-22,Charlotte Hornets,2025-02-22 17:00:00,5,0,0,0,0,5.0,6,268.0,240.0,264.25,2
2025-02-22,Chicago Bulls,2025-02-22 17:00:00,6,0,0,0,2,6.0,9,42.0,6.0,28.25,0
2025-02-22,Denver Nuggets,2025-02-22 17:00:00,4,0,0,2,0,4.5,7,254.0,180.0,244.29999999999998,2
2025-02-22,Houston Rockets,2025-02-22 17:00:00,7,0,0,0,0,7.0,8,33.0,5.0,29.25,0
2025-02-22,Los Angeles Lakers,2025-02-22 17:00:00,2,0,0,2,0,2.5,5,62.0,45.0,52.3,1
2025-02-22,Philadelphia 76ers,2025-02-22 17:00:00,5,0,0,0,1,5.0,6,70.0,45.0,67.0,1
2025-02-22,Phoenix Suns,2025-02-22 17:00:00,3,0,0,0,0,3.0,4,18.0,5.0,14.25,0
2025-02-22,Portland Trail Blazers,2025-02-22 17:00:00,5,0,1,0,0,5.5,7,43.0,10.0,37.6,0
2025-02-22,Utah Jazz,2025-02-22 17:00:00,6,0,2,0,0,7.0,9,65.0,25.0,57.95,1
2025-02-23,Atlanta Hawks,2025-02-23 17:00:00,5,0,0,0,1,5.0,6,148.0,45.0,145.0,4
2025-02-23,Boston Celtics,2025-02-23 17:00:00,5,0,0,0,0,5.0,5,21.0,5.0,21.0,0
2025-02-23,Cleveland Cavaliers,2025-02-23 17:00:00,1,0,2,0,0,2.0,3,11.0,5.0,7.7,0
2025-02-23,Dallas Mavericks,2025-02-23 17:00:00,5,0,0,0,1,5.0,7,81.0,45.0,67.25,1
2025-02-23,Detroit Pistons,2025-02-23 17:00:00,5,0,0,0,0,5.0,5,45.0,25.0,45.0,1
2025-02-23,Golden State Warriors,2025-02-23 17:00:00,2,0,0,0,0,2.0,2,13.0,10.0,13.0,0
2025-02-23,Indiana Pacers,2025-02-23 17:00:00,5,0,0,0,0,5.0,5,21.0,5.0,21.0,0
2025-02-23,LA Clippers,2025-02-23 17:00:00,6,0,0,0,0,6.0,6,26.0,5.0,26.0,0
2025-02-23,Memphis Grizzlies,2025-02-23 17:00:00,3,0,0,0,0,3.0,3,15.0,5.0,15.0,0
2025-02-23,Miami Heat,2025-02-23 17:00:00,5,0,0,0,1,5.0,6,66.0,45.0,63.0,1
2025-02-23,Milwaukee Bucks,2025-02-23 17:00:00,2,0,0,0,4,2.0,7,57.0,14.0,16.25,0
2025-02-23,Minnesota Timberwolves,2025-02-23 17:00:00,3,0,0,0,0,3.0,4,21.0,10.0,17.25,0
2025-02-23,New Orleans Pelicans,2025-02-23 17:00:00,4,0,0,0,0,4.0,4,21.0,10.0,21.0,0
2025-02-23,New York Knicks,2025-02-23 17:00:00,3,0,0,0,2,3.0,5,61.0,45.0,55.0,1
2025-02-23,Oklahoma City Thunder,2025-02-23 17:00:00,2,0,0,0,0,2.0,3,53.0,45.0,49.25,1
2025-02-23,Orlando Magic,2025-02-23 17:00:00,4,0,0,0,1,4.0,5,256.0,240.0,253.0,1
2025-02-23,Phoenix Suns,2025-02-23 17:00:00,3,0,0,0,0,3.0,4,16.0,5.0,12.25,0
2025-02-23,San Antonio Spurs,2025-02-23 17:00:00,4,0,0,0,0,4.0,5,23.0,5.0,19.25,0
2025-02-23,Toronto Raptors,2025-02-23 17:00:00,4,0,0,0,1,4.0,5,26.0,10.0,21.0,0
2025-02-23,Washington Wizards,2025-02-23 17:00:00,8,0,0,0,1,8.0,10,289.0,240.0,283.0,1
2025-02-24,Atlanta Hawks,2025-02-24 17:00:00,5,0,0,0,1,5.0,7,153.0,45.0,146.25,4
2025-02-24,Brooklyn Nets,2025-02-24 17:00:00,6,0,0,0,1,6.0,7,309.0,240.0,284.0,2
2025-02-24,Charlotte Hornets,2025-02-24 17:00:00,6,0,0,0,0,6.0,7,272.0,240.0,268.25,2
2025-02-24,Chicago Bulls,2025-02-24 17:00:00,6,0,0,2,0,6.5,8,40.0,10.0,28.95,0
2025-02-24,Denver Nuggets,2025-02-24 17:00:00,5,0,0,2,0,5.5,7,254.0,180.0,248.04999999999998,2
2025-02-24,Detroit Pistons,2025-02-24 17:00:00,6,0,0,0,0,6.0,7,53.0,25.0,49.25,1
2025-02-24,Indiana Pacers,2025-02-24 17:00:00,2,0,4,0,0,4.0,7,36.0,10.0,22.35,0
2025-02-24,LA Clippers,2025-02-24 17:00:00,7,0,0,0,0,7.0,8,35.0,5.0,31.25,0
2025-02-24,Miami Heat,2025-02-24 17:00:00,6,0,0,2,0,6.5,9,77.0,45.0,68.15,1
2025-02-24,Minnesota Timberwolves,2025-02-24 17:00:00,3,0,1,0,0,3.5,5,24.0,10.0,18.6,0
2025-02-24,Oklahoma City Thunder,2025-02-24 17:00:00,3,0,0,0,0,3.0,4,100.0,45.0,96.25,2
2025-02-24,Philadelphia 76ers,2025-02-24 17:00:00,6,0,1,0,1,6.5,8,77.0,45.0,72.35,1
2025-02-24,Portland Trail Blazers,2025-02-24 17:00:00,6,0,0,0,0,6.0,7,43.0,10.0,39.25,0
2025-02-24,Sacramento Kings,2025-02-23 17:00:00,0,0,0,0,0,0.0,1,5.0,5.0,1.25,0
2025-02-24,Utah Jazz,2025-02-24 17:00:00,8,0,0,0,0,8.0,9,63.0,25.0,59.25,1
2025-02-24,Washington Wizards,2025-02-24 17:00:00,3,0,0,0,0,3.0,4,265.0,240.0,261.25,1
2025-02-25,Boston Celtics,2025-02-25 17:00:00,4,0,2,2,0,5.5,8,32.0,5.0,22.5,0
2025-02-25,Charlotte Hornets,2025-02-25 17:00:00,7,0,0,0,0,7.0,8,282.0,240.0,278.25,2
2025-02-25,Cleveland Cavaliers,2025-02-25 17:00:00,3,0,1,0,0,3.5,4,18.0,5.0,16.35,0
2025-02-25,Dallas Mavericks,2025-02-25 17:00:00,4,0,2,0,0,5.0,7,81.0,45.0,70.1,1
2025-02-25,Golden State Warriors,2025-02-25 17:00:00,2,0,1,0,0,2.5,4,23.0,10.0,17.6,0
2025-02-25,Houston Rockets,2025-02-25 17:00:00,3,0,3,0,0,4.5,7,29.0,5.0,20.3,0
2025-02-25,Los Angeles Lakers,2025-02-25 17:00:00,1,0,0,1,0,1.25,3,54.0,45.0,46.85,1
2025-02-25,Memphis Grizzlies,2025-02-25 17:00:00,3,0,0,0,0,3.0,4,18.0,5.0,14.25,0
2025-02-25,Milwaukee Bucks,2025-02-25 17:00:00,2,0,0,2,0,2.5,4,28.0,10.0,16.95,0
2025-02-25,New Orleans Pelicans,2025-02-25 17:00:00,4,0,0,0,0,4.0,5,26.0,10.0,22.25,0
2025-02-25,Orlando Magic,2025-02-25 17:00:00,4,0,0,0,0,4.0,4,253.0,240.0,253.0,1
2025-02-25,Phoenix Suns,2025-02-25 17:00:00,2,0,1,0,0,2.5,4,16.0,5.0,10.6,0
2025-02-25,San Antonio Spurs,2025-02-25 17:00:00,5,0,0,0,0,5.0,6,26.0,5.0,22.25,0
2025-02-25,Toronto Raptors,2025-02-25 17:00:00,6,1,0,0,1,6.75,8,39.0,10.0,35.25,0
2025-02-26,Atlanta Hawks,2025-02-26 17:00:00,5,0,0,1,0,5.25,6,148.0,45.0,145.45,4
2025-02-26,Boston Celtics,2025-02-26 17:00:00,1,0,3,0,0,2.5,5,17.0,5.0,8.3,0
2025-02-26,Brooklyn Nets,2025-02-26 17:00:00,7,0,0,0,1,7.0,8,290.0,240.0,287.0,2
2025-02-26,Chicago Bulls,2025-02-26 17:00:00,5,0,2,2,0,6.5,9,36.0,6.0,26.5,0
2025-02-26,Detroit Pistons,2025-02-26 17:00:00,4,0,1,0,0,4.5,5,41.0,25.0,39.35,1
2025-02-26,Houston Rockets,2025-02-26 17:00:00,5,0,0,0,0,5.0,6,27.0,5.0,23.25,0
2025-02-26,Indiana Pacers,2025-02-26 17:00:00,2,0,4,0,0,4.0,6,31.0,10.0,21.1,0
2025-02-26,LA Clippers,2025-02-26 17:00:00,5,0,0,0,0,5.0,6,28.0,5.0,24.25,0
2025-02-26,Miami Heat,2025-02-26 17:00:00,5,0,1,0,3,5.5,9,75.0,45.0,64.35,1
2025-02-26,New York Knicks,2025-02-26 17:00:00,3,0,1,1,0,3.75,5,61.0,45.0,56.8,1
2025-02-26,Oklahoma City Thunder,2025-02-26 17:00:00,5,0,0,0,1,5.0,6,130.0,45.0,105.0,2
2025-02-26,Philadelphia 76ers,2025-02-26 17:00:00,6,0,0,2,1,6.5,9,80.0,45.0,65.95,1
2025-02-26,Portland Trail Blazers,2025-02-26 17:00:00,6,0,0,0,0,6.0,6,47.0,12.0,47.0,0
2025-02-26,Sacramento Kings,2025-02-26 17:00:00,3,0,0,0,1,3.0,5,25.0,5.0,16.25,0
2025-02-26,San Antonio Spurs,2025-02-26 17:00:00,5,0,0,0,0,5.0,6,26.0,5.0,22.25,0
2025-02-26,Toronto Raptors,2025-02-26 17:00:00,7,0,2,0,0,8.0,10,47.0,10.0,39.95,0
2025-02-26,Utah Jazz,2025-02-26 17:00:00,7,0,0,0,1,7.0,9,66.0,25.0,59.25,1
2025-02-26,Washington Wizards,2025-02-26 17:00:00,3,0,0,0,0,3.0,3,260.0,240.0,260.0,1
2025-02-27,Charlotte Hornets,2025-02-27 17:00:00,5,0,4,1,0,7.25,11,293.0,240.0,278.45,2
2025-02-27,Dallas Mavericks,2025-02-27 17:00:00,4,0,2,0,0,5.0,6,76.0,45.0,68.85,1
2025-02-27,Denver Nuggets,2025-02-27 17:00:00,5,0,0,2,0,5.5,7,254.0,180.0,248.04999999999998,2
2025-02-27,Golden State Warriors,2025-02-27 17:00:00,2,0,0,0,1,2.0,3,18.0,10.0,15.0,0
2025-02-27,Los Angeles Lakers,2025-02-27 17:00:00,2,0,0,1,0,2.25,4,59.0,45.0,51.85,1
2025-02-27,Milwaukee Bucks,2025-02-27 17:00:00,2,0,0,1,0,2.25,4,30.0,10.0,17.75,0
2025-02-27,Minnesota Timberwolves,2025-02-27 17:00:00,2,0,2,0,0,3.0,5,24.0,10.0,16.95,0
2025-02-27,New Orleans Pelicans,2025-02-27 17:00:00,7,0,0,0,0,7.0,7,38.0,10.0,38.0,0
2025-02-27,Orlando Magic,2025-02-27 17:00:00,3,0,0,0,2,3.0,5,256.0,240.0,248.0,1
2025-02-27,Phoenix Suns,2025-02-27 17:00:00,3,0,1,0,0,3.5,5,19.0,5.0,13.6,0
2025-02-28,Atlanta Hawks,2025-02-28 17:00:00,4,0,1,1,0,4.75,6,148.0,45.0,142.7,4
2025-02-28,Boston Celtics,2025-02-28 17:00:00,1,0,3,0,0,2.5,4,12.0,3.0,7.050000000000001,0
2025-02-28,Brooklyn Nets,2025-02-28 17:00:00,6,0,0,0,1,6.0,7,298.0,240.0,273.0,1
2025-02-28,Chicago Bulls,2025-02-28 17:00:00,1,1,4,1,0,4.0,7,37.0,10.0,19.5,0
2025-02-28,Cleveland Cavaliers,2025-02-28 17:00:00,3,0,0,0,0,3.0,3,15.0,5.0,15.0,0
2025-02-28,Denver Nuggets,2025-02-28 17:00:00,5,0,1,1,0,5.75,8,265.0,180.0,253.2,2
2025-02-28,Detroit Pistons,2025-02-28 17:00:00,3,0,0,2,0,3.5,5,48.0,25.0,36.95,1
2025-02-28,Indiana Pacers,2025-02-28 17:00:00,2,0,4,0,0,4.0,6,31.0,10.0,17.25,0
2025-02-28,LA Clippers,2025-02-28 17:00:00,4,0,1,0,0,4.5,6,28.0,5.0,22.6,0
2025-02-28,Los Angeles Lakers,2025-02-28 17:00:00,3,0,3,0,0,4.5,7,69.0,45.0,59.199999999999996,1
2025-02-28,Memphis Grizzlies,2025-02-28 17:00:00,2,0,2,0,0,3.0,5,19.0,5.0,11.95,0
2025-02-28,Miami Heat,2025-02-28 17:00:00,5,0,2,0,2,6.0,9,82.0,45.0,68.85,1
2025-02-28,Minnesota Timberwolves,2025-02-28 17:00:00,4,0,1,0,0,4.5,6,31.0,10.0,25.6,0
2025-02-28,New Orleans Pelicans,2025-02-28 17:00:00,7,0,0,0,0,7.0,8,43.0,10.0,39.25,0
2025-02-28,New York Knicks,2025-02-28 17:00:00,3,0,3,0,1,4.5,8,74.0,45.0,37.2,1
2025-02-28,Oklahoma City Thunder,2025-02-28 17:00:00,7,0,1,0,1,7.5,9,141.0,45.0,114.35,2
2025-02-28,Phoenix Suns,2025-02-28 17:00:00,4,1,0,0,0,4.75,6,22.0,5.0,17.5,0
2025-02-28,Portland Trail Blazers,2025-02-28 17:00:00,5,0,2,0,0,6.0,7,48.0,12.0,44.7,0
2025-02-28,Toronto Raptors,2025-02-28 17:00:00,7,0,1,0,0,7.5,9,64.0,25.0,58.6,1
2025-02-28,Utah Jazz,2025-02-28 17:00:00,5,0,3,0,0,6.5,9,67.0,25.0,53.35,1
2025-03-01,Brooklyn Nets,2025-03-01 17:00:00,8,0,0,0,1,8.0,10,311.0,240.0,282.25,1
2025-03-01,Charlotte Hornets,2025-03-01 17:00:00,8,0,0,0,2,8.0,10,290.0,240.0,277.0,2
2025-03-01,Dallas Mavericks,2025-03-01 17:00:00,4,0,1,0,0,4.5,6,78.0,45.0,68.75,1
2025-03-01,Detroit Pistons,2025-03-01 17:00:00,3,0,0,0,0,3.0,4,40.0,25.0,36.25,1
2025-03-01,Golden State Warriors,2025-03-01 17:00:00,2,0,1,0,0,2.5,3,18.0,10.0,16.35,0
2025-03-01,Houston Rockets,2025-03-01 17:00:00,3,0,0,0,0,3.0,4,20.0,5.0,16.25,0
2025-03-01,Memphis Grizzlies,2025-03-01 17:00:00,2,0,5,0,0,4.5,8,28.0,5.0,16.0,0
2025-03-01,Milwaukee Bucks,2025-03-01 17:00:00,3,0,1,2,0,4.0,6,41.0,10.0,28.299999999999997,0
2025-03-01,Philadelphia 76ers,2025-03-01 17:00:00,6,0,0,0,1,6.0,7,111.0,45.0,108.0,2
2025-03-01,Sacramento Kings,2025-03-01 17:00:00,3,0,0,0,0,3.0,4,20.0,5.0,16.25,0
2025-03-01,San Antonio Spurs,2025-03-01 17:00:00,5,0,0,0,0,5.0,5,21.0,5.0,21.0,0
2025-03-01,Washington Wizards,2025-03-01 17:00:00,4,0,0,0,1,4.0,5,268.0,240.0,258.0,1
2025-03-02,Boston Celtics,2025-03-02 17:00:00,2,0,0,0,1,2.0,3,9.0,3.0,6.0,0
2025-03-02,Chicago Bulls,2025-03-02 17:00:00,8,0,0,0,2,8.0,10,56.0,12.0,46.0,0
2025-03-02,Cleveland Cavaliers,2025-03-02 17:00:00,4,0,0,0,0,4.0,4,20.0,5.0,20.0,0
2025-03-02,Denver Nuggets,2025-03-02 17:00:00,6,0,0,0,1,6.0,7,267.0,180.0,257.0,2
2025-03-02,Indiana Pacers,2025-03-02 17:00:00,5,0,0,0,0,5.0,5,21.0,5.0,21.0,0
2025-03-02,LA Clippers,2025-03-02 17:00:00,5,0,1,1,1,5.75,9,46.0,10.0,33.05,0
2025-03-02,Los Angeles Lakers,2025-03-02 17:00:00,4,0,2,0,0,5.0,7,81.0,45.0,72.85,1
2025-03-02,Miami Heat,2025-03-02 17:00:00,7,0,0,0,1,7.0,8,86.0,45.0,83.0,1
2025-03-02,Minnesota Timberwolves,2025-03-02 17:00:00,2,0,2,0,0,3.0,5,26.0,10.0,15.1,0
2025-03-02,New Orleans Pelicans,2025-03-02 17:00:00,4,0,0,0,0,4.0,5,26.0,10.0,22.25,0
2025-03-02,New York Knicks,2025-03-02 17:00:00,3,0,0,0,2,3.0,5,103.0,45.0,55.0,1
2025-03-02,Oklahoma City Thunder,2025-03-02 17:00:00,4,0,1,0,3,4.5,9,126.0,45.0,105.6,2
2025-03-02,Orlando Magic,2025-03-02 17:00:00,4,0,0,0,0,4.0,4,253.0,240.0,253.0,1
2025-03-02,Phoenix Suns,2025-03-02 17:00:00,2,0,2,1,0,3.25,6,22.0,5.0,12.4,0
2025-03-02,Portland Trail Blazers,2025-03-02 17:00:00,6,0,0,0,1,6.0,7,48.0,12.0,45.0,0
2025-03-02,San Antonio Spurs,2025-03-02 17:00:00,3,0,0,0,0,3.0,4,16.0,5.0,12.25,0
2025-03-02,Toronto Raptors,2025-03-02 17:00:00,5,0,0,0,0,5.0,5,51.0,25.0,51.0,1
2025-03-02,Utah Jazz,2025-03-02 17:00:00,7,0,0,0,0,7.0,8,55.0,25.0,51.25,1
2025-03-03,Atlanta Hawks,2025-03-03 17:00:00,6,0,0,1,0,6.25,8,156.0,45.0,149.7,4
2025-03-03,Charlotte Hornets,2025-03-03 17:00:00,5,0,1,3,0,6.25,9,280.0,240.0,268.15,2
2025-03-03,Dallas Mavericks,2025-03-03 17:00:00,5,0,0,0,0,5.0,6,78.0,45.0,74.25,1
2025-03-03,Detroit Pistons,2025-03-03 17:00:00,6,0,1,0,0,6.5,8,56.0,25.0,50.6,1
2025-03-03,Golden State Warriors,2025-03-03 17:00:00,1,0,0,2,0,1.5,3,23.0,10.0,11.95,0
2025-03-03,Houston Rockets,2025-03-03 17:00:00,2,0,5,0,2,4.5,9,34.0,5.0,15.2,0
2025-03-03,Memphis Grizzlies,2025-03-03 17:00:00,2,0,2,0,0,3.0,5,17.0,5.0,9.95,0
2025-03-03,Miami Heat,2025-03-03 17:00:00,6,1,2,0,1,7.75,11,106.0,45.0,89.6,1
2025-03-03,Oklahoma City Thunder,2025-03-03 17:00:00,3,0,0,0,1,3.0,5,123.0,45.0,94.25,2
2025-03-03,Philadelphia 76ers,2025-03-03 17:00:00,6,0,2,0,1,7.0,9,117.0,45.0,110.7,2
2025-03-03,Portland Trail Blazers,2025-03-03 17:00:00,5,0,0,0,0,5.0,6,45.0,12.0,41.25,0
2025-03-03,Sacramento Kings,2025-03-03 17:00:00,3,0,0,0,0,3.0,4,18.0,5.0,14.25,0
2025-03-03,Utah Jazz,2025-03-03 17:00:00,5,1,2,0,0,6.75,9,60.0,25.0,50.3,1
2025-03-03,Washington Wizards,2025-03-03 17:00:00,5,0,0,0,0,5.0,5,263.0,240.0,263.0,1
2025-03-04,Atlanta Hawks,2025-03-04 17:00:00,5,0,0,0,1,5.0,7,153.0,45.0,146.25,4
2025-03-04,Brooklyn Nets,2025-03-04 17:00:00,4,0,0,0,1,4.0,5,285.0,240.0,260.0,1
2025-03-04,Chicago Bulls,2025-03-04 17:00:00,3,0,3,1,3,4.75,10,57.0,12.0,25.3,0
2025-03-04,Cleveland Cavaliers,2025-03-04 17:00:00,4,0,0,0,0,4.0,5,25.0,5.0,21.25,0
2025-03-04,Golden State Warriors,2025-03-04 17:00:00,2,0,1,0,0,2.5,4,21.0,10.0,15.6,0
2025-03-04,Houston Rockets,2025-03-04 17:00:00,4,0,1,0,0,4.5,6,26.0,5.0,20.6,0
2025-03-04,Indiana Pacers,2025-03-04 17:00:00,1,1,3,0,0,3.25,5,21.0,5.0,12.0,0
2025-03-04,LA Clippers,2025-03-04 17:00:00,6,0,0,0,0,6.0,7,47.0,14.0,43.25,1
2025-03-04,Los Angeles Lakers,2025-03-04 17:00:00,5,0,0,2,0,5.5,8,83.0,45.0,73.3,1
2025-03-04,Milwaukee Bucks,2025-03-04 17:00:00,3,0,1,1,0,3.75,5,45.0,10.0,31.0,0
2025-03-04,Minnesota Timberwolves,2025-03-04 17:00:00,1,0,1,0,1,1.5,4,23.0,10.0,8.75,0
2025-03-04,New Orleans Pelicans,2025-03-04 17:00:00,5,0,0,0,1,5.0,7,36.0,10.0,22.25,0
2025-03-04,New York Knicks,2025-03-04 17:00:00,2,0,1,0,0,2.5,3,53.0,45.0,51.35,1
2025-03-04,Orlando Magic,2025-03-04 17:00:00,3,0,1,0,1,3.5,5,256.0,240.0,249.35,1
2025-03-04,Philadelphia 76ers,2025-03-04 17:00:00,6,0,3,1,1,7.75,12,133.0,45.0,114.9,2
2025-03-04,Phoenix Suns,2025-03-04 17:00:00,3,0,1,0,0,3.5,5,22.0,5.0,16.05,0
2025-03-04,San Antonio Spurs,2025-03-04 17:00:00,3,0,0,0,1,3.0,4,16.0,5.0,11.0,0
2025-03-04,Toronto Raptors,2025-03-04 17:00:00,6,0,0,0,0,6.0,6,54.0,25.0,54.0,1
2025-03-05,Boston Celtics,2025-03-05 17:00:00,0,2,2,2,0,3.0,6,18.0,3.0,8.1,0
2025-03-05,Charlotte Hornets,2025-03-05 17:00:00,5,0,0,2,1,5.5,8,276.0,240.0,265.9,2
2025-03-05,Cleveland Cavaliers,2025-03-05 17:00:00,3,0,0,0,0,3.0,4,20.0,5.0,16.25,0
2025-03-05,Dallas Mavericks,2025-03-05 17:00:00,7,1,1,0,0,8.25,9,329.0,240.0,326.6,2
2025-03-05,Denver Nuggets,2025-03-05 17:00:00,4,0,5,0,0,6.5,9,282.0,180.0,238.0,2
2025-03-05,Detroit Pistons,2025-03-05 17:00:00,4,0,0,1,0,4.25,6,46.0,25.0,39.7,1
2025-03-05,LA Clippers,2025-03-05 17:00:00,4,0,0,0,0,4.0,5,37.0,14.0,33.25,1
2025-03-05,Memphis Grizzlies,2025-03-05 17:00:00,3,0,4,0,2,5.0,10,85.0,45.0,64.64999999999999,1
2025-03-05,Miami Heat,2025-03-05 17:00:00,6,0,0,0,4,6.0,10,99.0,45.0,83.0,1
2025-03-05,Milwaukee Bucks,2025-03-05 17:00:00,4,0,0,3,0,4.75,8,56.0,10.0,32.7,0
2025-03-05,Minnesota Timberwolves,2025-03-05 17:00:00,2,0,1,0,0,2.5,4,23.0,10.0,13.75,0
2025-03-05,Oklahoma City Thunder,2025-03-05 17:00:00,7,0,1,0,2,7.5,10,156.0,45.0,121.6,2
2025-03-05,Portland Trail Blazers,2025-03-05 17:00:00,3,0,2,0,0,4.0,5,40.0,12.0,35.6,0
2025-03-05,Sacramento Kings,2025-03-05 17:00:00,4,0,0,0,0,4.0,5,32.0,14.0,28.25,1
2025-03-05,Utah Jazz,2025-03-05 17:00:00,8,0,1,0,0,8.5,9,56.0,25.0,54.35,1
2025-03-05,Washington Wizards,2025-03-05 17:00:00,7,0,0,0,1,7.0,8,272.0,240.0,269.0,1
2025-03-06,Atlanta Hawks,2025-03-06 17:00:00,6,0,0,1,0,6.25,7,153.0,45.0,150.45,4
2025-03-06,Boston Celtics,2025-03-06 17:00:00,4,0,2,0,0,5.0,7,30.0,10.0,19.1,0
2025-03-06,Brooklyn Nets,2025-03-06 17:00:00,2,0,0,0,1,2.0,3,275.0,240.0,250.0,1
2025-03-06,Chicago Bulls,2025-03-06 17:00:00,4,0,0,0,2,4.0,6,71.0,45.0,61.0,1
2025-03-06,Golden State Warriors,2025-03-06 17:00:00,1,0,0,1,0,1.25,2,35.0,25.0,13.75,1
2025-03-06,Houston Rockets,2025-03-06 17:00:00,4,0,0,0,0,4.0,5,23.0,5.0,19.25,0
2025-03-06,Indiana Pacers,2025-03-06 17:00:00,1,3,2,0,0,4.25,6,24.0,5.0,16.95,0
2025-03-06,Los Angeles Lakers,2025-03-06 17:00:00,4,0,0,3,0,4.75,8,83.0,45.0,64.8,1
2025-03-06,New Orleans Pelicans,2025-03-06 17:00:00,6,0,0,0,0,6.0,7,36.0,10.0,32.25,0
2025-03-06,New York Knicks,2025-03-06 17:00:00,2,0,5,0,0,4.5,8,121.0,45.0,80.95,2
2025-03-06,Orlando Magic,2025-03-06 17:00:00,2,0,0,0,2,2.0,4,251.0,240.0,243.0,1
2025-03-06,Philadelphia 76ers,2025-03-06 17:00:00,7,0,1,0,0,7.5,8,119.0,45.0,113.5,2
2025-03-07,Charlotte Hornets,2025-03-07 17:00:00,5,0,0,4,0,6.0,9,278.0,240.0,267.8,2
2025-03-07,Cleveland Cavaliers,2025-03-07 17:00:00,3,0,0,0,0,3.0,3,15.0,5.0,15.0,0
2025-03-07,Dallas Mavericks,2025-03-07 17:00:00,8,0,2,0,0,9.0,11,337.0,240.0,329.95,2
2025-03-07,Denver Nuggets,2025-03-07 17:00:00,3,0,2,1,0,4.25,7,225.0,180.0,205.6,1
2025-03-07,LA Clippers,2025-03-07 17:00:00,3,0,0,0,0,3.0,4,17.0,5.0,13.25,0
2025-03-07,Memphis Grizzlies,2025-03-07 17:00:00,3,0,2,0,0,4.0,6,78.0,45.0,67.1,1
2025-03-07,Miami Heat,2025-03-07 17:00:00,4,0,4,0,2,6.0,10,97.0,45.0,76.7,1
2025-03-07,Minnesota Timberwolves,2025-03-07 17:00:00,0,0,1,0,0,0.5,1,3.0,3.0,1.35,0
2025-03-07,New York Knicks,2025-03-07 17:00:00,4,0,3,0,0,5.5,8,123.0,45.0,112.1,2
2025-03-07,Oklahoma City Thunder,2025-03-07 17:00:00,8,0,1,0,2,8.5,12,152.0,45.0,136.6,3
2025-03-07,Phoenix Suns,2025-03-07 17:00:00,3,0,1,0,0,3.5,5,21.0,5.0,15.05,0
2025-03-07,Portland Trail Blazers,2025-03-07 17:00:00,4,0,2,0,0,5.0,7,46.0,12.0,38.95,0
2025-03-07,Sacramento Kings,2025-03-07 17:00:00,2,0,0,0,0,2.0,3,22.0,14.0,18.25,1
2025-03-07,San Antonio Spurs,2025-03-07 17:00:00,5,0,0,0,0,5.0,6,26.0,5.0,22.25,0
2025-03-07,Toronto Raptors,2025-03-07 17:00:00,7,1,0,0,0,7.75,8,64.0,25.0,63.25,1
2025-03-07,Utah Jazz,2025-03-07 17:00:00,6,0,2,0,0,7.0,8,52.0,25.0,48.7,1
2025-03-08,Atlanta Hawks,2025-03-08 17:00:00,5,0,3,1,0,6.75,9,159.0,45.0,139.4,4
2025-03-08,Boston Celtics,2025-03-08 17:00:00,3,0,3,0,0,4.5,6,31.0,10.0,22.2,0
2025-03-08,Brooklyn Nets,2025-03-08 17:00:00,6,0,0,0,1,6.0,7,288.0,240.0,263.0,1
2025-03-08,Charlotte Hornets,2025-03-08 17:00:00,8,0,0,0,0,8.0,9,281.0,240.0,277.25,2
2025-03-08,Chicago Bulls,2025-03-08 17:00:00,1,3,0,2,0,3.75,6,74.0,45.0,58.95,1
2025-03-08,Detroit Pistons,2025-03-08 17:00:00,5,0,0,1,0,5.25,7,53.0,25.0,46.7,1
2025-03-08,Golden State Warriors,2025-03-08 17:00:00,1,0,1,0,1,1.5,4,43.0,25.0,12.6,0
2025-03-08,Houston Rockets,2025-03-08 17:00:00,5,0,0,0,0,5.0,6,48.0,25.0,44.25,1
2025-03-08,Indiana Pacers,2025-03-08 17:00:00,1,0,2,4,0,3.0,7,27.0,5.0,8.4,0
2025-03-08,Los Angeles Lakers,2025-03-08 17:00:00,3,1,0,2,0,4.25,6,63.0,45.0,56.3,1
2025-03-08,Miami Heat,2025-03-08 17:00:00,3,0,2,2,2,4.5,10,99.0,45.0,62.349999999999994,1
2025-03-08,Milwaukee Bucks,2025-03-08 17:00:00,3,1,1,1,0,4.5,7,39.0,10.0,30.3,0
2025-03-08,New Orleans Pelicans,2025-03-08 17:00:00,7,0,0,0,1,7.0,9,39.0,7.0,32.25,0
2025-03-08,Orlando Magic,2025-03-08 17:00:00,4,0,0,0,0,4.0,4,253.0,240.0,253.0,1
2025-03-08,Toronto Raptors,2025-03-08 17:00:00,7,0,2,0,0,8.0,10,70.0,25.0,62.95,1
2025-03-08,Washington Wizards,2025-03-08 17:00:00,5,0,0,0,2,5.0,7,269.0,240.0,263.0,1
2025-03-09,Cleveland Cavaliers,2025-03-09 17:00:00,3,0,0,0,0,3.0,3,15.0,5.0,15.0,0
2025-03-09,Dallas Mavericks,2025-03-09 17:00:00,8,0,0,0,2,8.0,10,332.0,240.0,326.0,2
2025-03-09,Denver Nuggets,2025-03-09 17:00:00,2,0,0,0,7,2.0,9,230.0,180.0,192.0,1
2025-03-09,Detroit Pistons,2025-03-09 17:00:00,5,0,0,0,0,5.0,6,50.0,25.0,46.25,1
2025-03-09,LA Clippers,2025-03-09 17:00:00,6,0,0,0,0,6.0,7,43.0,14.0,39.25,1
2025-03-09,Memphis Grizzlies,2025-03-09 17:00:00,4,1,0,0,0,4.75,6,78.0,45.0,73.5,1
2025-03-09,Milwaukee Bucks,2025-03-09 17:00:00,3,0,0,3,0,3.75,7,53.0,10.0,29.7,0
2025-03-09,Minnesota Timberwolves,2025-03-09 17:00:00,3,0,2,0,0,4.0,6,33.0,10.0,22.1,0
2025-03-09,New Orleans Pelicans,2025-03-09 17:00:00,6,0,1,0,0,6.5,8,34.0,7.0,28.6,0
2025-03-09,Oklahoma City Thunder,2025-03-09 17:00:00,5,0,0,0,1,5.0,7,93.0,45.0,64.25,1
2025-03-09,Philadelphia 76ers,2025-03-09 17:00:00,7,0,1,0,0,7.5,8,112.0,45.0,110.35,2
2025-03-09,Phoenix Suns,2025-03-09 17:00:00,3,0,0,0,0,3.0,4,19.0,5.0,15.25,0
2025-03-09,Portland Trail Blazers,2025-03-09 17:00:00,4,0,2,0,0,5.0,7,48.0,12.0,40.95,0
2025-03-09,Sacramento Kings,2025-03-09 17:00:00,2,0,1,0,0,2.5,4,25.0,14.0,19.6,1
2025-03-09,San Antonio Spurs,2025-03-09 17:00:00,5,0,0,0,0,5.0,6,26.0,5.0,22.25,0
2025-03-09,Utah Jazz,2025-03-09 17:00:00,8,0,1,0,0,8.5,9,56.0,25.0,54.35,1
2025-03-10,Atlanta Hawks,2025-03-10 17:00:00,5,0,3,0,1,6.5,9,161.0,45.0,138.95,4
2025-03-10,Boston Celtics,2025-03-10 17:00:00,3,1,2,0,0,4.75,6,24.0,5.0,19.95,0
2025-03-10,Brooklyn Nets,2025-03-10 17:00:00,6,0,0,0,1,6.0,7,288.0,240.0,263.0,1
2025-03-10,Charlotte Hornets,2025-03-10 17:00:00,6,0,0,1,0,6.25,7,273.0,240.0,270.45,2
2025-03-10,Chicago Bulls,2025-03-10 17:00:00,1,1,5,1,0,4.5,8,79.0,45.0,60.3,1
2025-03-10,Dallas Mavericks,2025-03-10 17:00:00,8,0,1,0,0,8.5,10,334.0,240.0,328.6,2
2025-03-10,Denver Nuggets,2025-03-10 17:00:00,3,0,2,1,0,4.25,7,223.0,180.0,207.45,1
2025-03-10,Golden State Warriors,2025-03-10 17:00:00,2,0,0,0,1,2.0,4,43.0,25.0,14.25,0
2025-03-10,Houston Rockets,2025-03-10 17:00:00,5,0,1,0,0,5.5,7,58.0,25.0,52.6,1
2025-03-10,Indiana Pacers,2025-03-10 17:00:00,1,0,2,3,0,2.75,7,36.0,10.0,12.35,0
2025-03-10,Los Angeles Lakers,2025-03-10 17:00:00,6,0,1,0,0,6.5,7,72.0,45.0,70.35,1
2025-03-10,Memphis Grizzlies,2025-03-10 17:00:00,5,0,3,0,0,6.5,9,87.0,45.0,78.3,1
2025-03-10,Miami Heat,2025-03-10 17:00:00,3,0,3,2,2,5.0,10,97.0,45.0,59.0,1
2025-03-10,New York Knicks,2025-03-10 17:00:00,4,0,0,0,0,4.0,5,70.0,45.0,66.25,1
2025-03-10,Oklahoma City Thunder,2025-03-10 17:00:00,5,0,0,0,2,5.0,8,98.0,45.0,64.25,1
2025-03-10,Orlando Magic,2025-03-10 17:00:00,4,0,0,0,0,4.0,4,253.0,240.0,253.0,1
2025-03-10,Philadelphia 76ers,2025-03-10 17:00:00,8,0,1,0,0,8.5,10,127.0,45.0,121.6,2
2025-03-10,Phoenix Suns,2025-03-10 17:00:00,3,1,0,0,0,3.75,5,23.0,5.0,18.25,0
2025-03-10,Portland Trail Blazers,2025-03-10 17:00:00,3,1,1,0,0,4.25,6,43.0,12.0,36.85,0
2025-03-10,Sacramento Kings,2025-03-10 17:00:00,1,0,2,0,0,2.0,4,25.0,14.0,17.95,1
2025-03-10,San Antonio Spurs,2025-03-10 17:00:00,5,1,1,0,0,6.25,8,32.0,5.0,25.85,0
2025-03-10,Toronto Raptors,2025-03-10 17:00:00,7,0,0,0,0,7.0,7,59.0,25.0,59.0,1
2025-03-10,Utah Jazz,2025-03-10 17:00:00,6,0,3,0,0,7.5,10,62.0,25.0,52.2,1
2025-03-10,Washington Wizards,2025-03-10 17:00:00,6,0,0,0,0,6.0,6,264.0,240.0,264.0,1
2025-03-11,Brooklyn Nets,2025-03-11 17:00:00,5,0,0,0,0,5.0,6,264.0,240.0,260.25,1
2025-03-11,Cleveland Cavaliers,2025-03-11 17:00:00,4,0,2,0,0,5.0,6,26.0,5.0,22.7,0
2025-03-11,Detroit Pistons,2025-03-11 17:00:00,5,0,0,0,0,5.0,5,45.0,25.0,45.0,1
2025-03-11,Indiana Pacers,2025-03-11 17:00:00,1,1,2,2,0,3.25,7,36.0,10.0,15.35,0
2025-03-11,LA Clippers,2025-03-11 17:00:00,6,0,1,0,0,6.5,8,46.0,14.0,40.6,1
2025-03-11,Milwaukee Bucks,2025-03-11 17:00:00,3,0,2,2,0,4.5,8,49.0,10.0,23.2,0
2025-03-11,New Orleans Pelicans,2025-03-11 17:00:00,5,0,0,0,1,5.0,7,27.0,5.0,20.25,0
2025-03-11,Washington Wizards,2025-03-11 17:00:00,4,0,0,0,0,4.0,5,263.0,240.0,259.25,1
2025-03-12,Atlanta Hawks,2025-03-12 17:00:00,7,0,0,2,0,7.5,9,139.0,45.0,133.9,3
2025-03-12,Boston Celtics,2025-03-12 17:00:00,3,0,2,1,0,4.25,6,24.0,5.0,18.15,0
2025-03-12,Charlotte Hornets,2025-03-12 17:00:00,7,0,1,0,0,7.5,8,278.0,240.0,276.35,2
2025-03-12,Dallas Mavericks,2025-03-12 17:00:00,7,0,3,0,0,8.5,10,332.0,240.0,323.2,2
2025-03-12,Denver Nuggets,2025-03-12 17:00:00,2,1,0,2,0,3.25,6,213.0,180.0,201.65,1
2025-03-12,Houston Rockets,2025-03-12 17:00:00,5,0,0,1,0,5.25,7,58.0,25.0,51.7,1
2025-03-12,LA Clippers,2025-03-12 17:00:00,6,0,0,0,0,6.0,7,42.0,14.0,38.25,1
2025-03-12,Memphis Grizzlies,2025-03-12 17:00:00,4,0,2,0,0,5.0,7,81.0,45.0,73.95,1
2025-03-12,Miami Heat,2025-03-12 17:00:00,3,0,1,1,5,3.75,10,97.0,45.0,54.8,1
2025-03-12,Minnesota Timberwolves,2025-03-12 17:00:00,3,0,1,0,0,3.5,5,23.0,5.0,17.6,0
2025-03-12,New York Knicks,2025-03-12 17:00:00,3,0,1,0,0,3.5,5,28.0,10.0,21.5,0
2025-03-12,Oklahoma City Thunder,2025-03-12 17:00:00,6,0,1,0,1,6.5,8,94.0,45.0,67.35,1
2025-03-12,Philadelphia 76ers,2025-03-12 17:00:00,7,0,3,0,0,8.5,10,125.0,45.0,116.2,2
2025-03-12,Phoenix Suns,2025-03-12 17:00:00,2,3,0,0,0,4.25,6,25.0,5.0,18.75,0
2025-03-12,Portland Trail Blazers,2025-03-12 17:00:00,4,1,2,0,0,5.75,8,55.0,12.0,38.4,0
2025-03-12,San Antonio Spurs,2025-03-12 17:00:00,5,0,2,0,0,6.0,8,32.0,5.0,24.95,0
2025-03-12,Toronto Raptors,2025-03-12 17:00:00,7,1,2,0,0,8.75,10,90.0,25.0,72.1,2
2025-03-12,Utah Jazz,2025-03-12 17:00:00,5,0,3,0,0,6.5,9,58.0,25.0,48.75,1
2025-03-13,Brooklyn Nets,2025-03-13 17:00:00,5,0,0,0,0,5.0,5,265.0,240.0,265.0,1
2025-03-13,Chicago Bulls,2025-03-13 17:00:00,4,2,0,0,0,5.5,6,73.0,45.0,69.75,1
2025-03-13,Detroit Pistons,2025-03-13 17:00:00,5,0,0,0,0,5.0,5,45.0,25.0,45.0,1
2025-03-13,Golden State Warriors,2025-03-13 17:00:00,1,0,0,1,1,1.25,3,38.0,25.0,4.5,0
2025-03-13,Los Angeles Lakers,2025-03-13 17:00:00,5,0,1,0,0,5.5,6,69.0,45.0,67.35,1
2025-03-13,Milwaukee Bucks,2025-03-13 17:00:00,1,1,1,2,0,2.75,5,24.0,10.0,10.55,0
2025-03-13,New Orleans Pelicans,2025-03-13 17:00:00,7,0,0,0,0,7.0,7,32.0,10.0,32.0,0
2025-03-13,Orlando Magic,2025-03-13 17:00:00,4,0,0,0,0,4.0,4,253.0,240.0,253.0,1
2025-03-13,Sacramento Kings,2025-03-13 17:00:00,1,0,2,0,1,2.0,5,32.0,14.0,13.9,1
2025-03-13,Washington Wizards,2025-03-13 17:00:00,3,0,0,0,1,3.0,4,267.0,240.0,264.0,2
2025-03-14,Atlanta Hawks,2025-03-14 17:00:00,7,0,0,1,0,7.25,8,136.0,45.0,133.45,3
2025-03-14,Boston Celtics,2025-03-14 17:00:00,3,0,4,1,0,5.25,8,30.0,5.0,20.85,0
2025-03-14,Charlotte Hornets,2025-03-14 17:00:00,7,0,0,0,0,7.0,8,280.0,240.0,276.25,2
2025-03-14,Cleveland Cavaliers,2025-03-14 17:00:00,4,0,0,1,0,4.25,6,26.0,5.0,19.7,0
2025-03-14,Dallas Mavericks,2025-03-14 17:00:00,6,0,4,0,0,8.0,11,337.0,240.0,322.8,2
2025-03-14,Denver Nuggets,2025-03-14 17:00:00,4,0,1,4,0,5.5,10,236.0,180.0,210.6,1
2025-03-14,Houston Rockets,2025-03-14 17:00:00,5,0,0,0,0,5.0,6,55.0,25.0,51.25,1
2025-03-14,Indiana Pacers,2025-03-14 17:00:00,1,1,1,2,0,2.75,5,21.0,5.0,9.6,0
2025-03-14,LA Clippers,2025-03-14 17:00:00,4,0,1,0,0,4.5,5,33.0,14.0,30.8,1
2025-03-14,Los Angeles Lakers,2025-03-14 17:00:00,5,2,1,0,0,7.0,9,87.0,45.0,79.6,1
2025-03-14,Memphis Grizzlies,2025-03-14 17:00:00,3,0,1,0,0,3.5,5,75.0,45.0,65.75,1
2025-03-14,Miami Heat,2025-03-14 17:00:00,4,0,0,0,6,4.0,10,97.0,45.0,56.0,1
2025-03-14,Minnesota Timberwolves,2025-03-14 17:00:00,3,0,0,0,0,3.0,4,20.0,5.0,16.25,0
2025-03-14,Orlando Magic,2025-03-14 17:00:00,4,0,2,0,0,5.0,7,266.0,240.0,257.85,1
2025-03-14,Philadelphia 76ers,2025-03-14 17:00:00,8,0,4,0,0,10.0,12,141.0,45.0,125.6,2
2025-03-14,Phoenix Suns,2025-03-14 17:00:00,1,2,2,0,0,3.5,6,30.0,10.0,17.35,0
2025-03-14,Sacramento Kings,2025-03-14 17:00:00,1,0,3,0,0,2.5,5,30.0,14.0,15.25,1
2025-03-14,San Antonio Spurs,2025-03-14 17:00:00,5,0,0,0,0,5.0,6,66.0,45.0,62.25,1
2025-03-14,Toronto Raptors,2025-03-14 17:00:00,7,0,2,0,0,8.0,10,72.0,25.0,61.1,1
2025-03-14,Utah Jazz,2025-03-14 17:00:00,6,0,0,0,0,6.0,7,58.0,25.0,54.25,1
2025-03-15,Boston Celtics,2025-03-15 17:00:00,4,0,0,0,3,4.0,8,30.0,5.0,17.25,0
2025-03-15,Brooklyn Nets,2025-03-15 17:00:00,8,0,0,0,0,8.0,8,288.0,240.0,288.0,2
2025-03-15,Chicago Bulls,2025-03-15 17:00:00,5,1,0,1,0,6.0,7,76.0,45.0,70.95,1
2025-03-15,Denver Nuggets,2025-03-15 17:00:00,4,0,1,2,0,5.0,8,223.0,180.0,208.65,1
2025-03-15,Detroit Pistons,2025-03-15 17:00:00,5,0,0,0,0,5.0,5,45.0,25.0,45.0,1
2025-03-15,Golden State Warriors,2025-03-15 17:00:00,1,0,0,0,1,1.0,3,33.0,25.0,4.25,0
2025-03-15,Houston Rockets,2025-03-15 17:00:00,6,0,0,0,0,6.0,7,59.0,25.0,55.25,1
2025-03-15,Indiana Pacers,2025-03-15 17:00:00,2,1,0,2,0,3.25,6,26.0,5.0,12.5,0
2025-03-15,Memphis Grizzlies,2025-03-15 17:00:00,3,1,1,0,0,4.25,6,71.0,45.0,64.85,1
2025-03-15,Miami Heat,2025-03-15 17:00:00,6,0,0,0,2,6.0,9,77.0,45.0,67.25,1
2025-03-15,Milwaukee Bucks,2025-03-15 17:00:00,1,0,1,3,0,2.25,5,31.0,10.0,9.8,0
2025-03-15,New Orleans Pelicans,2025-03-15 17:00:00,7,0,0,0,0,7.0,8,37.0,10.0,33.25,0
2025-03-15,New York Knicks,2025-03-15 17:00:00,3,0,2,0,0,4.0,6,73.0,45.0,64.85,1
2025-03-15,Oklahoma City Thunder,2025-03-15 17:00:00,6,0,1,0,2,6.5,9,141.0,45.0,109.35,2
2025-03-15,San Antonio Spurs,2025-03-15 17:00:00,7,0,0,0,0,7.0,8,76.0,45.0,72.25,1
2025-03-15,Washington Wizards,2025-03-15 17:00:00,5,0,0,0,0,5.0,6,279.0,240.0,275.25,2
2025-03-16,Atlanta Hawks,2025-03-16 17:00:00,8,0,0,0,1,8.0,9,139.0,45.0,136.0,3
2025-03-16,Brooklyn Nets,2025-03-16 17:00:00,8,0,0,0,0,8.0,9,291.0,240.0,287.25,2
2025-03-16,Charlotte Hornets,2025-03-16 17:00:00,7,0,0,0,0,7.0,8,280.0,240.0,276.25,2
2025-03-16,Cleveland Cavaliers,2025-03-16 17:00:00,4,0,0,0,1,4.0,5,21.0,5.0,18.0,0
2025-03-16,Dallas Mavericks,2025-03-16 17:00:00,9,0,0,0,1,9.0,10,389.0,240.0,386.0,4
2025-03-16,LA Clippers,2025-03-16 17:00:00,5,0,0,0,1,5.0,7,40.0,14.0,22.25,0
2025-03-16,Los Angeles Lakers,2025-03-16 17:00:00,4,0,0,0,5,4.0,10,90.0,45.0,62.25,1
2025-03-16,Milwaukee Bucks,2025-03-16 17:00:00,1,0,2,2,0,2.5,6,27.0,8.0,12.1,0
2025-03-16,Minnesota Timberwolves,2025-03-16 17:00:00,4,0,0,0,0,4.0,4,20.0,5.0,20.0,0
2025-03-16,Oklahoma City Thunder,2025-03-16 17:00:00,7,0,1,0,1,7.5,10,149.0,45.0,118.6,2
2025-03-16,Orlando Magic,2025-03-16 17:00:00,4,0,0,0,1,4.0,5,256.0,240.0,253.0,1
2025-03-16,Philadelphia 76ers,2025-03-16 17:00:00,10,0,0,0,0,10.0,10,93.0,45.0,93.0,1
2025-03-16,Phoenix Suns,2025-03-16 17:00:00,3,0,0,0,1,3.0,5,27.0,10.0,13.25,0
2025-03-16,Portland Trail Blazers,2025-03-16 17:00:00,6,0,0,0,1,6.0,8,49.0,12.0,42.25,0
2025-03-16,Toronto Raptors,2025-03-16 17:00:00,7,0,0,0,3,7.0,11,75.0,25.0,33.25,0
2025-03-16,Utah Jazz,2025-03-16 17:00:00,8,0,1,0,0,8.5,10,67.0,25.0,61.6,1
2025-03-17,Chicago Bulls,2025-03-17 17:00:00,5,1,0,1,0,6.0,8,81.0,45.0,72.2,1
2025-03-17,Denver Nuggets,2025-03-17 17:00:00,3,0,3,1,0,4.75,8,228.0,180.0,209.04999999999998,1
2025-03-17,Detroit Pistons,2025-03-17 17:00:00,5,0,0,0,0,5.0,6,50.0,25.0,46.25,1
2025-03-17,Golden State Warriors,2025-03-17 17:00:00,1,0,2,0,1,2.0,5,39.0,25.0,6.95,0
2025-03-17,Houston Rockets,2025-03-17 17:00:00,5,0,0,0,0,5.0,6,55.0,25.0,51.25,1
2025-03-17,Indiana Pacers,2025-03-17 17:00:00,2,0,4,3,0,4.75,10,39.0,5.0,15.35,0
2025-03-17,Los Angeles Lakers,2025-03-17 17:00:00,4,0,0,2,0,4.5,7,80.0,45.0,64.35,1
2025-03-17,Memphis Grizzlies,2025-03-17 17:00:00,4,1,1,0,0,5.25,7,76.0,45.0,68.1,1
2025-03-17,Miami Heat,2025-03-17 17:00:00,6,0,1,0,2,6.5,9,75.0,45.0,67.35,1
2025-03-17,Minnesota Timberwolves,2025-03-17 17:00:00,3,0,0,0,0,3.0,4,20.0,5.0,16.25,0
2025-03-17,New Orleans Pelicans,2025-03-17 17:00:00,5,0,3,0,0,6.5,9,40.0,10.0,27.45,0
2025-03-17,New York Knicks,2025-03-17 17:00:00,3,0,1,0,0,3.5,4,65.0,45.0,62.25,1
2025-03-17,Philadelphia 76ers,2025-03-17 17:00:00,10,0,1,0,0,10.5,12,144.0,45.0,138.6,2
2025-03-17,Phoenix Suns,2025-03-17 17:00:00,3,0,0,3,0,3.75,7,44.0,14.0,25.8,1
2025-03-17,Portland Trail Blazers,2025-03-17 17:00:00,4,1,1,0,0,5.25,7,44.0,12.0,37.85,0
2025-03-17,Sacramento Kings,2025-03-17 17:00:00,1,0,1,0,0,1.5,3,13.0,5.0,7.6,0
2025-03-17,San Antonio Spurs,2025-03-17 17:00:00,7,0,1,0,0,7.5,9,79.0,45.0,73.6,1
2025-03-17,Toronto Raptors,2025-03-17 17:00:00,7,0,0,0,0,7.0,8,37.0,10.0,33.25,0
2025-03-17,Utah Jazz,2025-03-17 17:00:00,6,0,4,0,0,8.0,11,68.0,25.0,57.65,1
2025-03-17,Washington Wizards,2025-03-17 17:00:00,5,0,1,0,1,5.5,7,285.0,240.0,278.35,2
2025-03-18,Atlanta Hawks,2025-03-18 17:00:00,8,0,0,0,1,8.0,9,139.0,45.0,136.0,3
2025-03-18,Boston Celtics,2025-03-18 17:00:00,1,0,1,0,3,1.5,5,21.0,5.0,4.35,0
2025-03-18,Brooklyn Nets,2025-03-18 17:00:00,6,0,0,2,0,6.5,8,287.0,240.0,275.95,2
2025-03-18,Charlotte Hornets,2025-03-18 17:00:00,7,0,1,1,1,7.75,10,286.0,240.0,276.8,2
2025-03-18,Cleveland Cavaliers,2025-03-18 17:00:00,3,0,1,0,0,3.5,5,23.0,5.0,17.6,0
2025-03-18,Golden State Warriors,2025-03-18 17:00:00,1,0,2,0,1,2.0,5,41.0,25.0,8.95,0
2025-03-18,LA Clippers,2025-03-18 17:00:00,5,0,0,0,0,5.0,6,28.0,5.0,24.25,0
2025-03-18,Milwaukee Bucks,2025-03-18 17:00:00,2,0,0,3,0,2.75,6,27.0,8.0,15.6,0
2025-03-19,Chicago Bulls,2025-03-19 17:00:00,5,0,0,0,1,5.0,7,73.0,45.0,64.25,1
2025-03-19,Cleveland Cavaliers,2025-03-19 17:00:00,4,0,0,0,0,4.0,5,25.0,5.0,21.25,0
2025-03-19,Dallas Mavericks,2025-03-19 17:00:00,9,0,0,0,2,9.0,11,392.0,240.0,379.0,4
2025-03-19,Denver Nuggets,2025-03-19 17:00:00,3,0,3,1,0,4.75,8,228.0,180.0,206.95,1
2025-03-19,Detroit Pistons,2025-03-19 17:00:00,5,0,0,0,0,5.0,5,45.0,25.0,45.0,1
2025-03-19,Houston Rockets,2025-03-19 17:00:00,5,0,0,0,0,5.0,5,50.0,25.0,50.0,1
2025-03-19,Indiana Pacers,2025-03-19 17:00:00,2,0,0,3,3,2.75,8,37.0,10.0,8.25,0
2025-03-19,Los Angeles Lakers,2025-03-19 17:00:00,3,0,1,1,0,3.75,6,76.0,45.0,62.1,1
2025-03-19,Memphis Grizzlies,2025-03-19 17:00:00,5,0,2,0,0,6.0,8,79.0,45.0,68.1,1
2025-03-19,Miami Heat,2025-03-19 17:00:00,5,0,2,0,0,6.0,7,69.0,45.0,65.7,1
2025-03-19,Minnesota Timberwolves,2025-03-19 17:00:00,3,0,0,0,0,3.0,4,20.0,5.0,16.25,0
2025-03-19,New Orleans Pelicans,2025-03-19 17:00:00,5,0,0,0,0,5.0,6,22.0,5.0,18.25,0
2025-03-19,New York Knicks,2025-03-19 17:00:00,3,0,2,0,0,4.0,6,115.0,45.0,83.75,2
2025-03-19,Oklahoma City Thunder,2025-03-19 17:00:00,6,0,2,1,0,7.25,9,129.0,45.0,117.6,2
2025-03-19,Orlando Magic,2025-03-19 17:00:00,5,0,0,0,0,5.0,5,261.0,240.0,261.0,1
2025-03-19,Philadelphia 76ers,2025-03-19 17:00:00,9,1,1,0,0,10.25,11,142.0,45.0,137.35,2
2025-03-19,Phoenix Suns,2025-03-19 17:00:00,4,0,0,0,0,4.0,5,30.0,14.0,26.25,1
2025-03-19,Portland Trail Blazers,2025-03-19 17:00:00,3,1,1,0,1,4.25,7,44.0,12.0,32.85,0
2025-03-19,Sacramento Kings,2025-03-19 17:00:00,3,0,0,0,0,3.0,4,25.0,10.0,21.25,0
2025-03-19,San Antonio Spurs,2025-03-19 17:00:00,6,0,1,0,0,6.5,8,74.0,45.0,68.6,1
2025-03-19,Utah Jazz,2025-03-19 17:00:00,7,0,0,0,1,7.0,9,63.0,25.0,54.25,1
2025-03-19,Washington Wizards,2025-03-19 17:00:00,6,0,0,0,2,6.0,9,327.0,240.0,317.25,3
2025-03-20,Brooklyn Nets,2025-03-20 17:00:00,7,0,0,0,0,7.0,7,279.0,240.0,279.0,2
2025-03-20,Charlotte Hornets,2025-03-20 17:00:00,5,0,2,2,1,6.5,10,287.0,240.0,273.6,2
2025-03-20,Chicago Bulls,2025-03-20 17:00:00,5,0,1,1,0,5.75,8,80.0,45.0,68.95,1
2025-03-20,Golden State Warriors,2025-03-20 17:00:00,0,0,1,0,0,0.5,2,8.0,5.0,2.6,0
2025-03-20,Indiana Pacers,2025-03-20 17:00:00,2,0,0,3,0,2.75,6,26.0,5.0,9.5,0
2025-03-20,Los Angeles Lakers,2025-03-20 17:00:00,5,2,0,0,0,6.5,8,97.0,45.0,89.75,1
2025-03-20,Milwaukee Bucks,2025-03-20 17:00:00,4,0,1,2,0,5.0,8,37.0,8.0,26.5,0
2025-03-20,New York Knicks,2025-03-20 17:00:00,5,0,1,0,0,5.5,7,76.0,45.0,70.6,1
2025-03-20,Sacramento Kings,2025-03-20 17:00:00,3,0,1,0,0,3.5,5,28.0,10.0,22.6,0
2025-03-20,Toronto Raptors,2025-03-20 17:00:00,6,0,0,0,0,6.0,7,34.0,10.0,30.25,0
2025-03-21,Boston Celtics,2025-03-21 17:00:00,3,0,2,0,0,4.0,6,35.0,12.0,25.75,0
2025-03-21,Charlotte Hornets,2025-03-21 17:00:00,9,0,0,0,0,9.0,10,293.0,240.0,289.25,2
2025-03-21,Cleveland Cavaliers,2025-03-21 17:00:00,3,0,1,0,0,3.5,5,23.0,5.0,17.6,0
2025-03-21,Dallas Mavericks,2025-03-21 17:00:00,7,0,0,1,0,7.25,9,381.0,240.0,374.7,4
2025-03-21,Denver Nuggets,2025-03-21 17:00:00,4,0,1,2,0,5.0,8,228.0,180.0,207.7,1
2025-03-21,Detroit Pistons,2025-03-21 17:00:00,5,0,0,0,0,5.0,5,45.0,25.0,45.0,1
2025-03-21,Houston Rockets,2025-03-21 17:00:00,4,0,0,1,0,4.25,5,50.0,25.0,41.5,1
2025-03-21,LA Clippers,2025-03-21 17:00:00,5,0,0,0,0,5.0,6,28.0,5.0,24.25,0
2025-03-21,Memphis Grizzlies,2025-03-21 17:00:00,6,0,1,0,0,6.5,8,83.0,45.0,77.6,2
2025-03-21,Miami Heat,2025-03-21 17:00:00,5,0,0,1,0,5.25,6,66.0,45.0,63.45,1
2025-03-21,Minnesota Timberwolves,2025-03-21 17:00:00,3,0,0,0,0,3.0,4,20.0,5.0,16.25,0
2025-03-21,New Orleans Pelicans,2025-03-21 17:00:00,6,0,0,0,0,6.0,7,25.0,5.0,21.25,0
2025-03-21,Oklahoma City Thunder,2025-03-21 17:00:00,5,0,1,0,2,5.5,9,151.0,45.0,111.75,2
2025-03-21,Orlando Magic,2025-03-21 17:00:00,3,0,2,0,0,4.0,5,261.0,240.0,253.85,1
2025-03-21,Philadelphia 76ers,2025-03-21 17:00:00,9,0,0,1,0,9.25,10,139.0,45.0,133.9,2
2025-03-21,Phoenix Suns,2025-03-21 17:00:00,4,0,1,0,0,4.5,6,35.0,14.0,29.6,1
2025-03-21,Portland Trail Blazers,2025-03-21 17:00:00,3,1,1,0,0,4.25,6,31.0,10.0,24.85,0
2025-03-21,San Antonio Spurs,2025-03-21 17:00:00,6,0,0,0,0,6.0,6,66.0,45.0,66.0,1
2025-03-21,Utah Jazz,2025-03-21 17:00:00,7,0,1,0,1,7.5,10,66.0,25.0,57.6,1
2025-03-21,Washington Wizards,2025-03-21 17:00:00,5,0,0,0,0,5.0,5,313.0,240.0,313.0,3
2025-03-22,Atlanta Hawks,2025-03-22 17:00:00,7,0,0,0,2,7.0,9,135.0,45.0,129.0,3
2025-03-22,Brooklyn Nets,2025-03-22 17:00:00,8,0,0,0,0,8.0,8,280.0,240.0,280.0,2
2025-03-22,Chicago Bulls,2025-03-22 17:00:00,6,0,0,0,1,6.0,8,76.0,45.0,67.25,1
2025-03-22,Golden State Warriors,2025-03-22 17:00:00,1,0,0,0,1,1.0,2,28.0,25.0,3.0,0
2025-03-22,Indiana Pacers,2025-03-22 17:00:00,3,0,0,0,2,3.0,5,21.0,5.0,13.0,0
2025-03-22,Los Angeles Lakers,2025-03-22 17:00:00,1,0,1,6,0,3.0,9,101.0,45.0,56.9,1
2025-03-22,Milwaukee Bucks,2025-03-22 17:00:00,5,0,0,2,0,5.5,8,37.0,8.0,28.15,0
2025-03-22,New York Knicks,2025-03-22 17:00:00,3,0,2,0,0,4.0,5,68.0,45.0,63.6,1
2025-03-22,Sacramento Kings,2025-03-22 17:00:00,2,0,0,0,0,2.0,3,20.0,10.0,16.25,0
2025-03-22,Washington Wizards,2025-03-22 17:00:00,6,0,0,0,0,6.0,7,88.0,45.0,84.25,2
2025-03-23,Atlanta Hawks,2025-03-23 17:00:00,7,0,0,0,1,7.0,9,137.0,45.0,130.25,3
2025-03-23,Boston Celtics,2025-03-23 17:00:00,5,0,0,0,1,5.0,7,34.0,12.0,27.25,0
2025-03-23,Charlotte Hornets,2025-03-23 17:00:00,6,0,0,0,1,6.0,7,278.0,240.0,268.0,2
2025-03-23,Cleveland Cavaliers,2025-03-23 17:00:00,4,0,0,0,0,4.0,5,23.0,5.0,19.25,0
2025-03-23,Denver Nuggets,2025-03-23 17:00:00,3,0,0,3,0,3.75,6,218.0,180.0,198.45,1
2025-03-23,Detroit Pistons,2025-03-23 17:00:00,7,0,0,0,0,7.0,7,58.0,25.0,58.0,1
2025-03-23,Houston Rockets,2025-03-23 17:00:00,5,0,0,0,0,5.0,6,50.0,25.0,46.25,1
2025-03-23,LA Clippers,2025-03-23 17:00:00,5,0,0,0,0,5.0,6,28.0,5.0,24.25,0
2025-03-23,Miami Heat,2025-03-23 17:00:00,5,0,0,0,3,5.0,8,81.0,45.0,63.0,1
2025-03-23,New Orleans Pelicans,2025-03-23 17:00:00,7,0,0,0,1,7.0,8,26.0,5.0,23.0,0
2025-03-23,Oklahoma City Thunder,2025-03-23 17:00:00,5,0,2,0,1,6.0,9,142.0,45.0,109.95,2
2025-03-23,Philadelphia 76ers,2025-03-23 17:00:00,10,0,0,0,0,10.0,10,139.0,45.0,139.0,2
2025-03-23,Portland Trail Blazers,2025-03-23 17:00:00,3,0,0,0,4,3.0,8,39.0,10.0,18.25,0
2025-03-23,San Antonio Spurs,2025-03-23 17:00:00,6,0,0,0,0,6.0,6,66.0,45.0,66.0,1
2025-03-23,Toronto Raptors,2025-03-23 17:00:00,7,0,0,0,1,7.0,8,39.0,10.0,36.0,0
2025-03-23,Utah Jazz,2025-03-23 17:00:00,5,0,0,0,2,5.0,8,60.0,25.0,49.25,1
2025-03-24,Boston Celtics,2025-03-24 17:00:00,3,0,2,0,0,4.0,6,31.0,12.0,23.95,0
2025-03-24,Brooklyn Nets,2025-03-24 17:00:00,7,0,0,0,1,7.0,8,280.0,240.0,277.0,2
2025-03-24,Chicago Bulls,2025-03-24 17:00:00,6,0,0,0,0,6.0,6,66.0,45.0,66.0,1
2025-03-24,Dallas Mavericks,2025-03-24 17:00:00,6,0,1,1,0,6.75,8,376.0,240.0,371.8,4
2025-03-24,Denver Nuggets,2025-03-24 17:00:00,3,0,1,2,0,4.0,7,223.0,180.0,202.7,1
2025-03-24,Indiana Pacers,2025-03-24 17:00:00,1,0,0,3,1,1.75,5,28.0,10.0,5.25,0
2025-03-24,Los Angeles Lakers,2025-03-24 17:00:00,2,0,0,2,0,2.5,4,63.0,45.0,51.95,1
2025-03-24,Milwaukee Bucks,2025-03-24 17:00:00,3,0,0,2,0,3.5,6,34.0,10.0,25.15,0
2025-03-24,Minnesota Timberwolves,2025-03-24 17:00:00,3,0,1,0,0,3.5,4,18.0,5.0,16.35,0
2025-03-24,New Orleans Pelicans,2025-03-24 17:00:00,7,0,1,0,0,7.5,9,35.0,7.0,29.6,0
2025-03-24,Orlando Magic,2025-03-24 17:00:00,6,0,0,0,0,6.0,6,266.0,240.0,266.0,1
2025-03-24,Philadelphia 76ers,2025-03-24 17:00:00,10,0,0,1,0,10.25,12,149.0,45.0,136.75,2
2025-03-24,Phoenix Suns,2025-03-24 17:00:00,3,0,0,2,0,3.5,6,35.0,14.0,26.15,1
2025-03-24,Sacramento Kings,2025-03-24 17:00:00,0,0,4,0,0,2.0,5,24.0,10.0,9.8,0
2025-03-24,Toronto Raptors,2025-03-24 17:00:00,6,0,0,0,0,6.0,7,34.0,10.0,30.25,0
2025-03-24,Washington Wizards,2025-03-24 17:00:00,4,0,0,0,0,4.0,4,309.0,240.0,309.0,3
2025-03-25,Atlanta Hawks,2025-03-25 17:00:00,7,0,0,1,0,7.25,9,139.0,45.0,132.7,3
2025-03-25,Charlotte Hornets,2025-03-25 17:00:00,4,0,1,0,0,4.5,5,265.0,240.0,257.3,2
2025-03-25,Cleveland Cavaliers,2025-03-25 17:00:00,5,0,0,0,0,5.0,6,27.0,5.0,23.25,0
2025-03-25,Dallas Mavericks,2025-03-25 17:00:00,7,0,2,0,0,8.0,10,391.0,240.0,380.1,4
2025-03-25,Detroit Pistons,2025-03-25 17:00:00,5,0,2,0,0,6.0,7,58.0,25.0,50.85,1
2025-03-25,Golden State Warriors,2025-03-25 17:00:00,0,0,1,0,1,0.5,2,28.0,25.0,1.35,0
2025-03-25,Houston Rockets,2025-03-25 17:00:00,5,0,0,0,0,5.0,6,50.0,25.0,46.25,1
2025-03-25,Memphis Grizzlies,2025-03-25 17:00:00,6,1,0,0,0,6.75,8,95.0,45.0,90.5,2
2025-03-25,Miami Heat,2025-03-25 17:00:00,5,0,1,0,2,5.5,8,81.0,45.0,64.35,1
2025-03-25,New York Knicks,2025-03-25 17:00:00,3,0,1,0,2,3.5,6,120.0,45.0,85.25,2
2025-03-25,Oklahoma City Thunder,2025-03-25 17:00:00,4,0,4,0,1,6.0,10,145.0,45.0,109.65,2
2025-03-25,Orlando Magic,2025-03-25 17:00:00,4,0,0,0,1,4.0,6,266.0,240.0,252.25,1
2025-03-25,Portland Trail Blazers,2025-03-25 17:00:00,2,1,2,0,0,3.75,6,30.0,10.0,21.1,0
2025-03-25,Sacramento Kings,2025-03-25 17:00:00,0,0,3,0,0,1.5,4,14.0,5.0,5.300000000000001,0
2025-03-25,San Antonio Spurs,2025-03-25 17:00:00,6,0,1,0,0,6.5,7,69.0,45.0,67.35,1
2025-03-25,Utah Jazz,2025-03-25 17:00:00,5,0,1,0,1,5.5,8,61.0,25.0,50.6,1
2025-03-26,Boston Celtics,2025-03-26 17:00:00,4,0,1,0,0,4.5,6,42.0,12.0,32.75,0
2025-03-26,Brooklyn Nets,2025-03-26 17:00:00,7,0,0,0,0,7.0,7,286.0,240.0,286.0,2
2025-03-26,Denver Nuggets,2025-03-26 17:00:00,2,0,3,1,0,3.75,7,216.0,180.0,200.89999999999998,1
2025-03-26,Indiana Pacers,2025-03-26 17:00:00,1,2,0,1,0,2.75,4,18.0,5.0,11.25,0
2025-03-26,LA Clippers,2025-03-26 17:00:00,5,0,1,0,0,5.5,6,26.0,5.0,24.35,0
2025-03-26,Los Angeles Lakers,2025-03-26 17:00:00,2,0,0,2,0,2.5,4,63.0,45.0,51.95,1
2025-03-26,Milwaukee Bucks,2025-03-26 17:00:00,4,0,0,0,0,4.0,5,24.0,8.0,20.25,0
2025-03-26,New York Knicks,2025-03-26 17:00:00,3,0,2,0,0,4.0,6,80.0,45.0,70.75,1
2025-03-26,Philadelphia 76ers,2025-03-26 17:00:00,10,0,0,0,0,10.0,10,129.0,45.0,129.0,2
2025-03-26,Phoenix Suns,2025-03-26 17:00:00,3,0,0,0,0,3.0,4,29.0,14.0,25.25,1
2025-03-26,Toronto Raptors,2025-03-26 17:00:00,7,0,0,0,0,7.0,7,34.0,10.0,34.0,0
2025-03-26,Washington Wizards,2025-03-26 17:00:00,7,0,1,0,0,7.5,8,319.0,240.0,317.35,2
2025-03-27,Atlanta Hawks,2025-03-27 17:00:00,7,0,0,1,0,7.25,8,134.0,45.0,131.45,3
2025-03-27,Chicago Bulls,2025-03-27 17:00:00,5,0,3,1,0,6.75,9,75.0,45.0,67.5,1
2025-03-27,Cleveland Cavaliers,2025-03-27 17:00:00,5,0,1,0,0,5.5,6,26.0,5.0,24.35,0
2025-03-27,Dallas Mavericks,2025-03-27 17:00:00,6,0,3,0,0,7.5,9,386.0,240.0,381.05,4
2025-03-27,Houston Rockets,2025-03-27 17:00:00,5,0,2,0,0,6.0,7,58.0,25.0,50.85,1
2025-03-27,Indiana Pacers,2025-03-27 17:00:00,3,0,0,1,0,3.25,5,23.0,5.0,15.0,0
2025-03-27,Los Angeles Lakers,2025-03-27 17:00:00,2,0,0,0,0,2.0,3,53.0,45.0,49.25,1
2025-03-27,Memphis Grizzlies,2025-03-27 17:00:00,6,0,1,0,0,6.5,8,95.0,45.0,89.6,2
2025-03-27,Miami Heat,2025-03-27 17:00:00,6,0,2,0,0,7.0,8,72.0,45.0,68.7,1
2025-03-27,Oklahoma City Thunder,2025-03-27 17:00:00,5,0,2,0,1,6.0,8,95.0,45.0,66.7,1
2025-03-27,Orlando Magic,2025-03-27 17:00:00,4,0,0,0,0,4.0,4,251.0,240.0,251.0,1
2025-03-27,Portland Trail Blazers,2025-03-27 17:00:00,3,1,1,0,0,4.25,6,50.0,25.0,43.85,1
2025-03-27,Sacramento Kings,2025-03-27 17:00:00,2,0,1,0,1,2.5,5,21.0,5.0,10.6,0
2025-03-27,San Antonio Spurs,2025-03-27 17:00:00,6,0,0,0,0,6.0,6,66.0,45.0,66.0,1
2025-03-27,Utah Jazz,2025-03-27 17:00:00,7,0,0,0,0,7.0,8,65.0,25.0,61.25,1
2025-03-27,Washington Wizards,2025-03-27 17:00:00,7,0,0,0,1,7.0,9,337.0,240.0,328.25,3
2025-03-28,Brooklyn Nets,2025-03-28 17:00:00,3,0,3,0,3,4.5,9,290.0,240.0,270.05,2
2025-03-28,Charlotte Hornets,2025-03-28 17:00:00,6,0,0,0,0,6.0,6,258.0,240.0,258.0,1
2025-03-28,Cleveland Cavaliers,2025-03-28 17:00:00,6,0,0,0,0,6.0,7,30.0,5.0,26.25,0
2025-03-28,Denver Nuggets,2025-03-28 17:00:00,2,0,1,4,0,3.5,7,214.0,180.0,196.2,1
2025-03-28,Detroit Pistons,2025-03-28 17:00:00,4,0,0,0,0,4.0,4,38.0,25.0,38.0,1
2025-03-28,Golden State Warriors,2025-03-28 17:00:00,1,0,1,0,0,1.5,3,11.0,5.0,5.6,0
2025-03-28,LA Clippers,2025-03-28 17:00:00,5,0,0,0,0,5.0,5,23.0,5.0,23.0,0
2025-03-28,Milwaukee Bucks,2025-03-28 17:00:00,3,0,1,0,0,3.5,4,19.0,8.0,17.35,0
2025-03-28,Minnesota Timberwolves,2025-03-28 17:00:00,3,0,1,0,0,3.5,5,23.0,5.0,17.6,0
2025-03-28,New Orleans Pelicans,2025-03-28 17:00:00,6,0,0,0,0,6.0,6,18.0,3.0,18.0,0
2025-03-28,New York Knicks,2025-03-28 17:00:00,4,0,2,0,0,5.0,6,85.0,45.0,79.5,1
2025-03-28,Phoenix Suns,2025-03-28 17:00:00,3,0,0,0,0,3.0,4,29.0,14.0,25.25,1
2025-03-28,Toronto Raptors,2025-03-28 17:00:00,6,0,1,0,0,6.5,7,34.0,10.0,32.35,0
2025-03-28,Utah Jazz,2025-03-28 17:00:00,6,0,1,0,0,6.5,8,63.0,25.0,57.6,1
2025-03-29,Boston Celtics,2025-03-29 17:00:00,4,0,0,0,1,4.0,6,33.0,12.0,17.25,0
2025-03-29,Brooklyn Nets,2025-03-29 17:00:00,5,0,0,0,1,5.0,7,283.0,240.0,276.25,2
2025-03-29,Chicago Bulls,2025-03-29 17:00:00,5,1,0,0,0,5.75,6,64.0,45.0,63.25,1
2025-03-29,Dallas Mavericks,2025-03-29 17:00:00,3,2,2,3,0,6.25,11,394.0,240.0,361.2,4
2025-03-29,Indiana Pacers,2025-03-29 17:00:00,2,2,0,1,0,3.75,6,26.0,5.0,15.5,0
2025-03-29,Los Angeles Lakers,2025-03-29 17:00:00,1,0,0,1,0,1.25,2,55.0,45.0,46.5,1
2025-03-29,Memphis Grizzlies,2025-03-29 17:00:00,4,0,2,0,0,5.0,7,92.0,45.0,77.25,2
2025-03-29,Miami Heat,2025-03-29 17:00:00,5,0,4,0,0,7.0,9,75.0,45.0,65.1,1
2025-03-29,Oklahoma City Thunder,2025-03-29 17:00:00,6,0,2,0,1,7.0,10,146.0,45.0,113.95,2
2025-03-29,Orlando Magic,2025-03-29 17:00:00,5,0,0,0,0,5.0,5,256.0,240.0,256.0,1
2025-03-29,Philadelphia 76ers,2025-03-29 17:00:00,9,0,1,1,0,9.75,11,134.0,45.0,129.8,2
2025-03-29,Sacramento Kings,2025-03-29 17:00:00,2,0,0,0,0,2.0,2,8.0,5.0,8.0,0
2025-03-29,San Antonio Spurs,2025-03-29 17:00:00,6,0,0,0,0,6.0,7,71.0,45.0,67.25,1
2025-03-29,Washington Wizards,2025-03-29 17:00:00,7,0,0,0,1,7.0,8,328.0,240.0,325.0,3
2025-03-30,Atlanta Hawks,2025-03-30 17:00:00,7,0,0,0,2,7.0,10,142.0,45.0,132.25,3
2025-03-30,Charlotte Hornets,2025-03-30 17:00:00,8,0,1,1,0,8.75,11,283.0,240.0,270.35,1
2025-03-30,Cleveland Cavaliers,2025-03-30 17:00:00,3,0,0,0,0,3.0,3,11.0,5.0,11.0,0
2025-03-30,Detroit Pistons,2025-03-30 17:00:00,3,1,0,2,0,4.25,7,49.0,25.0,39.4,1
2025-03-30,Golden State Warriors,2025-03-30 17:00:00,1,0,0,1,0,1.25,2,6.0,3.0,3.45,0
2025-03-30,Houston Rockets,2025-03-30 17:00:00,5,0,1,0,0,5.5,7,54.0,25.0,36.5,1
2025-03-30,LA Clippers,2025-03-30 17:00:00,6,0,0,0,0,6.0,6,27.0,5.0,27.0,0
2025-03-30,Milwaukee Bucks,2025-03-30 17:00:00,4,0,0,0,1,4.0,6,27.0,8.0,20.25,0
2025-03-30,Minnesota Timberwolves,2025-03-30 17:00:00,0,0,1,0,3,0.5,5,23.0,5.0,2.6,0
2025-03-30,New Orleans Pelicans,2025-03-30 17:00:00,7,0,0,0,1,7.0,9,29.0,5.0,22.25,0
2025-03-30,New York Knicks,2025-03-30 17:00:00,4,0,0,0,0,4.0,4,75.0,45.0,75.0,1
2025-03-30,Philadelphia 76ers,2025-03-30 17:00:00,9,0,1,0,0,9.5,11,136.0,45.0,130.6,2
2025-03-30,Phoenix Suns,2025-03-30 17:00:00,3,0,0,0,0,3.0,4,29.0,14.0,25.25,1
2025-03-30,Portland Trail Blazers,2025-03-30 17:00:00,5,0,0,0,1,5.0,6,51.0,25.0,48.0,1
2025-03-30,San Antonio Spurs,2025-03-30 17:00:00,5,0,0,1,0,5.25,7,71.0,45.0,64.7,1
2025-03-30,Toronto Raptors,2025-03-30 17:00:00,5,0,1,0,0,5.5,6,29.0,10.0,27.35,0
2025-03-31,Boston Celtics,2025-03-31 17:00:00,3,0,2,0,0,4.0,6,26.0,5.0,18.95,0
2025-03-31,Brooklyn Nets,2025-03-31 17:00:00,5,0,0,0,0,5.0,5,279.0,240.0,279.0,2
2025-03-31,Charlotte Hornets,2025-03-31 17:00:00,6,0,0,2,0,6.5,9,269.0,240.0,260.15,1
2025-03-31,Chicago Bulls,2025-03-31 17:00:00,6,1,1,0,0,7.25,8,76.0,45.0,73.05,1
2025-03-31,Dallas Mavericks,2025-03-31 17:00:00,5,0,1,3,0,6.25,9,188.0,45.0,147.95,4
2025-03-31,Houston Rockets,2025-03-31 17:00:00,4,0,0,0,0,4.0,5,25.0,5.0,21.25,0
2025-03-31,Indiana Pacers,2025-03-31 17:00:00,3,2,0,1,0,4.75,6,24.0,5.0,17.25,0
2025-03-31,LA Clippers,2025-03-31 17:00:00,5,0,1,0,0,5.5,7,28.0,5.0,22.6,0
2025-03-31,Los Angeles Lakers,2025-03-31 17:00:00,1,0,0,1,0,1.25,3,60.0,45.0,47.75,1
2025-03-31,Memphis Grizzlies,2025-03-31 17:00:00,2,0,0,0,0,2.0,3,62.0,45.0,58.25,1
2025-03-31,Miami Heat,2025-03-31 17:00:00,5,0,1,1,0,5.75,7,63.0,45.0,58.8,1
2025-03-31,Oklahoma City Thunder,2025-03-31 17:00:00,5,0,3,0,0,6.5,9,121.0,45.0,111.75,2
2025-03-31,Orlando Magic,2025-03-31 17:00:00,5,0,0,0,0,5.0,5,256.0,240.0,256.0,1
2025-03-31,Sacramento Kings,2025-03-31 17:00:00,2,0,0,0,0,2.0,2,6.0,3.0,6.0,0
2025-03-31,Utah Jazz,2025-03-31 17:00:00,9,0,0,0,0,9.0,9,64.0,25.0,64.0,1
2025-03-31,Washington Wizards,2025-03-31 17:00:00,9,0,0,0,0,9.0,9,335.0,240.0,335.0,3
2025-04-01,Atlanta Hawks,2025-04-01 17:00:00,6,0,0,1,0,6.25,7,127.0,45.0,124.45,3
2025-04-01,Chicago Bulls,2025-04-01 17:00:00,2,1,6,0,0,5.75,10,80.0,45.0,62.3,1
2025-04-01,Denver Nuggets,2025-04-01 17:00:00,2,0,2,2,0,3.5,6,205.0,180.0,196.04999999999998,1
2025-04-01,Golden State Warriors,2025-04-01 17:00:00,2,0,0,0,0,2.0,2,6.0,3.0,6.0,0
2025-04-01,Memphis Grizzlies,2025-04-01 17:00:00,2,0,1,0,0,2.5,4,65.0,45.0,59.6,1
2025-04-01,Milwaukee Bucks,2025-04-01 17:00:00,3,0,1,1,0,3.75,6,27.0,8.0,19.05,0
2025-04-01,Minnesota Timberwolves,2025-04-01 17:00:00,3,0,0,0,0,3.0,4,25.0,10.0,21.25,0
2025-04-01,New York Knicks,2025-04-01 17:00:00,4,1,1,0,0,5.25,6,83.0,45.0,80.1,1
2025-04-01,Orlando Magic,2025-04-01 17:00:00,4,0,1,0,0,4.5,6,261.0,240.0,255.6,1
2025-04-01,Philadelphia 76ers,2025-04-01 17:00:00,7,0,2,0,0,8.0,9,126.0,45.0,122.15,2
2025-04-01,Phoenix Suns,2025-04-01 17:00:00,3,0,2,0,0,4.0,6,42.0,14.0,28.9,1
2025-04-01,Portland Trail Blazers,2025-04-01 17:00:00,4,1,1,0,0,5.25,6,51.0,25.0,48.6,1
2025-04-01,San Antonio Spurs,2025-04-01 17:00:00,6,0,0,0,0,6.0,6,67.0,45.0,67.0,1
2025-04-01,Toronto Raptors,2025-04-01 17:00:00,5,0,1,0,0,5.5,6,29.0,10.0,27.35,0
2025-04-02,Atlanta Hawks,2025-04-02 17:00:00,6,0,0,1,0,6.25,8,132.0,45.0,125.7,3
2025-04-02,Boston Celtics,2025-04-02 17:00:00,2,1,3,0,2,4.25,8,32.0,5.0,16.3,0
2025-04-02,Charlotte Hornets,2025-04-02 17:00:00,4,0,3,0,0,5.5,7,265.0,240.0,256.2,1
2025-04-02,Cleveland Cavaliers,2025-04-02 17:00:00,2,0,1,0,0,2.5,3,11.0,5.0,9.35,0
2025-04-02,Dallas Mavericks,2025-04-02 17:00:00,6,0,1,2,0,7.0,9,179.0,45.0,149.15,4
2025-04-02,Denver Nuggets,2025-04-02 17:00:00,2,0,6,0,0,5.0,9,216.0,180.0,201.8,1
2025-04-02,Detroit Pistons,2025-04-02 17:00:00,4,1,0,1,0,5.0,6,46.0,25.0,42.7,1
2025-04-02,Houston Rockets,2025-04-02 17:00:00,2,0,1,0,2,2.5,6,28.0,5.0,12.6,0
2025-04-02,Indiana Pacers,2025-04-02 17:00:00,3,0,2,1,1,4.25,7,27.0,5.0,14.25,0
2025-04-02,LA Clippers,2025-04-02 17:00:00,2,0,0,0,0,2.0,3,11.0,5.0,7.25,0
2025-04-02,Miami Heat,2025-04-02 17:00:00,5,0,0,0,1,5.0,6,60.0,45.0,57.0,1
2025-04-02,New Orleans Pelicans,2025-04-02 17:00:00,7,0,0,0,0,7.0,8,26.0,5.0,22.25,0
2025-04-02,New York Knicks,2025-04-02 17:00:00,6,0,1,1,0,6.75,9,138.0,45.0,128.95,2
2025-04-02,Oklahoma City Thunder,2025-04-02 17:00:00,5,0,2,0,0,6.0,8,124.0,45.0,113.1,2
2025-04-02,Sacramento Kings,2025-04-02 17:00:00,2,0,0,0,0,2.0,2,6.0,3.0,6.0,0
2025-04-02,San Antonio Spurs,2025-04-02 17:00:00,8,0,1,0,0,8.5,10,88.0,45.0,82.6,1
2025-04-02,Utah Jazz,2025-04-02 17:00:00,8,0,1,0,2,8.5,12,78.0,25.0,62.05,1
2025-04-02,Washington Wizards,2025-04-02 17:00:00,7,0,1,0,1,7.5,9,334.0,240.0,327.35,3
2025-04-03,Brooklyn Nets,2025-04-03 17:00:00,7,0,0,0,1,7.0,8,290.0,240.0,287.0,2
2025-04-03,Golden State Warriors,2025-04-03 17:00:00,1,0,1,0,0,1.5,3,11.0,5.0,5.6,0
2025-04-03,Los Angeles Lakers,2025-04-03 17:00:00,1,0,0,1,0,1.25,2,55.0,45.0,46.5,1
2025-04-03,Memphis Grizzlies,2025-04-03 17:00:00,3,0,0,0,0,3.0,3,60.0,45.0,60.0,1
2025-04-03,Miami Heat,2025-04-03 17:00:00,5,0,2,0,1,6.0,9,71.0,45.0,60.95,1
2025-04-03,Milwaukee Bucks,2025-04-03 17:00:00,3,0,1,1,0,3.75,5,22.0,8.0,17.8,0
2025-04-03,Minnesota Timberwolves,2025-04-03 17:00:00,1,0,0,0,0,1.0,1,10.0,10.0,10.0,0
2025-04-03,Orlando Magic,2025-04-03 17:00:00,4,0,0,0,0,4.0,4,253.0,240.0,253.0,1
2025-04-03,Philadelphia 76ers,2025-04-03 17:00:00,8,0,1,0,0,8.5,9,135.0,45.0,128.4,2
2025-04-03,Portland Trail Blazers,2025-04-03 17:00:00,5,1,1,0,0,6.25,7,61.0,25.0,58.6,1
2025-04-03,Toronto Raptors,2025-04-03 17:00:00,5,0,2,0,0,6.0,7,32.0,10.0,28.7,0
2025-04-03,Washington Wizards,2025-04-03 17:00:00,8,0,1,0,0,8.5,10,337.0,240.0,331.6,3
2025-04-04,Boston Celtics,2025-04-04 17:00:00,2,0,3,0,0,3.5,5,23.0,5.0,15.85,0
2025-04-04,Charlotte Hornets,2025-04-04 17:00:00,6,0,2,2,0,7.5,10,274.0,240.0,261.75,1
2025-04-04,Chicago Bulls,2025-04-04 17:00:00,2,0,2,0,2,3.0,6,64.0,45.0,50.7,1
2025-04-04,Cleveland Cavaliers,2025-04-04 17:00:00,2,0,0,0,0,2.0,3,11.0,5.0,7.25,0
2025-04-04,Dallas Mavericks,2025-04-04 17:00:00,6,0,1,1,0,6.75,9,201.0,45.0,193.05,4
2025-04-04,Denver Nuggets,2025-04-04 17:00:00,1,0,3,3,0,3.25,8,213.0,180.0,190.85000000000002,1
2025-04-04,Detroit Pistons,2025-04-04 17:00:00,3,0,1,0,0,3.5,4,36.0,25.0,34.35,1
2025-04-04,Golden State Warriors,2025-04-04 17:00:00,0,0,3,0,0,1.5,4,14.0,5.0,5.300000000000001,0
2025-04-04,Houston Rockets,2025-04-04 17:00:00,1,0,0,0,0,1.0,2,10.0,5.0,6.25,0
2025-04-04,Indiana Pacers,2025-04-04 17:00:00,1,0,2,1,3,2.25,7,28.0,5.0,8.25,0
2025-04-04,LA Clippers,2025-04-04 17:00:00,3,0,0,0,0,3.0,4,15.0,5.0,11.25,0
2025-04-04,Los Angeles Lakers,2025-04-04 17:00:00,2,0,1,1,0,2.75,5,66.0,45.0,52.1,1
2025-04-04,New Orleans Pelicans,2025-04-04 17:00:00,7,0,0,0,0,7.0,8,26.0,5.0,22.25,0
2025-04-04,Oklahoma City Thunder,2025-04-04 17:00:00,5,0,1,0,0,5.5,7,121.0,45.0,115.6,2
2025-04-04,Phoenix Suns,2025-04-04 17:00:00,3,0,0,0,0,3.0,3,20.0,10.0,20.0,0
2025-04-04,Portland Trail Blazers,2025-04-04 17:00:00,4,2,3,0,0,7.0,10,72.0,25.0,60.05,1
2025-04-04,Sacramento Kings,2025-04-04 17:00:00,3,0,1,0,1,3.5,5,21.0,5.0,14.35,0
2025-04-04,San Antonio Spurs,2025-04-04 17:00:00,6,0,1,1,0,6.75,9,78.0,45.0,69.5,1
2025-04-04,Toronto Raptors,2025-04-04 17:00:00,5,0,1,0,0,5.5,7,34.0,10.0,28.6,0
2025-04-04,Utah Jazz,2025-04-04 17:00:00,8,0,2,0,0,9.0,10,88.0,25.0,82.5,2
2025-04-05,Atlanta Hawks,2025-04-05 17:00:00,5,0,0,0,1,5.0,6,131.0,45.0,128.0,3
2025-04-05,Dallas Mavericks,2025-04-05 17:00:00,5,1,1,4,0,7.25,12,233.0,45.0,168.3,4
2025-04-05,Detroit Pistons,2025-04-05 17:00:00,3,0,1,1,1,3.75,7,49.0,25.0,36.05,1
2025-04-05,LA Clippers,2025-04-05 17:00:00,1,0,1,0,0,1.5,3,12.0,5.0,6.05,0
2025-04-05,Memphis Grizzlies,2025-04-05 17:00:00,3,0,0,0,0,3.0,3,60.0,45.0,60.0,1
2025-04-05,Miami Heat,2025-04-05 17:00:00,4,0,2,0,1,5.0,7,63.0,45.0,56.7,1
2025-04-05,Milwaukee Bucks,2025-04-05 17:00:00,3,0,0,2,0,3.5,5,22.0,8.0,16.9,0
2025-04-05,Minnesota Timberwolves,2025-04-05 17:00:00,1,0,0,0,0,1.0,1,10.0,10.0,10.0,0
2025-04-05,New York Knicks,2025-04-05 17:00:00,4,0,0,0,1,4.0,5,120.0,45.0,110.0,2
2025-04-05,Philadelphia 76ers,2025-04-05 17:00:00,8,0,0,0,0,8.0,8,123.0,45.0,123.0,2
2025-04-06,Atlanta Hawks,2025-04-06 17:00:00,5,0,0,0,1,5.0,7,136.0,45.0,129.25,3
2025-04-06,Boston Celtics,2025-04-06 17:00:00,5,0,0,0,1,5.0,6,31.0,10.0,28.0,0
2025-04-06,Brooklyn Nets,2025-04-06 17:00:00,7,0,0,0,0,7.0,7,287.0,240.0,287.0,2
2025-04-06,Charlotte Hornets,2025-04-06 17:00:00,6,0,0,0,2,6.0,8,268.0,240.0,255.0,1
2025-04-06,Chicago Bulls,2025-04-06 17:00:00,3,0,0,0,1,3.0,4,56.0,45.0,51.0,1
2025-04-06,Cleveland Cavaliers,2025-04-06 17:00:00,3,0,0,0,2,3.0,5,21.0,5.0,15.0,0
2025-04-06,Denver Nuggets,2025-04-06 17:00:00,1,0,1,0,0,1.5,2,183.0,180.0,181.35,1
2025-04-06,Golden State Warriors,2025-04-05 17:00:00,0,0,0,0,0,0.0,1,5.0,5.0,1.25,0
2025-04-06,Houston Rockets,2025-04-06 17:00:00,0,0,1,0,0,0.5,2,15.0,10.0,5.75,0
2025-04-06,Indiana Pacers,2025-04-06 17:00:00,2,2,2,0,0,4.5,7,29.0,5.0,17.75,0
2025-04-06,Los Angeles Lakers,2025-04-06 17:00:00,1,0,0,0,1,1.0,3,60.0,45.0,46.25,1
2025-04-06,Milwaukee Bucks,2025-04-06 17:00:00,3,1,1,0,0,4.25,6,34.0,10.0,24.0,0
2025-04-06,New Orleans Pelicans,2025-04-06 17:00:00,8,0,1,0,0,8.5,10,34.0,5.0,28.6,0
2025-04-06,New York Knicks,2025-04-06 17:00:00,1,0,2,1,0,2.25,5,80.0,45.0,56.75,1
2025-04-06,Oklahoma City Thunder,2025-04-06 17:00:00,7,0,0,0,0,7.0,7,123.0,45.0,123.0,2
2025-04-06,Phoenix Suns,2025-04-06 17:00:00,1,0,0,0,0,1.0,1,10.0,10.0,10.0,0
2025-04-06,Portland Trail Blazers,2025-04-06 17:00:00,8,0,0,0,2,8.0,11,87.0,25.0,63.25,1
2025-04-06,Sacramento Kings,2025-04-06 17:00:00,4,0,0,0,0,4.0,4,16.0,5.0,16.0,0
2025-04-06,San Antonio Spurs,2025-04-06 17:00:00,6,0,0,0,0,6.0,7,71.0,45.0,67.25,1
2025-04-06,Toronto Raptors,2025-04-06 17:00:00,6,0,0,0,0,6.0,6,27.0,10.0,27.0,0
2025-04-06,Utah Jazz,2025-04-06 17:00:00,8,0,0,0,0,8.0,8,78.0,25.0,78.0,2
2025-04-06,Washington Wizards,2025-04-06 17:00:00,9,0,0,0,0,9.0,9,333.0,240.0,333.0,3
2025-04-07,Detroit Pistons,2025-04-07 17:00:00,1,0,5,0,0,3.5,6,46.0,25.0,34.45,1
2025-04-07,Miami Heat,2025-04-07 17:00:00,4,0,5,0,1,6.5,10,72.0,45.0,60.75,1
2025-04-07,Philadelphia 76ers,2025-04-07 17:00:00,8,0,2,0,0,9.0,10,129.0,45.0,125.14999999999999,2
2025-04-07,Sacramento Kings,2025-04-07 17:00:00,4,0,1,0,0,4.5,6,24.0,5.0,18.6,0
2025-04-08,Atlanta Hawks,2025-04-08 17:00:00,5,0,0,0,1,5.0,6,131.0,45.0,128.0,3
2025-04-08,Boston Celtics,2025-04-08 17:00:00,1,0,3,2,0,3.0,6,34.0,12.0,20.1,0
2025-04-08,Brooklyn Nets,2025-04-08 17:00:00,7,0,0,0,0,7.0,7,294.0,240.0,294.0,2
2025-04-08,Charlotte Hornets,2025-04-08 17:00:00,6,0,1,0,0,6.5,7,265.0,240.0,263.35,1
2025-04-08,Chicago Bulls,2025-04-08 17:00:00,7,0,0,0,0,7.0,7,66.0,45.0,66.0,1
2025-04-08,Cleveland Cavaliers,2025-04-08 17:00:00,2,0,2,0,1,3.0,5,28.0,10.0,18.6,0
2025-04-08,Golden State Warriors,2025-04-08 17:00:00,0,0,1,0,0,0.5,1,3.0,3.0,1.35,0
2025-04-08,Indiana Pacers,2025-04-08 17:00:00,3,0,0,0,3,3.0,6,24.0,5.0,11.0,0
2025-04-08,LA Clippers,2025-04-08 17:00:00,1,0,1,0,0,1.5,3,12.0,5.0,6.05,0
2025-04-08,Los Angeles Lakers,2025-04-08 17:00:00,3,0,0,5,0,4.25,9,92.0,45.0,57.650000000000006,1
2025-04-08,Memphis Grizzlies,2025-04-08 17:00:00,2,0,0,0,0,2.0,2,57.0,45.0,57.0,1
2025-04-08,Milwaukee Bucks,2025-04-08 17:00:00,2,0,1,1,0,2.75,4,24.0,10.0,15.95,0
2025-04-08,Minnesota Timberwolves,2025-04-08 17:00:00,0,0,1,0,0,0.5,2,15.0,10.0,5.75,0
2025-04-08,New Orleans Pelicans,2025-04-08 17:00:00,7,0,1,0,2,7.5,10,30.0,3.0,22.35,0
2025-04-08,New York Knicks,2025-04-08 17:00:00,1,0,0,2,0,1.5,3,65.0,45.0,48.0,1
2025-04-08,Oklahoma City Thunder,2025-04-08 17:00:00,4,0,1,0,0,4.5,6,118.0,45.0,108.75,2
2025-04-08,Orlando Magic,2025-04-08 17:00:00,4,0,0,0,0,4.0,4,253.0,240.0,253.0,1
2025-04-08,Phoenix Suns,2025-04-08 17:00:00,1,0,0,1,0,1.25,3,18.0,10.0,11.7,0
2025-04-08,San Antonio Spurs,2025-04-08 17:00:00,4,0,0,0,0,4.0,5,101.0,45.0,97.25,2
2025-04-08,Washington Wizards,2025-04-08 17:00:00,8,0,0,0,1,8.0,9,326.0,240.0,323.0,3
2025-04-09,Boston Celtics,2025-04-09 17:00:00,5,0,1,0,0,5.5,7,46.0,12.0,40.6,0
2025-04-09,Charlotte Hornets,2025-04-09 17:00:00,8,0,1,1,0,8.75,11,274.0,240.0,266.05,1
2025-04-09,Chicago Bulls,2025-04-09 17:00:00,3,0,3,1,0,4.75,8,75.0,45.0,59.9,1
2025-04-09,Dallas Mavericks,2025-04-09 17:00:00,6,0,1,1,0,6.75,8,163.0,45.0,135.7,3
2025-04-09,Denver Nuggets,2025-04-09 17:00:00,1,1,0,0,0,1.75,3,188.0,180.0,183.5,1
2025-04-09,Golden State Warriors,2025-04-09 17:00:00,1,0,1,0,0,1.5,3,11.0,5.0,5.6,0
2025-04-09,Houston Rockets,2025-04-09 17:00:00,5,0,0,0,0,5.0,6,24.0,5.0,20.25,0
2025-04-09,LA Clippers,2025-04-09 17:00:00,3,0,1,0,0,3.5,5,18.0,5.0,12.6,0
2025-04-09,Los Angeles Lakers,2025-04-09 17:00:00,1,0,1,1,0,1.75,4,56.0,45.0,48.050000000000004,1
2025-04-09,Miami Heat,2025-04-09 17:00:00,3,0,2,1,4,4.25,10,72.0,45.0,54.150000000000006,1
2025-04-09,Oklahoma City Thunder,2025-04-09 17:00:00,8,0,0,0,0,8.0,9,128.0,45.0,124.25,2
2025-04-09,Orlando Magic,2025-04-09 17:00:00,4,0,0,0,0,4.0,5,258.0,240.0,254.25,1
2025-04-09,Philadelphia 76ers,2025-04-09 17:00:00,9,0,2,0,0,10.0,11,132.0,45.0,128.7,2
2025-04-09,Phoenix Suns,2025-04-09 17:00:00,2,0,0,0,0,2.0,3,18.0,10.0,14.25,0
2025-04-09,Portland Trail Blazers,2025-04-09 17:00:00,5,0,3,0,0,6.5,9,67.0,25.0,55.55,1
2025-04-09,Sacramento Kings,2025-04-09 17:00:00,4,0,1,0,0,4.5,6,46.0,25.0,40.6,1
2025-04-09,San Antonio Spurs,2025-04-09 17:00:00,4,0,0,0,0,4.0,5,101.0,45.0,97.25,2
2025-04-09,Toronto Raptors,2025-04-09 17:00:00,6,0,2,0,0,7.0,8,35.0,10.0,31.7,0
2025-04-09,Utah Jazz,2025-04-09 17:00:00,8,0,1,0,0,8.5,10,91.0,25.0,85.6,2
2025-04-09,Washington Wizards,2025-04-09 17:00:00,8,0,0,0,0,8.0,9,326.0,240.0,322.25,3
2025-04-10,Atlanta Hawks,2025-04-10 17:00:00,5,0,0,1,0,5.25,6,131.0,45.0,128.45,3
2025-04-10,Brooklyn Nets,2025-04-10 17:00:00,6,0,0,0,0,6.0,6,289.0,240.0,289.0,2
2025-04-10,Cleveland Cavaliers,2025-04-10 17:00:00,4,0,0,0,0,4.0,4,21.0,10.0,21.0,0
2025-04-10,Detroit Pistons,2025-04-10 17:00:00,1,0,4,2,0,3.5,7,49.0,25.0,34.0,1
2025-04-10,Indiana Pacers,2025-04-10 17:00:00,2,1,2,0,0,3.75,5,21.0,5.0,14.25,0
2025-04-10,Memphis Grizzlies,2025-04-10 17:00:00,3,0,0,0,0,3.0,4,87.0,45.0,83.25,2
2025-04-10,Milwaukee Bucks,2025-04-10 17:00:00,3,0,2,0,0,4.0,5,34.0,10.0,26.85,0
2025-04-10,Minnesota Timberwolves,2025-04-09 17:00:00,0,0,0,0,0,0.0,1,5.0,5.0,1.25,0
2025-04-10,New Orleans Pelicans,2025-04-10 17:00:00,11,0,0,0,0,11.0,11,33.0,3.0,33.0,0
2025-04-10,New York Knicks,2025-04-10 17:00:00,4,0,0,0,0,4.0,4,101.0,45.0,101.0,2
2025-04-11,Atlanta Hawks,2025-04-11 17:00:00,5,0,0,0,1,5.0,7,136.0,45.0,129.25,3
2025-04-11,Boston Celtics,2025-04-11 17:00:00,1,0,0,0,0,1.0,1,3.0,3.0,3.0,0
2025-04-11,Brooklyn Nets,2025-04-11 17:00:00,8,0,0,0,0,8.0,9,302.0,240.0,298.25,2
2025-04-11,Charlotte Hornets,2025-04-11 17:00:00,6,0,1,0,1,6.5,8,262.0,240.0,256.35,1
2025-04-11,Chicago Bulls,2025-04-11 17:00:00,3,0,2,1,0,4.25,6,67.0,45.0,55.2,1
2025-04-11,Cleveland Cavaliers,2025-04-11 17:00:00,4,0,0,1,0,4.25,6,32.0,10.0,25.7,0
2025-04-11,Dallas Mavericks,2025-04-11 17:00:00,4,0,4,1,0,6.25,9,164.0,45.0,127.89999999999999,3
2025-04-11,Denver Nuggets,2025-04-11 17:00:00,1,0,1,0,0,1.5,3,188.0,180.0,182.6,1
2025-04-11,Detroit Pistons,2025-04-11 17:00:00,2,0,4,1,0,4.25,8,54.0,25.0,37.8,1
2025-04-11,Golden State Warriors,2025-04-11 17:00:00,0,0,2,0,0,1.0,3,11.0,5.0,3.95,0
2025-04-11,Houston Rockets,2025-04-11 17:00:00,7,0,0,0,0,7.0,8,31.0,5.0,27.25,0
2025-04-11,Indiana Pacers,2025-04-11 17:00:00,7,0,0,0,3,7.0,11,46.0,5.0,27.25,0
2025-04-11,LA Clippers,2025-04-11 17:00:00,3,0,2,0,0,4.0,6,34.0,10.0,23.1,0
2025-04-11,Los Angeles Lakers,2025-04-11 17:00:00,1,0,0,1,0,1.25,3,60.0,45.0,47.75,1
2025-04-11,Memphis Grizzlies,2025-04-11 17:00:00,3,0,0,0,0,3.0,4,87.0,45.0,83.25,2
2025-04-11,Miami Heat,2025-04-11 17:00:00,4,0,1,2,3,5.0,10,79.0,45.0,63.25,1
2025-04-11,Milwaukee Bucks,2025-04-11 17:00:00,2,1,0,1,0,3.0,5,29.0,10.0,20.2,0
2025-04-11,Minnesota Timberwolves,2025-04-11 17:00:00,1,0,0,0,0,1.0,2,8.0,5.0,4.25,0
2025-04-11,New Orleans Pelicans,2025-04-11 17:00:00,10,0,2,0,0,11.0,13,41.0,5.0,33.95,0
2025-04-11,New York Knicks,2025-04-11 17:00:00,1,0,4,0,0,3.0,6,74.0,45.0,57.050000000000004,1
2025-04-11,Oklahoma City Thunder,2025-04-11 17:00:00,9,0,0,0,0,9.0,10,96.0,45.0,92.25,1
2025-04-11,Orlando Magic,2025-04-11 17:00:00,8,0,0,0,1,8.0,9,268.0,240.0,265.0,1
2025-04-11,Philadelphia 76ers,2025-04-11 17:00:00,12,0,0,0,0,12.0,12,135.0,45.0,135.0,2
2025-04-11,Phoenix Suns,2025-04-11 17:00:00,2,0,0,0,0,2.0,3,18.0,10.0,14.25,0
2025-04-11,Portland Trail Blazers,2025-04-11 17:00:00,6,1,1,0,0,7.25,9,67.0,25.0,59.6,1
2025-04-11,Sacramento Kings,2025-04-11 17:00:00,4,0,0,0,1,4.0,6,55.0,25.0,46.25,1
2025-04-11,San Antonio Spurs,2025-04-11 17:00:00,6,0,0,0,0,6.0,7,107.0,45.0,103.25,2
2025-04-11,Toronto Raptors,2025-04-11 17:00:00,7,0,1,0,0,7.5,9,40.0,10.0,34.6,0
2025-04-11,Utah Jazz,2025-04-11 17:00:00,8,0,1,0,0,8.5,10,91.0,25.0,85.6,2
2025-04-11,Washington Wizards,2025-04-11 17:00:00,8,0,0,0,1,8.0,9,337.0,240.0,332.0,4
2025-04-13,Atlanta Hawks,2025-04-13 17:00:00,9,0,0,0,0,9.0,9,140.0,45.0,140.0,3
2025-04-13,Boston Celtics,2025-04-13 17:00:00,6,0,0,0,0,6.0,6,29.0,12.0,29.0,0
2025-04-13,Brooklyn Nets,2025-04-13 17:00:00,8,0,0,0,0,8.0,8,295.0,240.0,295.0,2
2025-04-13,Charlotte Hornets,2025-04-13 17:00:00,8,0,0,0,1,8.0,9,265.0,240.0,262.0,1
2025-04-13,Chicago Bulls,2025-04-13 17:00:00,4,0,0,0,2,4.0,6,64.0,45.0,54.0,1
2025-04-13,Cleveland Cavaliers,2025-04-13 17:00:00,9,0,0,0,0,9.0,9,45.0,10.0,45.0,0
2025-04-13,Dallas Mavericks,2025-04-13 17:00:00,7,0,0,0,1,7.0,8,160.0,45.0,157.0,3
2025-04-13,Denver Nuggets,2025-04-13 17:00:00,1,0,0,0,1,1.0,2,183.0,180.0,180.0,1
2025-04-13,Detroit Pistons,2025-04-13 17:00:00,4,0,0,0,0,4.0,4,34.0,25.0,34.0,1
2025-04-13,Golden State Warriors,2025-04-13 17:00:00,0,0,0,0,2,0.0,2,33.0,25.0,0.0,0
2025-04-13,Houston Rockets,2025-04-13 17:00:00,2,0,0,0,0,2.0,2,6.0,3.0,6.0,0
2025-04-13,Indiana Pacers,2025-04-13 17:00:00,5,0,0,0,3,5.0,8,33.0,5.0,18.0,0
2025-04-13,LA Clippers,2025-04-13 17:00:00,3,0,0,0,0,3.0,3,18.0,10.0,18.0,0
2025-04-13,Los Angeles Lakers,2025-04-13 17:00:00,6,0,0,0,4,6.0,10,87.0,45.0,74.0,1
2025-04-13,Memphis Grizzlies,2025-04-13 17:00:00,10,0,0,0,0,10.0,10,103.0,45.0,103.0,2
2025-04-13,Miami Heat,2025-04-13 17:00:00,9,0,0,0,2,9.0,11,86.0,45.0,80.0,1
2025-04-13,Milwaukee Bucks,2025-04-13 17:00:00,9,0,0,0,2,9.0,11,44.0,8.0,37.0,0
2025-04-13,New Orleans Pelicans,2025-04-13 17:00:00,11,0,0,0,0,11.0,11,33.0,3.0,33.0,0
2025-04-13,New York Knicks,2025-04-13 17:00:00,6,0,0,0,0,6.0,6,114.0,45.0,114.0,2
2025-04-13,Oklahoma City Thunder,2025-04-13 17:00:00,9,0,0,0,0,9.0,9,84.0,45.0,84.0,1
2025-04-13,Orlando Magic,2025-04-13 17:00:00,7,0,0,0,2,7.0,9,268.0,240.0,262.0,1
2025-04-13,Philadelphia 76ers,2025-04-13 17:00:00,10,0,0,0,1,10.0,11,173.0,45.0,170.0,3
2025-04-13,Phoenix Suns,2025-04-13 17:00:00,4,0,0,0,0,4.0,4,21.0,10.0,21.0,0
2025-04-13,Portland Trail Blazers,2025-04-13 17:00:00,8,0,0,0,0,8.0,8,62.0,25.0,62.0,1
2025-04-13,Sacramento Kings,2025-04-13 17:00:00,2,0,0,0,0,2.0,2,35.0,25.0,35.0,1
2025-04-13,San Antonio Spurs,2025-04-13 17:00:00,5,0,0,0,0,5.0,5,57.0,45.0,57.0,1
2025-04-13,Toronto Raptors,2025-04-13 17:00:00,9,0,0,0,0,9.0,9,38.0,10.0,38.0,0
2025-04-13,Utah Jazz,2025-04-13 17:00:00,9,0,0,0,0,9.0,9,86.0,25.0,86.0,2
2025-04-13,Washington Wizards,2025-04-13 17:00:00,9,0,0,0,0,9.0,9,140.0,45.0,140.0,4
2025-04-15,Atlanta Hawks,2025-04-15 17:00:00,7,0,0,1,0,7.25,8,136.0,45.0,133.45,3
2025-04-15,Golden State Warriors,2025-04-15 17:00:00,0,0,1,0,0,0.5,1,3.0,3.0,1.35,0
2025-04-15,Memphis Grizzlies,2025-04-15 17:00:00,5,0,0,0,0,5.0,5,52.0,25.0,52.0,1
2025-04-15,Orlando Magic,2025-04-15 17:00:00,5,0,0,0,0,5.0,5,258.0,240.0,258.0,1
2025-04-16,Chicago Bulls,2025-04-16 17:00:00,3,0,0,0,2,3.0,5,61.0,45.0,51.0,1
2025-04-16,Dallas Mavericks,2025-04-16 17:00:00,2,0,1,1,0,2.75,5,101.0,45.0,93.05,2
2025-04-16,Miami Heat,2025-04-16 17:00:00,0,0,3,0,3,1.5,6,29.0,10.0,9.0,0
2025-04-16,Sacramento Kings,2025-04-16 17:00:00,2,0,0,0,0,2.0,3,40.0,25.0,36.25,1
2025-04-18,Atlanta Hawks,2025-04-18 17:00:00,4,0,0,0,1,4.0,5,121.0,45.0,118.0,3
2025-04-18,Dallas Mavericks,2025-04-18 17:00:00,2,0,0,2,0,2.5,4,96.0,45.0,90.9,2
2025-04-18,Memphis Grizzlies,2025-04-18 17:00:00,2,0,1,0,0,2.5,3,28.0,12.0,22.5,0
2025-04-18,Miami Heat,2025-04-18 17:00:00,1,0,0,0,5,1.0,6,25.0,10.0,3.0,0
2025-04-19,Denver Nuggets,2025-04-19 17:00:00,1,0,0,0,0,1.0,2,185.0,180.0,181.25,1
2025-04-19,Detroit Pistons,2025-04-19 17:00:00,1,0,0,0,0,1.0,1,25.0,25.0,25.0,1
2025-04-19,Indiana Pacers,2025-04-19 17:00:00,1,0,0,0,1,1.0,2,6.0,3.0,3.0,0
2025-04-19,LA Clippers,2025-04-18 17:00:00,0,0,0,0,0,0.0,1,5.0,5.0,1.25,0
2025-04-19,Los Angeles Lakers,2025-04-19 17:00:00,1,0,0,1,0,1.25,3,53.0,45.0,46.7,1
2025-04-19,Milwaukee Bucks,2025-04-19 17:00:00,2,0,0,0,0,2.0,2,17.0,10.0,17.0,0
2025-04-19,Minnesota Timberwolves,2025-04-19 17:00:00,0,0,1,0,0,0.5,2,15.0,10.0,5.75,0
2025-04-19,New York Knicks,2025-04-19 17:00:00,0,0,0,0,1,0.0,1,45.0,45.0,0.0,0
2025-04-20,Golden State Warriors,2025-04-20 17:00:00,0,0,0,0,2,0.0,2,6.0,3.0,0.0,0
2025-04-20,Houston Rockets,2025-04-20 17:00:00,2,0,0,0,0,2.0,3,11.0,5.0,7.25,0
2025-04-20,Memphis Grizzlies,2025-04-20 17:00:00,3,0,0,0,0,3.0,4,45.0,25.0,41.25,1
2025-04-20,Miami Heat,2025-04-20 17:00:00,1,0,0,0,5,1.0,6,25.0,10.0,3.0,0
2025-04-20,Oklahoma City Thunder,2025-04-20 17:00:00,2,0,0,0,0,2.0,3,60.0,45.0,56.25,1
2025-04-20,Orlando Magic,2025-04-20 17:00:00,2,0,0,0,0,2.0,2,243.0,240.0,243.0,1
2025-04-21,Denver Nuggets,2025-04-21 17:00:00,1,0,0,1,0,1.25,2,184.0,180.0,180.6,1
2025-04-21,Detroit Pistons,2025-04-21 17:00:00,2,0,0,0,0,2.0,2,28.0,25.0,28.0,1
2025-04-21,LA Clippers,2025-04-20 17:00:00,0,0,0,0,0,0.0,1,5.0,5.0,1.25,0
2025-04-22,Indiana Pacers,2025-04-22 17:00:00,1,0,0,0,0,1.0,1,3.0,3.0,3.0,0
2025-04-22,Los Angeles Lakers,2025-04-22 17:00:00,1,0,0,0,0,1.0,2,50.0,45.0,46.25,1
2025-04-22,Memphis Grizzlies,2025-04-22 17:00:00,2,0,0,0,0,2.0,3,42.0,25.0,38.25,1
2025-04-22,Milwaukee Bucks,2025-04-22 17:00:00,1,0,0,0,1,1.0,2,17.0,10.0,10.0,0
2025-04-22,Minnesota Timberwolves,2025-04-22 17:00:00,1,0,0,0,0,1.0,2,15.0,10.0,11.25,0
2025-04-22,Oklahoma City Thunder,2025-04-22 17:00:00,2,0,0,0,0,2.0,3,60.0,45.0,56.25,1
2025-04-23,Boston Celtics,2025-04-23 17:00:00,0,1,0,0,0,0.75,1,3.0,3.0,2.25,0
2025-04-23,Golden State Warriors,2025-04-23 17:00:00,0,0,0,0,2,0.0,3,11.0,5.0,1.25,0
2025-04-23,Houston Rockets,2025-04-23 17:00:00,2,0,0,0,0,2.0,3,11.0,5.0,7.25,0
2025-04-23,Miami Heat,2025-04-23 17:00:00,2,0,0,0,5,2.0,7,35.0,10.0,13.0,0
2025-04-23,Orlando Magic,2025-04-23 17:00:00,2,0,0,0,0,2.0,2,243.0,240.0,243.0,1
2025-04-24,Denver Nuggets,2025-04-24 17:00:00,1,0,1,0,0,1.5,3,188.0,180.0,182.6,1
2025-04-24,Detroit Pistons,2025-04-24 17:00:00,2,0,0,0,0,2.0,2,28.0,25.0,28.0,1
2025-04-24,LA Clippers,2025-04-23 17:00:00,0,0,0,0,0,0.0,1,5.0,5.0,1.25,0
2025-04-24,Memphis Grizzlies,2025-04-24 17:00:00,2,0,0,0,0,2.0,3,42.0,25.0,38.25,1
2025-04-24,Oklahoma City Thunder,2025-04-24 17:00:00,2,0,0,0,0,2.0,3,60.0,45.0,56.25,1
2025-04-25,Boston Celtics,2025-04-25 17:00:00,0,0,3,0,0,1.5,3,20.0,14.0,9.0,1
2025-04-25,Indiana Pacers,2025-04-25 17:00:00,1,0,0,0,0,1.0,2,8.0,5.0,4.25,0
2025-04-25,Los Angeles Lakers,2025-04-25 17:00:00,1,0,0,0,1,1.0,2,48.0,45.0,45.0,1
2025-04-25,Milwaukee Bucks,2025-04-25 17:00:00,0,0,1,0,0,0.5,2,15.0,10.0,5.75,0
2025-04-25,Minnesota Timberwolves,2025-04-25 17:00:00,1,0,0,0,0,1.0,2,15.0,10.0,11.25,0
2025-04-25,Orlando Magic,2025-04-25 17:00:00,2,0,0,0,0,2.0,2,243.0,240.0,243.0,1
2025-04-26,Cleveland Cavaliers,2025-04-26 17:00:00,1,0,0,0,0,1.0,1,3.0,3.0,3.0,0
2025-04-26,Denver Nuggets,2025-04-26 17:00:00,2,0,0,0,1,2.0,4,191.0,180.0,184.25,1
2025-04-26,Golden State Warriors,2025-04-26 17:00:00,0,0,2,0,1,1.0,3,16.0,10.0,5.85,0
2025-04-26,Houston Rockets,2025-04-26 17:00:00,2,0,0,0,0,2.0,2,6.0,3.0,6.0,0
2025-04-26,LA Clippers,2025-04-25 17:00:00,0,0,0,0,0,0.0,1,5.0,5.0,1.25,0
2025-04-26,Memphis Grizzlies,2025-04-26 17:00:00,3,0,0,0,1,3.0,5,48.0,25.0,41.25,1
2025-04-26,Miami Heat,2025-04-26 17:00:00,2,0,0,0,5,2.0,7,35.0,10.0,13.0,0
2025-04-26,Oklahoma City Thunder,2025-04-26 17:00:00,2,0,0,0,0,2.0,2,55.0,45.0,55.0,1
2025-04-27,Boston Celtics,2025-04-27 17:00:00,1,0,1,0,0,1.5,2,17.0,14.0,15.35,1
2025-04-27,Detroit Pistons,2025-04-27 17:00:00,2,0,0,0,0,2.0,2,28.0,25.0,28.0,1
2025-04-27,Indiana Pacers,2025-04-27 17:00:00,1,0,1,0,0,1.5,3,11.0,5.0,5.6,0
2025-04-27,Los Angeles Lakers,2025-04-27 17:00:00,1,0,0,0,1,1.0,3,53.0,45.0,46.25,1
2025-04-27,Milwaukee Bucks,2025-04-27 17:00:00,0,0,1,0,0,0.5,2,15.0,10.0,5.75,0
2025-04-27,Minnesota Timberwolves,2025-04-27 17:00:00,1,0,0,0,0,1.0,1,10.0,10.0,10.0,0
2025-04-27,New York Knicks,2025-04-27 17:00:00,0,0,0,0,1,0.0,1,3.0,3.0,0.0,0
2025-04-27,Orlando Magic,2025-04-27 17:00:00,2,0,0,0,0,2.0,2,243.0,240.0,243.0,1
2025-04-28,Cleveland Cavaliers,2025-04-28 17:00:00,0,0,1,0,0,0.5,1,3.0,3.0,1.35,0
2025-04-28,Golden State Warriors,2025-04-28 17:00:00,0,0,1,0,2,0.5,4,14.0,5.0,2.6,0
2025-04-28,Houston Rockets,2025-04-28 17:00:00,1,0,0,1,0,1.25,3,11.0,5.0,4.7,0
2025-04-28,Miami Heat,2025-04-28 17:00:00,2,0,1,0,2,2.5,5,22.0,10.0,14.35,0
2025-04-29,Boston Celtics,2025-04-29 17:00:00,1,0,1,0,0,1.5,2,17.0,14.0,15.35,1
2025-04-29,Denver Nuggets,2025-04-29 17:00:00,1,0,1,1,0,1.75,4,191.0,180.0,183.05,1
2025-04-29,Detroit Pistons,2025-04-29 17:00:00,2,0,0,0,0,2.0,2,28.0,25.0,28.0,1
2025-04-29,Indiana Pacers,2025-04-29 17:00:00,1,0,0,0,2,1.0,3,9.0,3.0,3.0,0
2025-04-29,LA Clippers,2025-04-28 17:00:00,0,0,0,0,0,0.0,1,5.0,5.0,1.25,0
2025-04-29,Milwaukee Bucks,2025-04-29 17:00:00,2,0,0,0,0,2.0,2,13.0,10.0,13.0,0
2025-04-29,New York Knicks,2025-04-29 17:00:00,0,0,1,0,0,0.5,1,3.0,3.0,1.35,0
2025-04-29,Orlando Magic,2025-04-29 17:00:00,2,0,0,0,0,2.0,2,243.0,240.0,243.0,1
2025-04-30,Golden State Warriors,2025-04-30 17:00:00,0,0,0,1,2,0.25,4,14.0,5.0,1.7,0
2025-04-30,Houston Rockets,2025-04-30 17:00:00,1,0,0,0,0,1.0,2,8.0,5.0,4.25,0
2025-04-30,Los Angeles Lakers,2025-04-30 17:00:00,0,0,1,0,1,0.5,3,53.0,45.0,21.5,1
2025-04-30,Minnesota Timberwolves,2025-04-30 17:00:00,1,0,0,0,0,1.0,2,15.0,10.0,11.25,0
2025-05-01,Denver Nuggets,2025-05-01 17:00:00,1,0,0,0,0,1.0,2,185.0,180.0,181.25,1
2025-05-01,Detroit Pistons,2025-05-01 17:00:00,2,0,0,0,0,2.0,2,28.0,25.0,28.0,1
2025-05-01,LA Clippers,2025-04-30 17:00:00,0,0,0,0,0,0.0,1,5.0,5.0,1.25,0
2025-05-02,Golden State Warriors,2025-05-02 17:00:00,0,0,0,0,2,0.0,3,11.0,5.0,1.25,0
2025-05-02,Houston Rockets,2025-05-02 17:00:00,2,0,0,0,0,2.0,3,11.0,5.0,7.25,0
2025-05-03,Denver Nuggets,2025-05-03 17:00:00,1,0,0,0,0,1.0,2,185.0,180.0,181.25,1
2025-05-03,LA Clippers,2025-05-02 17:00:00,0,0,0,0,0,0.0,1,5.0,5.0,1.25,0
2025-05-04,Cleveland Cavaliers,2025-05-04 17:00:00,0,0,1,0,0,0.5,1,3.0,3.0,1.35,0
2025-05-04,Golden State Warriors,2025-05-04 17:00:00,1,0,0,0,1,1.0,2,6.0,3.0,3.0,0
2025-05-04,Houston Rockets,2025-05-04 17:00:00,2,0,0,0,0,2.0,3,11.0,5.0,7.25,0
2025-05-04,Indiana Pacers,2025-05-04 17:00:00,1,0,0,0,0,1.0,1,3.0,3.0,3.0,0
2025-05-05,Denver Nuggets,2025-05-05 17:00:00,1,0,0,0,0,1.0,2,185.0,180.0,181.25,1
2025-05-05,Oklahoma City Thunder,2025-05-05 17:00:00,1,0,0,0,0,1.0,2,50.0,45.0,46.25,1
2025-05-06,Cleveland Cavaliers,2025-05-06 17:00:00,0,0,3,0,0,1.5,3,21.0,10.0,9.45,0
2025-05-06,Golden State Warriors,2025-05-06 17:00:00,0,0,1,0,1,0.5,3,11.0,5.0,2.6,0
2025-05-06,Indiana Pacers,2025-05-06 17:00:00,1,0,0,0,0,1.0,1,3.0,3.0,3.0,0
2025-05-06,Minnesota Timberwolves,2025-05-06 17:00:00,1,0,0,0,0,1.0,2,15.0,10.0,11.25,0
2025-05-07,Boston Celtics,2025-05-07 17:00:00,0,1,0,1,0,1.0,2,13.0,10.0,7.95,0
2025-05-07,Denver Nuggets,2025-05-07 17:00:00,1,0,0,0,0,1.0,2,185.0,180.0,181.25,1
2025-05-07,Oklahoma City Thunder,2025-05-07 17:00:00,1,0,0,0,0,1.0,1,45.0,45.0,45.0,1
2025-05-08,Golden State Warriors,2025-05-08 17:00:00,1,0,0,0,1,1.0,3,22.0,14.0,15.25,1
2025-05-08,Minnesota Timberwolves,2025-05-08 17:00:00,1,0,0,0,0,1.0,2,15.0,10.0,11.25,0
2025-05-09,Cleveland Cavaliers,2025-05-09 17:00:00,0,0,3,0,0,1.5,3,21.0,10.0,9.45,0
2025-05-09,Denver Nuggets,2025-05-09 17:00:00,1,0,0,0,0,1.0,2,185.0,180.0,181.25,1
2025-05-09,Indiana Pacers,2025-05-09 17:00:00,1,0,0,0,0,1.0,1,3.0,3.0,3.0,0
2025-05-09,Oklahoma City Thunder,2025-05-09 17:00:00,1,0,0,0,0,1.0,2,50.0,45.0,46.25,1
2025-05-10,Boston Celtics,2025-05-10 17:00:00,1,0,0,0,0,1.0,1,10.0,10.0,10.0,0
2025-05-10,Golden State Warriors,2025-05-10 17:00:00,1,0,0,0,1,1.0,3,22.0,14.0,15.25,1
2025-05-10,Minnesota Timberwolves,2025-05-10 17:00:00,0,0,1,0,0,0.5,2,15.0,10.0,5.75,0
2025-05-11,Denver Nuggets,2025-05-11 17:00:00,2,0,0,0,0,2.0,3,195.0,180.0,191.25,1
2025-05-11,Indiana Pacers,2025-05-11 17:00:00,1,0,0,0,0,1.0,1,3.0,3.0,3.0,0
2025-05-11,Oklahoma City Thunder,2025-05-11 17:00:00,1,0,0,0,0,1.0,2,50.0,45.0,46.25,1
2025-05-12,Boston Celtics,2025-05-12 17:00:00,0,0,1,0,0,0.5,1,10.0,10.0,4.5,0
2025-05-12,Golden State Warriors,2025-05-12 17:00:00,1,0,0,0,1,1.0,3,22.0,14.0,15.25,1
2025-05-12,Minnesota Timberwolves,2025-05-11 17:00:00,0,0,0,0,0,0.0,1,5.0,5.0,1.25,0
2025-05-13,Cleveland Cavaliers,2025-05-13 17:00:00,0,0,1,0,0,0.5,1,10.0,10.0,4.5,0
2025-05-13,Denver Nuggets,2025-05-13 17:00:00,2,0,0,0,0,2.0,2,190.0,180.0,190.0,1
2025-05-13,Indiana Pacers,2025-05-13 17:00:00,1,0,0,0,0,1.0,1,3.0,3.0,3.0,0
2025-05-13,Oklahoma City Thunder,2025-05-13 17:00:00,1,0,0,0,0,1.0,1,45.0,45.0,45.0,1
2025-05-14,Boston Celtics,2025-05-14 17:00:00,1,0,0,0,1,1.0,2,190.0,180.0,180.0,1
2025-05-14,Golden State Warriors,2025-05-14 17:00:00,1,0,0,0,0,1.0,2,19.0,14.0,15.25,1
2025-05-15,Denver Nuggets,2025-05-15 17:00:00,2,0,1,0,0,2.5,4,198.0,180.0,192.6,1
2025-05-15,Oklahoma City Thunder,2025-05-15 17:00:00,1,0,0,0,0,1.0,2,50.0,45.0,46.25,1
2025-05-16,Boston Celtics,2025-05-16 17:00:00,1,0,0,0,0,1.0,1,180.0,180.0,180.0,1
2025-05-16,New York Knicks,2025-05-16 17:00:00,0,0,1,0,0,0.5,1,10.0,10.0,4.5,0
2025-05-18,Denver Nuggets,2025-05-18 17:00:00,1,0,0,0,4,1.0,5,210.0,180.0,180.0,1
2025-05-18,Oklahoma City Thunder,2025-05-18 17:00:00,1,0,0,0,0,1.0,1,45.0,45.0,45.0,1
2025-05-20,Oklahoma City Thunder,2025-05-20 17:00:00,1,0,0,0,0,1.0,1,45.0,45.0,45.0,1
2025-05-21,Indiana Pacers,2025-05-21 17:00:00,1,0,0,0,0,1.0,1,3.0,3.0,3.0,0
2025-05-22,Minnesota Timberwolves,2025-05-21 17:00:00,0,0,0,0,0,0.0,1,5.0,5.0,1.25,0
2025-05-22,Oklahoma City Thunder,2025-05-22 17:00:00,1,0,0,0,0,1.0,1,45.0,45.0,45.0,1
2025-05-23,Indiana Pacers,2025-05-23 17:00:00,1,0,0,0,0,1.0,1,3.0,3.0,3.0,0
2025-05-24,Oklahoma City Thunder,2025-05-24 17:00:00,1,0,0,0,0,1.0,1,45.0,45.0,45.0,1
2025-05-25,Indiana Pacers,2025-05-25 17:00:00,1,0,0,0,0,1.0,1,3.0,3.0,3.0,0
2025-05-26,Minnesota Timberwolves,2025-05-25 17:00:00,0,0,0,0,0,0.0,1,5.0,5.0,1.25,0
2025-05-26,Oklahoma City Thunder,2025-05-26 17:00:00,1,0,0,0,0,1.0,1,45.0,45.0,45.0,1
2025-05-27,Indiana Pacers,2025-05-27 17:00:00,1,0,1,0,0,1.5,2,13.0,10.0,7.5,0
2025-05-28,Minnesota Timberwolves,2025-05-27 17:00:00,0,0,0,0,0,0.0,1,5.0,5.0,1.25,0
2025-05-28,Oklahoma City Thunder,2025-05-28 17:00:00,1,0,0,0,0,1.0,2,50.0,45.0,46.25,1
2025-05-29,Indiana Pacers,2025-05-29 17:00:00,1,0,1,0,0,1.5,2,13.0,10.0,7.5,0
2025-05-29,New York Knicks,2025-05-29 17:00:00,0,0,1,0,0,0.5,1,3.0,3.0,1.35,0
2025-05-31,Indiana Pacers,2025-05-31 17:00:00,1,0,1,0,0,1.5,2,6.0,3.0,4.35,0
2025-06-05,Indiana Pacers,2025-06-05 17:00:00,2,0,1,0,0,2.5,3,16.0,10.0,14.35,0
2025-06-05,Oklahoma City Thunder,2025-06-05 17:00:00,1,0,0,0,0,1.0,1,45.0,45.0,45.0,1
2025-06-08,Indiana Pacers,2025-06-08 17:00:00,2,0,0,0,0,2.0,2,13.0,10.0,13.0,0
2025-06-08,Oklahoma City Thunder,2025-06-08 17:00:00,1,0,0,0,0,1.0,1,45.0,45.0,45.0,1
2025-06-11,Indiana Pacers,2025-06-11 17:00:00,2,0,0,0,0,2.0,2,13.0,10.0,13.0,0
2025-06-11,Oklahoma City Thunder,2025-06-11 17:00:00,1,0,0,0,0,1.0,1,45.0,45.0,45.0,1
2025-06-13,Indiana Pacers,2025-06-13 17:00:00,2,0,0,0,0,2.0,2,13.0,10.0,13.0,0
2025-06-13,Oklahoma City Thunder,2025-06-13 17:00:00,1,0,0,0,0,1.0,1,45.0,45.0,45.0,1
2025-06-16,Indiana Pacers,2025-06-16 17:00:00,2,0,0,0,0,2.0,2,13.0,10.0,13.0,0
2025-06-16,Oklahoma City Thunder,2025-06-16 17:00:00,1,0,0,0,0,1.0,1,45.0,45.0,45.0,1
2025-06-19,Indiana Pacers,2025-06-19 17:00:00,2,0,1,0,0,2.5,3,23.0,10.0,17.5,0
2025-06-19,Oklahoma City Thunder,2025-06-19 17:00:00,1,0,0,0,0,1.0,1,45.0,45.0,45.0,1
2025-06-22,Indiana Pacers,2025-06-22 17:00:00,2,0,1,0,0,2.5,3,23.0,10.0,17.5,0
2025-06-22,Oklahoma City Thunder,2025-06-22 17:00:00,1,0,0,0,0,1.0,1,45.0,45.0,45.0,1
